	prevalence	gene	lifestyle
1853	0.9342105263157895	gene__K15987	westernized
5083	0.8148148148148148	gene__K15987	westernized
5077	0.8260869565217391	gene__K15987	westernized
9243	0.6875	gene__K15987	westernized
5082	0.9779917469050894	gene__K15987	westernized
9273	0.6132596685082873	gene__K15987	westernized
1855	0.9296407185628742	gene__K15987	westernized
15452	0.45852534562211983	gene__K15987	westernized
1853	0.9411764705882353	gene__K15987	non-westernized
5083	0.8918918918918919	gene__K15987	non-westernized
5077	0.7857142857142857	gene__K15987	non-westernized
9243	0.7931034482758621	gene__K15987	non-westernized
5082	1.0	gene__K15987	non-westernized
9273	0.8455284552845529	gene__K15987	non-westernized
1855	0.9772727272727273	gene__K15987	non-westernized
15452	0.6417910447761194	gene__K15987	non-westernized
1928	1.0	gene__K06201	westernized
1883	0.8043478260869565	gene__K06201	westernized
2239	0.36936936936936937	gene__K06201	westernized
1666	0.18181818181818182	gene__K06201	westernized
1853	0.8947368421052632	gene__K06201	westernized
2295	0.7914230019493177	gene__K06201	westernized
6179	0.5844155844155844	gene__K06201	westernized
6750	0.16326530612244897	gene__K06201	westernized
7968	0.9090909090909091	gene__K06201	westernized
7061	0.7289156626506024	gene__K06201	westernized
1814	0.9089805825242718	gene__K06201	westernized
14379	0.5625	gene__K06201	westernized
6191	0.7729468599033816	gene__K06201	westernized
14397	0.75	gene__K06201	westernized
1855	0.9431137724550899	gene__K06201	westernized
15333	0.7777777777777778	gene__K06201	westernized
15323	0.7412935323383084	gene__K06201	westernized
15326	0.7583333333333333	gene__K06201	westernized
15234	0.08260869565217391	gene__K06201	westernized
15346	0.8021390374331551	gene__K06201	westernized
15318	0.8952042628774423	gene__K06201	westernized
15316	0.16559485530546625	gene__K06201	westernized
15332	0.9070567986230637	gene__K06201	westernized
15342	0.9567901234567902	gene__K06201	westernized
10115	0.7352185089974294	gene__K06201	westernized
10068	0.9762900976290098	gene__K06201	westernized
1928	0.918918918918919	gene__K06201	non-westernized
1883	0.8695652173913043	gene__K06201	non-westernized
2239	0.325	gene__K06201	non-westernized
1666	0.1452991452991453	gene__K06201	non-westernized
1853	0.9411764705882353	gene__K06201	non-westernized
2295	0.8064516129032258	gene__K06201	non-westernized
6179	0.926829268292683	gene__K06201	non-westernized
6750	0.13043478260869565	gene__K06201	non-westernized
7968	0.7857142857142857	gene__K06201	non-westernized
7061	0.803680981595092	gene__K06201	non-westernized
1814	0.96	gene__K06201	non-westernized
14379	0.7777777777777778	gene__K06201	non-westernized
6191	0.7142857142857143	gene__K06201	non-westernized
14397	0.9459459459459459	gene__K06201	non-westernized
1855	0.9772727272727273	gene__K06201	non-westernized
15333	0.7391304347826086	gene__K06201	non-westernized
15323	0.9384615384615385	gene__K06201	non-westernized
15326	0.8292682926829268	gene__K06201	non-westernized
15234	0.11363636363636363	gene__K06201	non-westernized
15346	0.9615384615384616	gene__K06201	non-westernized
15318	0.9487179487179487	gene__K06201	non-westernized
15316	0.2	gene__K06201	non-westernized
15332	0.9487179487179487	gene__K06201	non-westernized
15342	1.0	gene__K06201	non-westernized
10115	0.8028169014084507	gene__K06201	non-westernized
10068	0.9787234042553191	gene__K06201	non-westernized
1928	0.7419354838709677	gene__K02551	westernized
1883	0.7608695652173914	gene__K02551	westernized
1853	0.8289473684210527	gene__K02551	westernized
2071	0.9232558139534883	gene__K02551	westernized
1814	0.8519417475728155	gene__K02551	westernized
1855	0.8413173652694611	gene__K02551	westernized
14809	0.5086206896551724	gene__K02551	westernized
17234	0.17164179104477612	gene__K02551	westernized
9226	0.9217638691322901	gene__K02551	westernized
10115	0.7429305912596401	gene__K02551	westernized
10068	0.9344490934449093	gene__K02551	westernized
1928	0.5405405405405406	gene__K02551	non-westernized
1883	0.782608695652174	gene__K02551	non-westernized
1853	0.9411764705882353	gene__K02551	non-westernized
2071	0.9540816326530612	gene__K02551	non-westernized
1814	0.88	gene__K02551	non-westernized
1855	0.9545454545454546	gene__K02551	non-westernized
14809	0.6935483870967742	gene__K02551	non-westernized
17234	0.13043478260869565	gene__K02551	non-westernized
9226	0.98	gene__K02551	non-westernized
10115	0.795774647887324	gene__K02551	non-westernized
10068	0.9787234042553191	gene__K02551	non-westernized
4537	0.9107142857142857	gene__K07124	westernized
2318	0.9824561403508771	gene__K07124	westernized
2290	0.7070063694267515	gene__K07124	westernized
2295	0.7855750487329435	gene__K07124	westernized
4532	0.8997134670487106	gene__K07124	westernized
6191	0.7342995169082126	gene__K07124	westernized
15236	0.7790697674418605	gene__K07124	westernized
17234	0.3656716417910448	gene__K07124	westernized
9226	0.9928876244665719	gene__K07124	westernized
15234	0.7239130434782609	gene__K07124	westernized
10115	0.7609254498714653	gene__K07124	westernized
4537	0.7727272727272727	gene__K07124	non-westernized
2318	1.0	gene__K07124	non-westernized
2290	0.8181818181818182	gene__K07124	non-westernized
2295	0.967741935483871	gene__K07124	non-westernized
4532	0.96	gene__K07124	non-westernized
6191	0.2857142857142857	gene__K07124	non-westernized
15236	0.7096774193548387	gene__K07124	non-westernized
17234	0.17391304347826086	gene__K07124	non-westernized
9226	1.0	gene__K07124	non-westernized
15234	0.7272727272727273	gene__K07124	non-westernized
10115	0.8450704225352113	gene__K07124	non-westernized
6173	0.7272727272727273	gene__K04070	westernized
6174	0.65625	gene__K04070	westernized
6179	0.8051948051948052	gene__K04070	westernized
5967	0.8604651162790697	gene__K04070	westernized
6385	0.7040816326530612	gene__K04070	westernized
6362	0.9176954732510288	gene__K04070	westernized
6308	0.9150141643059491	gene__K04070	westernized
9202	0.06666666666666667	gene__K04070	westernized
5190	0.8463356973995272	gene__K04070	westernized
6191	0.6038647342995169	gene__K04070	westernized
15295	0.7651515151515151	gene__K04070	westernized
15333	0.7569444444444444	gene__K04070	westernized
15299	0.83125	gene__K04070	westernized
15323	0.7164179104477612	gene__K04070	westernized
15291	0.7790697674418605	gene__K04070	westernized
15326	0.8	gene__K04070	westernized
14311	0.9093610698365527	gene__K04070	westernized
14993	0.5	gene__K04070	westernized
15346	0.8368983957219251	gene__K04070	westernized
15318	0.8454706927175843	gene__K04070	westernized
15300	0.9744525547445255	gene__K04070	westernized
15316	0.9035369774919614	gene__K04070	westernized
15286	0.9540229885057471	gene__K04070	westernized
15332	0.9070567986230637	gene__K04070	westernized
15342	0.9845679012345679	gene__K04070	westernized
6173	0.7058823529411765	gene__K04070	non-westernized
6174	0.6	gene__K04070	non-westernized
6179	0.926829268292683	gene__K04070	non-westernized
5967	0.6666666666666666	gene__K04070	non-westernized
6385	0.4827586206896552	gene__K04070	non-westernized
6362	0.85	gene__K04070	non-westernized
6308	0.9565217391304348	gene__K04070	non-westernized
9202	0.39215686274509803	gene__K04070	non-westernized
5190	0.8636363636363636	gene__K04070	non-westernized
6191	0.8214285714285714	gene__K04070	non-westernized
15295	0.8817204301075269	gene__K04070	non-westernized
15333	0.6956521739130435	gene__K04070	non-westernized
15299	0.9491525423728814	gene__K04070	non-westernized
15323	0.8307692307692308	gene__K04070	non-westernized
15291	0.9078947368421053	gene__K04070	non-westernized
15326	0.9024390243902439	gene__K04070	non-westernized
14311	0.9047619047619048	gene__K04070	non-westernized
14993	0.24	gene__K04070	non-westernized
15346	0.8076923076923077	gene__K04070	non-westernized
15318	0.9230769230769231	gene__K04070	non-westernized
15300	0.9464285714285714	gene__K04070	non-westernized
15316	0.88	gene__K04070	non-westernized
15286	1.0	gene__K04070	non-westernized
15332	0.9487179487179487	gene__K04070	non-westernized
15342	0.9655172413793104	gene__K04070	non-westernized
698	0.8	gene__K02233	westernized
4537	0.8035714285714286	gene__K02233	westernized
714	0.995049504950495	gene__K02233	westernized
4953	0.8928571428571429	gene__K02233	westernized
4670	0.7482014388489209	gene__K02233	westernized
4909	0.42276422764227645	gene__K02233	westernized
5083	0.8592592592592593	gene__K02233	westernized
5906	0.7627118644067796	gene__K02233	westernized
5904	0.7586206896551724	gene__K02233	westernized
6179	0.7012987012987013	gene__K02233	westernized
4705	0.19543147208121828	gene__K02233	westernized
5077	0.8896321070234113	gene__K02233	westernized
4532	0.7564469914040115	gene__K02233	westernized
9202	1.0	gene__K02233	westernized
6191	0.5893719806763285	gene__K02233	westernized
4936	0.8688783570300158	gene__K02233	westernized
5082	0.35075653370013754	gene__K02233	westernized
1855	0.041916167664670656	gene__K02233	westernized
4938	0.9288194444444444	gene__K02233	westernized
5090	0.04417670682730924	gene__K02233	westernized
4933	0.9806896551724138	gene__K02233	westernized
4940	0.3353413654618474	gene__K02233	westernized
4925	0.9863201094391245	gene__K02233	westernized
9226	0.9800853485064012	gene__K02233	westernized
15467	0.7264957264957265	gene__K02233	westernized
15452	0.8847926267281107	gene__K02233	westernized
10115	0.6760925449871465	gene__K02233	westernized
10068	0.8186889818688982	gene__K02233	westernized
698	0.9508196721311475	gene__K02233	non-westernized
4537	0.7272727272727273	gene__K02233	non-westernized
714	0.9700598802395209	gene__K02233	non-westernized
4953	0.8571428571428571	gene__K02233	non-westernized
4670	0.6818181818181818	gene__K02233	non-westernized
4909	0.4342105263157895	gene__K02233	non-westernized
5083	0.8918918918918919	gene__K02233	non-westernized
5906	0.8666666666666667	gene__K02233	non-westernized
5904	0.8888888888888888	gene__K02233	non-westernized
6179	0.9634146341463414	gene__K02233	non-westernized
4705	0.09523809523809523	gene__K02233	non-westernized
5077	0.7857142857142857	gene__K02233	non-westernized
4532	0.8	gene__K02233	non-westernized
9202	0.8235294117647058	gene__K02233	non-westernized
6191	0.8928571428571429	gene__K02233	non-westernized
4936	0.90625	gene__K02233	non-westernized
5082	0.325	gene__K02233	non-westernized
1855	0.11363636363636363	gene__K02233	non-westernized
4938	0.975	gene__K02233	non-westernized
5090	0.11538461538461539	gene__K02233	non-westernized
4933	0.9809523809523809	gene__K02233	non-westernized
4940	0.4810126582278481	gene__K02233	non-westernized
4925	0.9811320754716981	gene__K02233	non-westernized
9226	1.0	gene__K02233	non-westernized
15467	0.8228571428571428	gene__K02233	non-westernized
15452	0.9701492537313433	gene__K02233	non-westernized
10115	0.8169014084507042	gene__K02233	non-westernized
10068	0.9042553191489362	gene__K02233	non-westernized
2238	0.140625	gene__K00674	westernized
2239	0.7027027027027027	gene__K00674	westernized
6173	0.9090909090909091	gene__K00674	westernized
6174	0.78125	gene__K00674	westernized
6179	0.7792207792207793	gene__K00674	westernized
6750	0.8843537414965986	gene__K00674	westernized
6847	0.7894736842105263	gene__K00674	westernized
6778	0.875	gene__K00674	westernized
6191	0.8454106280193237	gene__K00674	westernized
9273	0.7513812154696132	gene__K00674	westernized
6744	0.89937106918239	gene__K00674	westernized
6783	0.8704156479217604	gene__K00674	westernized
17231	0.9	gene__K00674	westernized
6754	0.9472817133443163	gene__K00674	westernized
17234	0.8432835820895522	gene__K00674	westernized
17249	0.7676056338028169	gene__K00674	westernized
17241	0.7405857740585774	gene__K00674	westernized
17247	0.8962264150943396	gene__K00674	westernized
17244	0.9213483146067416	gene__K00674	westernized
17237	0.8651960784313726	gene__K00674	westernized
17256	0.8639240506329114	gene__K00674	westernized
17248	0.9446153846153846	gene__K00674	westernized
2238	0.16	gene__K00674	non-westernized
2239	0.775	gene__K00674	non-westernized
6173	0.7647058823529411	gene__K00674	non-westernized
6174	0.65	gene__K00674	non-westernized
6179	0.9024390243902439	gene__K00674	non-westernized
6750	0.8260869565217391	gene__K00674	non-westernized
6847	0.9338235294117647	gene__K00674	non-westernized
6778	0.9325842696629213	gene__K00674	non-westernized
6191	0.8928571428571429	gene__K00674	non-westernized
9273	0.8211382113821138	gene__K00674	non-westernized
6744	0.9142857142857143	gene__K00674	non-westernized
6783	0.9435483870967742	gene__K00674	non-westernized
17231	0.9047619047619048	gene__K00674	non-westernized
6754	0.9130434782608695	gene__K00674	non-westernized
17234	0.9565217391304348	gene__K00674	non-westernized
17249	0.8076923076923077	gene__K00674	non-westernized
17241	0.8095238095238095	gene__K00674	non-westernized
17247	0.8181818181818182	gene__K00674	non-westernized
17244	0.9838709677419355	gene__K00674	non-westernized
17237	0.8596491228070176	gene__K00674	non-westernized
17256	0.9090909090909091	gene__K00674	non-westernized
17248	0.9354838709677419	gene__K00674	non-westernized
4053	0.8064516129032258	gene__K07009	westernized
3957	0.6867469879518072	gene__K07009	westernized
5116	0.9428571428571428	gene__K07009	westernized
4198	0.9838056680161943	gene__K07009	westernized
5118	0.8385964912280702	gene__K07009	westernized
8021	0.8369565217391305	gene__K07009	westernized
8018	0.7555555555555555	gene__K07009	westernized
7968	0.9318181818181818	gene__K07009	westernized
14397	0.9583333333333334	gene__K07009	westernized
6806	0.7541666666666667	gene__K07009	westernized
14370	0.9117647058823529	gene__K07009	westernized
5111	0.9836552748885586	gene__K07009	westernized
6796	0.8859315589353612	gene__K07009	westernized
5117	0.8892261001517451	gene__K07009	westernized
8007	0.6928406466512702	gene__K07009	westernized
4053	0.9318181818181818	gene__K07009	non-westernized
3957	0.8691099476439791	gene__K07009	non-westernized
5116	0.8695652173913043	gene__K07009	non-westernized
4198	0.9782608695652174	gene__K07009	non-westernized
5118	0.8518518518518519	gene__K07009	non-westernized
8021	0.76	gene__K07009	non-westernized
8018	0.95	gene__K07009	non-westernized
7968	0.8571428571428571	gene__K07009	non-westernized
14397	1.0	gene__K07009	non-westernized
6806	0.8292682926829268	gene__K07009	non-westernized
14370	0.9444444444444444	gene__K07009	non-westernized
5111	1.0	gene__K07009	non-westernized
6796	0.8888888888888888	gene__K07009	non-westernized
5117	0.8666666666666667	gene__K07009	non-westernized
8007	0.7534246575342466	gene__K07009	non-westernized
2325	0.8581560283687943	gene__K03271	westernized
3677	0.927710843373494	gene__K03271	westernized
5769	0.21621621621621623	gene__K03271	westernized
5967	0.6976744186046512	gene__K03271	westernized
5858	0.919047619047619	gene__K03271	westernized
9243	0.875	gene__K03271	westernized
5809	0.9295774647887324	gene__K03271	westernized
9274	0.78125	gene__K03271	westernized
5765	0.3162878787878788	gene__K03271	westernized
9273	0.856353591160221	gene__K03271	westernized
9286	0.9382022471910112	gene__K03271	westernized
9283	0.9476082004555809	gene__K03271	westernized
9226	0.9957325746799431	gene__K03271	westernized
15467	0.4700854700854701	gene__K03271	westernized
15452	0.7811059907834101	gene__K03271	westernized
10115	0.9331619537275064	gene__K03271	westernized
10068	0.9735006973500697	gene__K03271	westernized
2325	0.8	gene__K03271	non-westernized
3677	0.9384359400998337	gene__K03271	non-westernized
5769	0.15	gene__K03271	non-westernized
5967	0.75	gene__K03271	non-westernized
5858	0.8867924528301887	gene__K03271	non-westernized
9243	0.8275862068965517	gene__K03271	non-westernized
5809	0.9630484988452656	gene__K03271	non-westernized
9274	0.8402777777777778	gene__K03271	non-westernized
5765	0.5145631067961165	gene__K03271	non-westernized
9273	0.8943089430894309	gene__K03271	non-westernized
9286	0.9444444444444444	gene__K03271	non-westernized
9283	0.9354838709677419	gene__K03271	non-westernized
9226	1.0	gene__K03271	non-westernized
15467	0.4514285714285714	gene__K03271	non-westernized
15452	0.9701492537313433	gene__K03271	non-westernized
10115	0.9366197183098591	gene__K03271	non-westernized
10068	0.9893617021276596	gene__K03271	non-westernized
1928	0.8387096774193549	gene__K03631	westernized
1883	0.8913043478260869	gene__K03631	westernized
4260	0.7692307692307693	gene__K03631	westernized
1853	0.7763157894736842	gene__K03631	westernized
4247	0.8043478260869565	gene__K03631	westernized
5906	0.559322033898305	gene__K03631	westernized
5904	0.3563218390804598	gene__K03631	westernized
5967	0.9069767441860465	gene__K03631	westernized
6148	0.5895522388059702	gene__K03631	westernized
9243	0.0	gene__K03631	westernized
9274	0.6875	gene__K03631	westernized
1814	0.9805825242718447	gene__K03631	westernized
6191	0.7922705314009661	gene__K03631	westernized
14824	0.5714285714285714	gene__K03631	westernized
1855	0.8008982035928144	gene__K03631	westernized
14370	0.23529411764705882	gene__K03631	westernized
14773	0.20454545454545456	gene__K03631	westernized
14809	0.5991379310344828	gene__K03631	westernized
9286	0.8174157303370787	gene__K03631	westernized
9283	0.7494305239179955	gene__K03631	westernized
15452	0.4608294930875576	gene__K03631	westernized
10115	0.8354755784061697	gene__K03631	westernized
10068	0.9414225941422594	gene__K03631	westernized
1928	0.7297297297297297	gene__K03631	non-westernized
1883	0.782608695652174	gene__K03631	non-westernized
4260	0.8	gene__K03631	non-westernized
1853	0.8235294117647058	gene__K03631	non-westernized
4247	0.7884615384615384	gene__K03631	non-westernized
5906	0.36666666666666664	gene__K03631	non-westernized
5904	0.6666666666666666	gene__K03631	non-westernized
5967	0.6111111111111112	gene__K03631	non-westernized
6148	0.7101449275362319	gene__K03631	non-westernized
9243	0.2413793103448276	gene__K03631	non-westernized
9274	0.6805555555555556	gene__K03631	non-westernized
1814	1.0	gene__K03631	non-westernized
6191	0.8571428571428571	gene__K03631	non-westernized
14824	0.8823529411764706	gene__K03631	non-westernized
1855	0.8863636363636364	gene__K03631	non-westernized
14370	0.1984126984126984	gene__K03631	non-westernized
14773	0.4	gene__K03631	non-westernized
14809	0.8387096774193549	gene__K03631	non-westernized
9286	0.8777777777777778	gene__K03631	non-westernized
9283	0.6129032258064516	gene__K03631	non-westernized
15452	0.2835820895522388	gene__K03631	non-westernized
10115	0.8028169014084507	gene__K03631	non-westernized
10068	0.9468085106382979	gene__K03631	non-westernized
698	0.6	gene__K04517	westernized
4867	0.5161290322580645	gene__K04517	westernized
4868	0.5031847133757962	gene__K04517	westernized
4198	0.9662618083670715	gene__K04517	westernized
4820	0.7547892720306514	gene__K04517	westernized
8021	0.75	gene__K04517	westernized
8018	0.7333333333333333	gene__K04517	westernized
4874	0.8083832335329342	gene__K04517	westernized
8007	0.6720554272517321	gene__K04517	westernized
15249	0.8325123152709359	gene__K04517	westernized
15467	0.7435897435897436	gene__K04517	westernized
15452	0.7880184331797235	gene__K04517	westernized
698	0.9426229508196722	gene__K04517	non-westernized
4867	0.6	gene__K04517	non-westernized
4868	0.45901639344262296	gene__K04517	non-westernized
4198	1.0	gene__K04517	non-westernized
4820	0.8461538461538461	gene__K04517	non-westernized
8021	0.6	gene__K04517	non-westernized
8018	0.9	gene__K04517	non-westernized
4874	0.967741935483871	gene__K04517	non-westernized
8007	0.6438356164383562	gene__K04517	non-westernized
15249	0.9130434782608695	gene__K04517	non-westernized
15467	0.8857142857142857	gene__K04517	non-westernized
15452	0.8656716417910447	gene__K04517	non-westernized
1474	0.90625	gene__K01524	westernized
1883	0.0	gene__K01524	westernized
1475	0.14444444444444443	gene__K01524	westernized
1472	0.22699386503067484	gene__K01524	westernized
1477	0.2524271844660194	gene__K01524	westernized
2325	0.8368794326241135	gene__K01524	westernized
1853	0.75	gene__K01524	westernized
4670	0.7482014388489209	gene__K01524	westernized
4894	0.13756613756613756	gene__K01524	westernized
5769	0.8918918918918919	gene__K01524	westernized
4705	0.9568527918781726	gene__K01524	westernized
7061	0.7650602409638554	gene__K01524	westernized
9274	0.84375	gene__K01524	westernized
5765	0.9412878787878788	gene__K01524	westernized
1814	0.7706310679611651	gene__K01524	westernized
9273	0.8342541436464088	gene__K01524	westernized
1855	0.7110778443113772	gene__K01524	westernized
14341	0.6947368421052632	gene__K01524	westernized
9283	0.9703872437357631	gene__K01524	westernized
15467	0.7863247863247863	gene__K01524	westernized
17256	0.37341772151898733	gene__K01524	westernized
15452	0.7235023041474654	gene__K01524	westernized
10115	0.987146529562982	gene__K01524	westernized
10068	1.0	gene__K01524	westernized
1474	0.9354838709677419	gene__K01524	non-westernized
1883	0.2608695652173913	gene__K01524	non-westernized
1475	0.3006535947712418	gene__K01524	non-westernized
1472	0.2647058823529412	gene__K01524	non-westernized
1477	0.5377358490566038	gene__K01524	non-westernized
2325	0.65	gene__K01524	non-westernized
1853	0.8823529411764706	gene__K01524	non-westernized
4670	0.9090909090909091	gene__K01524	non-westernized
4894	0.08771929824561403	gene__K01524	non-westernized
5769	0.85	gene__K01524	non-westernized
4705	0.9523809523809523	gene__K01524	non-westernized
7061	0.8404907975460123	gene__K01524	non-westernized
9274	0.8333333333333334	gene__K01524	non-westernized
5765	0.912621359223301	gene__K01524	non-westernized
1814	0.92	gene__K01524	non-westernized
9273	0.8536585365853658	gene__K01524	non-westernized
1855	0.8636363636363636	gene__K01524	non-westernized
14341	0.8	gene__K01524	non-westernized
9283	0.9354838709677419	gene__K01524	non-westernized
15467	0.9485714285714286	gene__K01524	non-westernized
17256	0.3333333333333333	gene__K01524	non-westernized
15452	0.8208955223880597	gene__K01524	non-westernized
10115	0.9577464788732394	gene__K01524	non-westernized
10068	1.0	gene__K01524	non-westernized
4537	0.9464285714285714	gene__K07335	westernized
4891	0.8	gene__K07335	westernized
4886	0.9727272727272728	gene__K07335	westernized
4921	0.23076923076923078	gene__K07335	westernized
4953	0.8392857142857143	gene__K07335	westernized
4247	0.8405797101449275	gene__K07335	westernized
4670	0.7482014388489209	gene__K07335	westernized
5063	1.0	gene__K07335	westernized
4191	0.8637316561844863	gene__K07335	westernized
5099	0.9117647058823529	gene__K07335	westernized
4909	0.9186991869918699	gene__K07335	westernized
4882	0.7601809954751131	gene__K07335	westernized
5062	0.8151658767772512	gene__K07335	westernized
6173	1.0	gene__K07335	westernized
6174	0.96875	gene__K07335	westernized
4198	0.9851551956815114	gene__K07335	westernized
5076	0.7203791469194313	gene__K07335	westernized
5967	0.7674418604651163	gene__K07335	westernized
4705	0.9898477157360406	gene__K07335	westernized
5077	0.24414715719063546	gene__K07335	westernized
6148	0.7910447761194029	gene__K07335	westernized
4532	0.9426934097421203	gene__K07335	westernized
8021	0.7391304347826086	gene__K07335	westernized
8018	0.6666666666666666	gene__K07335	westernized
7968	0.9318181818181818	gene__K07335	westernized
4837	0.974757281553398	gene__K07335	westernized
14379	0.71875	gene__K07335	westernized
6191	0.7053140096618358	gene__K07335	westernized
4936	0.8388625592417062	gene__K07335	westernized
14370	0.6764705882352942	gene__K07335	westernized
4910	0.9747292418772563	gene__K07335	westernized
4938	0.6145833333333334	gene__K07335	westernized
4940	0.9216867469879518	gene__K07335	westernized
4925	0.9767441860465116	gene__K07335	westernized
8007	0.5103926096997691	gene__K07335	westernized
15385	0.864406779661017	gene__K07335	westernized
15452	0.8940092165898618	gene__K07335	westernized
4537	0.8863636363636364	gene__K07335	non-westernized
4891	0.9166666666666666	gene__K07335	non-westernized
4886	0.9444444444444444	gene__K07335	non-westernized
4921	0.7727272727272727	gene__K07335	non-westernized
4953	0.7619047619047619	gene__K07335	non-westernized
4247	0.8653846153846154	gene__K07335	non-westernized
4670	0.9090909090909091	gene__K07335	non-westernized
5063	0.9523809523809523	gene__K07335	non-westernized
4191	0.8181818181818182	gene__K07335	non-westernized
5099	0.8387096774193549	gene__K07335	non-westernized
4909	0.9605263157894737	gene__K07335	non-westernized
4882	0.7142857142857143	gene__K07335	non-westernized
5062	0.90625	gene__K07335	non-westernized
6173	0.9411764705882353	gene__K07335	non-westernized
6174	0.9	gene__K07335	non-westernized
4198	1.0	gene__K07335	non-westernized
5076	0.5757575757575758	gene__K07335	non-westernized
5967	0.8055555555555556	gene__K07335	non-westernized
4705	1.0	gene__K07335	non-westernized
5077	0.6428571428571429	gene__K07335	non-westernized
6148	0.7971014492753623	gene__K07335	non-westernized
4532	0.96	gene__K07335	non-westernized
8021	0.6	gene__K07335	non-westernized
8018	0.8	gene__K07335	non-westernized
7968	0.75	gene__K07335	non-westernized
4837	0.9090909090909091	gene__K07335	non-westernized
14379	0.8148148148148148	gene__K07335	non-westernized
6191	0.9285714285714286	gene__K07335	non-westernized
4936	0.875	gene__K07335	non-westernized
14370	0.5555555555555556	gene__K07335	non-westernized
4910	0.9932432432432432	gene__K07335	non-westernized
4938	0.85	gene__K07335	non-westernized
4940	0.9746835443037974	gene__K07335	non-westernized
4925	0.9811320754716981	gene__K07335	non-westernized
8007	0.4794520547945205	gene__K07335	non-westernized
15385	0.8181818181818182	gene__K07335	non-westernized
15452	0.9701492537313433	gene__K07335	non-westernized
698	0.8	gene__K01749	westernized
714	0.9884488448844885	gene__K01749	westernized
5083	0.8518518518518519	gene__K01749	westernized
5769	0.972972972972973	gene__K01749	westernized
6173	0.9090909090909091	gene__K01749	westernized
6174	0.84375	gene__K01749	westernized
5906	0.6610169491525424	gene__K01749	westernized
5904	0.735632183908046	gene__K01749	westernized
6179	0.8311688311688312	gene__K01749	westernized
5858	0.7238095238095238	gene__K01749	westernized
5765	0.9185606060606061	gene__K01749	westernized
6191	0.6956521739130435	gene__K01749	westernized
5082	0.9889958734525447	gene__K01749	westernized
9273	0.5966850828729282	gene__K01749	westernized
4925	0.2393980848153215	gene__K01749	westernized
6962	0.8787878787878788	gene__K01749	westernized
14809	0.1939655172413793	gene__K01749	westernized
15447	0.6333333333333333	gene__K01749	westernized
15467	0.5512820512820513	gene__K01749	westernized
15452	0.8179723502304147	gene__K01749	westernized
10115	0.8637532133676092	gene__K01749	westernized
10068	0.9860529986052998	gene__K01749	westernized
698	0.9590163934426229	gene__K01749	non-westernized
714	0.9880239520958084	gene__K01749	non-westernized
5083	0.918918918918919	gene__K01749	non-westernized
5769	1.0	gene__K01749	non-westernized
6173	0.9117647058823529	gene__K01749	non-westernized
6174	0.95	gene__K01749	non-westernized
5906	0.9333333333333333	gene__K01749	non-westernized
5904	0.8333333333333334	gene__K01749	non-westernized
6179	0.9390243902439024	gene__K01749	non-westernized
5858	0.7641509433962265	gene__K01749	non-westernized
5765	0.941747572815534	gene__K01749	non-westernized
6191	0.8571428571428571	gene__K01749	non-westernized
5082	1.0	gene__K01749	non-westernized
9273	0.6747967479674797	gene__K01749	non-westernized
4925	0.41509433962264153	gene__K01749	non-westernized
6962	0.9047619047619048	gene__K01749	non-westernized
14809	0.25806451612903225	gene__K01749	non-westernized
15447	0.7333333333333333	gene__K01749	non-westernized
15467	0.46285714285714286	gene__K01749	non-westernized
15452	0.9402985074626866	gene__K01749	non-westernized
10115	0.9084507042253521	gene__K01749	non-westernized
10068	0.9893617021276596	gene__K01749	non-westernized
1672	0.9333333333333333	gene__K03565	westernized
1673	0.9130434782608695	gene__K03565	westernized
1705	0.9791666666666666	gene__K03565	westernized
1617	0.8311688311688312	gene__K03565	westernized
1636	0.8372093023255814	gene__K03565	westernized
1701	0.918918918918919	gene__K03565	westernized
1614	0.8461538461538461	gene__K03565	westernized
1657	0.975	gene__K03565	westernized
1666	0.9090909090909091	gene__K03565	westernized
1644	0.6645161290322581	gene__K03565	westernized
4260	0.38461538461538464	gene__K03565	westernized
4418	0.7580645161290323	gene__K03565	westernized
1613	0.9061488673139159	gene__K03565	westernized
1677	0.8108108108108109	gene__K03565	westernized
4670	0.8561151079136691	gene__K03565	westernized
5083	0.8222222222222222	gene__K03565	westernized
6173	0.8181818181818182	gene__K03565	westernized
6174	0.71875	gene__K03565	westernized
6179	0.6363636363636364	gene__K03565	westernized
5858	0.8761904761904762	gene__K03565	westernized
4826	0.9108695652173913	gene__K03565	westernized
6148	0.6567164179104478	gene__K03565	westernized
4820	0.8697318007662835	gene__K03565	westernized
6847	0.8947368421052632	gene__K03565	westernized
8021	0.8804347826086957	gene__K03565	westernized
8018	0.8777777777777778	gene__K03565	westernized
7968	0.8636363636363636	gene__K03565	westernized
5190	0.8463356973995272	gene__K03565	westernized
14379	0.75	gene__K03565	westernized
6191	0.8985507246376812	gene__K03565	westernized
4936	0.8862559241706162	gene__K03565	westernized
5082	0.9917469050894085	gene__K03565	westernized
4940	0.9819277108433735	gene__K03565	westernized
8007	0.745958429561201	gene__K03565	westernized
14809	0.5043103448275862	gene__K03565	westernized
17249	0.035211267605633804	gene__K03565	westernized
15053	0.9056122448979592	gene__K03565	westernized
17256	0.3686708860759494	gene__K03565	westernized
10115	0.922879177377892	gene__K03565	westernized
10068	0.9846582984658299	gene__K03565	westernized
1672	0.8205128205128205	gene__K03565	non-westernized
1673	0.5813953488372093	gene__K03565	non-westernized
1705	0.9242424242424242	gene__K03565	non-westernized
1617	0.7804878048780488	gene__K03565	non-westernized
1636	0.9032258064516129	gene__K03565	non-westernized
1701	0.9197530864197531	gene__K03565	non-westernized
1614	0.9322033898305084	gene__K03565	non-westernized
1657	0.9240506329113924	gene__K03565	non-westernized
1666	0.9572649572649573	gene__K03565	non-westernized
1644	0.78125	gene__K03565	non-westernized
4260	0.05	gene__K03565	non-westernized
4418	0.8421052631578947	gene__K03565	non-westernized
1613	0.8743455497382199	gene__K03565	non-westernized
1677	0.875	gene__K03565	non-westernized
4670	0.9545454545454546	gene__K03565	non-westernized
5083	0.8648648648648649	gene__K03565	non-westernized
6173	0.9117647058823529	gene__K03565	non-westernized
6174	0.7	gene__K03565	non-westernized
6179	0.9146341463414634	gene__K03565	non-westernized
5858	0.9150943396226415	gene__K03565	non-westernized
4826	1.0	gene__K03565	non-westernized
6148	0.8043478260869565	gene__K03565	non-westernized
4820	0.8205128205128205	gene__K03565	non-westernized
6847	0.8161764705882353	gene__K03565	non-westernized
8021	0.76	gene__K03565	non-westernized
8018	0.7	gene__K03565	non-westernized
7968	0.8571428571428571	gene__K03565	non-westernized
5190	0.9090909090909091	gene__K03565	non-westernized
14379	0.8518518518518519	gene__K03565	non-westernized
6191	0.7857142857142857	gene__K03565	non-westernized
4936	0.9375	gene__K03565	non-westernized
5082	1.0	gene__K03565	non-westernized
4940	0.9746835443037974	gene__K03565	non-westernized
8007	0.5753424657534246	gene__K03565	non-westernized
14809	0.8225806451612904	gene__K03565	non-westernized
17249	0.15384615384615385	gene__K03565	non-westernized
15053	0.8846153846153846	gene__K03565	non-westernized
17256	0.30303030303030304	gene__K03565	non-westernized
10115	0.823943661971831	gene__K03565	non-westernized
10068	0.9893617021276596	gene__K03565	non-westernized
4053	0.7419354838709677	gene__K07391	westernized
4670	0.7482014388489209	gene__K07391	westernized
5769	0.7027027027027027	gene__K07391	westernized
6173	0.8181818181818182	gene__K07391	westernized
6174	0.625	gene__K07391	westernized
5906	0.5423728813559322	gene__K07391	westernized
5904	0.5632183908045977	gene__K07391	westernized
6179	0.7272727272727273	gene__K07391	westernized
5967	0.9302325581395349	gene__K07391	westernized
5858	0.6857142857142857	gene__K07391	westernized
8640	0.8507462686567164	gene__K07391	westernized
8653	0.02702702702702703	gene__K07391	westernized
8655	0.8852459016393442	gene__K07391	westernized
9202	0.8	gene__K07391	westernized
5809	0.8345070422535211	gene__K07391	westernized
9205	0.3333333333333333	gene__K07391	westernized
14294	0.7692307692307693	gene__K07391	westernized
5765	0.7045454545454546	gene__K07391	westernized
14379	0.71875	gene__K07391	westernized
14209	0.5565217391304348	gene__K07391	westernized
14370	0.6470588235294118	gene__K07391	westernized
6962	0.8429752066115702	gene__K07391	westernized
15119	0.08196721311475409	gene__K07391	westernized
15120	0.5597014925373134	gene__K07391	westernized
15295	0.6060606060606061	gene__K07391	westernized
15299	0.6875	gene__K07391	westernized
15323	0.6368159203980099	gene__K07391	westernized
17231	0.45	gene__K07391	westernized
15291	0.6337209302325582	gene__K07391	westernized
17234	0.8134328358208955	gene__K07391	westernized
17249	0.6267605633802817	gene__K07391	westernized
17241	0.7782426778242678	gene__K07391	westernized
14993	0.5078125	gene__K07391	westernized
9226	0.9758179231863442	gene__K07391	westernized
15318	0.6234458259325044	gene__K07391	westernized
15467	0.6752136752136753	gene__K07391	westernized
17247	0.7712264150943396	gene__K07391	westernized
15300	0.9324817518248175	gene__K07391	westernized
15316	0.7459807073954984	gene__K07391	westernized
15286	0.9152298850574713	gene__K07391	westernized
15342	0.5447530864197531	gene__K07391	westernized
15271	0.4750889679715303	gene__K07391	westernized
17244	0.942215088282504	gene__K07391	westernized
17237	0.8480392156862745	gene__K07391	westernized
17256	0.875	gene__K07391	westernized
17248	0.9446153846153846	gene__K07391	westernized
15452	0.8847926267281107	gene__K07391	westernized
10115	0.7429305912596401	gene__K07391	westernized
10068	0.9246861924686193	gene__K07391	westernized
4053	0.9090909090909091	gene__K07391	non-westernized
4670	0.8409090909090909	gene__K07391	non-westernized
5769	0.85	gene__K07391	non-westernized
6173	0.9117647058823529	gene__K07391	non-westernized
6174	0.85	gene__K07391	non-westernized
5906	0.5	gene__K07391	non-westernized
5904	0.8888888888888888	gene__K07391	non-westernized
6179	0.8780487804878049	gene__K07391	non-westernized
5967	0.7222222222222222	gene__K07391	non-westernized
5858	0.8207547169811321	gene__K07391	non-westernized
8640	0.8727272727272727	gene__K07391	non-westernized
8653	0.11940298507462686	gene__K07391	non-westernized
8655	0.9411764705882353	gene__K07391	non-westernized
9202	0.8431372549019608	gene__K07391	non-westernized
5809	0.8314087759815243	gene__K07391	non-westernized
9205	0.7435897435897436	gene__K07391	non-westernized
14294	0.8	gene__K07391	non-westernized
5765	0.7184466019417476	gene__K07391	non-westernized
14379	0.8148148148148148	gene__K07391	non-westernized
14209	0.7674418604651163	gene__K07391	non-westernized
14370	0.746031746031746	gene__K07391	non-westernized
6962	0.7142857142857143	gene__K07391	non-westernized
15119	0.15	gene__K07391	non-westernized
15120	0.7142857142857143	gene__K07391	non-westernized
15295	0.8064516129032258	gene__K07391	non-westernized
15299	0.7796610169491526	gene__K07391	non-westernized
15323	0.7230769230769231	gene__K07391	non-westernized
17231	0.47619047619047616	gene__K07391	non-westernized
15291	0.8157894736842105	gene__K07391	non-westernized
17234	0.8260869565217391	gene__K07391	non-westernized
17249	0.8846153846153846	gene__K07391	non-westernized
17241	0.8095238095238095	gene__K07391	non-westernized
14993	0.44	gene__K07391	non-westernized
9226	1.0	gene__K07391	non-westernized
15318	0.8205128205128205	gene__K07391	non-westernized
15467	0.7942857142857143	gene__K07391	non-westernized
17247	0.9090909090909091	gene__K07391	non-westernized
15300	0.9464285714285714	gene__K07391	non-westernized
15316	0.76	gene__K07391	non-westernized
15286	0.9420289855072463	gene__K07391	non-westernized
15342	0.7586206896551724	gene__K07391	non-westernized
15271	0.7254901960784313	gene__K07391	non-westernized
17244	0.967741935483871	gene__K07391	non-westernized
17237	0.7368421052631579	gene__K07391	non-westernized
17256	0.9393939393939394	gene__K07391	non-westernized
17248	0.967741935483871	gene__K07391	non-westernized
15452	1.0	gene__K07391	non-westernized
10115	0.5845070422535211	gene__K07391	non-westernized
10068	0.925531914893617	gene__K07391	non-westernized
2241	0.9583333333333334	gene__K02066	westernized
2238	0.9375	gene__K02066	westernized
2239	0.9369369369369369	gene__K02066	westernized
2240	0.9775280898876404	gene__K02066	westernized
2325	0.6453900709219859	gene__K02066	westernized
3677	0.9096385542168675	gene__K02066	westernized
2318	0.993734335839599	gene__K02066	westernized
2290	0.861995753715499	gene__K02066	westernized
2295	0.8576998050682261	gene__K02066	westernized
5769	0.972972972972973	gene__K02066	westernized
5967	0.9767441860465116	gene__K02066	westernized
8640	0.8656716417910447	gene__K02066	westernized
8653	0.918918918918919	gene__K02066	westernized
8655	0.9016393442622951	gene__K02066	westernized
9243	0.8333333333333334	gene__K02066	westernized
9274	0.65625	gene__K02066	westernized
5765	0.9242424242424242	gene__K02066	westernized
9273	0.8895027624309392	gene__K02066	westernized
9286	0.8398876404494382	gene__K02066	westernized
9283	0.9612756264236902	gene__K02066	westernized
15447	0.85	gene__K02066	westernized
9226	1.0	gene__K02066	westernized
15467	0.8931623931623932	gene__K02066	westernized
15452	0.9331797235023042	gene__K02066	westernized
2241	0.9272727272727272	gene__K02066	non-westernized
2238	0.94	gene__K02066	non-westernized
2239	0.85	gene__K02066	non-westernized
2240	0.9571428571428572	gene__K02066	non-westernized
2325	0.8	gene__K02066	non-westernized
3677	0.8968386023294509	gene__K02066	non-westernized
2318	1.0	gene__K02066	non-westernized
2290	0.8181818181818182	gene__K02066	non-westernized
2295	0.8387096774193549	gene__K02066	non-westernized
5769	0.85	gene__K02066	non-westernized
5967	0.8055555555555556	gene__K02066	non-westernized
8640	0.9636363636363636	gene__K02066	non-westernized
8653	1.0	gene__K02066	non-westernized
8655	0.9411764705882353	gene__K02066	non-westernized
9243	0.896551724137931	gene__K02066	non-westernized
9274	0.8611111111111112	gene__K02066	non-westernized
5765	0.9320388349514563	gene__K02066	non-westernized
9273	0.926829268292683	gene__K02066	non-westernized
9286	0.9666666666666667	gene__K02066	non-westernized
9283	0.967741935483871	gene__K02066	non-westernized
15447	0.9	gene__K02066	non-westernized
9226	1.0	gene__K02066	non-westernized
15467	0.96	gene__K02066	non-westernized
15452	0.9701492537313433	gene__K02066	non-westernized
6836	0.6896551724137931	gene__K09974	westernized
6478	0.7002237136465325	gene__K09974	westernized
15084	0.96	gene__K09974	westernized
15085	0.8181818181818182	gene__K09974	westernized
4933	0.5696551724137932	gene__K09974	westernized
15087	0.8604651162790697	gene__K09974	westernized
15333	0.013888888888888888	gene__K09974	westernized
15326	0.0375	gene__K09974	westernized
9226	0.9971550497866287	gene__K09974	westernized
15346	0.660427807486631	gene__K09974	westernized
15318	0.1989342806394316	gene__K09974	westernized
15316	0.16881028938906753	gene__K09974	westernized
15332	0.33562822719449226	gene__K09974	westernized
15342	0.06944444444444445	gene__K09974	westernized
10068	0.9748953974895398	gene__K09974	westernized
6836	0.7727272727272727	gene__K09974	non-westernized
6478	0.6829268292682927	gene__K09974	non-westernized
15084	0.96875	gene__K09974	non-westernized
15085	0.7368421052631579	gene__K09974	non-westernized
4933	0.7523809523809524	gene__K09974	non-westernized
15087	0.7777777777777778	gene__K09974	non-westernized
15333	0.21739130434782608	gene__K09974	non-westernized
15326	0.14634146341463414	gene__K09974	non-westernized
9226	1.0	gene__K09974	non-westernized
15346	0.7307692307692307	gene__K09974	non-westernized
15318	0.1794871794871795	gene__K09974	non-westernized
15316	0.16	gene__K09974	non-westernized
15332	0.28205128205128205	gene__K09974	non-westernized
15342	0.1724137931034483	gene__K09974	non-westernized
10068	1.0	gene__K09974	non-westernized
1928	0.9354838709677419	gene__K04066	westernized
1883	0.8695652173913043	gene__K04066	westernized
1404	0.49019607843137253	gene__K04066	westernized
1437	0.8333333333333334	gene__K04066	westernized
4260	0.7846153846153846	gene__K04066	westernized
2021	0.8514851485148515	gene__K04066	westernized
1853	0.9210526315789473	gene__K04066	westernized
4867	0.8709677419354839	gene__K04066	westernized
4886	0.22272727272727272	gene__K04066	westernized
4247	0.8164251207729468	gene__K04066	westernized
4191	0.6436058700209644	gene__K04066	westernized
6173	0.7272727272727273	gene__K04066	westernized
4868	0.8343949044585988	gene__K04066	westernized
6174	0.71875	gene__K04066	westernized
4198	0.9203778677462888	gene__K04066	westernized
6179	0.7012987012987013	gene__K04066	westernized
5967	0.7209302325581395	gene__K04066	westernized
6847	0.7368421052631579	gene__K04066	westernized
7088	0.6060606060606061	gene__K04066	westernized
8021	0.8152173913043478	gene__K04066	westernized
8018	0.8444444444444444	gene__K04066	westernized
4584	0.9220272904483431	gene__K04066	westernized
7968	0.8636363636363636	gene__K04066	westernized
4874	0.8562874251497006	gene__K04066	westernized
7061	0.6686746987951807	gene__K04066	westernized
1814	0.9757281553398058	gene__K04066	westernized
14379	0.65625	gene__K04066	westernized
6191	0.8164251207729468	gene__K04066	westernized
14397	0.7083333333333334	gene__K04066	westernized
6806	0.8	gene__K04066	westernized
1855	0.9116766467065869	gene__K04066	westernized
14370	0.5588235294117647	gene__K04066	westernized
14773	0.5681818181818182	gene__K04066	westernized
6796	0.8783269961977186	gene__K04066	westernized
8007	0.5958429561200924	gene__K04066	westernized
17234	0.7761194029850746	gene__K04066	westernized
10115	0.8303341902313625	gene__K04066	westernized
10068	0.9274755927475593	gene__K04066	westernized
1928	0.7567567567567568	gene__K04066	non-westernized
1883	0.782608695652174	gene__K04066	non-westernized
1404	0.7704918032786885	gene__K04066	non-westernized
1437	0.8314606741573034	gene__K04066	non-westernized
4260	0.85	gene__K04066	non-westernized
2021	0.9178743961352657	gene__K04066	non-westernized
1853	0.9117647058823529	gene__K04066	non-westernized
4867	0.6947368421052632	gene__K04066	non-westernized
4886	0.16666666666666666	gene__K04066	non-westernized
4247	0.8076923076923077	gene__K04066	non-westernized
4191	0.5909090909090909	gene__K04066	non-westernized
6173	0.8529411764705882	gene__K04066	non-westernized
4868	0.8360655737704918	gene__K04066	non-westernized
6174	0.8	gene__K04066	non-westernized
4198	0.9347826086956522	gene__K04066	non-westernized
6179	0.8292682926829268	gene__K04066	non-westernized
5967	0.75	gene__K04066	non-westernized
6847	0.45588235294117646	gene__K04066	non-westernized
7088	0.6666666666666666	gene__K04066	non-westernized
8021	0.84	gene__K04066	non-westernized
8018	0.9	gene__K04066	non-westernized
4584	0.9333333333333333	gene__K04066	non-westernized
7968	0.75	gene__K04066	non-westernized
4874	0.967741935483871	gene__K04066	non-westernized
7061	0.8343558282208589	gene__K04066	non-westernized
1814	0.96	gene__K04066	non-westernized
14379	0.8148148148148148	gene__K04066	non-westernized
6191	0.8571428571428571	gene__K04066	non-westernized
14397	0.8378378378378378	gene__K04066	non-westernized
6806	0.7886178861788617	gene__K04066	non-westernized
1855	0.9318181818181818	gene__K04066	non-westernized
14370	0.6190476190476191	gene__K04066	non-westernized
14773	0.7	gene__K04066	non-westernized
6796	0.9166666666666666	gene__K04066	non-westernized
8007	0.4246575342465753	gene__K04066	non-westernized
17234	0.9130434782608695	gene__K04066	non-westernized
10115	0.852112676056338	gene__K04066	non-westernized
10068	0.9042553191489362	gene__K04066	non-westernized
5769	0.6486486486486487	gene__K10441	westernized
5967	0.23255813953488372	gene__K10441	westernized
6148	0.6268656716417911	gene__K10441	westernized
5809	0.8943661971830986	gene__K10441	westernized
5765	0.8560606060606061	gene__K10441	westernized
4837	0.2737864077669903	gene__K10441	westernized
6191	0.8260869565217391	gene__K10441	westernized
15102	0.34375	gene__K10441	westernized
4933	0.14758620689655172	gene__K10441	westernized
14311	0.0029717682020802376	gene__K10441	westernized
17234	0.3582089552238806	gene__K10441	westernized
15234	0.06739130434782609	gene__K10441	westernized
17247	0.49764150943396224	gene__K10441	westernized
10115	0.9511568123393316	gene__K10441	westernized
10068	0.9693165969316597	gene__K10441	westernized
5769	0.65	gene__K10441	non-westernized
5967	0.3333333333333333	gene__K10441	non-westernized
6148	0.6956521739130435	gene__K10441	non-westernized
5809	0.8729792147806005	gene__K10441	non-westernized
5765	0.912621359223301	gene__K10441	non-westernized
4837	0.8181818181818182	gene__K10441	non-westernized
6191	0.8928571428571429	gene__K10441	non-westernized
15102	0.2608695652173913	gene__K10441	non-westernized
4933	0.2	gene__K10441	non-westernized
14311	0.11904761904761904	gene__K10441	non-westernized
17234	0.30434782608695654	gene__K10441	non-westernized
15234	0.11363636363636363	gene__K10441	non-westernized
17247	0.45454545454545453	gene__K10441	non-westernized
10115	0.9647887323943662	gene__K10441	non-westernized
10068	0.9787234042553191	gene__K10441	non-westernized
1667	0.9705882352941176	gene__K03177	westernized
1672	0.9111111111111111	gene__K03177	westernized
1673	0.8695652173913043	gene__K03177	westernized
1928	0.8709677419354839	gene__K03177	westernized
1883	0.9347826086956522	gene__K03177	westernized
2076	0.8888888888888888	gene__K03177	westernized
1437	0.9259259259259259	gene__K03177	westernized
1666	0.8545454545454545	gene__K03177	westernized
4260	0.015384615384615385	gene__K03177	westernized
1472	0.9325153374233128	gene__K03177	westernized
1477	0.3300970873786408	gene__K03177	westernized
2021	0.9108910891089109	gene__K03177	westernized
1676	0.9193548387096774	gene__K03177	westernized
1853	0.9078947368421053	gene__K03177	westernized
1679	0.9380952380952381	gene__K03177	westernized
1680	0.9353233830845771	gene__K03177	westernized
1677	0.9121621621621622	gene__K03177	westernized
2071	0.9674418604651163	gene__K03177	westernized
4670	0.7841726618705036	gene__K03177	westernized
5066	0.0045045045045045045	gene__K03177	westernized
5769	0.5135135135135135	gene__K03177	westernized
6173	0.6363636363636364	gene__K03177	westernized
6174	0.71875	gene__K03177	westernized
5906	0.4406779661016949	gene__K03177	westernized
4198	0.9838056680161943	gene__K03177	westernized
5904	0.3218390804597701	gene__K03177	westernized
6179	0.7142857142857143	gene__K03177	westernized
5967	0.7441860465116279	gene__K03177	westernized
4826	0.8130434782608695	gene__K03177	westernized
6148	0.7164179104477612	gene__K03177	westernized
4820	0.8467432950191571	gene__K03177	westernized
7088	0.6212121212121212	gene__K03177	westernized
8021	0.7065217391304348	gene__K03177	westernized
8018	0.7	gene__K03177	westernized
9202	0.8666666666666667	gene__K03177	westernized
5190	0.8203309692671394	gene__K03177	westernized
4874	0.9461077844311377	gene__K03177	westernized
7061	0.6325301204819277	gene__K03177	westernized
5065	0.9094412331406551	gene__K03177	westernized
9205	0.8333333333333334	gene__K03177	westernized
5765	0.16666666666666666	gene__K03177	westernized
1814	0.9842233009708737	gene__K03177	westernized
14379	0.78125	gene__K03177	westernized
6191	0.8695652173913043	gene__K03177	westernized
14397	0.16666666666666666	gene__K03177	westernized
14824	0.7142857142857143	gene__K03177	westernized
9273	0.8121546961325967	gene__K03177	westernized
1855	0.9086826347305389	gene__K03177	westernized
4933	0.88	gene__K03177	westernized
14773	0.7556818181818182	gene__K03177	westernized
15119	0.7868852459016393	gene__K03177	westernized
15120	0.7686567164179104	gene__K03177	westernized
8007	0.4896073903002309	gene__K03177	westernized
14809	0.7112068965517241	gene__K03177	westernized
15295	0.8333333333333334	gene__K03177	westernized
15333	0.8611111111111112	gene__K03177	westernized
15299	0.7375	gene__K03177	westernized
15323	0.835820895522388	gene__K03177	westernized
17231	0.875	gene__K03177	westernized
15260	0.7988505747126436	gene__K03177	westernized
15291	0.8953488372093024	gene__K03177	westernized
15236	0.875968992248062	gene__K03177	westernized
15326	0.8375	gene__K03177	westernized
15216	0.7774798927613941	gene__K03177	westernized
15447	0.8583333333333333	gene__K03177	westernized
17249	0.7746478873239436	gene__K03177	westernized
17241	0.7238493723849372	gene__K03177	westernized
15265	0.9224283305227656	gene__K03177	westernized
15234	0.7913043478260869	gene__K03177	westernized
15346	0.8422459893048129	gene__K03177	westernized
15318	0.9644760213143873	gene__K03177	westernized
15467	0.8376068376068376	gene__K03177	westernized
17247	0.8655660377358491	gene__K03177	westernized
15300	0.9762773722627737	gene__K03177	westernized
15316	0.9646302250803859	gene__K03177	westernized
15286	0.9913793103448276	gene__K03177	westernized
15332	0.9328743545611016	gene__K03177	westernized
15342	0.9290123456790124	gene__K03177	westernized
15271	0.8985765124555161	gene__K03177	westernized
17237	0.8774509803921569	gene__K03177	westernized
17248	0.9753846153846154	gene__K03177	westernized
15452	0.8617511520737328	gene__K03177	westernized
10115	0.8406169665809768	gene__K03177	westernized
10068	0.9804741980474198	gene__K03177	westernized
1667	0.9523809523809523	gene__K03177	non-westernized
1672	0.9230769230769231	gene__K03177	non-westernized
1673	0.9767441860465116	gene__K03177	non-westernized
1928	0.7027027027027027	gene__K03177	non-westernized
1883	0.8695652173913043	gene__K03177	non-westernized
2076	0.9615384615384616	gene__K03177	non-westernized
1437	0.9438202247191011	gene__K03177	non-westernized
1666	0.9230769230769231	gene__K03177	non-westernized
4260	0.2	gene__K03177	non-westernized
1472	0.9607843137254902	gene__K03177	non-westernized
1477	0.24528301886792453	gene__K03177	non-westernized
2021	0.9178743961352657	gene__K03177	non-westernized
1676	0.8079470198675497	gene__K03177	non-westernized
1853	0.9411764705882353	gene__K03177	non-westernized
1679	0.9637681159420289	gene__K03177	non-westernized
1680	0.9601769911504425	gene__K03177	non-westernized
1677	0.9166666666666666	gene__K03177	non-westernized
2071	0.9744897959183674	gene__K03177	non-westernized
4670	0.9772727272727273	gene__K03177	non-westernized
5066	0.125	gene__K03177	non-westernized
5769	0.6	gene__K03177	non-westernized
6173	0.8529411764705882	gene__K03177	non-westernized
6174	0.8	gene__K03177	non-westernized
5906	0.16666666666666666	gene__K03177	non-westernized
4198	1.0	gene__K03177	non-westernized
5904	0.7777777777777778	gene__K03177	non-westernized
6179	0.9390243902439024	gene__K03177	non-westernized
5967	0.8055555555555556	gene__K03177	non-westernized
4826	0.5555555555555556	gene__K03177	non-westernized
6148	0.8333333333333334	gene__K03177	non-westernized
4820	0.7948717948717948	gene__K03177	non-westernized
7088	0.7407407407407407	gene__K03177	non-westernized
8021	0.68	gene__K03177	non-westernized
8018	0.9	gene__K03177	non-westernized
9202	0.8235294117647058	gene__K03177	non-westernized
5190	0.8636363636363636	gene__K03177	non-westernized
4874	0.9354838709677419	gene__K03177	non-westernized
7061	0.7055214723926381	gene__K03177	non-westernized
5065	0.8563218390804598	gene__K03177	non-westernized
9205	0.9230769230769231	gene__K03177	non-westernized
5765	0.04854368932038835	gene__K03177	non-westernized
1814	0.96	gene__K03177	non-westernized
14379	0.8148148148148148	gene__K03177	non-westernized
6191	0.8928571428571429	gene__K03177	non-westernized
14397	0.0	gene__K03177	non-westernized
14824	0.8676470588235294	gene__K03177	non-westernized
9273	0.8617886178861789	gene__K03177	non-westernized
1855	0.9772727272727273	gene__K03177	non-westernized
4933	0.9809523809523809	gene__K03177	non-westernized
14773	0.7857142857142857	gene__K03177	non-westernized
15119	0.8166666666666667	gene__K03177	non-westernized
15120	0.75	gene__K03177	non-westernized
8007	0.4657534246575342	gene__K03177	non-westernized
14809	0.9032258064516129	gene__K03177	non-westernized
15295	0.8602150537634409	gene__K03177	non-westernized
15333	0.8695652173913043	gene__K03177	non-westernized
15299	0.864406779661017	gene__K03177	non-westernized
15323	0.9230769230769231	gene__K03177	non-westernized
17231	0.9523809523809523	gene__K03177	non-westernized
15260	0.9347826086956522	gene__K03177	non-westernized
15291	0.9342105263157895	gene__K03177	non-westernized
15236	0.9032258064516129	gene__K03177	non-westernized
15326	0.8292682926829268	gene__K03177	non-westernized
15216	0.8	gene__K03177	non-westernized
15447	0.9333333333333333	gene__K03177	non-westernized
17249	0.7307692307692307	gene__K03177	non-westernized
17241	0.7142857142857143	gene__K03177	non-westernized
15265	0.9523809523809523	gene__K03177	non-westernized
15234	0.8181818181818182	gene__K03177	non-westernized
15346	0.8461538461538461	gene__K03177	non-westernized
15318	0.9743589743589743	gene__K03177	non-westernized
15467	0.8685714285714285	gene__K03177	non-westernized
17247	0.8636363636363636	gene__K03177	non-westernized
15300	0.9821428571428571	gene__K03177	non-westernized
15316	0.96	gene__K03177	non-westernized
15286	1.0	gene__K03177	non-westernized
15332	0.9487179487179487	gene__K03177	non-westernized
15342	1.0	gene__K03177	non-westernized
15271	0.9019607843137255	gene__K03177	non-westernized
17237	0.8771929824561403	gene__K03177	non-westernized
17248	1.0	gene__K03177	non-westernized
15452	0.9104477611940298	gene__K03177	non-westernized
10115	0.8169014084507042	gene__K03177	non-westernized
10068	0.9574468085106383	gene__K03177	non-westernized
1673	0.13043478260869565	gene__K00558	westernized
1928	0.5483870967741935	gene__K00558	westernized
1883	0.17391304347826086	gene__K00558	westernized
2229	0.08108108108108109	gene__K00558	westernized
1705	0.14583333333333334	gene__K00558	westernized
1617	0.24675324675324675	gene__K00558	westernized
1636	0.06976744186046512	gene__K00558	westernized
1024	0.15384615384615385	gene__K00558	westernized
1701	0.02702702702702703	gene__K00558	westernized
1614	0.21153846153846154	gene__K00558	westernized
1662	0.15625	gene__K00558	westernized
2238	0.015625	gene__K00558	westernized
2227	0.13664596273291926	gene__K00558	westernized
4212	0.13157894736842105	gene__K00558	westernized
4289	0.18518518518518517	gene__K00558	westernized
2021	0.24752475247524752	gene__K00558	westernized
1853	0.10526315789473684	gene__K00558	westernized
1679	0.14761904761904762	gene__K00558	westernized
1680	0.4079601990049751	gene__K00558	westernized
1613	0.1650485436893204	gene__K00558	westernized
1677	0.23648648648648649	gene__K00558	westernized
4537	0.125	gene__K00558	westernized
4280	0.057692307692307696	gene__K00558	westernized
4285	0.1762295081967213	gene__K00558	westernized
714	0.37458745874587457	gene__K00558	westernized
2071	0.07906976744186046	gene__K00558	westernized
2230	0.1337386018237082	gene__K00558	westernized
4247	0.11352657004830918	gene__K00558	westernized
4191	0.129979035639413	gene__K00558	westernized
5058	0.3103448275862069	gene__K00558	westernized
4909	0.10569105691056911	gene__K00558	westernized
4290	0.06746626686656672	gene__K00558	westernized
6174	0.09375	gene__K00558	westernized
4198	0.25371120107962214	gene__K00558	westernized
6179	0.09090909090909091	gene__K00558	westernized
6750	0.02040816326530612	gene__K00558	westernized
6584	0.2543352601156069	gene__K00558	westernized
5118	0.07719298245614035	gene__K00558	westernized
4820	0.2567049808429119	gene__K00558	westernized
6847	0.21052631578947367	gene__K00558	westernized
6778	0.2833333333333333	gene__K00558	westernized
8655	0.11475409836065574	gene__K00558	westernized
8018	0.12222222222222222	gene__K00558	westernized
13999	0.0	gene__K00558	westernized
4874	0.18562874251497005	gene__K00558	westernized
9205	0.041666666666666664	gene__K00558	westernized
14240	0.08333333333333333	gene__K00558	westernized
14237	0.0784313725490196	gene__K00558	westernized
13972	0.1656441717791411	gene__K00558	westernized
6191	0.14492753623188406	gene__K00558	westernized
15085	0.12121212121212122	gene__K00558	westernized
6744	0.10377358490566038	gene__K00558	westernized
4938	0.1423611111111111	gene__K00558	westernized
5090	0.0963855421686747	gene__K00558	westernized
6783	0.17603911980440098	gene__K00558	westernized
4933	0.11310344827586206	gene__K00558	westernized
4940	0.12449799196787148	gene__K00558	westernized
15087	0.14728682170542637	gene__K00558	westernized
4925	0.046511627906976744	gene__K00558	westernized
6796	0.03802281368821293	gene__K00558	westernized
14809	0.3103448275862069	gene__K00558	westernized
17231	0.15	gene__K00558	westernized
15385	0.13559322033898305	gene__K00558	westernized
6754	0.13673805601317957	gene__K00558	westernized
17249	0.5492957746478874	gene__K00558	westernized
17241	0.15481171548117154	gene__K00558	westernized
15053	0.125	gene__K00558	westernized
15106	0.11014492753623188	gene__K00558	westernized
15318	0.02664298401420959	gene__K00558	westernized
17247	0.31839622641509435	gene__K00558	westernized
17237	0.08823529411764706	gene__K00558	westernized
17256	0.12025316455696203	gene__K00558	westernized
17248	0.13846153846153847	gene__K00558	westernized
15452	0.5806451612903226	gene__K00558	westernized
1673	0.046511627906976744	gene__K00558	non-westernized
1928	0.5135135135135135	gene__K00558	non-westernized
1883	0.043478260869565216	gene__K00558	non-westernized
2229	0.1875	gene__K00558	non-westernized
1705	0.06060606060606061	gene__K00558	non-westernized
1617	0.1951219512195122	gene__K00558	non-westernized
1636	0.16129032258064516	gene__K00558	non-westernized
1024	0.20155038759689922	gene__K00558	non-westernized
1701	0.1419753086419753	gene__K00558	non-westernized
1614	0.2288135593220339	gene__K00558	non-westernized
1662	0.29310344827586204	gene__K00558	non-westernized
2238	0.13	gene__K00558	non-westernized
2227	0.1956521739130435	gene__K00558	non-westernized
4212	0.09090909090909091	gene__K00558	non-westernized
4289	0.22033898305084745	gene__K00558	non-westernized
2021	0.28502415458937197	gene__K00558	non-westernized
1853	0.058823529411764705	gene__K00558	non-westernized
1679	0.2391304347826087	gene__K00558	non-westernized
1680	0.46017699115044247	gene__K00558	non-westernized
1613	0.14659685863874344	gene__K00558	non-westernized
1677	0.4756944444444444	gene__K00558	non-westernized
4537	0.0	gene__K00558	non-westernized
4280	0.16666666666666666	gene__K00558	non-westernized
4285	0.171875	gene__K00558	non-westernized
714	0.5508982035928144	gene__K00558	non-westernized
2071	0.10714285714285714	gene__K00558	non-westernized
2230	0.11858974358974358	gene__K00558	non-westernized
4247	0.07692307692307693	gene__K00558	non-westernized
4191	0.09090909090909091	gene__K00558	non-westernized
5058	0.21212121212121213	gene__K00558	non-westernized
4909	0.013157894736842105	gene__K00558	non-westernized
4290	0.10784313725490197	gene__K00558	non-westernized
6174	0.15	gene__K00558	non-westernized
4198	0.15217391304347827	gene__K00558	non-westernized
6179	0.2073170731707317	gene__K00558	non-westernized
6750	0.17391304347826086	gene__K00558	non-westernized
6584	0.0	gene__K00558	non-westernized
5118	0.1111111111111111	gene__K00558	non-westernized
4820	0.23076923076923078	gene__K00558	non-westernized
6847	0.014705882352941176	gene__K00558	non-westernized
6778	0.14606741573033707	gene__K00558	non-westernized
8655	0.0	gene__K00558	non-westernized
8018	0.05	gene__K00558	non-westernized
13999	0.1282051282051282	gene__K00558	non-westernized
4874	0.06451612903225806	gene__K00558	non-westernized
9205	0.15384615384615385	gene__K00558	non-westernized
14240	0.18181818181818182	gene__K00558	non-westernized
14237	0.13333333333333333	gene__K00558	non-westernized
13972	0.030303030303030304	gene__K00558	non-westernized
6191	0.07142857142857142	gene__K00558	non-westernized
15085	0.13157894736842105	gene__K00558	non-westernized
6744	0.05714285714285714	gene__K00558	non-westernized
4938	0.05	gene__K00558	non-westernized
5090	0.15384615384615385	gene__K00558	non-westernized
6783	0.24193548387096775	gene__K00558	non-westernized
4933	0.08571428571428572	gene__K00558	non-westernized
4940	0.0759493670886076	gene__K00558	non-westernized
15087	0.0	gene__K00558	non-westernized
4925	0.11320754716981132	gene__K00558	non-westernized
6796	0.125	gene__K00558	non-westernized
14809	0.12903225806451613	gene__K00558	non-westernized
17231	0.19047619047619047	gene__K00558	non-westernized
15385	0.0	gene__K00558	non-westernized
6754	0.0	gene__K00558	non-westernized
17249	0.4230769230769231	gene__K00558	non-westernized
17241	0.42857142857142855	gene__K00558	non-westernized
15053	0.11538461538461539	gene__K00558	non-westernized
15106	0.0625	gene__K00558	non-westernized
15318	0.10256410256410256	gene__K00558	non-westernized
17247	0.45454545454545453	gene__K00558	non-westernized
17237	0.15789473684210525	gene__K00558	non-westernized
17256	0.13636363636363635	gene__K00558	non-westernized
17248	0.12903225806451613	gene__K00558	non-westernized
15452	0.7313432835820896	gene__K00558	non-westernized
1883	0.6521739130434783	gene__K03601	westernized
4350	0.6818181818181818	gene__K03601	westernized
4372	0.027777777777777776	gene__K03601	westernized
4418	0.6612903225806451	gene__K03601	westernized
4364	0.7786259541984732	gene__K03601	westernized
4373	0.6308724832214765	gene__K03601	westernized
4365	0.8313253012048193	gene__K03601	westernized
4421	0.35036496350364965	gene__K03601	westernized
4422	0.7105263157894737	gene__K03601	westernized
4670	0.7482014388489209	gene__K03601	westernized
4909	0.016260162601626018	gene__K03601	westernized
5083	0.8222222222222222	gene__K03601	westernized
6174	0.84375	gene__K03601	westernized
4367	0.8758815232722144	gene__K03601	westernized
4198	0.9851551956815114	gene__K03601	westernized
5076	0.8625592417061612	gene__K03601	westernized
5077	0.8260869565217391	gene__K03601	westernized
6847	0.7368421052631579	gene__K03601	westernized
7088	0.696969696969697	gene__K03601	westernized
8021	0.8695652173913043	gene__K03601	westernized
8018	0.9333333333333333	gene__K03601	westernized
7061	0.7048192771084337	gene__K03601	westernized
1814	0.9805825242718447	gene__K03601	westernized
5082	0.9931224209078404	gene__K03601	westernized
14824	0.5535714285714286	gene__K03601	westernized
1855	0.8997005988023952	gene__K03601	westernized
14980	0.14634146341463414	gene__K03601	westernized
15102	0.75	gene__K03601	westernized
15095	0.0375	gene__K03601	westernized
15103	0.7850467289719626	gene__K03601	westernized
15120	0.12686567164179105	gene__K03601	westernized
8007	0.6143187066974596	gene__K03601	westernized
15089	0.8113948919449901	gene__K03601	westernized
15260	0.7844827586206896	gene__K03601	westernized
15090	0.7777777777777778	gene__K03601	westernized
15249	0.8201970443349754	gene__K03601	westernized
15091	0.8213627992633518	gene__K03601	westernized
15265	0.8229342327150084	gene__K03601	westernized
15106	0.9376811594202898	gene__K03601	westernized
9226	0.984352773826458	gene__K03601	westernized
10115	0.8791773778920309	gene__K03601	westernized
10068	0.9288702928870293	gene__K03601	westernized
1883	0.782608695652174	gene__K03601	non-westernized
4350	0.7752808988764045	gene__K03601	non-westernized
4372	0.14583333333333334	gene__K03601	non-westernized
4418	0.6052631578947368	gene__K03601	non-westernized
4364	0.8045977011494253	gene__K03601	non-westernized
4373	0.6530612244897959	gene__K03601	non-westernized
4365	0.8888888888888888	gene__K03601	non-westernized
4421	0.23076923076923078	gene__K03601	non-westernized
4422	0.7586206896551724	gene__K03601	non-westernized
4670	0.7954545454545454	gene__K03601	non-westernized
4909	0.40789473684210525	gene__K03601	non-westernized
5083	0.8108108108108109	gene__K03601	non-westernized
6174	0.6	gene__K03601	non-westernized
4367	0.8514851485148515	gene__K03601	non-westernized
4198	0.9782608695652174	gene__K03601	non-westernized
5076	0.8484848484848485	gene__K03601	non-westernized
5077	0.6785714285714286	gene__K03601	non-westernized
6847	0.8676470588235294	gene__K03601	non-westernized
7088	0.6666666666666666	gene__K03601	non-westernized
8021	0.8	gene__K03601	non-westernized
8018	1.0	gene__K03601	non-westernized
7061	0.754601226993865	gene__K03601	non-westernized
1814	1.0	gene__K03601	non-westernized
5082	1.0	gene__K03601	non-westernized
14824	0.8529411764705882	gene__K03601	non-westernized
1855	0.9772727272727273	gene__K03601	non-westernized
14980	0.05	gene__K03601	non-westernized
15102	0.7391304347826086	gene__K03601	non-westernized
15095	0.13725490196078433	gene__K03601	non-westernized
15103	0.8541666666666666	gene__K03601	non-westernized
15120	0.2857142857142857	gene__K03601	non-westernized
8007	0.589041095890411	gene__K03601	non-westernized
15089	0.8666666666666667	gene__K03601	non-westernized
15260	0.8043478260869565	gene__K03601	non-westernized
15090	0.9615384615384616	gene__K03601	non-westernized
15249	0.7971014492753623	gene__K03601	non-westernized
15091	0.9807692307692307	gene__K03601	non-westernized
15265	0.9285714285714286	gene__K03601	non-westernized
15106	0.9375	gene__K03601	non-westernized
9226	0.98	gene__K03601	non-westernized
10115	0.9014084507042254	gene__K03601	non-westernized
10068	0.9574468085106383	gene__K03601	non-westernized
698	0.8	gene__K00549	westernized
1644	0.3096774193548387	gene__K00549	westernized
4290	0.8935532233883059	gene__K00549	westernized
5967	0.8604651162790697	gene__K00549	westernized
6847	0.10526315789473684	gene__K00549	westernized
9205	0.0	gene__K00549	westernized
6744	0.6823899371069182	gene__K00549	westernized
8007	0.4018475750577367	gene__K00549	westernized
17231	0.15	gene__K00549	westernized
17234	0.5895522388059702	gene__K00549	westernized
17249	0.4507042253521127	gene__K00549	westernized
17241	0.4309623430962343	gene__K00549	westernized
9226	0.7368421052631579	gene__K00549	westernized
17247	0.4410377358490566	gene__K00549	westernized
17244	0.7287319422150883	gene__K00549	westernized
17237	0.5563725490196079	gene__K00549	westernized
17256	0.5221518987341772	gene__K00549	westernized
17248	0.7584615384615384	gene__K00549	westernized
10115	0.7275064267352185	gene__K00549	westernized
10068	0.9483960948396095	gene__K00549	westernized
698	0.9590163934426229	gene__K00549	non-westernized
1644	0.28125	gene__K00549	non-westernized
4290	0.8627450980392157	gene__K00549	non-westernized
5967	0.75	gene__K00549	non-westernized
6847	0.022058823529411766	gene__K00549	non-westernized
9205	0.20512820512820512	gene__K00549	non-westernized
6744	0.8	gene__K00549	non-westernized
8007	0.3972602739726027	gene__K00549	non-westernized
17231	0.38095238095238093	gene__K00549	non-westernized
17234	0.782608695652174	gene__K00549	non-westernized
17249	0.6923076923076923	gene__K00549	non-westernized
17241	0.7142857142857143	gene__K00549	non-westernized
9226	0.82	gene__K00549	non-westernized
17247	0.36363636363636365	gene__K00549	non-westernized
17244	0.8709677419354839	gene__K00549	non-westernized
17237	0.5789473684210527	gene__K00549	non-westernized
17256	0.7424242424242424	gene__K00549	non-westernized
17248	0.8387096774193549	gene__K00549	non-westernized
10115	0.7816901408450704	gene__K00549	non-westernized
10068	0.9148936170212766	gene__K00549	non-westernized
698	1.0	gene__K02823	westernized
3957	0.6506024096385542	gene__K02823	westernized
4333	0.782608695652174	gene__K02823	westernized
4350	0.9545454545454546	gene__K02823	westernized
4372	0.8333333333333334	gene__K02823	westernized
4335	0.7523364485981309	gene__K02823	westernized
4364	0.7786259541984732	gene__K02823	westernized
4373	0.9194630872483222	gene__K02823	westernized
4365	0.9196787148594378	gene__K02823	westernized
4328	0.9029605263157895	gene__K02823	westernized
2318	0.9949874686716792	gene__K02823	westernized
4327	0.9584664536741214	gene__K02823	westernized
4303	0.9605678233438486	gene__K02823	westernized
2290	0.7961783439490446	gene__K02823	westernized
2295	0.9629629629629629	gene__K02823	westernized
5769	0.8648648648648649	gene__K02823	westernized
4367	0.9703808180535967	gene__K02823	westernized
6750	0.8095238095238095	gene__K02823	westernized
6778	0.825	gene__K02823	westernized
8018	0.6888888888888889	gene__K02823	westernized
7968	0.75	gene__K02823	westernized
5190	0.8297872340425532	gene__K02823	westernized
5765	0.9128787878787878	gene__K02823	westernized
6191	0.6376811594202898	gene__K02823	westernized
14209	0.7739130434782608	gene__K02823	westernized
15084	0.0	gene__K02823	westernized
14980	0.0	gene__K02823	westernized
6744	0.8584905660377359	gene__K02823	westernized
6783	0.8386308068459658	gene__K02823	westernized
15102	0.6875	gene__K02823	westernized
15095	0.8875	gene__K02823	westernized
15120	0.1044776119402985	gene__K02823	westernized
8007	0.4226327944572748	gene__K02823	westernized
15089	0.8408644400785854	gene__K02823	westernized
15260	0.7183908045977011	gene__K02823	westernized
15236	0.7790697674418605	gene__K02823	westernized
14306	0.9763113367174281	gene__K02823	westernized
15447	0.9	gene__K02823	westernized
14313	0.706959706959707	gene__K02823	westernized
15249	0.458128078817734	gene__K02823	westernized
15091	0.10128913443830571	gene__K02823	westernized
15265	0.8195615514333895	gene__K02823	westernized
15053	0.6403061224489796	gene__K02823	westernized
15106	0.7376811594202899	gene__K02823	westernized
15234	0.44565217391304346	gene__K02823	westernized
15467	0.8931623931623932	gene__K02823	westernized
15452	0.9493087557603687	gene__K02823	westernized
698	0.8934426229508197	gene__K02823	non-westernized
3957	0.9109947643979057	gene__K02823	non-westernized
4333	0.8	gene__K02823	non-westernized
4350	0.9438202247191011	gene__K02823	non-westernized
4372	0.8958333333333334	gene__K02823	non-westernized
4335	0.7096774193548387	gene__K02823	non-westernized
4364	0.7126436781609196	gene__K02823	non-westernized
4373	0.9387755102040817	gene__K02823	non-westernized
4365	0.8888888888888888	gene__K02823	non-westernized
4328	0.875	gene__K02823	non-westernized
2318	0.9523809523809523	gene__K02823	non-westernized
4327	0.9733333333333334	gene__K02823	non-westernized
4303	0.9516129032258065	gene__K02823	non-westernized
2290	0.9090909090909091	gene__K02823	non-westernized
2295	0.9032258064516129	gene__K02823	non-westernized
5769	0.9	gene__K02823	non-westernized
4367	0.9801980198019802	gene__K02823	non-westernized
6750	0.5652173913043478	gene__K02823	non-westernized
6778	0.6741573033707865	gene__K02823	non-westernized
8018	0.8	gene__K02823	non-westernized
7968	0.8571428571428571	gene__K02823	non-westernized
5190	0.8636363636363636	gene__K02823	non-westernized
5765	0.9223300970873787	gene__K02823	non-westernized
6191	0.8928571428571429	gene__K02823	non-westernized
14209	0.8837209302325582	gene__K02823	non-westernized
15084	0.125	gene__K02823	non-westernized
14980	0.1	gene__K02823	non-westernized
6744	0.8857142857142857	gene__K02823	non-westernized
6783	0.8145161290322581	gene__K02823	non-westernized
15102	0.7391304347826086	gene__K02823	non-westernized
15095	0.8823529411764706	gene__K02823	non-westernized
15120	0.14285714285714285	gene__K02823	non-westernized
8007	0.3287671232876712	gene__K02823	non-westernized
15089	0.8888888888888888	gene__K02823	non-westernized
15260	0.782608695652174	gene__K02823	non-westernized
15236	0.8387096774193549	gene__K02823	non-westernized
14306	1.0	gene__K02823	non-westernized
15447	0.8333333333333334	gene__K02823	non-westernized
14313	0.7037037037037037	gene__K02823	non-westernized
15249	0.2898550724637681	gene__K02823	non-westernized
15091	0.07692307692307693	gene__K02823	non-westernized
15265	0.9761904761904762	gene__K02823	non-westernized
15053	0.5769230769230769	gene__K02823	non-westernized
15106	0.9375	gene__K02823	non-westernized
15234	0.5227272727272727	gene__K02823	non-westernized
15467	0.9657142857142857	gene__K02823	non-westernized
15452	0.9701492537313433	gene__K02823	non-westernized
1672	0.9111111111111111	gene__K01206	westernized
1673	0.8695652173913043	gene__K01206	westernized
1928	0.9354838709677419	gene__K01206	westernized
1883	0.782608695652174	gene__K01206	westernized
2229	0.8648648648648649	gene__K01206	westernized
1701	1.0	gene__K01206	westernized
2227	0.9440993788819876	gene__K01206	westernized
2239	0.7477477477477478	gene__K01206	westernized
1666	0.9636363636363636	gene__K01206	westernized
1472	0.9079754601226994	gene__K01206	westernized
4350	0.18181818181818182	gene__K01206	westernized
1853	1.0	gene__K01206	westernized
4372	0.6388888888888888	gene__K01206	westernized
1679	0.9333333333333333	gene__K01206	westernized
4335	0.11682242990654206	gene__K01206	westernized
4373	0.6711409395973155	gene__K01206	westernized
1680	0.9054726368159204	gene__K01206	westernized
4782	0.3333333333333333	gene__K01206	westernized
1677	0.8445945945945946	gene__K01206	westernized
4348	0.8345588235294118	gene__K01206	westernized
4891	0.875	gene__K01206	westernized
2230	0.9209726443768997	gene__K01206	westernized
4328	0.7006578947368421	gene__K01206	westernized
4327	0.19968051118210864	gene__K01206	westernized
4303	0.37066246056782337	gene__K01206	westernized
5063	0.76	gene__K01206	westernized
4894	0.24867724867724866	gene__K01206	westernized
5066	0.9324324324324325	gene__K01206	westernized
4882	0.8144796380090498	gene__K01206	westernized
4198	0.08636977058029689	gene__K01206	westernized
5967	0.16279069767441862	gene__K01206	westernized
4826	0.6673913043478261	gene__K01206	westernized
4584	0.1949317738791423	gene__K01206	westernized
4874	0.9341317365269461	gene__K01206	westernized
9205	0.6666666666666666	gene__K01206	westernized
14238	0.8809523809523809	gene__K01206	westernized
14240	0.3611111111111111	gene__K01206	westernized
14237	0.8235294117647058	gene__K01206	westernized
1814	0.9842233009708737	gene__K01206	westernized
4936	0.4976303317535545	gene__K01206	westernized
1855	0.9955089820359282	gene__K01206	westernized
5090	0.9437751004016064	gene__K01206	westernized
4925	0.7058823529411765	gene__K01206	westernized
15385	0.6101694915254238	gene__K01206	westernized
17234	0.04477611940298507	gene__K01206	westernized
17249	0.795774647887324	gene__K01206	westernized
14861	0.9486552567237164	gene__K01206	westernized
9226	0.9900426742532006	gene__K01206	westernized
15234	0.1934782608695652	gene__K01206	westernized
1672	0.5897435897435898	gene__K01206	non-westernized
1673	0.7906976744186046	gene__K01206	non-westernized
1928	0.8918918918918919	gene__K01206	non-westernized
1883	0.8260869565217391	gene__K01206	non-westernized
2229	0.8125	gene__K01206	non-westernized
1701	0.9691358024691358	gene__K01206	non-westernized
2227	0.8913043478260869	gene__K01206	non-westernized
2239	0.625	gene__K01206	non-westernized
1666	0.9914529914529915	gene__K01206	non-westernized
1472	0.9411764705882353	gene__K01206	non-westernized
4350	0.12359550561797752	gene__K01206	non-westernized
1853	0.9705882352941176	gene__K01206	non-westernized
4372	0.7291666666666666	gene__K01206	non-westernized
1679	0.8768115942028986	gene__K01206	non-westernized
4335	0.0967741935483871	gene__K01206	non-westernized
4373	0.8367346938775511	gene__K01206	non-westernized
1680	0.8230088495575221	gene__K01206	non-westernized
4782	0.6666666666666666	gene__K01206	non-westernized
1677	0.8125	gene__K01206	non-westernized
4348	0.6349206349206349	gene__K01206	non-westernized
4891	0.9166666666666666	gene__K01206	non-westernized
2230	0.9391025641025641	gene__K01206	non-westernized
4328	0.8392857142857143	gene__K01206	non-westernized
4327	0.4	gene__K01206	non-westernized
4303	0.5161290322580645	gene__K01206	non-westernized
5063	0.42857142857142855	gene__K01206	non-westernized
4894	0.49122807017543857	gene__K01206	non-westernized
5066	0.95	gene__K01206	non-westernized
4882	0.8571428571428571	gene__K01206	non-westernized
4198	0.13043478260869565	gene__K01206	non-westernized
5967	0.05555555555555555	gene__K01206	non-westernized
4826	0.6388888888888888	gene__K01206	non-westernized
4584	0.1	gene__K01206	non-westernized
4874	0.9032258064516129	gene__K01206	non-westernized
9205	0.6923076923076923	gene__K01206	non-westernized
14238	0.875	gene__K01206	non-westernized
14240	0.2727272727272727	gene__K01206	non-westernized
14237	0.9333333333333333	gene__K01206	non-westernized
1814	0.92	gene__K01206	non-westernized
4936	0.5625	gene__K01206	non-westernized
1855	1.0	gene__K01206	non-westernized
5090	0.9230769230769231	gene__K01206	non-westernized
4925	0.18867924528301888	gene__K01206	non-westernized
15385	0.36363636363636365	gene__K01206	non-westernized
17234	0.13043478260869565	gene__K01206	non-westernized
17249	0.6538461538461539	gene__K01206	non-westernized
14861	0.9487179487179487	gene__K01206	non-westernized
9226	1.0	gene__K01206	non-westernized
15234	0.20454545454545456	gene__K01206	non-westernized
1474	0.8125	gene__K00426	westernized
1928	0.9032258064516129	gene__K00426	westernized
2229	0.8918918918918919	gene__K00426	westernized
1705	0.8541666666666666	gene__K00426	westernized
1636	0.27906976744186046	gene__K00426	westernized
1662	0.9375	gene__K00426	westernized
1475	0.8666666666666667	gene__K00426	westernized
2227	0.9254658385093167	gene__K00426	westernized
4053	0.8064516129032258	gene__K00426	westernized
1644	0.1935483870967742	gene__K00426	westernized
2021	0.8811881188118812	gene__K00426	westernized
1853	0.7631578947368421	gene__K00426	westernized
1699	0.4045643153526971	gene__K00426	westernized
2230	0.8662613981762918	gene__K00426	westernized
2290	0.8450106157112527	gene__K00426	westernized
5906	0.6610169491525424	gene__K00426	westernized
5904	0.8160919540229885	gene__K00426	westernized
7088	0.13636363636363635	gene__K00426	westernized
9274	0.25	gene__K00426	westernized
1855	0.6991017964071856	gene__K00426	westernized
6962	0.6528925619834711	gene__K00426	westernized
9286	0.8202247191011236	gene__K00426	westernized
10115	0.9254498714652957	gene__K00426	westernized
10068	0.9944211994421199	gene__K00426	westernized
1474	0.3548387096774194	gene__K00426	non-westernized
1928	0.8378378378378378	gene__K00426	non-westernized
2229	0.8541666666666666	gene__K00426	non-westernized
1705	0.8484848484848485	gene__K00426	non-westernized
1636	0.12903225806451613	gene__K00426	non-westernized
1662	0.9482758620689655	gene__K00426	non-westernized
1475	0.8954248366013072	gene__K00426	non-westernized
2227	0.8478260869565217	gene__K00426	non-westernized
4053	0.8863636363636364	gene__K00426	non-westernized
1644	0.125	gene__K00426	non-westernized
2021	0.9323671497584541	gene__K00426	non-westernized
1853	0.8529411764705882	gene__K00426	non-westernized
1699	0.425	gene__K00426	non-westernized
2230	0.8974358974358975	gene__K00426	non-westernized
2290	1.0	gene__K00426	non-westernized
5906	0.5	gene__K00426	non-westernized
5904	0.8888888888888888	gene__K00426	non-westernized
7088	0.2962962962962963	gene__K00426	non-westernized
9274	0.2638888888888889	gene__K00426	non-westernized
1855	0.8181818181818182	gene__K00426	non-westernized
6962	0.7619047619047619	gene__K00426	non-westernized
9286	0.9222222222222223	gene__K00426	non-westernized
10115	0.9788732394366197	gene__K00426	non-westernized
10068	1.0	gene__K00426	non-westernized
4333	0.782608695652174	gene__K03569	westernized
4537	0.8928571428571429	gene__K03569	westernized
4037	0.9359605911330049	gene__K03569	westernized
4891	0.85	gene__K03569	westernized
714	0.9867986798679867	gene__K03569	westernized
4893	0.7450980392156863	gene__K03569	westernized
4900	0.9	gene__K03569	westernized
4886	0.8227272727272728	gene__K03569	westernized
4909	0.8373983739837398	gene__K03569	westernized
4894	0.7883597883597884	gene__K03569	westernized
4882	0.8642533936651584	gene__K03569	westernized
5769	0.8108108108108109	gene__K03569	westernized
6750	0.8095238095238095	gene__K03569	westernized
6847	0.8947368421052632	gene__K03569	westernized
6778	0.75	gene__K03569	westernized
4532	0.9512893982808023	gene__K03569	westernized
7088	0.8787878787878788	gene__K03569	westernized
6478	0.8903803131991052	gene__K03569	westernized
7061	0.9216867469879518	gene__K03569	westernized
5765	0.9356060606060606	gene__K03569	westernized
4910	0.98014440433213	gene__K03569	westernized
6744	0.8616352201257862	gene__K03569	westernized
6783	0.8361858190709046	gene__K03569	westernized
6754	0.9373970345963756	gene__K03569	westernized
15447	0.6083333333333333	gene__K03569	westernized
15467	0.6111111111111112	gene__K03569	westernized
4333	0.64	gene__K03569	non-westernized
4537	0.9090909090909091	gene__K03569	non-westernized
4037	1.0	gene__K03569	non-westernized
4891	0.875	gene__K03569	non-westernized
714	0.9940119760479041	gene__K03569	non-westernized
4893	0.75	gene__K03569	non-westernized
4900	0.9027777777777778	gene__K03569	non-westernized
4886	0.7777777777777778	gene__K03569	non-westernized
4909	0.881578947368421	gene__K03569	non-westernized
4894	0.7192982456140351	gene__K03569	non-westernized
4882	0.8285714285714286	gene__K03569	non-westernized
5769	1.0	gene__K03569	non-westernized
6750	0.8695652173913043	gene__K03569	non-westernized
6847	0.8676470588235294	gene__K03569	non-westernized
6778	0.8764044943820225	gene__K03569	non-westernized
4532	0.9866666666666667	gene__K03569	non-westernized
7088	0.9259259259259259	gene__K03569	non-westernized
6478	0.926829268292683	gene__K03569	non-westernized
7061	0.9815950920245399	gene__K03569	non-westernized
5765	0.9223300970873787	gene__K03569	non-westernized
4910	0.9864864864864865	gene__K03569	non-westernized
6744	0.8857142857142857	gene__K03569	non-westernized
6783	0.8870967741935484	gene__K03569	non-westernized
6754	1.0	gene__K03569	non-westernized
15447	0.7666666666666667	gene__K03569	non-westernized
15467	0.6342857142857142	gene__K03569	non-westernized
1667	0.9117647058823529	gene__K00981	westernized
1672	0.8222222222222222	gene__K00981	westernized
1673	0.8695652173913043	gene__K00981	westernized
1474	0.9375	gene__K00981	westernized
1883	0.8043478260869565	gene__K00981	westernized
1404	0.8431372549019608	gene__K00981	westernized
1705	1.0	gene__K00981	westernized
1617	0.948051948051948	gene__K00981	westernized
1636	0.9767441860465116	gene__K00981	westernized
1701	0.8918918918918919	gene__K00981	westernized
1614	0.9807692307692307	gene__K00981	westernized
1662	0.890625	gene__K00981	westernized
1475	0.6333333333333333	gene__K00981	westernized
1657	0.875	gene__K00981	westernized
1666	0.9272727272727272	gene__K00981	westernized
1644	0.9806451612903225	gene__K00981	westernized
3957	0.6987951807228916	gene__K00981	westernized
1477	0.8446601941747572	gene__K00981	westernized
1676	0.9354838709677419	gene__K00981	westernized
1853	0.9342105263157895	gene__K00981	westernized
4418	0.7741935483870968	gene__K00981	westernized
1679	0.9238095238095239	gene__K00981	westernized
1680	0.945273631840796	gene__K00981	westernized
1613	0.9255663430420712	gene__K00981	westernized
1677	0.8986486486486487	gene__K00981	westernized
1668	0.9120879120879121	gene__K00981	westernized
1699	0.8734439834024896	gene__K00981	westernized
6173	0.8181818181818182	gene__K00981	westernized
6174	0.8125	gene__K00981	westernized
6179	0.6493506493506493	gene__K00981	westernized
5967	0.8604651162790697	gene__K00981	westernized
7088	0.5909090909090909	gene__K00981	westernized
8021	0.8804347826086957	gene__K00981	westernized
8018	0.8777777777777778	gene__K00981	westernized
9243	0.8125	gene__K00981	westernized
7968	0.8409090909090909	gene__K00981	westernized
9202	0.3333333333333333	gene__K00981	westernized
5190	0.851063829787234	gene__K00981	westernized
7061	0.6686746987951807	gene__K00981	westernized
9274	0.6875	gene__K00981	westernized
1814	0.9526699029126213	gene__K00981	westernized
14379	0.6875	gene__K00981	westernized
6191	0.8019323671497585	gene__K00981	westernized
14824	0.75	gene__K00981	westernized
9273	0.8342541436464088	gene__K00981	westernized
1855	0.9805389221556886	gene__K00981	westernized
8007	0.8521939953810623	gene__K00981	westernized
14809	0.7629310344827587	gene__K00981	westernized
9286	0.9185393258426966	gene__K00981	westernized
17231	0.275	gene__K00981	westernized
9283	0.9749430523917996	gene__K00981	westernized
15447	0.8916666666666667	gene__K00981	westernized
17234	0.5149253731343284	gene__K00981	westernized
17249	0.5140845070422535	gene__K00981	westernized
17241	0.7489539748953975	gene__K00981	westernized
15467	0.7735042735042735	gene__K00981	westernized
17247	0.7665094339622641	gene__K00981	westernized
17244	0.985553772070626	gene__K00981	westernized
17237	0.803921568627451	gene__K00981	westernized
17256	0.8607594936708861	gene__K00981	westernized
17248	0.9415384615384615	gene__K00981	westernized
10115	0.9588688946015425	gene__K00981	westernized
10068	0.99581589958159	gene__K00981	westernized
1667	0.9523809523809523	gene__K00981	non-westernized
1672	0.7948717948717948	gene__K00981	non-westernized
1673	0.813953488372093	gene__K00981	non-westernized
1474	0.9838709677419355	gene__K00981	non-westernized
1883	0.8260869565217391	gene__K00981	non-westernized
1404	0.9672131147540983	gene__K00981	non-westernized
1705	0.9393939393939394	gene__K00981	non-westernized
1617	0.9024390243902439	gene__K00981	non-westernized
1636	0.967741935483871	gene__K00981	non-westernized
1701	0.8641975308641975	gene__K00981	non-westernized
1614	0.9491525423728814	gene__K00981	non-westernized
1662	0.896551724137931	gene__K00981	non-westernized
1475	0.7712418300653595	gene__K00981	non-westernized
1657	0.8987341772151899	gene__K00981	non-westernized
1666	0.9487179487179487	gene__K00981	non-westernized
1644	0.90625	gene__K00981	non-westernized
3957	0.9214659685863874	gene__K00981	non-westernized
1477	0.9056603773584906	gene__K00981	non-westernized
1676	0.9668874172185431	gene__K00981	non-westernized
1853	0.9411764705882353	gene__K00981	non-westernized
4418	0.631578947368421	gene__K00981	non-westernized
1679	0.9492753623188406	gene__K00981	non-westernized
1680	0.9469026548672567	gene__K00981	non-westernized
1613	0.9214659685863874	gene__K00981	non-westernized
1677	0.9479166666666666	gene__K00981	non-westernized
1668	0.8774509803921569	gene__K00981	non-westernized
1699	0.86875	gene__K00981	non-westernized
6173	0.7941176470588235	gene__K00981	non-westernized
6174	0.75	gene__K00981	non-westernized
6179	0.9146341463414634	gene__K00981	non-westernized
5967	0.8333333333333334	gene__K00981	non-westernized
7088	0.6666666666666666	gene__K00981	non-westernized
8021	0.84	gene__K00981	non-westernized
8018	0.25	gene__K00981	non-westernized
9243	0.8620689655172413	gene__K00981	non-westernized
7968	0.8571428571428571	gene__K00981	non-westernized
9202	0.17647058823529413	gene__K00981	non-westernized
5190	0.9090909090909091	gene__K00981	non-westernized
7061	0.7607361963190185	gene__K00981	non-westernized
9274	0.6875	gene__K00981	non-westernized
1814	1.0	gene__K00981	non-westernized
14379	0.8518518518518519	gene__K00981	non-westernized
6191	0.8928571428571429	gene__K00981	non-westernized
14824	0.7794117647058824	gene__K00981	non-westernized
9273	0.8292682926829268	gene__K00981	non-westernized
1855	1.0	gene__K00981	non-westernized
8007	0.8493150684931506	gene__K00981	non-westernized
14809	0.8387096774193549	gene__K00981	non-westernized
9286	0.9777777777777777	gene__K00981	non-westernized
17231	0.42857142857142855	gene__K00981	non-westernized
9283	0.9354838709677419	gene__K00981	non-westernized
15447	0.8	gene__K00981	non-westernized
17234	0.6086956521739131	gene__K00981	non-westernized
17249	0.8076923076923077	gene__K00981	non-westernized
17241	0.8095238095238095	gene__K00981	non-westernized
15467	0.92	gene__K00981	non-westernized
17247	0.9090909090909091	gene__K00981	non-westernized
17244	0.9516129032258065	gene__K00981	non-westernized
17237	0.7368421052631579	gene__K00981	non-westernized
17256	0.9545454545454546	gene__K00981	non-westernized
17248	0.967741935483871	gene__K00981	non-westernized
10115	0.8169014084507042	gene__K00981	non-westernized
10068	1.0	gene__K00981	non-westernized
4212	0.8157894736842105	gene__K07742	westernized
4333	0.8695652173913043	gene__K07742	westernized
4335	0.8785046728971962	gene__K07742	westernized
4272	0.8043478260869565	gene__K07742	westernized
4280	0.5833333333333334	gene__K07742	westernized
4328	0.8848684210526315	gene__K07742	westernized
4247	0.8333333333333334	gene__K07742	westernized
4422	0.9375	gene__K07742	westernized
4303	0.06309148264984227	gene__K07742	westernized
4425	0.7694369973190348	gene__K07742	westernized
5769	0.8378378378378378	gene__K07742	westernized
6173	0.8181818181818182	gene__K07742	westernized
6174	0.8125	gene__K07742	westernized
5906	0.576271186440678	gene__K07742	westernized
5904	0.47126436781609193	gene__K07742	westernized
6179	0.8441558441558441	gene__K07742	westernized
6847	0.7894736842105263	gene__K07742	westernized
7088	0.6060606060606061	gene__K07742	westernized
5809	0.9753521126760564	gene__K07742	westernized
7061	0.7108433734939759	gene__K07742	westernized
14238	0.9047619047619048	gene__K07742	westernized
14240	0.9166666666666666	gene__K07742	westernized
14237	0.9019607843137255	gene__K07742	westernized
5765	0.9090909090909091	gene__K07742	westernized
6191	0.8840579710144928	gene__K07742	westernized
15084	0.92	gene__K07742	westernized
14824	0.6071428571428571	gene__K07742	westernized
15085	0.8787878787878788	gene__K07742	westernized
14980	0.7560975609756098	gene__K07742	westernized
15102	0.9375	gene__K07742	westernized
15087	0.8914728682170543	gene__K07742	westernized
15095	0.9625	gene__K07742	westernized
15103	0.8878504672897196	gene__K07742	westernized
15119	0.8032786885245902	gene__K07742	westernized
14809	0.7543103448275862	gene__K07742	westernized
15373	0.78	gene__K07742	westernized
15089	0.9233791748526523	gene__K07742	westernized
15090	0.8707482993197279	gene__K07742	westernized
15236	0.9069767441860465	gene__K07742	westernized
14311	0.1426448736998514	gene__K07742	westernized
15244	0.8099415204678363	gene__K07742	westernized
15447	0.5083333333333333	gene__K07742	westernized
14313	0.8956043956043956	gene__K07742	westernized
15249	0.9384236453201971	gene__K07742	westernized
15091	0.9521178637200737	gene__K07742	westernized
14993	0.9192708333333334	gene__K07742	westernized
15053	0.951530612244898	gene__K07742	westernized
15106	0.981159420289855	gene__K07742	westernized
15234	0.8065217391304348	gene__K07742	westernized
15374	0.7489177489177489	gene__K07742	westernized
15467	0.8205128205128205	gene__K07742	westernized
4212	0.8636363636363636	gene__K07742	non-westernized
4333	0.9	gene__K07742	non-westernized
4335	0.9354838709677419	gene__K07742	non-westernized
4272	0.8795180722891566	gene__K07742	non-westernized
4280	0.6388888888888888	gene__K07742	non-westernized
4328	0.875	gene__K07742	non-westernized
4247	0.7884615384615384	gene__K07742	non-westernized
4422	0.9482758620689655	gene__K07742	non-westernized
4303	0.1935483870967742	gene__K07742	non-westernized
4425	0.9324324324324325	gene__K07742	non-westernized
5769	0.85	gene__K07742	non-westernized
6173	0.7058823529411765	gene__K07742	non-westernized
6174	0.75	gene__K07742	non-westernized
5906	0.43333333333333335	gene__K07742	non-westernized
5904	0.6851851851851852	gene__K07742	non-westernized
6179	0.926829268292683	gene__K07742	non-westernized
6847	0.9117647058823529	gene__K07742	non-westernized
7088	0.6666666666666666	gene__K07742	non-westernized
5809	0.9330254041570438	gene__K07742	non-westernized
7061	0.7423312883435583	gene__K07742	non-westernized
14238	0.875	gene__K07742	non-westernized
14240	0.7727272727272727	gene__K07742	non-westernized
14237	0.8333333333333334	gene__K07742	non-westernized
5765	0.941747572815534	gene__K07742	non-westernized
6191	0.9642857142857143	gene__K07742	non-westernized
15084	0.90625	gene__K07742	non-westernized
14824	0.7205882352941176	gene__K07742	non-westernized
15085	0.8947368421052632	gene__K07742	non-westernized
14980	0.9	gene__K07742	non-westernized
15102	0.7391304347826086	gene__K07742	non-westernized
15087	0.8888888888888888	gene__K07742	non-westernized
15095	0.8823529411764706	gene__K07742	non-westernized
15103	0.8541666666666666	gene__K07742	non-westernized
15119	0.8611111111111112	gene__K07742	non-westernized
14809	0.8709677419354839	gene__K07742	non-westernized
15373	0.8846153846153846	gene__K07742	non-westernized
15089	0.8888888888888888	gene__K07742	non-westernized
15090	0.9230769230769231	gene__K07742	non-westernized
15236	0.8387096774193549	gene__K07742	non-westernized
14311	0.09523809523809523	gene__K07742	non-westernized
15244	0.8181818181818182	gene__K07742	non-westernized
15447	0.6	gene__K07742	non-westernized
14313	0.9012345679012346	gene__K07742	non-westernized
15249	0.8985507246376812	gene__K07742	non-westernized
15091	0.9615384615384616	gene__K07742	non-westernized
14993	0.8	gene__K07742	non-westernized
15053	0.9230769230769231	gene__K07742	non-westernized
15106	1.0	gene__K07742	non-westernized
15234	0.7954545454545454	gene__K07742	non-westernized
15374	0.9078947368421053	gene__K07742	non-westernized
15467	0.8971428571428571	gene__K07742	non-westernized
1667	0.9411764705882353	gene__K01465	westernized
1672	0.9777777777777777	gene__K01465	westernized
1673	0.9130434782608695	gene__K01465	westernized
698	0.9	gene__K01465	westernized
1928	0.8709677419354839	gene__K01465	westernized
1883	0.717391304347826	gene__K01465	westernized
1437	0.9259259259259259	gene__K01465	westernized
1705	0.9583333333333334	gene__K01465	westernized
1617	0.974025974025974	gene__K01465	westernized
1636	0.9069767441860465	gene__K01465	westernized
1701	0.8648648648648649	gene__K01465	westernized
1614	0.8653846153846154	gene__K01465	westernized
1662	0.953125	gene__K01465	westernized
1657	0.975	gene__K01465	westernized
1666	0.8363636363636363	gene__K01465	westernized
1644	0.9419354838709677	gene__K01465	westernized
3957	0.7108433734939759	gene__K01465	westernized
4333	0.6521739130434783	gene__K01465	westernized
4350	0.8636363636363636	gene__K01465	westernized
2021	0.8910891089108911	gene__K01465	westernized
2325	0.3120567375886525	gene__K01465	westernized
1676	0.967741935483871	gene__K01465	westernized
1853	0.7763157894736842	gene__K01465	westernized
4372	0.8611111111111112	gene__K01465	westernized
1679	0.8809523809523809	gene__K01465	westernized
4335	0.7149532710280374	gene__K01465	westernized
4364	0.7709923664122137	gene__K01465	westernized
4373	0.8523489932885906	gene__K01465	westernized
1680	0.9701492537313433	gene__K01465	westernized
1613	0.8802588996763754	gene__K01465	westernized
1677	0.9121621621621622	gene__K01465	westernized
1668	0.9560439560439561	gene__K01465	westernized
4537	0.8928571428571429	gene__K01465	westernized
4348	0.9319852941176471	gene__K01465	westernized
4365	0.891566265060241	gene__K01465	westernized
1699	0.8298755186721992	gene__K01465	westernized
4582	0.8333333333333334	gene__K01465	westernized
714	0.9702970297029703	gene__K01465	westernized
2071	0.9162790697674419	gene__K01465	westernized
4328	0.8651315789473685	gene__K01465	westernized
2318	0.9824561403508771	gene__K01465	westernized
4327	0.9584664536741214	gene__K01465	westernized
4303	0.9605678233438486	gene__K01465	westernized
4670	0.5323741007194245	gene__K01465	westernized
5063	0.96	gene__K01465	westernized
4557	0.8222222222222222	gene__K01465	westernized
2295	0.8947368421052632	gene__K01465	westernized
5116	0.8	gene__K01465	westernized
5115	0.9010989010989011	gene__K01465	westernized
5062	0.7962085308056872	gene__K01465	westernized
6173	0.9090909090909091	gene__K01465	westernized
6174	0.84375	gene__K01465	westernized
4581	0.8622047244094488	gene__K01465	westernized
4367	0.9534555712270804	gene__K01465	westernized
5076	0.8578199052132701	gene__K01465	westernized
6179	0.8961038961038961	gene__K01465	westernized
4563	0.656891495601173	gene__K01465	westernized
4705	0.9213197969543148	gene__K01465	westernized
5077	0.903010033444816	gene__K01465	westernized
5118	0.8175438596491228	gene__K01465	westernized
6148	0.6119402985074627	gene__K01465	westernized
6847	0.7894736842105263	gene__K01465	westernized
4532	0.9111747851002865	gene__K01465	westernized
8021	0.75	gene__K01465	westernized
8018	0.7333333333333333	gene__K01465	westernized
7968	0.8863636363636364	gene__K01465	westernized
5190	0.7966903073286052	gene__K01465	westernized
1814	0.9927184466019418	gene__K01465	westernized
6191	0.6183574879227053	gene__K01465	westernized
14824	0.6607142857142857	gene__K01465	westernized
1855	0.8263473053892215	gene__K01465	westernized
5121	0.9644670050761421	gene__K01465	westernized
4933	0.9779310344827586	gene__K01465	westernized
5117	0.9650986342943855	gene__K01465	westernized
6962	0.8677685950413223	gene__K01465	westernized
15120	0.1044776119402985	gene__K01465	westernized
8007	0.4457274826789838	gene__K01465	westernized
15373	0.74	gene__K01465	westernized
15260	0.41954022988505746	gene__K01465	westernized
15236	0.7403100775193798	gene__K01465	westernized
14306	0.9695431472081218	gene__K01465	westernized
26864	0.3170731707317073	gene__K01465	westernized
17234	0.6716417910447762	gene__K01465	westernized
17241	0.6108786610878661	gene__K01465	westernized
15265	0.1045531197301855	gene__K01465	westernized
9226	0.9857752489331437	gene__K01465	westernized
15234	0.43043478260869567	gene__K01465	westernized
15374	0.6666666666666666	gene__K01465	westernized
17244	0.8731942215088283	gene__K01465	westernized
17237	0.7524509803921569	gene__K01465	westernized
15452	0.5391705069124424	gene__K01465	westernized
10115	0.7480719794344473	gene__K01465	westernized
10068	0.9651324965132496	gene__K01465	westernized
1667	0.9523809523809523	gene__K01465	non-westernized
1672	0.8717948717948718	gene__K01465	non-westernized
1673	0.9302325581395349	gene__K01465	non-westernized
698	0.9344262295081968	gene__K01465	non-westernized
1928	0.7567567567567568	gene__K01465	non-westernized
1883	0.6086956521739131	gene__K01465	non-westernized
1437	0.7640449438202247	gene__K01465	non-westernized
1705	0.8939393939393939	gene__K01465	non-westernized
1617	0.9512195121951219	gene__K01465	non-westernized
1636	0.967741935483871	gene__K01465	non-westernized
1701	0.8765432098765432	gene__K01465	non-westernized
1614	0.9067796610169492	gene__K01465	non-westernized
1662	0.9310344827586207	gene__K01465	non-westernized
1657	0.8860759493670886	gene__K01465	non-westernized
1666	0.9401709401709402	gene__K01465	non-westernized
1644	0.9375	gene__K01465	non-westernized
3957	0.837696335078534	gene__K01465	non-westernized
4333	0.72	gene__K01465	non-westernized
4350	0.8314606741573034	gene__K01465	non-westernized
2021	0.9033816425120773	gene__K01465	non-westernized
2325	0.2	gene__K01465	non-westernized
1676	0.9470198675496688	gene__K01465	non-westernized
1853	0.8823529411764706	gene__K01465	non-westernized
4372	0.8958333333333334	gene__K01465	non-westernized
1679	0.9637681159420289	gene__K01465	non-westernized
4335	0.6451612903225806	gene__K01465	non-westernized
4364	0.735632183908046	gene__K01465	non-westernized
4373	0.8775510204081632	gene__K01465	non-westernized
1680	0.9292035398230089	gene__K01465	non-westernized
1613	0.900523560209424	gene__K01465	non-westernized
1677	0.8993055555555556	gene__K01465	non-westernized
1668	0.9264705882352942	gene__K01465	non-westernized
4537	0.9318181818181818	gene__K01465	non-westernized
4348	0.9206349206349206	gene__K01465	non-westernized
4365	0.9074074074074074	gene__K01465	non-westernized
1699	0.89375	gene__K01465	non-westernized
4582	0.7959183673469388	gene__K01465	non-westernized
714	0.9640718562874252	gene__K01465	non-westernized
2071	0.8775510204081632	gene__K01465	non-westernized
4328	0.8928571428571429	gene__K01465	non-westernized
2318	1.0	gene__K01465	non-westernized
4327	0.9466666666666667	gene__K01465	non-westernized
4303	0.9838709677419355	gene__K01465	non-westernized
4670	0.6590909090909091	gene__K01465	non-westernized
5063	0.8571428571428571	gene__K01465	non-westernized
4557	0.8620689655172413	gene__K01465	non-westernized
2295	1.0	gene__K01465	non-westernized
5116	0.782608695652174	gene__K01465	non-westernized
5115	0.8947368421052632	gene__K01465	non-westernized
5062	0.75	gene__K01465	non-westernized
6173	0.7941176470588235	gene__K01465	non-westernized
6174	0.7	gene__K01465	non-westernized
4581	0.6724137931034483	gene__K01465	non-westernized
4367	1.0	gene__K01465	non-westernized
5076	0.696969696969697	gene__K01465	non-westernized
6179	0.926829268292683	gene__K01465	non-westernized
4563	0.75	gene__K01465	non-westernized
4705	0.9523809523809523	gene__K01465	non-westernized
5077	0.9285714285714286	gene__K01465	non-westernized
5118	0.8888888888888888	gene__K01465	non-westernized
6148	0.8405797101449275	gene__K01465	non-westernized
6847	0.5220588235294118	gene__K01465	non-westernized
4532	0.9866666666666667	gene__K01465	non-westernized
8021	0.76	gene__K01465	non-westernized
8018	0.85	gene__K01465	non-westernized
7968	0.9642857142857143	gene__K01465	non-westernized
5190	0.9090909090909091	gene__K01465	non-westernized
1814	1.0	gene__K01465	non-westernized
6191	0.8928571428571429	gene__K01465	non-westernized
14824	0.6764705882352942	gene__K01465	non-westernized
1855	0.8863636363636364	gene__K01465	non-westernized
5121	0.9454545454545454	gene__K01465	non-westernized
4933	1.0	gene__K01465	non-westernized
5117	0.9833333333333333	gene__K01465	non-westernized
6962	0.9047619047619048	gene__K01465	non-westernized
15120	0.14285714285714285	gene__K01465	non-westernized
8007	0.5342465753424658	gene__K01465	non-westernized
15373	0.9615384615384616	gene__K01465	non-westernized
15260	0.3695652173913043	gene__K01465	non-westernized
15236	0.7096774193548387	gene__K01465	non-westernized
14306	0.9545454545454546	gene__K01465	non-westernized
26864	0.12	gene__K01465	non-westernized
17234	0.8695652173913043	gene__K01465	non-westernized
17241	0.7619047619047619	gene__K01465	non-westernized
15265	0.047619047619047616	gene__K01465	non-westernized
9226	0.98	gene__K01465	non-westernized
15234	0.5	gene__K01465	non-westernized
15374	0.7236842105263158	gene__K01465	non-westernized
17244	0.9193548387096774	gene__K01465	non-westernized
17237	0.7017543859649122	gene__K01465	non-westernized
15452	0.6716417910447762	gene__K01465	non-westernized
10115	0.7746478873239436	gene__K01465	non-westernized
10068	0.9893617021276596	gene__K01465	non-westernized
2229	0.9459459459459459	gene__K07220	westernized
1853	0.19736842105263158	gene__K07220	westernized
2230	0.8632218844984803	gene__K07220	westernized
5906	0.864406779661017	gene__K07220	westernized
5904	0.8620689655172413	gene__K07220	westernized
5858	0.7952380952380952	gene__K07220	westernized
5809	0.8943661971830986	gene__K07220	westernized
1814	0.7439320388349514	gene__K07220	westernized
6962	0.8016528925619835	gene__K07220	westernized
15447	0.9083333333333333	gene__K07220	westernized
15467	0.9401709401709402	gene__K07220	westernized
2229	0.7708333333333334	gene__K07220	non-westernized
1853	0.0	gene__K07220	non-westernized
2230	0.7884615384615384	gene__K07220	non-westernized
5906	0.9333333333333333	gene__K07220	non-westernized
5904	0.9074074074074074	gene__K07220	non-westernized
5858	0.5754716981132075	gene__K07220	non-westernized
5809	0.8568129330254042	gene__K07220	non-westernized
1814	0.44	gene__K07220	non-westernized
6962	0.8571428571428571	gene__K07220	non-westernized
15447	0.8333333333333334	gene__K07220	non-westernized
15467	0.9085714285714286	gene__K07220	non-westernized
698	0.8	gene__K01507	westernized
4212	0.5263157894736842	gene__K01507	westernized
4260	0.9076923076923077	gene__K01507	westernized
4274	0.847457627118644	gene__K01507	westernized
4289	0.9444444444444444	gene__K01507	westernized
4333	0.6956521739130435	gene__K01507	westernized
4350	0.9545454545454546	gene__K01507	westernized
4372	0.8333333333333334	gene__K01507	westernized
4418	0.6612903225806451	gene__K01507	westernized
4335	0.6214953271028038	gene__K01507	westernized
4272	0.8608695652173913	gene__K01507	westernized
4364	0.9847328244274809	gene__K01507	westernized
4373	0.9530201342281879	gene__K01507	westernized
4280	0.8557692307692307	gene__K01507	westernized
4285	0.9863387978142076	gene__K01507	westernized
4348	0.9613970588235294	gene__K01507	westernized
4365	0.8795180722891566	gene__K01507	westernized
4421	0.8211678832116789	gene__K01507	westernized
714	0.9801980198019802	gene__K01507	westernized
4328	0.7648026315789473	gene__K01507	westernized
4900	0.9375	gene__K01507	westernized
4247	0.9178743961352657	gene__K01507	westernized
4327	0.8466453674121406	gene__K01507	westernized
4422	0.9078947368421053	gene__K01507	westernized
4303	0.9479495268138801	gene__K01507	westernized
4191	0.9245283018867925	gene__K01507	westernized
4425	0.7050938337801609	gene__K01507	westernized
4909	0.8617886178861789	gene__K01507	westernized
4290	0.95952023988006	gene__K01507	westernized
5769	0.972972972972973	gene__K01507	westernized
4367	0.9675599435825106	gene__K01507	westernized
4198	0.9757085020242915	gene__K01507	westernized
6312	0.9166666666666666	gene__K01507	westernized
6750	0.034013605442176874	gene__K01507	westernized
6584	0.8901734104046243	gene__K01507	westernized
4826	0.6065217391304348	gene__K01507	westernized
6308	0.9461756373937678	gene__K01507	westernized
6836	0.7586206896551724	gene__K01507	westernized
6847	0.8947368421052632	gene__K01507	westernized
6478	0.25279642058165547	gene__K01507	westernized
13999	0.9411764705882353	gene__K01507	westernized
14238	0.9047619047619048	gene__K01507	westernized
14240	0.8333333333333334	gene__K01507	westernized
14237	0.8235294117647058	gene__K01507	westernized
14005	0.8095238095238095	gene__K01507	westernized
13972	0.9447852760736196	gene__K01507	westernized
5765	0.9753787878787878	gene__K01507	westernized
14209	0.6869565217391305	gene__K01507	westernized
9273	0.8950276243093923	gene__K01507	westernized
4910	0.9584837545126353	gene__K01507	westernized
6744	0.8144654088050315	gene__K01507	westernized
13976	0.9314641744548287	gene__K01507	westernized
15119	0.5901639344262295	gene__K01507	westernized
15373	0.46	gene__K01507	westernized
17231	0.75	gene__K01507	westernized
15385	0.9322033898305084	gene__K01507	westernized
15377	0.823076923076923	gene__K01507	westernized
6754	0.25370675453047775	gene__K01507	westernized
15236	0.2131782945736434	gene__K01507	westernized
14311	0.4606240713224368	gene__K01507	westernized
15244	0.7953216374269005	gene__K01507	westernized
17234	0.5223880597014925	gene__K01507	westernized
17249	0.6056338028169014	gene__K01507	westernized
14313	0.10805860805860806	gene__K01507	westernized
17241	0.5313807531380753	gene__K01507	westernized
15249	0.9310344827586207	gene__K01507	westernized
14993	0.7916666666666666	gene__K01507	westernized
15106	0.9304347826086956	gene__K01507	westernized
15234	0.6782608695652174	gene__K01507	westernized
15374	0.7705627705627706	gene__K01507	westernized
17247	0.7122641509433962	gene__K01507	westernized
15271	0.9252669039145908	gene__K01507	westernized
17244	0.8394863563402889	gene__K01507	westernized
17237	0.7230392156862745	gene__K01507	westernized
17256	0.9082278481012658	gene__K01507	westernized
17248	0.9384615384615385	gene__K01507	westernized
10115	0.9383033419023136	gene__K01507	westernized
10068	0.9735006973500697	gene__K01507	westernized
698	0.8688524590163934	gene__K01507	non-westernized
4212	0.2727272727272727	gene__K01507	non-westernized
4260	1.0	gene__K01507	non-westernized
4274	0.975609756097561	gene__K01507	non-westernized
4289	0.9152542372881356	gene__K01507	non-westernized
4333	0.8	gene__K01507	non-westernized
4350	0.9325842696629213	gene__K01507	non-westernized
4372	0.7708333333333334	gene__K01507	non-westernized
4418	0.5789473684210527	gene__K01507	non-westernized
4335	0.41935483870967744	gene__K01507	non-westernized
4272	0.6144578313253012	gene__K01507	non-westernized
4364	0.9195402298850575	gene__K01507	non-westernized
4373	0.9183673469387755	gene__K01507	non-westernized
4280	0.8333333333333334	gene__K01507	non-westernized
4285	0.953125	gene__K01507	non-westernized
4348	0.8888888888888888	gene__K01507	non-westernized
4365	0.7222222222222222	gene__K01507	non-westernized
4421	0.8461538461538461	gene__K01507	non-westernized
714	0.9461077844311377	gene__K01507	non-westernized
4328	0.6428571428571429	gene__K01507	non-westernized
4900	0.875	gene__K01507	non-westernized
4247	0.9230769230769231	gene__K01507	non-westernized
4327	0.7333333333333333	gene__K01507	non-westernized
4422	0.9482758620689655	gene__K01507	non-westernized
4303	0.9032258064516129	gene__K01507	non-westernized
4191	0.9090909090909091	gene__K01507	non-westernized
4425	0.6621621621621622	gene__K01507	non-westernized
4909	0.7631578947368421	gene__K01507	non-westernized
4290	0.9117647058823529	gene__K01507	non-westernized
5769	1.0	gene__K01507	non-westernized
4367	0.9603960396039604	gene__K01507	non-westernized
4198	0.9565217391304348	gene__K01507	non-westernized
6312	0.9047619047619048	gene__K01507	non-westernized
6750	0.17391304347826086	gene__K01507	non-westernized
6584	0.9523809523809523	gene__K01507	non-westernized
4826	0.6944444444444444	gene__K01507	non-westernized
6308	0.9130434782608695	gene__K01507	non-westernized
6836	0.8506493506493507	gene__K01507	non-westernized
6847	0.9191176470588235	gene__K01507	non-westernized
6478	0.1951219512195122	gene__K01507	non-westernized
13999	0.7435897435897436	gene__K01507	non-westernized
14238	0.7916666666666666	gene__K01507	non-westernized
14240	0.7272727272727273	gene__K01507	non-westernized
14237	0.8666666666666667	gene__K01507	non-westernized
14005	0.8571428571428571	gene__K01507	non-westernized
13972	0.8484848484848485	gene__K01507	non-westernized
5765	0.9514563106796117	gene__K01507	non-westernized
14209	0.6976744186046512	gene__K01507	non-westernized
9273	0.8861788617886179	gene__K01507	non-westernized
4910	0.9797297297297297	gene__K01507	non-westernized
6744	0.7714285714285715	gene__K01507	non-westernized
13976	0.9084507042253521	gene__K01507	non-westernized
15119	0.5333333333333333	gene__K01507	non-westernized
15373	0.3076923076923077	gene__K01507	non-westernized
17231	0.5238095238095238	gene__K01507	non-westernized
15385	0.9090909090909091	gene__K01507	non-westernized
15377	0.6875	gene__K01507	non-westernized
6754	0.21739130434782608	gene__K01507	non-westernized
15236	0.06451612903225806	gene__K01507	non-westernized
14311	0.5	gene__K01507	non-westernized
15244	0.6363636363636364	gene__K01507	non-westernized
17234	0.5652173913043478	gene__K01507	non-westernized
17249	0.5769230769230769	gene__K01507	non-westernized
14313	0.037037037037037035	gene__K01507	non-westernized
17241	0.38095238095238093	gene__K01507	non-westernized
15249	0.8695652173913043	gene__K01507	non-westernized
14993	0.68	gene__K01507	non-westernized
15106	0.9166666666666666	gene__K01507	non-westernized
15234	0.5227272727272727	gene__K01507	non-westernized
15374	0.618421052631579	gene__K01507	non-westernized
17247	0.7272727272727273	gene__K01507	non-westernized
15271	0.8823529411764706	gene__K01507	non-westernized
17244	0.6129032258064516	gene__K01507	non-westernized
17237	0.7192982456140351	gene__K01507	non-westernized
17256	0.9242424242424242	gene__K01507	non-westernized
17248	0.967741935483871	gene__K01507	non-westernized
10115	0.7816901408450704	gene__K01507	non-westernized
10068	0.9574468085106383	gene__K01507	non-westernized
1667	0.29411764705882354	gene__K02874	westernized
1672	0.17777777777777778	gene__K02874	westernized
1673	0.2608695652173913	gene__K02874	westernized
1474	0.75	gene__K02874	westernized
698	0.8	gene__K02874	westernized
1928	0.6129032258064516	gene__K02874	westernized
1883	0.4782608695652174	gene__K02874	westernized
1404	0.47058823529411764	gene__K02874	westernized
1437	0.46296296296296297	gene__K02874	westernized
1705	0.2708333333333333	gene__K02874	westernized
1617	0.24675324675324675	gene__K02874	westernized
1636	0.4186046511627907	gene__K02874	westernized
1701	0.7297297297297297	gene__K02874	westernized
1614	0.1346153846153846	gene__K02874	westernized
1662	0.4375	gene__K02874	westernized
2238	0.78125	gene__K02874	westernized
1475	0.8333333333333334	gene__K02874	westernized
2239	0.7657657657657657	gene__K02874	westernized
1657	0.225	gene__K02874	westernized
1666	0.12727272727272726	gene__K02874	westernized
1644	0.2064516129032258	gene__K02874	westernized
1472	0.48466257668711654	gene__K02874	westernized
2240	0.848314606741573	gene__K02874	westernized
1477	0.3106796116504854	gene__K02874	westernized
1676	0.2903225806451613	gene__K02874	westernized
1853	0.3026315789473684	gene__K02874	westernized
1679	0.6476190476190476	gene__K02874	westernized
1680	0.43283582089552236	gene__K02874	westernized
1613	0.22006472491909385	gene__K02874	westernized
1677	0.5067567567567568	gene__K02874	westernized
1668	0.13186813186813187	gene__K02874	westernized
1699	0.6535269709543569	gene__K02874	westernized
714	0.9834983498349835	gene__K02874	westernized
2071	0.8627906976744186	gene__K02874	westernized
3677	0.927710843373494	gene__K02874	westernized
5967	0.9534883720930233	gene__K02874	westernized
8640	0.9253731343283582	gene__K02874	westernized
8653	0.9459459459459459	gene__K02874	westernized
8655	0.9016393442622951	gene__K02874	westernized
13999	0.5294117647058824	gene__K02874	westernized
9205	0.7916666666666666	gene__K02874	westernized
14005	0.6666666666666666	gene__K02874	westernized
14294	0.7307692307692307	gene__K02874	westernized
1814	0.6395631067961165	gene__K02874	westernized
1855	0.40119760479041916	gene__K02874	westernized
14306	0.8849407783417935	gene__K02874	westernized
15447	0.6166666666666667	gene__K02874	westernized
14313	0.7161172161172161	gene__K02874	westernized
15467	0.6709401709401709	gene__K02874	westernized
15452	0.8594470046082949	gene__K02874	westernized
10068	0.8633193863319386	gene__K02874	westernized
1667	0.14285714285714285	gene__K02874	non-westernized
1672	0.1282051282051282	gene__K02874	non-westernized
1673	0.13953488372093023	gene__K02874	non-westernized
1474	0.5645161290322581	gene__K02874	non-westernized
698	0.8524590163934426	gene__K02874	non-westernized
1928	0.2972972972972973	gene__K02874	non-westernized
1883	0.391304347826087	gene__K02874	non-westernized
1404	0.5409836065573771	gene__K02874	non-westernized
1437	0.33707865168539325	gene__K02874	non-westernized
1705	0.30303030303030304	gene__K02874	non-westernized
1617	0.12195121951219512	gene__K02874	non-westernized
1636	0.0967741935483871	gene__K02874	non-westernized
1701	0.5617283950617284	gene__K02874	non-westernized
1614	0.03389830508474576	gene__K02874	non-westernized
1662	0.10344827586206896	gene__K02874	non-westernized
2238	0.71	gene__K02874	non-westernized
1475	0.6078431372549019	gene__K02874	non-westernized
2239	0.475	gene__K02874	non-westernized
1657	0.1518987341772152	gene__K02874	non-westernized
1666	0.042735042735042736	gene__K02874	non-westernized
1644	0.171875	gene__K02874	non-westernized
1472	0.49019607843137253	gene__K02874	non-westernized
2240	0.7	gene__K02874	non-westernized
1477	0.22641509433962265	gene__K02874	non-westernized
1676	0.07947019867549669	gene__K02874	non-westernized
1853	0.6470588235294118	gene__K02874	non-westernized
1679	0.2246376811594203	gene__K02874	non-westernized
1680	0.23008849557522124	gene__K02874	non-westernized
1613	0.08900523560209424	gene__K02874	non-westernized
1677	0.3611111111111111	gene__K02874	non-westernized
1668	0.08823529411764706	gene__K02874	non-westernized
1699	0.425	gene__K02874	non-westernized
714	0.9461077844311377	gene__K02874	non-westernized
2071	0.8622448979591837	gene__K02874	non-westernized
3677	0.891846921797005	gene__K02874	non-westernized
5967	0.9166666666666666	gene__K02874	non-westernized
8640	0.9272727272727272	gene__K02874	non-westernized
8653	0.9253731343283582	gene__K02874	non-westernized
8655	0.8823529411764706	gene__K02874	non-westernized
13999	0.6153846153846154	gene__K02874	non-westernized
9205	0.6153846153846154	gene__K02874	non-westernized
14005	0.6190476190476191	gene__K02874	non-westernized
14294	0.6571428571428571	gene__K02874	non-westernized
1814	0.52	gene__K02874	non-westernized
1855	0.5227272727272727	gene__K02874	non-westernized
14306	0.875	gene__K02874	non-westernized
15447	0.6	gene__K02874	non-westernized
14313	0.6666666666666666	gene__K02874	non-westernized
15467	0.5142857142857142	gene__K02874	non-westernized
15452	0.7014925373134329	gene__K02874	non-westernized
10068	0.8617021276595744	gene__K02874	non-westernized
5809	0.9507042253521126	gene__K01995	westernized
7061	0.6807228915662651	gene__K01995	westernized
15373	0.48	gene__K01995	westernized
15447	0.85	gene__K01995	westernized
15374	0.025974025974025976	gene__K01995	westernized
15467	0.8247863247863247	gene__K01995	westernized
15300	0.1259124087591241	gene__K01995	westernized
15271	0.8647686832740213	gene__K01995	westernized
15452	0.7741935483870968	gene__K01995	westernized
10115	0.9357326478149101	gene__K01995	westernized
10068	0.9916317991631799	gene__K01995	westernized
5809	0.9122401847575058	gene__K01995	non-westernized
7061	0.4294478527607362	gene__K01995	non-westernized
15373	0.8846153846153846	gene__K01995	non-westernized
15447	0.8666666666666667	gene__K01995	non-westernized
15374	0.40789473684210525	gene__K01995	non-westernized
15467	0.8285714285714286	gene__K01995	non-westernized
15300	0.16071428571428573	gene__K01995	non-westernized
15271	0.8235294117647058	gene__K01995	non-westernized
15452	0.6716417910447762	gene__K01995	non-westernized
10115	0.8591549295774648	gene__K01995	non-westernized
10068	0.9680851063829787	gene__K01995	non-westernized
4537	0.8035714285714286	gene__K07646	westernized
4826	0.6934782608695652	gene__K07646	westernized
4820	0.2796934865900383	gene__K07646	westernized
4532	0.8796561604584527	gene__K07646	westernized
4584	0.3001949317738791	gene__K07646	westernized
9205	0.5416666666666666	gene__K07646	westernized
4837	0.8951456310679612	gene__K07646	westernized
15260	0.8591954022988506	gene__K07646	westernized
14306	0.07614213197969544	gene__K07646	westernized
14993	0.7161458333333334	gene__K07646	westernized
15265	0.9224283305227656	gene__K07646	westernized
15053	0.8571428571428571	gene__K07646	westernized
15452	0.880184331797235	gene__K07646	westernized
10115	0.7634961439588689	gene__K07646	westernized
10068	0.8842398884239888	gene__K07646	westernized
4537	0.75	gene__K07646	non-westernized
4826	0.5555555555555556	gene__K07646	non-westernized
4820	0.1282051282051282	gene__K07646	non-westernized
4532	0.76	gene__K07646	non-westernized
4584	0.4	gene__K07646	non-westernized
9205	0.5641025641025641	gene__K07646	non-westernized
4837	0.9545454545454546	gene__K07646	non-westernized
15260	0.8043478260869565	gene__K07646	non-westernized
14306	0.13636363636363635	gene__K07646	non-westernized
14993	0.68	gene__K07646	non-westernized
15265	0.9047619047619048	gene__K07646	non-westernized
15053	0.7692307692307693	gene__K07646	non-westernized
15452	0.9253731343283582	gene__K07646	non-westernized
10115	0.5563380281690141	gene__K07646	non-westernized
10068	0.7978723404255319	gene__K07646	non-westernized
4867	0.6774193548387096	gene__K00194	westernized
4868	0.6687898089171974	gene__K00194	westernized
4871	0.7874251497005988	gene__K00194	westernized
4826	0.6391304347826087	gene__K00194	westernized
6148	0.8134328358208955	gene__K00194	westernized
4820	0.5670498084291188	gene__K00194	westernized
4874	0.9281437125748503	gene__K00194	westernized
14294	0.8076923076923077	gene__K00194	westernized
4837	0.8058252427184466	gene__K00194	westernized
15236	0.8565891472868217	gene__K00194	westernized
15216	0.938337801608579	gene__K00194	westernized
15234	0.8521739130434782	gene__K00194	westernized
4867	0.5263157894736842	gene__K00194	non-westernized
4868	0.6229508196721312	gene__K00194	non-westernized
4871	0.6818181818181818	gene__K00194	non-westernized
4826	0.5	gene__K00194	non-westernized
6148	0.5362318840579711	gene__K00194	non-westernized
4820	0.48717948717948717	gene__K00194	non-westernized
4874	0.8387096774193549	gene__K00194	non-westernized
14294	0.42857142857142855	gene__K00194	non-westernized
4837	0.7727272727272727	gene__K00194	non-westernized
15236	0.8387096774193549	gene__K00194	non-westernized
15216	0.8666666666666667	gene__K00194	non-westernized
15234	0.7045454545454546	gene__K00194	non-westernized
3940	0.8285714285714286	gene__K07150	westernized
6836	0.6206896551724138	gene__K07150	westernized
6847	0.8947368421052632	gene__K07150	westernized
7061	0.46987951807228917	gene__K07150	westernized
14294	0.8076923076923077	gene__K07150	westernized
14379	0.125	gene__K07150	westernized
14397	0.08333333333333333	gene__K07150	westernized
14773	0.8522727272727273	gene__K07150	westernized
15120	0.20149253731343283	gene__K07150	westernized
15236	0.937984496124031	gene__K07150	westernized
14311	0.861812778603269	gene__K07150	westernized
15244	0.7046783625730995	gene__K07150	westernized
15249	0.8891625615763546	gene__K07150	westernized
15234	0.8847826086956522	gene__K07150	westernized
15286	0.0	gene__K07150	westernized
10115	0.8997429305912596	gene__K07150	westernized
10068	0.9470013947001394	gene__K07150	westernized
3940	0.9130434782608695	gene__K07150	non-westernized
6836	0.19480519480519481	gene__K07150	non-westernized
6847	0.8970588235294118	gene__K07150	non-westernized
7061	0.32515337423312884	gene__K07150	non-westernized
14294	0.6857142857142857	gene__K07150	non-westernized
14379	0.2222222222222222	gene__K07150	non-westernized
14397	0.10810810810810811	gene__K07150	non-westernized
14773	0.7714285714285715	gene__K07150	non-westernized
15120	0.17857142857142858	gene__K07150	non-westernized
15236	0.9354838709677419	gene__K07150	non-westernized
14311	0.8333333333333334	gene__K07150	non-westernized
15244	0.5454545454545454	gene__K07150	non-westernized
15249	0.8405797101449275	gene__K07150	non-westernized
15234	0.7045454545454546	gene__K07150	non-westernized
15286	0.2898550724637681	gene__K07150	non-westernized
10115	0.7816901408450704	gene__K07150	non-westernized
10068	0.9680851063829787	gene__K07150	non-westernized
698	0.9	gene__K02119	westernized
4867	0.8064516129032258	gene__K02119	westernized
4582	0.9019607843137255	gene__K02119	westernized
714	0.9801980198019802	gene__K02119	westernized
4557	0.8833333333333333	gene__K02119	westernized
5116	0.9428571428571428	gene__K02119	westernized
5115	0.8901098901098901	gene__K02119	westernized
4868	0.8471337579617835	gene__K02119	westernized
4581	0.8700787401574803	gene__K02119	westernized
4198	0.9811066126855601	gene__K02119	westernized
4563	0.8680351906158358	gene__K02119	westernized
4705	0.9111675126903553	gene__K02119	westernized
5118	0.8912280701754386	gene__K02119	westernized
4826	0.9434782608695652	gene__K02119	westernized
4820	0.8735632183908046	gene__K02119	westernized
8018	0.03333333333333333	gene__K02119	westernized
4584	0.9376218323586745	gene__K02119	westernized
4874	0.9865269461077845	gene__K02119	westernized
4837	0.9728155339805825	gene__K02119	westernized
5121	0.9678510998307953	gene__K02119	westernized
5117	0.9939301972685888	gene__K02119	westernized
26864	0.21951219512195122	gene__K02119	westernized
15053	0.8545918367346939	gene__K02119	westernized
698	0.9590163934426229	gene__K02119	non-westernized
4867	0.7684210526315789	gene__K02119	non-westernized
4582	0.8571428571428571	gene__K02119	non-westernized
714	0.9281437125748503	gene__K02119	non-westernized
4557	0.8275862068965517	gene__K02119	non-westernized
5116	1.0	gene__K02119	non-westernized
5115	0.9122807017543859	gene__K02119	non-westernized
4868	0.7540983606557377	gene__K02119	non-westernized
4581	0.5862068965517241	gene__K02119	non-westernized
4198	1.0	gene__K02119	non-westernized
4563	0.8409090909090909	gene__K02119	non-westernized
4705	0.9523809523809523	gene__K02119	non-westernized
5118	0.8888888888888888	gene__K02119	non-westernized
4826	0.8611111111111112	gene__K02119	non-westernized
4820	0.7435897435897436	gene__K02119	non-westernized
8018	0.1	gene__K02119	non-westernized
4584	1.0	gene__K02119	non-westernized
4874	0.967741935483871	gene__K02119	non-westernized
4837	1.0	gene__K02119	non-westernized
5121	0.9454545454545454	gene__K02119	non-westernized
5117	0.9833333333333333	gene__K02119	non-westernized
26864	0.12	gene__K02119	non-westernized
15053	0.9230769230769231	gene__K02119	non-westernized
4670	0.8992805755395683	gene__K01673	westernized
5083	0.8888888888888888	gene__K01673	westernized
5769	0.8918918918918919	gene__K01673	westernized
8640	0.9253731343283582	gene__K01673	westernized
8653	0.972972972972973	gene__K01673	westernized
8655	0.9672131147540983	gene__K01673	westernized
8018	0.8888888888888888	gene__K01673	westernized
5765	0.8996212121212122	gene__K01673	westernized
6191	0.8115942028985508	gene__K01673	westernized
5082	0.9807427785419532	gene__K01673	westernized
6744	0.8301886792452831	gene__K01673	westernized
15102	0.65625	gene__K01673	westernized
15095	0.15	gene__K01673	westernized
15103	0.04672897196261682	gene__K01673	westernized
8007	0.8614318706697459	gene__K01673	westernized
15053	0.7704081632653061	gene__K01673	westernized
15316	0.10771704180064309	gene__K01673	westernized
15452	0.9032258064516129	gene__K01673	westernized
10115	0.9691516709511568	gene__K01673	westernized
10068	0.99302649930265	gene__K01673	westernized
4670	0.8409090909090909	gene__K01673	non-westernized
5083	0.8918918918918919	gene__K01673	non-westernized
5769	0.9	gene__K01673	non-westernized
8640	0.9636363636363636	gene__K01673	non-westernized
8653	0.9104477611940298	gene__K01673	non-westernized
8655	0.9411764705882353	gene__K01673	non-westernized
8018	0.4	gene__K01673	non-westernized
5765	0.6310679611650486	gene__K01673	non-westernized
6191	0.6785714285714286	gene__K01673	non-westernized
5082	1.0	gene__K01673	non-westernized
6744	0.8571428571428571	gene__K01673	non-westernized
15102	0.5652173913043478	gene__K01673	non-westernized
15095	0.37254901960784315	gene__K01673	non-westernized
15103	0.16666666666666666	gene__K01673	non-westernized
8007	0.7671232876712328	gene__K01673	non-westernized
15053	0.6538461538461539	gene__K01673	non-westernized
15316	0.2	gene__K01673	non-westernized
15452	0.8805970149253731	gene__K01673	non-westernized
10115	0.8802816901408451	gene__K01673	non-westernized
10068	1.0	gene__K01673	non-westernized
