	non_westernized	study_name	age	gender	sequencing_platform	DNA_extraction_kit	number_reads	sig_Freshwater	sig_NHP	sig_Ocean	sig_Rummen	sig_Soil
O2_UC49_0	0	NielsenHB_2014	22.0	female	IlluminaHiSeq	unknown	60584637.0	1	50	1	4	0.0
O2_UC49_2	0	NielsenHB_2014	22.0	female	IlluminaHiSeq	unknown	56508214.0	1	72	1	7	0.0
O2_UC50_0	0	NielsenHB_2014	24.0	male	IlluminaHiSeq	unknown	65105855.0	1	131	1	13	0.0
O2_UC50_2	0	NielsenHB_2014	24.0	male	IlluminaHiSeq	unknown	53260679.0	1	86	1	7	0.0
O2_UC51_0	0	NielsenHB_2014	32.0	female	IlluminaHiSeq	unknown	57486896.0	1	111	1	12	0.0
O2_UC51_2	0	NielsenHB_2014	32.0	female	IlluminaHiSeq	unknown	117575131.0	1	124	1	14	0.0
O2_UC52_0	0	NielsenHB_2014	32.0	female	IlluminaHiSeq	unknown	60333297.0	0	110	0	11	0.0
O2_UC53_0	0	NielsenHB_2014	21.0	male	IlluminaHiSeq	unknown	50010311.0	1	78	1	8	0.0
O2_UC53_2	0	NielsenHB_2014	21.0	male	IlluminaHiSeq	unknown	58698482.0	0	82	0	9	0.0
O2_UC54_0	0	NielsenHB_2014	20.0	male	IlluminaHiSeq	unknown	54368659.0	0	85	0	10	0.0
O2_UC54_2	0	NielsenHB_2014	20.0	male	IlluminaHiSeq	unknown	54803418.0	1	69	1	8	0.0
O2_UC55_0	0	NielsenHB_2014	44.0	female	IlluminaHiSeq	unknown	59382449.0	1	109	1	8	0.0
O2_UC55_2	0	NielsenHB_2014	44.0	female	IlluminaHiSeq	unknown	63095758.0	0	92	0	6	0.0
O2_UC56_0	0	NielsenHB_2014	29.0	male	IlluminaHiSeq	unknown	63918706.0	1	53	1	5	0.0
O2_UC56_2	0	NielsenHB_2014	29.0	male	IlluminaHiSeq	unknown	57970854.0	0	55	0	6	0.0
O2_UC57_0	0	NielsenHB_2014	29.0	male	IlluminaHiSeq	unknown	55003892.0	1	115	1	13	0.0
O2_UC57_2	0	NielsenHB_2014	29.0	male	IlluminaHiSeq	unknown	57468976.0	1	110	1	13	0.0
O2_UC58_0	0	NielsenHB_2014	42.0	female	IlluminaHiSeq	unknown	55002337.0	0	185	0	18	0.0
O2_UC58_2	0	NielsenHB_2014	42.0	female	IlluminaHiSeq	unknown	56144736.0	1	190	1	16	0.0
O2_UC59_0	0	NielsenHB_2014	41.0	male	IlluminaHiSeq	unknown	57086946.0	0	48	0	7	0.0
O2_UC59_2	0	NielsenHB_2014	41.0	male	IlluminaHiSeq	unknown	56991169.0	0	42	0	6	0.0
O2_UC60_0	0	NielsenHB_2014	35.0	male	IlluminaHiSeq	unknown	53130630.0	1	168	1	17	0.0
O2_UC60_2	0	NielsenHB_2014	35.0	male	IlluminaHiSeq	unknown	55278304.0	1	155	1	15	0.0
V1_CD11_0	0	NielsenHB_2014	62.0	female	IlluminaHiSeq	unknown	21642657.0	1	21	1	3	0.0
V1_CD13_0	0	NielsenHB_2014	68.0	male	IlluminaHiSeq	unknown	38284304.0	0	123	0	14	0.0
V1_CD14_0	0	NielsenHB_2014	41.0	female	IlluminaHiSeq	unknown	39786315.0	0	88	0	9	0.0
V1_CD16_0	0	NielsenHB_2014	68.0	female	IlluminaHiSeq	unknown	55963168.0	1	83	1	7	0.0
V1_CD19_0	0	NielsenHB_2014	42.0	male	IlluminaHiSeq	unknown	69123016.0	1	108	1	14	0.0
V1_CD2_0	0	NielsenHB_2014	49.0	male	IlluminaHiSeq	unknown	34144719.0	0	71	0	7	0.0
V1_CD22_0	0	NielsenHB_2014	68.0	male	IlluminaHiSeq	unknown	71102943.0	1	171	1	19	0.0
V1_CD24_0	0	NielsenHB_2014	41.0	female	IlluminaHiSeq	unknown	57426985.0	1	96	1	14	0.0
V1_CD27_0	0	NielsenHB_2014	36.0	male	IlluminaHiSeq	unknown	55489408.0	1	40	1	4	0.0
V1_CD28_0	0	NielsenHB_2014	24.0	male	IlluminaHiSeq	unknown	78081082.0	0	28	0	4	0.0
V1_CD29_0	0	NielsenHB_2014	60.0	male	IlluminaHiSeq	unknown	59869770.0	1	162	1	16	0.0
V1_CD3_0	0	NielsenHB_2014	18.0	female	IlluminaHiSeq	unknown	33566706.0	0	48	0	7	0.0
V1_CD30_0	0	NielsenHB_2014	59.0	female	IlluminaHiSeq	unknown	59780589.0	1	224	1	25	0.0
V1_CD31_0	0	NielsenHB_2014	28.0	female	IlluminaHiSeq	unknown	56479609.0	1	75	1	8	0.0
V1_CD34_0	0	NielsenHB_2014	54.0	female	IlluminaHiSeq	unknown	74813261.0	0	189	0	17	0.0
V1_CD36_0	0	NielsenHB_2014	20.0	male	IlluminaHiSeq	unknown	75633645.0	1	36	1	4	0.0
V1_CD38_0	0	NielsenHB_2014	63.0	female	IlluminaHiSeq	unknown	72640088.0	1	92	1	9	0.0
V1_CD4_0	0	NielsenHB_2014	46.0	female	IlluminaHiSeq	unknown	29312531.0	0	80	0	9	0.0
V1_CD42_0	0	NielsenHB_2014	48.0	male	IlluminaHiSeq	unknown	157758475.0	1	68	1	8	0.0
V1_CD8_0	0	NielsenHB_2014	51.0	male	IlluminaHiSeq	unknown	31556313.0	0	71	0	9	0.0
V1_CD9_0	0	NielsenHB_2014	48.0	female	IlluminaHiSeq	unknown	32398171.0	0	27	0	3	0.0
V1_UC16_0	0	NielsenHB_2014	25.0	male	IlluminaHiSeq	unknown	43997981.0	0	13	0	4	0.0
V1_UC18_0	0	NielsenHB_2014	63.0	female	IlluminaHiSeq	unknown	36901636.0	0	32	0	4	0.0
V1_UC19_0	0	NielsenHB_2014	37.0	female	IlluminaHiSeq	unknown	38903260.0	1	55	1	9	0.0
V1_UC24_0	0	NielsenHB_2014	62.0	female	IlluminaHiSeq	unknown	52922194.0	1	87	1	6	0.0
V1_UC27_0	0	NielsenHB_2014	66.0	male	IlluminaHiSeq	unknown	53916176.0	1	155	1	16	0.0
V1_UC28_0	0	NielsenHB_2014	61.0	female	IlluminaHiSeq	unknown	54568913.0	0	75	0	8	0.0
V1_UC29_0	0	NielsenHB_2014	46.0	male	IlluminaHiSeq	unknown	52473191.0	1	59	1	5	0.0
V1_UC30_0	0	NielsenHB_2014	41.0	female	IlluminaHiSeq	unknown	58383886.0	0	71	0	10	0.0
V1_UC32_0	0	NielsenHB_2014	56.0	male	IlluminaHiSeq	unknown	70549507.0	0	63	0	8	0.0
V1_UC33_0	0	NielsenHB_2014	53.0	female	IlluminaHiSeq	unknown	64411655.0	1	64	1	6	0.0
V1_UC34_0	0	NielsenHB_2014	31.0	male	IlluminaHiSeq	unknown	81656161.0	1	31	1	5	0.0
V1_UC36_0	0	NielsenHB_2014	34.0	female	IlluminaHiSeq	unknown	59259860.0	1	154	1	17	0.0
V1_UC37_0	0	NielsenHB_2014	19.0	male	IlluminaHiSeq	unknown	56382351.0	1	147	1	16	0.0
V1_UC41_0	0	NielsenHB_2014	54.0	female	IlluminaHiSeq	unknown	59081774.0	1	34	1	9	0.0
V1_UC42_0	0	NielsenHB_2014	32.0	female	IlluminaHiSeq	unknown	56880530.0	1	76	1	8	0.0
V1_UC43_0	0	NielsenHB_2014	27.0	female	IlluminaHiSeq	unknown	89105927.0	1	125	1	18	0.0
V1_UC44_0	0	NielsenHB_2014	20.0	male	IlluminaHiSeq	unknown	55123975.0	1	90	1	8	0.0
V1_UC46_0	0	NielsenHB_2014	55.0	female	IlluminaHiSeq	unknown	60095449.0	1	97	1	11	0.0
V1_UC48_0	0	NielsenHB_2014	26.0	male	IlluminaHiSeq	unknown	63501957.0	1	120	1	15	0.0
V1_UC57_0	0	NielsenHB_2014	32.0	female	IlluminaHiSeq	unknown	61188865.0	0	160	0	14	0.0
V1_UC6_0	0	NielsenHB_2014	38.0	female	IlluminaHiSeq	unknown	41187742.0	0	94	0	9	0.0
V1_UC61_0	0	NielsenHB_2014	33.0	male	IlluminaHiSeq	unknown	81100246.0	1	94	1	11	0.0
V1_UC62_0	0	NielsenHB_2014	37.0	female	IlluminaHiSeq	unknown	75085883.0	0	90	0	8	0.0
V1_UC7_0	0	NielsenHB_2014	19.0	female	IlluminaHiSeq	unknown	35153121.0	1	41	1	6	0.0
V1_UC8_0	0	NielsenHB_2014	22.0	male	IlluminaHiSeq	unknown	43583133.0	0	56	0	8	0.0
V1_UC9_0	0	NielsenHB_2014	32.0	male	IlluminaHiSeq	unknown	41253939.0	0	63	0	10	0.0
LILT_VF31_16	0	ThomasAM_2019_a	59.0	male	IlluminaHiSeq	Qiagen	77957436.0	1	111	1	14	0.0
LILT_VF259_T016	0	ThomasAM_2019_a	71.0	male	IlluminaHiSeq	Qiagen	54199996.0	1	5	1	1	0.0
LILT_VF255_T016	0	ThomasAM_2019_a	69.0	male	IlluminaHiSeq	Qiagen	51786786.0	1	53	1	6	0.0
LILT_VF212_T016	0	ThomasAM_2019_a	80.0	female	IlluminaHiSeq	Qiagen	70760642.0	1	83	1	11	0.0
LILT_VF261_T016	0	ThomasAM_2019_a	69.0	male	IlluminaHiSeq	Qiagen	46788848.0	1	25	1	3	0.0
LILT_VF262_T016	0	ThomasAM_2019_a	64.0	male	IlluminaHiSeq	Qiagen	119440344.0	0	58	0	5	0.0
LILT_VF263_T016	0	ThomasAM_2019_a	81.0	female	IlluminaHiSeq	Qiagen	157270336.0	0	59	1	5	0.0
LILT_VF279_T016	0	ThomasAM_2019_a	61.0	male	IlluminaHiSeq	Qiagen	159113906.0	1	7	1	0	0.0
LILT_VF10_T016	0	ThomasAM_2019_a	60.0	female	IlluminaHiSeq	Qiagen	60515600.0	1	78	1	8	0.0
LILT_VF140_T016	0	ThomasAM_2019_a	67.0	female	IlluminaHiSeq	Qiagen	45553940.0	1	70	1	6	0.0
LILT_VF171_T016	0	ThomasAM_2019_a	77.0	female	IlluminaHiSeq	Qiagen	268665478.0	1	39	2	6	0.0
LILT_VF18_T016	0	ThomasAM_2019_a	64.0	male	IlluminaHiSeq	Qiagen	375721418.0	1	36	2	4	0.0
LILT_VF189_T016	0	ThomasAM_2019_a	66.0	male	IlluminaHiSeq	Qiagen	159674438.0	1	72	1	11	0.0
LILT_VF82_T016	0	ThomasAM_2019_a	61.0	female	IlluminaHiSeq	Qiagen	46305044.0	1	56	1	10	0.0
M_C100	0	WampachL_2018	40.0	female	IlluminaHiSeq	PowerSoil	6263704.0	1	54	2	6	0.0
M_C101	0	WampachL_2018	32.0	female	IlluminaHiSeq	PowerSoil	26188048.0	1	10	1	2	0.0
M_C105	0	WampachL_2018	34.0	female	IlluminaHiSeq	PowerSoil	53627086.0	1	82	1	5	0.0
M_C106	0	WampachL_2018	34.0	female	IlluminaHiSeq	PowerSoil	20759072.0	0	76	0	9	0.0
M_C109	0	WampachL_2018	31.0	female	IlluminaHiSeq	PowerSoil	69082594.0	1	9	2	2	0.0
M_C110	0	WampachL_2018	34.0	female	IlluminaHiSeq	PowerSoil	59918478.0	0	71	0	9	0.0
M_C111	0	WampachL_2018	31.0	female	IlluminaHiSeq	PowerSoil	18968604.0	1	29	2	2	0.0
M_C114	0	WampachL_2018	24.0	female	IlluminaHiSeq	PowerSoil	23617832.0	1	20	1	3	0.0
M_C115	0	WampachL_2018	35.0	female	IlluminaHiSeq	PowerSoil	52054450.0	1	90	1	8	0.0
M_C117	0	WampachL_2018	42.0	female	IlluminaHiSeq	PowerSoil	45544254.0	0	62	0	7	0.0
M_C118	0	WampachL_2018	29.0	female	IlluminaHiSeq	PowerSoil	41021136.0	1	124	1	12	0.0
M_C119	0	WampachL_2018	39.0	female	IlluminaHiSeq	PowerSoil	58496924.0	1	64	1	9	0.0
M_C120	0	WampachL_2018	35.0	female	IlluminaHiSeq	PowerSoil	45947118.0	1	67	1	6	0.0
M_C123	0	WampachL_2018	37.0	female	IlluminaHiSeq	PowerSoil	59734266.0	1	51	1	4	0.0
P10E0	0	RaymondF_2016	22.0	female	IlluminaHiSeq	MoBio	97360968.0	1	59	1	7	0.0
P11E0	0	RaymondF_2016	23.0	male	IlluminaHiSeq	MoBio	52196562.0	1	56	1	6	0.0
P12E0	0	RaymondF_2016	23.0	female	IlluminaHiSeq	MoBio	75305010.0	1	29	1	4	0.0
P13E0	0	RaymondF_2016	21.0	female	IlluminaHiSeq	MoBio	89803368.0	1	100	1	17	0.0
P14E0	0	RaymondF_2016	22.0	male	IlluminaHiSeq	MoBio	143168306.0	1	115	1	12	0.0
P15E0	0	RaymondF_2016	24.0	female	IlluminaHiSeq	MoBio	152016086.0	1	71	1	5	0.0
P17E0	0	RaymondF_2016	26.0	male	IlluminaHiSeq	MoBio	85922604.0	1	49	1	5	0.0
P18E0	0	RaymondF_2016	23.0	female	IlluminaHiSeq	MoBio	128431022.0	1	57	1	4	0.0
P19E0	0	RaymondF_2016	25.0	male	IlluminaHiSeq	MoBio	136083500.0	0	142	0	17	0.0
P1E0	0	RaymondF_2016	29.0	male	IlluminaHiSeq	MoBio	80600710.0	1	102	1	9	0.0
P20E0	0	RaymondF_2016	22.0	female	IlluminaHiSeq	MoBio	106241328.0	1	34	1	3	0.0
P21E0	0	RaymondF_2016	31.0	female	IlluminaHiSeq	MoBio	133113692.0	1	30	1	6	0.0
P22E0	0	RaymondF_2016	35.0	female	IlluminaHiSeq	MoBio	101805466.0	1	65	1	7	0.0
P23C0	0	RaymondF_2016	24.0	female	IlluminaHiSeq	MoBio	155377054.0	1	46	1	5	0.0
P23C7	0	RaymondF_2016	24.0	female	IlluminaHiSeq	MoBio	107181276.0	1	46	1	5	0.0
P23C90	0	RaymondF_2016	24.0	female	IlluminaHiSeq	MoBio	157081378.0	1	45	1	4	0.0
P25C0	0	RaymondF_2016	23.0	female	IlluminaHiSeq	MoBio	80944108.0	0	96	0	9	0.0
P25C7	0	RaymondF_2016	23.0	female	IlluminaHiSeq	MoBio	120177008.0	1	100	1	11	0.0
P25C90	0	RaymondF_2016	23.0	female	IlluminaHiSeq	MoBio	113929358.0	0	100	0	11	0.0
P2E0	0	RaymondF_2016	31.0	male	IlluminaHiSeq	MoBio	204609968.0	1	128	1	10	0.0
P38C0	0	RaymondF_2016	32.0	male	IlluminaHiSeq	MoBio	179803798.0	0	98	0	9	0.0
P38C7	0	RaymondF_2016	32.0	male	IlluminaHiSeq	MoBio	144928656.0	1	99	1	10	0.0
P38C90	0	RaymondF_2016	32.0	male	IlluminaHiSeq	MoBio	158168554.0	0	90	1	8	0.0
P3E0	0	RaymondF_2016	26.0	female	IlluminaHiSeq	MoBio	102140684.0	1	89	1	10	0.0
P4E0	0	RaymondF_2016	30.0	male	IlluminaHiSeq	MoBio	158890416.0	1	44	1	5	0.0
P5E0	0	RaymondF_2016	22.0	male	IlluminaHiSeq	MoBio	100833034.0	1	27	1	3	0.0
P6C0	0	RaymondF_2016	21.0	female	IlluminaHiSeq	MoBio	115463628.0	1	85	1	11	0.0
P6C7	0	RaymondF_2016	21.0	female	IlluminaHiSeq	MoBio	128170254.0	1	83	1	12	0.0
P6C90	0	RaymondF_2016	21.0	female	IlluminaHiSeq	MoBio	217221974.0	1	92	1	12	0.0
P7C0	0	RaymondF_2016	23.0	female	IlluminaHiSeq	MoBio	86183020.0	1	136	1	11	0.0
P7C7	0	RaymondF_2016	23.0	female	IlluminaHiSeq	MoBio	83082024.0	1	137	1	14	0.0
P7C90	0	RaymondF_2016	23.0	female	IlluminaHiSeq	MoBio	173564974.0	1	149	1	16	0.0
P8C0	0	RaymondF_2016	26.0	male	IlluminaHiSeq	MoBio	206970296.0	1	16	1	2	0.0
P8C7	0	RaymondF_2016	26.0	male	IlluminaHiSeq	MoBio	247514324.0	1	17	1	2	0.0
P8C90	0	RaymondF_2016	26.0	male	IlluminaHiSeq	MoBio	230760386.0	1	17	1	1	0.0
P9E0	0	RaymondF_2016	25.0	male	IlluminaHiSeq	MoBio	86653780.0	1	40	1	4	0.0
SAMEA104142087	0	JieZ_2017	62.0	male	IlluminaHiSeq	Qiagen	52682112.0	0	34	0	3	0.0
SAMEA104142088	0	JieZ_2017	60.0	female	IlluminaHiSeq	Qiagen	44418810.0	1	22	1	4	0.0
SAMEA104142089	0	JieZ_2017	63.0	female	IlluminaHiSeq	Qiagen	61954458.0	1	20	1	4	0.0
SAMEA104142097	0	JieZ_2017	62.0	female	IlluminaHiSeq	Qiagen	60318844.0	1	88	1	9	0.0
SAMEA104142098	0	JieZ_2017	54.0	female	IlluminaHiSeq	Qiagen	57480340.0	1	73	1	8	0.0
SAMEA104142099	0	JieZ_2017	59.0	female	IlluminaHiSeq	Qiagen	55080684.0	1	93	1	10	0.0
SAMEA104142103	0	JieZ_2017	59.0	female	IlluminaHiSeq	Qiagen	63327368.0	1	61	1	7	0.0
SAMEA104142104	0	JieZ_2017	61.0	male	IlluminaHiSeq	Qiagen	60045134.0	1	31	1	3	0.0
SAMEA104142105	0	JieZ_2017	57.0	female	IlluminaHiSeq	Qiagen	58978518.0	1	19	1	3	0.0
SAMEA104142100	0	JieZ_2017	55.0	female	IlluminaHiSeq	Qiagen	53394496.0	1	84	1	13	0.0
SAMEA104142106	0	JieZ_2017	60.0	female	IlluminaHiSeq	Qiagen	60830300.0	1	40	1	5	0.0
SAMEA104142107	0	JieZ_2017	58.0	female	IlluminaHiSeq	Qiagen	57224896.0	1	11	1	1	0.0
SAMEA104142102	0	JieZ_2017	56.0	female	IlluminaHiSeq	Qiagen	61680606.0	1	66	1	9	0.0
SAMEA104142110	0	JieZ_2017	56.0	female	IlluminaHiSeq	Qiagen	61662136.0	1	92	1	13	0.0
SAMEA104142111	0	JieZ_2017	65.0	male	IlluminaHiSeq	Qiagen	62883914.0	1	49	1	6	0.0
SAMEA104142113	0	JieZ_2017	61.0	male	IlluminaHiSeq	Qiagen	66849076.0	1	23	1	5	0.0
SAMEA104142114	0	JieZ_2017	62.0	female	IlluminaHiSeq	Qiagen	63152212.0	1	140	1	15	0.0
SAMEA104142115	0	JieZ_2017	63.0	male	IlluminaHiSeq	Qiagen	61938304.0	0	61	0	10	0.0
SAMEA104142116	0	JieZ_2017	62.0	female	IlluminaHiSeq	Qiagen	43600696.0	1	124	1	12	0.0
SAMEA104142117	0	JieZ_2017	61.0	male	IlluminaHiSeq	Qiagen	58441906.0	1	66	1	7	0.0
SAMEA104142118	0	JieZ_2017	61.0	female	IlluminaHiSeq	Qiagen	67746698.0	1	10	1	5	0.0
SAMEA104142119	0	JieZ_2017	62.0	female	IlluminaHiSeq	Qiagen	67723182.0	1	51	1	6	0.0
SAMEA104142075	0	JieZ_2017	107.0	male	IlluminaHiSeq	Qiagen	64270276.0	1	109	1	14	0.0
SAMEA104142120	0	JieZ_2017	57.0	female	IlluminaHiSeq	Qiagen	62295874.0	1	109	1	15	0.0
SAMEA104142121	0	JieZ_2017	61.0	female	IlluminaHiSeq	Qiagen	65132290.0	1	18	1	4	0.0
SAMEA104142122	0	JieZ_2017	59.0	male	IlluminaHiSeq	Qiagen	54085650.0	1	36	1	7	0.0
SAMEA104142076	0	JieZ_2017	62.0	male	IlluminaHiSeq	Qiagen	52872152.0	1	100	1	11	0.0
SAMEA104142123	0	JieZ_2017	107.0	female	IlluminaHiSeq	Qiagen	32694406.0	1	64	1	6	0.0
SAMEA104142124	0	JieZ_2017	56.0	female	IlluminaHiSeq	Qiagen	50432468.0	0	43	0	8	0.0
SAMEA104142125	0	JieZ_2017	55.0	female	IlluminaHiSeq	Qiagen	41025268.0	1	42	1	8	0.0
SAMEA104142126	0	JieZ_2017	61.0	female	IlluminaHiSeq	Qiagen	36068952.0	0	46	0	1	0.0
SAMEA104142127	0	JieZ_2017	56.0	female	IlluminaHiSeq	Qiagen	26333308.0	1	122	1	18	0.0
SAMEA104142128	0	JieZ_2017	55.0	male	IlluminaHiSeq	Qiagen	58217086.0	1	46	1	4	0.0
SAMEA104142129	0	JieZ_2017	61.0	female	IlluminaHiSeq	Qiagen	46187044.0	1	25	1	3	0.0
SAMEA104142130	0	JieZ_2017	67.0	female	IlluminaHiSeq	Qiagen	65569878.0	1	67	1	4	0.0
SAMEA104142131	0	JieZ_2017	62.0	male	IlluminaHiSeq	Qiagen	63079342.0	1	25	1	2	0.0
SAMEA104142132	0	JieZ_2017	63.0	female	IlluminaHiSeq	Qiagen	58888064.0	1	79	1	5	0.0
SAMEA104142133	0	JieZ_2017	68.0	female	IlluminaHiSeq	Qiagen	46624694.0	1	26	1	5	0.0
SAMEA104142134	0	JieZ_2017	69.0	male	IlluminaHiSeq	Qiagen	58702612.0	1	20	1	3	0.0
SAMEA104142135	0	JieZ_2017	58.0	female	IlluminaHiSeq	Qiagen	50069142.0	1	27	1	2	0.0
SAMEA104142136	0	JieZ_2017	58.0	male	IlluminaHiSeq	Qiagen	57189682.0	1	47	1	4	0.0
SAMEA104142137	0	JieZ_2017	57.0	female	IlluminaHiSeq	Qiagen	60101552.0	1	52	1	5	0.0
SAMEA104142138	0	JieZ_2017	58.0	female	IlluminaHiSeq	Qiagen	57271958.0	1	7	1	0	0.0
SAMEA104142139	0	JieZ_2017	57.0	female	IlluminaHiSeq	Qiagen	61348866.0	1	40	1	3	0.0
SAMEA104142140	0	JieZ_2017	66.0	male	IlluminaHiSeq	Qiagen	71628960.0	1	29	1	2	0.0
SAMEA104142141	0	JieZ_2017	66.0	male	IlluminaHiSeq	Qiagen	65994376.0	1	27	1	3	0.0
SAMEA104142142	0	JieZ_2017	56.0	female	IlluminaHiSeq	Qiagen	53052000.0	1	70	1	9	0.0
SAMEA104142143	0	JieZ_2017	51.0	male	IlluminaHiSeq	Qiagen	62565216.0	1	44	1	9	0.0
SAMEA104142144	0	JieZ_2017	58.0	male	IlluminaHiSeq	Qiagen	70175050.0	1	40	1	6	0.0
SAMEA104142145	0	JieZ_2017	56.0	female	IlluminaHiSeq	Qiagen	53868004.0	1	194	1	19	0.0
SAMEA104142146	0	JieZ_2017	54.0	male	IlluminaHiSeq	Qiagen	59076882.0	1	87	1	12	0.0
SAMEA104142149	0	JieZ_2017	57.0	male	IlluminaHiSeq	Qiagen	75084616.0	1	27	1	3	0.0
SAMEA104142150	0	JieZ_2017	65.0	male	IlluminaHiSeq	Qiagen	62047866.0	1	24	1	4	0.0
SAMEA104142151	0	JieZ_2017	58.0	female	IlluminaHiSeq	Qiagen	67354588.0	1	32	1	7	0.0
SAMEA104142152	0	JieZ_2017	56.0	female	IlluminaHiSeq	Qiagen	62335426.0	1	75	1	11	0.0
SAMEA104142153	0	JieZ_2017	63.0	female	IlluminaHiSeq	Qiagen	72539282.0	1	60	1	9	0.0
SAMEA104142078	0	JieZ_2017	107.0	male	IlluminaHiSeq	Qiagen	60180052.0	1	35	1	4	0.0
SAMEA104142210	0	JieZ_2017	69.0	female	IlluminaHiSeq	Qiagen	73426978.0	1	51	1	7	0.0
SAMEA104142211	0	JieZ_2017	79.0	male	IlluminaHiSeq	Qiagen	83347548.0	1	20	1	3	0.0
SAMEA104142218	0	JieZ_2017	74.0	female	IlluminaHiSeq	Qiagen	76245198.0	1	39	1	10	0.0
SAMEA104142212	0	JieZ_2017	65.0	male	IlluminaHiSeq	Qiagen	77079862.0	1	54	1	10	0.0
SAMEA104142219	0	JieZ_2017	66.0	female	IlluminaHiSeq	Qiagen	69140078.0	1	66	1	7	0.0
SAMEA104142213	0	JieZ_2017	70.0	female	IlluminaHiSeq	Qiagen	74238274.0	1	71	1	7	0.0
SAMEA104142220	0	JieZ_2017	79.0	female	IlluminaHiSeq	Qiagen	64257232.0	1	29	1	3	0.0
SAMEA104142214	0	JieZ_2017	66.0	male	IlluminaHiSeq	Qiagen	53824216.0	1	39	1	6	0.0
SAMEA104142215	0	JieZ_2017	65.0	female	IlluminaHiSeq	Qiagen	76334692.0	1	34	1	6	0.0
SAMEA104142217	0	JieZ_2017	74.0	male	IlluminaHiSeq	Qiagen	71826002.0	1	78	1	7	0.0
SAMEA104142221	0	JieZ_2017	71.0	male	IlluminaHiSeq	Qiagen	76608094.0	1	61	1	6	0.0
SAMEA104142216	0	JieZ_2017	80.0	female	IlluminaHiSeq	Qiagen	76356254.0	1	75	1	12	0.0
SAMEA104142223	0	JieZ_2017	68.0	male	IlluminaHiSeq	Qiagen	61537786.0	1	39	1	5	0.0
SAMEA104142409	0	JieZ_2017	61.0	male	IlluminaHiSeq	Qiagen	54509406.0	1	58	1	5	0.0
SAMEA104142448	0	JieZ_2017	61.0	female	IlluminaHiSeq	Qiagen	19365360.0	1	58	1	10	0.0
SAMEA104142408	0	JieZ_2017	53.0	male	IlluminaHiSeq	Qiagen	62746342.0	1	84	1	9	0.0
SAMEA104142407	0	JieZ_2017	62.0	female	IlluminaHiSeq	Qiagen	57396664.0	1	88	1	7	0.0
SAMEA104142406	0	JieZ_2017	59.0	female	IlluminaHiSeq	Qiagen	68623322.0	1	49	1	5	0.0
SAMEA104142405	0	JieZ_2017	64.0	male	IlluminaHiSeq	Qiagen	60730494.0	1	34	1	7	0.0
SAMEA104142404	0	JieZ_2017	59.0	female	IlluminaHiSeq	Qiagen	61026832.0	1	70	1	12	0.0
SAMEA104142402	0	JieZ_2017	63.0	male	IlluminaHiSeq	Qiagen	67264684.0	1	89	1	12	0.0
SAMEA104142401	0	JieZ_2017	59.0	male	IlluminaHiSeq	Qiagen	61766116.0	1	85	1	12	0.0
SAMEA104142400	0	JieZ_2017	55.0	female	IlluminaHiSeq	Qiagen	43427520.0	1	12	1	3	0.0
SAMEA104142398	0	JieZ_2017	57.0	male	IlluminaHiSeq	Qiagen	49389120.0	1	65	1	8	0.0
SAMEA104142397	0	JieZ_2017	58.0	female	IlluminaHiSeq	Qiagen	48267148.0	1	83	1	14	0.0
SAMEA104142225	0	JieZ_2017	65.0	male	IlluminaHiSeq	Qiagen	65801980.0	1	25	1	2	0.0
SAMEA104142395	0	JieZ_2017	69.0	female	IlluminaHiSeq	Qiagen	71312120.0	1	71	1	11	0.0
SAMEA104142452	0	JieZ_2017	53.0	female	IlluminaHiSeq	Qiagen	56020370.0	1	113	1	8	0.0
SAMEA104142451	0	JieZ_2017	57.0	female	IlluminaHiSeq	Qiagen	48291920.0	1	56	1	4	0.0
SAMEA104142226	0	JieZ_2017	67.0	male	IlluminaHiSeq	Qiagen	70061028.0	1	86	1	15	0.0
SAMEA104142391	0	JieZ_2017	59.0	male	IlluminaHiSeq	Qiagen	60283094.0	1	68	1	8	0.0
SAMEA104142390	0	JieZ_2017	56.0	male	IlluminaHiSeq	Qiagen	57246194.0	1	13	1	3	0.0
SAMEA104142388	0	JieZ_2017	56.0	female	IlluminaHiSeq	Qiagen	54972764.0	1	61	1	8	0.0
SAMEA104142387	0	JieZ_2017	57.0	female	IlluminaHiSeq	Qiagen	60525842.0	1	13	1	4	0.0
SAMEA104142386	0	JieZ_2017	66.0	female	IlluminaHiSeq	Qiagen	59163700.0	1	77	1	13	0.0
SAMEA104142385	0	JieZ_2017	70.0	male	IlluminaHiSeq	Qiagen	59759088.0	1	127	1	12	0.0
SAMEA104142384	0	JieZ_2017	58.0	male	IlluminaHiSeq	Qiagen	61596002.0	1	67	1	6	0.0
SAMEA104142383	0	JieZ_2017	60.0	male	IlluminaHiSeq	Qiagen	58650530.0	1	23	1	3	0.0
SAMEA104142382	0	JieZ_2017	58.0	female	IlluminaHiSeq	Qiagen	62643340.0	1	84	1	7	0.0
SAMEA104142381	0	JieZ_2017	62.0	female	IlluminaHiSeq	Qiagen	56079630.0	1	49	1	10	0.0
SAMEA104142380	0	JieZ_2017	59.0	female	IlluminaHiSeq	Qiagen	55140906.0	1	53	1	9	0.0
SAMEA104142379	0	JieZ_2017	61.0	female	IlluminaHiSeq	Qiagen	52872036.0	1	16	1	3	0.0
SAMEA104142472	0	JieZ_2017	61.0	male	IlluminaHiSeq	Qiagen	60339876.0	1	32	1	6	0.0
SAMEA104142378	0	JieZ_2017	51.0	female	IlluminaHiSeq	Qiagen	68596252.0	1	25	1	3	0.0
SAMEA104142377	0	JieZ_2017	53.0	male	IlluminaHiSeq	Qiagen	55892084.0	1	66	1	6	0.0
SAMEA104142375	0	JieZ_2017	51.0	female	IlluminaHiSeq	Qiagen	62941300.0	1	16	1	3	0.0
SAMEA104142227	0	JieZ_2017	65.0	female	IlluminaHiSeq	Qiagen	57867776.0	1	40	1	3	0.0
SAMEA104142228	0	JieZ_2017	67.0	male	IlluminaHiSeq	Qiagen	61623652.0	1	35	1	3	0.0
SAMEA104142229	0	JieZ_2017	65.0	female	IlluminaHiSeq	Qiagen	55125688.0	1	35	1	7	0.0
SAMEA104142230	0	JieZ_2017	69.0	female	IlluminaHiSeq	Qiagen	74922058.0	1	83	1	8	0.0
SAMEA104142231	0	JieZ_2017	74.0	female	IlluminaHiSeq	Qiagen	66554332.0	1	88	1	13	0.0
SAMEA104142232	0	JieZ_2017	84.0	male	IlluminaHiSeq	Qiagen	76714990.0	1	50	1	6	0.0
SAMEA104142233	0	JieZ_2017	77.0	female	IlluminaHiSeq	Qiagen	64293678.0	1	50	1	7	0.0
SAMEA104142234	0	JieZ_2017	65.0	male	IlluminaHiSeq	Qiagen	54177600.0	1	64	1	8	0.0
SAMEA104142235	0	JieZ_2017	72.0	female	IlluminaHiSeq	Qiagen	70683696.0	1	50	1	4	0.0
SAMEA104142236	0	JieZ_2017	73.0	female	IlluminaHiSeq	Qiagen	73209170.0	1	74	1	7	0.0
SAMEA104142222	0	JieZ_2017	74.0	male	IlluminaHiSeq	Qiagen	66707226.0	1	31	1	5	0.0
SAMEA104142334	0	JieZ_2017	55.0	male	IlluminaHiSeq	Qiagen	36917038.0	1	75	1	11	0.0
SAMEA104142335	0	JieZ_2017	50.0	female	IlluminaHiSeq	Qiagen	34732842.0	1	75	1	7	0.0
SAMEA104142333	0	JieZ_2017	62.0	male	IlluminaHiSeq	Qiagen	47756878.0	1	78	1	9	0.0
SAMEA104142329	0	JieZ_2017	50.0	male	IlluminaHiSeq	Qiagen	46733742.0	1	24	1	3	0.0
SAMEA104142328	0	JieZ_2017	57.0	male	IlluminaHiSeq	Qiagen	40239756.0	1	39	1	5	0.0
SAMEA104142339	0	JieZ_2017	59.0	male	IlluminaHiSeq	Qiagen	50765830.0	1	35	1	6	0.0
SAMEA104142341	0	JieZ_2017	53.0	male	IlluminaHiSeq	Qiagen	50651696.0	1	57	1	8	0.0
SAMEA104142337	0	JieZ_2017	56.0	female	IlluminaHiSeq	Qiagen	35716816.0	1	11	1	1	0.0
SAMEA104142327	0	JieZ_2017	57.0	male	IlluminaHiSeq	Qiagen	36006376.0	1	51	1	4	0.0
SAMEA104142330	0	JieZ_2017	54.0	male	IlluminaHiSeq	Qiagen	46494618.0	0	53	0	7	0.0
SAMEA104142331	0	JieZ_2017	52.0	female	IlluminaHiSeq	Qiagen	41204174.0	1	71	1	11	0.0
SAMEA104142326	0	JieZ_2017	60.0	female	IlluminaHiSeq	Qiagen	47682500.0	1	77	1	9	0.0
SAMEA104142332	0	JieZ_2017	43.0	female	IlluminaHiSeq	Qiagen	33294144.0	1	77	1	8	0.0
SAMEA104142325	0	JieZ_2017	40.0	male	IlluminaHiSeq	Qiagen	45799830.0	1	69	1	8	0.0
SAMEA104142336	0	JieZ_2017	61.0	female	IlluminaHiSeq	Qiagen	32368284.0	1	18	1	3	0.0
SAMEA104142338	0	JieZ_2017	46.0	female	IlluminaHiSeq	Qiagen	52057606.0	1	21	1	3	0.0
SAMEA104142340	0	JieZ_2017	60.0	female	IlluminaHiSeq	Qiagen	40112244.0	1	11	1	2	0.0
SAMEA104142342	0	JieZ_2017	70.0	male	IlluminaHiSeq	Qiagen	53455838.0	1	27	1	4	0.0
SAMEA104142343	0	JieZ_2017	58.0	female	IlluminaHiSeq	Qiagen	44858290.0	1	32	1	4	0.0
SAMEA104142344	0	JieZ_2017	56.0	female	IlluminaHiSeq	Qiagen	71986520.0	1	11	1	5	0.0
SAMEA104142345	0	JieZ_2017	50.0	male	IlluminaHiSeq	Qiagen	17371392.0	1	16	1	2	0.0
SAMEA104142346	0	JieZ_2017	55.0	female	IlluminaHiSeq	Qiagen	44621858.0	1	18	1	1	0.0
SAMEA104142347	0	JieZ_2017	47.0	male	IlluminaHiSeq	Qiagen	43194560.0	1	35	1	4	0.0
SAMEA104142348	0	JieZ_2017	52.0	female	IlluminaHiSeq	Qiagen	43115164.0	1	21	1	1	0.0
SAMEA104142349	0	JieZ_2017	55.0	male	IlluminaHiSeq	Qiagen	34017238.0	1	77	1	11	0.0
SAMEA104142350	0	JieZ_2017	52.0	female	IlluminaHiSeq	Qiagen	43144868.0	1	35	1	3	0.0
SAMEA104142351	0	JieZ_2017	53.0	female	IlluminaHiSeq	Qiagen	43224354.0	1	122	1	11	0.0
SAMEA104142352	0	JieZ_2017	56.0	male	IlluminaHiSeq	Qiagen	27478242.0	1	19	1	1	0.0
SAMEA104142353	0	JieZ_2017	45.0	female	IlluminaHiSeq	Qiagen	42936116.0	0	84	0	4	0.0
SAMEA104142354	0	JieZ_2017	38.0	male	IlluminaHiSeq	Qiagen	32982158.0	1	32	1	3	0.0
SAMEA104142355	0	JieZ_2017	67.0	male	IlluminaHiSeq	Qiagen	48671238.0	1	34	1	7	0.0
SAMEA104142356	0	JieZ_2017	67.0	female	IlluminaHiSeq	Qiagen	41543502.0	1	16	1	1	0.0
SAMEA104142357	0	JieZ_2017	54.0	female	IlluminaHiSeq	Qiagen	44635416.0	1	8	1	1	0.0
SAMEA104142358	0	JieZ_2017	55.0	female	IlluminaHiSeq	Qiagen	41624810.0	1	45	1	4	0.0
SAMEA104142359	0	JieZ_2017	40.0	male	IlluminaHiSeq	Qiagen	34655440.0	1	100	1	8	0.0
SAMEA104142361	0	JieZ_2017	50.0	female	IlluminaHiSeq	Qiagen	45111140.0	1	67	1	9	0.0
SAMEA104142362	0	JieZ_2017	55.0	female	IlluminaHiSeq	Qiagen	46590102.0	0	27	0	3	0.0
SAMEA104142363	0	JieZ_2017	41.0	female	IlluminaHiSeq	Qiagen	39993328.0	1	94	1	12	0.0
SAMEA104142364	0	JieZ_2017	54.0	female	IlluminaHiSeq	Qiagen	42645408.0	1	59	1	8	0.0
SAMEA104142365	0	JieZ_2017	56.0	female	IlluminaHiSeq	Qiagen	43667592.0	1	83	1	13	0.0
SAMEA104142366	0	JieZ_2017	44.0	female	IlluminaHiSeq	Qiagen	29152234.0	1	59	1	8	0.0
SAMEA104142367	0	JieZ_2017	61.0	female	IlluminaHiSeq	Qiagen	43906630.0	1	105	1	10	0.0
SAMEA104142368	0	JieZ_2017	69.0	male	IlluminaHiSeq	Qiagen	39837430.0	1	62	1	7	0.0
SAMEA104142369	0	JieZ_2017	60.0	male	IlluminaHiSeq	Qiagen	47214426.0	1	102	1	13	0.0
SAMEA104142370	0	JieZ_2017	53.0	female	IlluminaHiSeq	Qiagen	46423566.0	1	70	1	5	0.0
SAMEA104142371	0	JieZ_2017	53.0	female	IlluminaHiSeq	Qiagen	39738896.0	1	20	1	4	0.0
SAMEA104142372	0	JieZ_2017	48.0	male	IlluminaHiSeq	Qiagen	35360784.0	1	17	1	1	0.0
SAMEA104142373	0	JieZ_2017	53.0	male	IlluminaHiSeq	Qiagen	35587014.0	1	71	1	9	0.0
SAMEA104142374	0	JieZ_2017	32.0	male	IlluminaHiSeq	Qiagen	35707838.0	0	63	0	7	0.0
CON-001	0	QinJ_2012	21.0	female	IlluminaHiSeq	unknown	44142248.0	1	102	1	10	0.0
CON-002	0	QinJ_2012	53.0	female	IlluminaHiSeq	unknown	47793804.0	1	72	1	6	0.0
CON-003	0	QinJ_2012	61.0	female	IlluminaHiSeq	unknown	45268384.0	1	108	1	11	0.0
CON-004	0	QinJ_2012	55.0	female	IlluminaHiSeq	unknown	48056970.0	0	27	0	3	0.0
CON-005	0	QinJ_2012	53.0	female	IlluminaHiSeq	unknown	44908052.0	1	125	1	11	0.0
CON-006	0	QinJ_2012	52.0	female	IlluminaHiSeq	unknown	44603946.0	1	35	1	5	0.0
CON-007	0	QinJ_2012	55.0	female	IlluminaHiSeq	unknown	45025998.0	1	19	1	3	0.0
CON-008	0	QinJ_2012	56.0	female	IlluminaHiSeq	unknown	72548932.0	1	12	1	5	0.0
CON-009	0	QinJ_2012	46.0	female	IlluminaHiSeq	unknown	52649798.0	1	21	1	4	0.0
CON-010	0	QinJ_2012	42.0	female	IlluminaHiSeq	unknown	40839972.0	1	31	1	9	0.0
CON-011	0	QinJ_2012	49.0	female	IlluminaHiSeq	unknown	14714504.0	1	66	1	7	0.0
CON-012	0	QinJ_2012	44.0	female	IlluminaHiSeq	unknown	14948028.0	1	15	1	3	0.0
CON-013	0	QinJ_2012	48.0	female	IlluminaHiSeq	unknown	30677644.0	1	19	1	2	0.0
CON-014	0	QinJ_2012	39.0	female	IlluminaHiSeq	unknown	56580850.0	1	90	1	11	0.0
CON-015	0	QinJ_2012	42.0	female	IlluminaHiSeq	unknown	38565134.0	1	44	1	5	0.0
CON-016	0	QinJ_2012	28.0	male	IlluminaHiSeq	unknown	49904198.0	1	20	1	2	0.0
CON-017	0	QinJ_2012	27.0	male	IlluminaHiSeq	unknown	40082044.0	1	42	1	4	0.0
CON-018	0	QinJ_2012	28.0	male	IlluminaHiSeq	unknown	50882972.0	1	52	1	5	0.0
CON-019	0	QinJ_2012	48.0	male	IlluminaHiSeq	unknown	36312296.0	1	17	1	2	0.0
CON-020	0	QinJ_2012	40.0	male	IlluminaHiSeq	unknown	35787146.0	1	104	1	8	0.0
CON-021	0	QinJ_2012	57.0	male	IlluminaHiSeq	unknown	36300302.0	1	51	1	4	0.0
CON-022	0	QinJ_2012	53.0	male	IlluminaHiSeq	unknown	51323938.0	1	57	1	8	0.0
CON-023	0	QinJ_2012	50.0	male	IlluminaHiSeq	unknown	47199986.0	1	24	1	3	0.0
CON-026	0	QinJ_2012	40.0	male	IlluminaHiSeq	unknown	45736466.0	1	85	1	9	0.0
CON-027	0	QinJ_2012	45.0	male	IlluminaHiSeq	unknown	41893102.0	1	70	1	7	0.0
CON-028	0	QinJ_2012	53.0	male	IlluminaHiSeq	unknown	59795072.0	1	78	1	9	0.0
CON-029	0	QinJ_2012	54.0	male	IlluminaHiSeq	unknown	45809376.0	1	25	1	4	0.0
CON-031	0	QinJ_2012	56.0	male	IlluminaHiSeq	unknown	57338014.0	1	31	2	9	0.0
CON-032	0	QinJ_2012	26.0	female	IlluminaHiSeq	unknown	20400412.0	1	106	1	10	0.0
CON-033	0	QinJ_2012	27.0	female	IlluminaHiSeq	unknown	19525532.0	1	119	1	13	0.0
CON-034	0	QinJ_2012	27.0	female	IlluminaHiSeq	unknown	52442888.0	1	108	1	8	0.0
CON-035	0	QinJ_2012	27.0	female	IlluminaHiSeq	unknown	37163398.0	1	43	1	9	0.0
CON-036	0	QinJ_2012	29.0	female	IlluminaHiSeq	unknown	47869636.0	1	53	1	7	0.0
CON-037	0	QinJ_2012	28.0	female	IlluminaHiSeq	unknown	45894984.0	1	78	1	10	0.0
CON-038	0	QinJ_2012	27.0	female	IlluminaHiSeq	unknown	49571130.0	1	64	1	6	0.0
CON-039	0	QinJ_2012	53.0	female	IlluminaHiSeq	unknown	41046414.0	1	20	1	4	0.0
CON-040	0	QinJ_2012	44.0	female	IlluminaHiSeq	unknown	29528100.0	1	59	1	9	0.0
CON-041	0	QinJ_2012	56.0	female	IlluminaHiSeq	unknown	45616536.0	1	85	1	13	0.0
CON-042	0	QinJ_2012	54.0	female	IlluminaHiSeq	unknown	44517918.0	1	61	1	10	0.0
CON-043	0	QinJ_2012	41.0	female	IlluminaHiSeq	unknown	40465956.0	1	95	1	13	0.0
CON-044	0	QinJ_2012	50.0	female	IlluminaHiSeq	unknown	46732100.0	1	72	1	10	0.0
CON-045	0	QinJ_2012	54.0	female	IlluminaHiSeq	unknown	46078458.0	1	8	1	2	0.0
CON-046	0	QinJ_2012	67.0	female	IlluminaHiSeq	unknown	42781402.0	1	17	1	2	0.0
CON-047	0	QinJ_2012	45.0	female	IlluminaHiSeq	unknown	44333742.0	0	86	0	4	0.0
CON-048	0	QinJ_2012	52.0	female	IlluminaHiSeq	unknown	44763720.0	1	22	1	2	0.0
CON-049	0	QinJ_2012	58.0	female	IlluminaHiSeq	unknown	45240604.0	1	32	1	4	0.0
CON-050	0	QinJ_2012	60.0	female	IlluminaHiSeq	unknown	40528492.0	1	11	1	3	0.0
CON-051	0	QinJ_2012	61.0	female	IlluminaHiSeq	unknown	32630500.0	1	18	1	3	0.0
CON-052	0	QinJ_2012	43.0	female	IlluminaHiSeq	unknown	33572452.0	1	78	1	8	0.0
CON-053	0	QinJ_2012	60.0	female	IlluminaHiSeq	unknown	48220034.0	1	79	1	9	0.0
CON-054	0	QinJ_2012	52.0	female	IlluminaHiSeq	unknown	41640890.0	1	71	1	11	0.0
CON-055	0	QinJ_2012	56.0	female	IlluminaHiSeq	unknown	36077354.0	1	11	1	1	0.0
CON-056	0	QinJ_2012	50.0	female	IlluminaHiSeq	unknown	35064698.0	1	75	1	7	0.0
CON-057	0	QinJ_2012	41.0	female	IlluminaHiSeq	unknown	43215960.0	0	51	0	4	0.0
CON-058	0	QinJ_2012	47.0	female	IlluminaHiSeq	unknown	37177298.0	1	54	1	4	0.0
CON-059	0	QinJ_2012	49.0	female	IlluminaHiSeq	unknown	46452408.0	1	92	1	8	0.0
CON-060	0	QinJ_2012	44.0	female	IlluminaHiSeq	unknown	50281118.0	1	8	1	4	0.0
CON-061	0	QinJ_2012	48.0	female	IlluminaHiSeq	unknown	46307038.0	1	85	1	14	0.0
CON-062	0	QinJ_2012	47.0	female	IlluminaHiSeq	unknown	46303614.0	1	58	1	8	0.0
CON-063	0	QinJ_2012	35.0	female	IlluminaHiSeq	unknown	31003838.0	1	65	1	11	0.0
CON-064	0	QinJ_2012	46.0	female	IlluminaHiSeq	unknown	15789262.0	1	41	1	2	0.0
CON-065	0	QinJ_2012	46.0	female	IlluminaHiSeq	unknown	43196874.0	1	17	1	3	0.0
CON-066	0	QinJ_2012	45.0	female	IlluminaHiSeq	unknown	43999576.0	1	96	1	12	0.0
CON-067	0	QinJ_2012	45.0	female	IlluminaHiSeq	unknown	31731128.0	1	24	1	4	0.0
CON-068	0	QinJ_2012	41.0	female	IlluminaHiSeq	unknown	43980182.0	1	58	1	9	0.0
CON-069	0	QinJ_2012	46.0	female	IlluminaHiSeq	unknown	39954104.0	1	34	1	2	0.0
CON-070	0	QinJ_2012	48.0	female	IlluminaHiSeq	unknown	43732974.0	1	73	1	12	0.0
CON-071	0	QinJ_2012	64.0	female	IlluminaHiSeq	unknown	47635326.0	1	75	1	7	0.0
CON-072	0	QinJ_2012	41.0	female	IlluminaHiSeq	unknown	13975470.0	1	49	1	6	0.0
CON-073	0	QinJ_2012	46.0	female	IlluminaHiSeq	unknown	30810458.0	1	118	1	11	0.0
CON-074	0	QinJ_2012	41.0	female	IlluminaHiSeq	unknown	34680668.0	1	19	1	3	0.0
CON-075	0	QinJ_2012	34.0	female	IlluminaHiSeq	unknown	37076588.0	1	48	1	5	0.0
CON-076	0	QinJ_2012	43.0	female	IlluminaHiSeq	unknown	58617474.0	1	105	1	11	0.0
CON-077	0	QinJ_2012	41.0	female	IlluminaHiSeq	unknown	48126476.0	1	30	1	4	0.0
CON-078	0	QinJ_2012	41.0	female	IlluminaHiSeq	unknown	41926900.0	1	64	1	9	0.0
CON-079	0	QinJ_2012	60.0	female	IlluminaHiSeq	unknown	57833192.0	1	14	1	5	0.0
CON-080	0	QinJ_2012	56.0	female	IlluminaHiSeq	unknown	36439108.0	1	10	1	3	0.0
CON-081	0	QinJ_2012	52.0	male	IlluminaHiSeq	unknown	36073998.0	0	63	0	8	0.0
CON-082	0	QinJ_2012	53.0	male	IlluminaHiSeq	unknown	36703736.0	1	73	1	9	0.0
CON-083	0	QinJ_2012	60.0	male	IlluminaHiSeq	unknown	49172724.0	1	103	1	16	0.0
CON-084	0	QinJ_2012	69.0	male	IlluminaHiSeq	unknown	41146018.0	1	64	1	7	0.0
CON-085	0	QinJ_2012	39.0	male	IlluminaHiSeq	unknown	42611812.0	1	82	1	10	0.0
CON-086	0	QinJ_2012	67.0	male	IlluminaHiSeq	unknown	49116802.0	1	36	1	7	0.0
CON-087	0	QinJ_2012	38.0	male	IlluminaHiSeq	unknown	33964062.0	1	35	1	4	0.0
CON-088	0	QinJ_2012	56.0	male	IlluminaHiSeq	unknown	28323326.0	1	19	1	1	0.0
CON-089	0	QinJ_2012	55.0	male	IlluminaHiSeq	unknown	35161630.0	1	81	1	13	0.0
CON-090	0	QinJ_2012	47.0	male	IlluminaHiSeq	unknown	43517864.0	1	35	1	4	0.0
CON-091	0	QinJ_2012	50.0	male	IlluminaHiSeq	unknown	17458588.0	1	16	1	2	0.0
CON-092	0	QinJ_2012	70.0	male	IlluminaHiSeq	unknown	53911072.0	1	27	1	4	0.0
CON-093	0	QinJ_2012	40.0	male	IlluminaHiSeq	unknown	46225984.0	1	70	1	8	0.0
CON-095	0	QinJ_2012	54.0	male	IlluminaHiSeq	unknown	46889908.0	0	54	0	7	0.0
CON-096	0	QinJ_2012	59.0	male	IlluminaHiSeq	unknown	51481706.0	1	36	1	7	0.0
CON-097	0	QinJ_2012	57.0	male	IlluminaHiSeq	unknown	40605642.0	1	39	1	5	0.0
CON-098	0	QinJ_2012	62.0	male	IlluminaHiSeq	unknown	48477454.0	1	79	1	10	0.0
CON-099	0	QinJ_2012	55.0	male	IlluminaHiSeq	unknown	37245214.0	1	75	1	11	0.0
CON-101	0	QinJ_2012	42.0	male	IlluminaHiSeq	unknown	43926160.0	1	92	1	11	0.0
CON-104	0	QinJ_2012	55.0	male	IlluminaHiSeq	unknown	47438826.0	1	41	1	7	0.0
CON-105	0	QinJ_2012	52.0	male	IlluminaHiSeq	unknown	15948120.0	1	53	1	8	0.0
CON-106	0	QinJ_2012	46.0	male	IlluminaHiSeq	unknown	43625992.0	1	37	1	6	0.0
CON-107	0	QinJ_2012	44.0	male	IlluminaHiSeq	unknown	47608454.0	1	91	1	11	0.0
NLF001	0	QinJ_2012	31.0	female	IlluminaHiSeq	unknown	29561290.0	1	58	1	6	0.0
NLF002	0	QinJ_2012	34.0	female	IlluminaHiSeq	unknown	25620216.0	1	27	1	4	0.0
NLF005	0	QinJ_2012	44.0	female	IlluminaHiSeq	unknown	32474030.0	1	116	1	13	0.0
NLF006	0	QinJ_2012	27.0	female	IlluminaHiSeq	unknown	26433886.0	1	99	1	13	0.0
NLF007	0	QinJ_2012	39.0	female	IlluminaHiSeq	unknown	31597414.0	1	124	1	9	0.0
NLF008	0	QinJ_2012	26.0	female	IlluminaHiSeq	unknown	33251614.0	1	10	1	2	0.0
NLF009	0	QinJ_2012	27.0	female	IlluminaHiSeq	unknown	27971524.0	1	94	1	10	0.0
NLF010	0	QinJ_2012	35.0	female	IlluminaHiSeq	unknown	29248858.0	1	25	1	5	0.0
NLF011	0	QinJ_2012	25.0	female	IlluminaHiSeq	unknown	29852214.0	1	68	1	6	0.0
NLF012	0	QinJ_2012	27.0	female	IlluminaHiSeq	unknown	29942544.0	1	62	1	5	0.0
NLF013	0	QinJ_2012	32.0	female	IlluminaHiSeq	unknown	30752924.0	1	111	1	13	0.0
NLF014	0	QinJ_2012	37.0	female	IlluminaHiSeq	unknown	31611272.0	1	15	1	1	0.0
NLF015	0	QinJ_2012	59.0	female	IlluminaHiSeq	unknown	33720856.0	1	31	1	3	0.0
NLM001	0	QinJ_2012	32.0	male	IlluminaHiSeq	unknown	25383554.0	1	100	1	11	0.0
NLM002	0	QinJ_2012	23.0	male	IlluminaHiSeq	unknown	37910796.0	1	16	1	2	0.0
NLM003	0	QinJ_2012	23.0	male	IlluminaHiSeq	unknown	26590132.0	1	16	1	1	0.0
NLM004	0	QinJ_2012	24.0	male	IlluminaHiSeq	unknown	37015926.0	1	122	1	13	0.0
NLM005	0	QinJ_2012	42.0	male	IlluminaHiSeq	unknown	28219850.0	1	32	1	3	0.0
NLM006	0	QinJ_2012	24.0	male	IlluminaHiSeq	unknown	38252754.0	1	56	1	10	0.0
NLM007	0	QinJ_2012	22.0	male	IlluminaHiSeq	unknown	32034154.0	1	15	1	1	0.0
NLM008	0	QinJ_2012	22.0	male	IlluminaHiSeq	unknown	29888804.0	1	46	1	7	0.0
NLM009	0	QinJ_2012	24.0	male	IlluminaHiSeq	unknown	29364750.0	1	55	1	7	0.0
NLM010	0	QinJ_2012	23.0	male	IlluminaHiSeq	unknown	34516032.0	1	37	1	6	0.0
NLM015	0	QinJ_2012	23.0	male	IlluminaHiSeq	unknown	28360286.0	1	67	1	8	0.0
NLM016	0	QinJ_2012	23.0	male	IlluminaHiSeq	unknown	29205068.0	1	73	1	7	0.0
NLM017	0	QinJ_2012	23.0	male	IlluminaHiSeq	unknown	61005902.0	1	21	1	2	0.0
NLM021	0	QinJ_2012	25.0	male	IlluminaHiSeq	unknown	36235680.0	1	93	1	8	0.0
NLM022	0	QinJ_2012	29.0	male	IlluminaHiSeq	unknown	29247660.0	1	71	1	10	0.0
NLM023	0	QinJ_2012	38.0	male	IlluminaHiSeq	unknown	61163528.0	1	17	1	2	0.0
NLM024	0	QinJ_2012	23.0	male	IlluminaHiSeq	unknown	31747726.0	1	17	1	1	0.0
NLM025	0	QinJ_2012	19.0	male	IlluminaHiSeq	unknown	31516482.0	1	152	1	16	0.0
NLM026	0	QinJ_2012	24.0	male	IlluminaHiSeq	unknown	34912410.0	1	120	1	17	0.0
NLM027	0	QinJ_2012	22.0	male	IlluminaHiSeq	unknown	35404646.0	1	29	1	4	0.0
NLM028	0	QinJ_2012	21.0	male	IlluminaHiSeq	unknown	34569578.0	1	34	1	4	0.0
NLM029	0	QinJ_2012	25.0	male	IlluminaHiSeq	unknown	34157176.0	1	74	1	9	0.0
NLM031	0	QinJ_2012	33.0	male	IlluminaHiSeq	unknown	32081376.0	1	73	1	6	0.0
NLM032	0	QinJ_2012	39.0	male	IlluminaHiSeq	unknown	37814974.0	1	66	1	9	0.0
NOF001	0	QinJ_2012	45.0	female	IlluminaHiSeq	unknown	24541996.0	1	108	1	11	0.0
NOF002	0	QinJ_2012	51.0	female	IlluminaHiSeq	unknown	31582568.0	1	28	1	4	0.0
NOF004	0	QinJ_2012	33.0	female	IlluminaHiSeq	unknown	24427456.0	1	92	1	8	0.0
NOF005	0	QinJ_2012	32.0	female	IlluminaHiSeq	unknown	35131160.0	1	47	1	8	0.0
NOF006	0	QinJ_2012	35.0	female	IlluminaHiSeq	unknown	25963456.0	1	29	1	3	0.0
NOF007	0	QinJ_2012	32.0	female	IlluminaHiSeq	unknown	33241560.0	1	22	1	1	0.0
NOF008	0	QinJ_2012	30.0	female	IlluminaHiSeq	unknown	34087816.0	1	71	1	5	0.0
NOF009	0	QinJ_2012	26.0	female	IlluminaHiSeq	unknown	32788844.0	1	14	1	4	0.0
NOF010	0	QinJ_2012	40.0	female	IlluminaHiSeq	unknown	33058980.0	1	30	1	6	0.0
NOF011	0	QinJ_2012	30.0	female	IlluminaHiSeq	unknown	27020248.0	1	69	1	13	0.0
NOF012	0	QinJ_2012	38.0	female	IlluminaHiSeq	unknown	31488902.0	1	47	1	6	0.0
NOF013	0	QinJ_2012	41.0	female	IlluminaHiSeq	unknown	29491926.0	1	38	1	4	0.0
NOF014	0	QinJ_2012	42.0	female	IlluminaHiSeq	unknown	40223544.0	1	99	1	12	0.0
NOM001	0	QinJ_2012	48.0	male	IlluminaHiSeq	unknown	29540252.0	1	69	1	6	0.0
NOM002	0	QinJ_2012	68.0	male	IlluminaHiSeq	unknown	36778634.0	1	30	1	4	0.0
NOM004	0	QinJ_2012	32.0	male	IlluminaHiSeq	unknown	31787736.0	1	10	1	1	0.0
NOM005	0	QinJ_2012	46.0	male	IlluminaHiSeq	unknown	26950476.0	1	52	1	10	0.0
NOM007	0	QinJ_2012	72.0	male	IlluminaHiSeq	unknown	30300496.0	1	118	1	13	0.0
NOM008	0	QinJ_2012	54.0	male	IlluminaHiSeq	unknown	39052760.0	1	44	1	3	0.0
NOM009	0	QinJ_2012	33.0	male	IlluminaHiSeq	unknown	32495210.0	1	74	1	7	0.0
NOM010	0	QinJ_2012	30.0	male	IlluminaHiSeq	unknown	32807528.0	1	55	1	6	0.0
NOM012	0	QinJ_2012	32.0	male	IlluminaHiSeq	unknown	29282392.0	1	89	1	7	0.0
NOM013	0	QinJ_2012	42.0	male	IlluminaHiSeq	unknown	29503110.0	0	60	0	6	0.0
NOM014	0	QinJ_2012	41.0	male	IlluminaHiSeq	unknown	32125392.0	1	25	1	1	0.0
NOM015	0	QinJ_2012	32.0	male	IlluminaHiSeq	unknown	23970022.0	1	40	1	7	0.0
NOM016	0	QinJ_2012	37.0	male	IlluminaHiSeq	unknown	23779804.0	1	81	1	10	0.0
NOM017	0	QinJ_2012	39.0	male	IlluminaHiSeq	unknown	35319594.0	1	71	1	6	0.0
NOM018	0	QinJ_2012	43.0	male	IlluminaHiSeq	unknown	43883136.0	1	45	2	3	0.0
NOM019	0	QinJ_2012	26.0	male	IlluminaHiSeq	unknown	23301242.0	1	89	1	9	0.0
NOM020	0	QinJ_2012	24.0	male	IlluminaHiSeq	unknown	36226952.0	1	48	1	7	0.0
NOM022	0	QinJ_2012	23.0	male	IlluminaHiSeq	unknown	41575940.0	1	46	1	3	0.0
NOM023	0	QinJ_2012	46.0	male	IlluminaHiSeq	unknown	28699522.0	1	10	2	1	0.0
NOM025	0	QinJ_2012	28.0	male	IlluminaHiSeq	unknown	23715010.0	1	40	1	2	0.0
NOM026	0	QinJ_2012	52.0	male	IlluminaHiSeq	unknown	35100036.0	1	41	3	6	0.0
NOM027	0	QinJ_2012	38.0	male	IlluminaHiSeq	unknown	33722898.0	1	19	2	2	0.0
NOM028	0	QinJ_2012	47.0	male	IlluminaHiSeq	unknown	25479128.0	1	18	1	1	0.0
HCO11	1	Obregon-TitoAJ_2015	36.0	male	IlluminaHiSeq	MoBio	10624426.0	1	194	1	16	0.0
HCO12	1	Obregon-TitoAJ_2015	35.0	female	IlluminaHiSeq	MoBio	10022998.0	0	204	0	26	0.0
HCO53	1	Obregon-TitoAJ_2015	44.0	female	IlluminaHiSeq	MoBio	8800389.0	1	174	1	21	0.0
HCO61	1	Obregon-TitoAJ_2015	20.0	female	IlluminaHiSeq	MoBio	12979000.0	1	213	1	26	0.0
HCO67	1	Obregon-TitoAJ_2015	26.0	female	IlluminaHiSeq	MoBio	12032442.0	1	238	1	20	0.0
HCO70	1	Obregon-TitoAJ_2015	40.0	female	IlluminaHiSeq	MoBio	14155690.0	1	222	1	21	0.0
HCO74	1	Obregon-TitoAJ_2015	36.0	female	IlluminaHiSeq	MoBio	12611456.0	1	227	1	32	0.0
NO01	0	Obregon-TitoAJ_2015	23.0	male	IlluminaHiSeq	MoBio	43208797.0	1	4	1	2	0.0
NO02	0	Obregon-TitoAJ_2015	37.0	female	IlluminaHiSeq	MoBio	54064844.0	1	148	1	14	0.0
NO03	0	Obregon-TitoAJ_2015	40.0	male	IlluminaHiSeq	MoBio	55922593.0	1	129	1	15	0.0
NO04	0	Obregon-TitoAJ_2015	26.0	male	IlluminaHiSeq	MoBio	49777115.0	1	137	1	17	0.0
NO05	0	Obregon-TitoAJ_2015	28.0	male	IlluminaHiSeq	MoBio	50457217.0	1	46	1	5	0.0
NO06	0	Obregon-TitoAJ_2015	28.0	male	IlluminaHiSeq	MoBio	41109496.0	1	29	1	4	0.0
NO08	0	Obregon-TitoAJ_2015	32.0	female	IlluminaHiSeq	MoBio	44245994.0	0	54	0	7	0.0
NO09	0	Obregon-TitoAJ_2015	34.0	female	IlluminaHiSeq	MoBio	38878150.0	1	40	1	3	0.0
NO10	0	Obregon-TitoAJ_2015	41.0	male	IlluminaHiSeq	MoBio	48465510.0	0	29	0	3	0.0
NO11	0	Obregon-TitoAJ_2015	26.0	male	IlluminaHiSeq	MoBio	51692458.0	1	34	1	4	0.0
NO12	0	Obregon-TitoAJ_2015	27.0	female	IlluminaHiSeq	MoBio	50227332.0	1	16	1	2	0.0
NO13	0	Obregon-TitoAJ_2015	35.0	male	IlluminaHiSeq	MoBio	45863690.0	1	202	1	15	0.0
NO15	0	Obregon-TitoAJ_2015	50.0	female	IlluminaHiSeq	MoBio	42684316.0	0	105	0	11	0.0
NO16	0	Obregon-TitoAJ_2015	47.0	male	IlluminaHiSeq	MoBio	58836275.0	1	75	1	8	0.0
NO19	0	Obregon-TitoAJ_2015	32.0	female	IlluminaHiSeq	MoBio	47895942.0	1	81	1	5	0.0
NO20	0	Obregon-TitoAJ_2015	26.0	male	IlluminaHiSeq	MoBio	47178143.0	1	42	1	4	0.0
NO21	0	Obregon-TitoAJ_2015	23.0	male	IlluminaHiSeq	MoBio	45653832.0	1	24	1	5	0.0
NO22	0	Obregon-TitoAJ_2015	26.0	male	IlluminaHiSeq	MoBio	50921293.0	0	65	0	9	0.0
NO23	0	Obregon-TitoAJ_2015	26.0	female	IlluminaHiSeq	MoBio	55445472.0	1	72	1	8	0.0
SM01	1	Obregon-TitoAJ_2015	30.0	male	IlluminaHiSeq	MoBio	75086391.0	1	231	1	19	0.0
SM02	1	Obregon-TitoAJ_2015	25.0	female	IlluminaHiSeq	MoBio	94769160.0	1	288	1	24	0.0
SM18	1	Obregon-TitoAJ_2015	36.0	female	IlluminaHiSeq	MoBio	65699743.0	0	266	0	19	0.0
SM20	1	Obregon-TitoAJ_2015	20.0	female	IlluminaHiSeq	MoBio	61591442.0	1	243	1	20	0.0
SM28	1	Obregon-TitoAJ_2015	52.0	female	IlluminaHiSeq	MoBio	56122220.0	1	218	1	19	0.0
SM29	1	Obregon-TitoAJ_2015	50.0	female	IlluminaHiSeq	MoBio	61794728.0	1	274	2	21	0.0
SM31	1	Obregon-TitoAJ_2015	30.0	male	IlluminaHiSeq	MoBio	62314360.0	1	310	1	25	0.0
SM32	1	Obregon-TitoAJ_2015	21.0	female	IlluminaHiSeq	MoBio	72420642.0	1	296	1	22	0.0
SM39	1	Obregon-TitoAJ_2015	40.0	female	IlluminaHiSeq	MoBio	69866000.0	1	289	1	24	0.0
SM40	1	Obregon-TitoAJ_2015	18.0	female	IlluminaHiSeq	MoBio	68723714.0	0	321	0	25	0.0
CSM67UH7	0	HMP_2019_ibdmdb	69.0	male	IlluminaHiSeq	Chemagen	24633642.0	0	46	0	4	0.0
CSM79HGR_P	0	HMP_2019_ibdmdb	69.0	male	IlluminaHiSeq	Chemagen	30069322.0	0	52	0	6	0.0
CSM79HGV_P	0	HMP_2019_ibdmdb	69.0	male	IlluminaHiSeq	Chemagen	43901686.0	0	62	0	7	0.0
CSM79HGX	0	HMP_2019_ibdmdb	69.0	male	IlluminaHiSeq	Chemagen	13514580.0	0	17	0	3	0.0
CSM79HGZ	0	HMP_2019_ibdmdb	69.0	male	IlluminaHiSeq	Chemagen	18732760.0	0	58	0	6	0.0
CSM79HOV	0	HMP_2019_ibdmdb	69.0	male	IlluminaHiSeq	Chemagen	12923108.0	0	34	0	7	0.0
CSM79HOX	0	HMP_2019_ibdmdb	69.0	male	IlluminaHiSeq	Chemagen	32228592.0	0	53	0	6	0.0
CSM79HOZ	0	HMP_2019_ibdmdb	69.0	male	IlluminaHiSeq	Chemagen	24519360.0	0	59	0	6	0.0
CSM79HP2	0	HMP_2019_ibdmdb	69.0	male	IlluminaHiSeq	Chemagen	48990328.0	0	62	0	6	0.0
CSM79HP4	0	HMP_2019_ibdmdb	69.0	male	IlluminaHiSeq	Chemagen	15824114.0	0	50	0	6	0.0
CSM79HP6	0	HMP_2019_ibdmdb	69.0	male	IlluminaHiSeq	Chemagen	18131432.0	0	53	0	6	0.0
CSM7KOOH	0	HMP_2019_ibdmdb	69.0	male	IlluminaHiSeq	Chemagen	16921640.0	0	58	0	6	0.0
CSM7KOOJ	0	HMP_2019_ibdmdb	69.0	male	IlluminaHiSeq	Chemagen	31719006.0	0	56	0	6	0.0
CSM7KOOL	0	HMP_2019_ibdmdb	69.0	male	IlluminaHiSeq	Chemagen	15061766.0	0	53	0	6	0.0
CSM7KOON	0	HMP_2019_ibdmdb	69.0	male	IlluminaHiSeq	Chemagen	24257872.0	0	63	0	6	0.0
CSM7KOOP	0	HMP_2019_ibdmdb	69.0	male	IlluminaHiSeq	Chemagen	25179406.0	0	58	0	6	0.0
CSMA8M9R	0	HMP_2019_ibdmdb	69.0	male	IlluminaHiSeq	Chemagen	42226634.0	1	62	1	6	0.0
CSMAAEUA	0	HMP_2019_ibdmdb	69.0	male	IlluminaHiSeq	Chemagen	25428474.0	0	56	0	6	0.0
CSMAE44D	0	HMP_2019_ibdmdb	69.0	male	IlluminaHiSeq	Chemagen	28104606.0	0	45	0	6	0.0
CSMAG78W	0	HMP_2019_ibdmdb	69.0	male	IlluminaHiSeq	Chemagen	21308106.0	0	48	0	5	0.0
CSMAHYLR	0	HMP_2019_ibdmdb	69.0	male	IlluminaHiSeq	Chemagen	18355540.0	0	41	0	5	0.0
CSM6J2H9_P	0	HMP_2019_ibdmdb	40.0	female	IlluminaHiSeq	Chemagen	55732718.0	0	62	0	6	0.0
MSM6J2HN	0	HMP_2019_ibdmdb	40.0	female	IlluminaHiSeq	Chemagen	39727188.0	0	42	0	4	0.0
MSM6J2HP	0	HMP_2019_ibdmdb	40.0	female	IlluminaHiSeq	Chemagen	19487108.0	0	40	0	4	0.0
MSM6J2HR	0	HMP_2019_ibdmdb	40.0	female	IlluminaHiSeq	Chemagen	33015566.0	0	37	0	4	0.0
MSM6J2HT	0	HMP_2019_ibdmdb	40.0	female	IlluminaHiSeq	Chemagen	37759808.0	0	38	0	4	0.0
MSM6J2QL	0	HMP_2019_ibdmdb	40.0	female	IlluminaHiSeq	Chemagen	33140694.0	0	34	0	4	0.0
MSM6J2QH	0	HMP_2019_ibdmdb	40.0	female	IlluminaHiSeq	Chemagen	27846788.0	0	40	0	3	0.0
MSM6J2QP	0	HMP_2019_ibdmdb	40.0	female	IlluminaHiSeq	Chemagen	28522390.0	0	33	0	4	0.0
MSM6J2QJ	0	HMP_2019_ibdmdb	40.0	female	IlluminaHiSeq	Chemagen	20781402.0	0	44	1	4	0.0
MSM6J2QF	0	HMP_2019_ibdmdb	40.0	female	IlluminaHiSeq	Chemagen	28114202.0	0	31	0	5	0.0
MSM79H5Q	0	HMP_2019_ibdmdb	40.0	female	IlluminaHiSeq	Chemagen	27899716.0	0	36	0	5	0.0
MSM79H5U	0	HMP_2019_ibdmdb	40.0	female	IlluminaHiSeq	Chemagen	19944786.0	0	46	0	6	0.0
MSM79H5Y	0	HMP_2019_ibdmdb	40.0	female	IlluminaHiSeq	Chemagen	31576500.0	0	47	0	6	0.0
MSM79H5S	0	HMP_2019_ibdmdb	40.0	female	IlluminaHiSeq	Chemagen	27433172.0	1	50	1	6	0.0
MSM79HAH	0	HMP_2019_ibdmdb	40.0	female	IlluminaHiSeq	Chemagen	21257780.0	0	39	0	5	0.0
MSM6J2JF_P	0	HMP_2019_ibdmdb	55.0	male	IlluminaHiSeq	Chemagen	38017264.0	1	34	1	5	0.0
MSM6J2JN	0	HMP_2019_ibdmdb	55.0	male	IlluminaHiSeq	Chemagen	32521936.0	1	24	1	4	0.0
MSM6J2JP	0	HMP_2019_ibdmdb	55.0	male	IlluminaHiSeq	Chemagen	15995312.0	1	17	1	3	0.0
MSM6J2JR	0	HMP_2019_ibdmdb	55.0	male	IlluminaHiSeq	Chemagen	29600112.0	1	23	1	3	0.0
MSM6J2JT	0	HMP_2019_ibdmdb	55.0	male	IlluminaHiSeq	Chemagen	26270238.0	0	21	0	3	0.0
MSM6J2LV	0	HMP_2019_ibdmdb	55.0	male	IlluminaHiSeq	Chemagen	18216348.0	1	23	1	3	0.0
MSM6J2SE	0	HMP_2019_ibdmdb	55.0	male	IlluminaHiSeq	Chemagen	26282032.0	1	21	1	3	0.0
MSM6J2SI	0	HMP_2019_ibdmdb	55.0	male	IlluminaHiSeq	Chemagen	25099122.0	1	25	1	3	0.0
MSM6J2SK	0	HMP_2019_ibdmdb	55.0	male	IlluminaHiSeq	Chemagen	29208440.0	0	19	0	3	0.0
MSM79HES	0	HMP_2019_ibdmdb	55.0	male	IlluminaHiSeq	Chemagen	25909332.0	1	27	1	3	0.0
MSM79HEU	0	HMP_2019_ibdmdb	55.0	male	IlluminaHiSeq	Chemagen	23504182.0	1	23	1	3	0.0
MSM79HEW	0	HMP_2019_ibdmdb	55.0	male	IlluminaHiSeq	Chemagen	11117506.0	1	20	1	3	0.0
MSM79HEY	0	HMP_2019_ibdmdb	55.0	male	IlluminaHiSeq	Chemagen	23848594.0	0	26	0	3	0.0
MSM79HB6	0	HMP_2019_ibdmdb	55.0	male	IlluminaHiSeq	Chemagen	22057764.0	1	23	1	3	0.0
MSM6J2JH_P	0	HMP_2019_ibdmdb	44.0	male	IlluminaHiSeq	Chemagen	24414102.0	0	95	0	13	0.0
MSM6J2JZ	0	HMP_2019_ibdmdb	44.0	male	IlluminaHiSeq	Chemagen	25422218.0	1	92	1	12	0.0
MSM6J2K2	0	HMP_2019_ibdmdb	44.0	male	IlluminaHiSeq	Chemagen	24804864.0	0	97	0	13	0.0
MSM6J2K4	0	HMP_2019_ibdmdb	44.0	male	IlluminaHiSeq	Chemagen	42320244.0	0	97	0	12	0.0
MSM6J2K6	0	HMP_2019_ibdmdb	44.0	male	IlluminaHiSeq	Chemagen	35284928.0	0	102	0	13	0.0
MSM6J2K8	0	HMP_2019_ibdmdb	44.0	male	IlluminaHiSeq	Chemagen	17325884.0	0	89	0	13	0.0
MSM6J2KA	0	HMP_2019_ibdmdb	44.0	male	IlluminaHiSeq	Chemagen	30057714.0	0	107	0	11	0.0
MSM6J2RK	0	HMP_2019_ibdmdb	44.0	male	IlluminaHiSeq	Chemagen	40695182.0	0	102	0	13	0.0
MSM6J2RM	0	HMP_2019_ibdmdb	44.0	male	IlluminaHiSeq	Chemagen	36889984.0	1	59	1	7	0.0
MSM6J2RO	0	HMP_2019_ibdmdb	44.0	male	IlluminaHiSeq	Chemagen	30561104.0	1	106	1	11	0.0
MSM6J2RQ	0	HMP_2019_ibdmdb	44.0	male	IlluminaHiSeq	Chemagen	46705904.0	0	109	0	13	0.0
MSM6J2RU	0	HMP_2019_ibdmdb	44.0	male	IlluminaHiSeq	Chemagen	41786064.0	1	113	1	14	0.0
MSM6J2RS	0	HMP_2019_ibdmdb	44.0	male	IlluminaHiSeq	Chemagen	33364286.0	0	74	0	14	0.0
MSM79H6D	0	HMP_2019_ibdmdb	44.0	male	IlluminaHiSeq	Chemagen	40304364.0	1	113	1	14	0.0
MSM79H6F	0	HMP_2019_ibdmdb	44.0	male	IlluminaHiSeq	Chemagen	3542958.0	0	52	0	9	0.0
MSM79H6J	0	HMP_2019_ibdmdb	44.0	male	IlluminaHiSeq	Chemagen	32560122.0	0	105	1	14	0.0
MSM79H6H	0	HMP_2019_ibdmdb	44.0	male	IlluminaHiSeq	Chemagen	30365556.0	0	90	0	11	0.0
MSM79H6L	0	HMP_2019_ibdmdb	44.0	male	IlluminaHiSeq	Chemagen	31761566.0	0	92	0	11	0.0
MSM79H6N	0	HMP_2019_ibdmdb	44.0	male	IlluminaHiSeq	Chemagen	37571552.0	1	102	1	12	0.0
MSM79H9Y	0	HMP_2019_ibdmdb	44.0	male	IlluminaHiSeq	Chemagen	25788042.0	1	106	1	12	0.0
MSM79HA1	0	HMP_2019_ibdmdb	44.0	male	IlluminaHiSeq	Chemagen	39422114.0	0	105	0	12	0.0
MSM79HA3	0	HMP_2019_ibdmdb	44.0	male	IlluminaHiSeq	Chemagen	31866584.0	0	82	0	11	0.0
MSM79HA7	0	HMP_2019_ibdmdb	44.0	male	IlluminaHiSeq	Chemagen	31595534.0	0	96	0	14	0.0
MSM6J2PO	0	HMP_2019_ibdmdb	57.0	male	IlluminaHiSeq	Chemagen	16055356.0	0	57	0	6	0.0
MSM6J2PQ_P	0	HMP_2019_ibdmdb	57.0	male	IlluminaHiSeq	Chemagen	32900594.0	0	85	0	11	0.0
MSM6J2PS	0	HMP_2019_ibdmdb	57.0	male	IlluminaHiSeq	Chemagen	25613852.0	0	81	0	11	0.0
MSM6J2PU	0	HMP_2019_ibdmdb	57.0	male	IlluminaHiSeq	Chemagen	4243680.0	0	47	0	7	0.0
MSM6J2PW	0	HMP_2019_ibdmdb	57.0	male	IlluminaHiSeq	Chemagen	17819044.0	0	63	0	8	0.0
MSM79HC4	0	HMP_2019_ibdmdb	57.0	male	IlluminaHiSeq	Chemagen	26253554.0	0	77	0	9	0.0
MSM79HC8	0	HMP_2019_ibdmdb	57.0	male	IlluminaHiSeq	Chemagen	24142982.0	1	79	1	9	0.0
MSM79H7O	0	HMP_2019_ibdmdb	57.0	male	IlluminaHiSeq	Chemagen	26124322.0	0	79	0	10	0.0
MSM79H7Q	0	HMP_2019_ibdmdb	57.0	male	IlluminaHiSeq	Chemagen	29345362.0	0	87	0	9	0.0
MSM79H7W	0	HMP_2019_ibdmdb	57.0	male	IlluminaHiSeq	Chemagen	24815284.0	0	79	0	11	0.0
MSM79H7Y	0	HMP_2019_ibdmdb	57.0	male	IlluminaHiSeq	Chemagen	23622248.0	0	89	0	11	0.0
MSM9VZNH_TR	0	HMP_2019_ibdmdb	57.0	male	IlluminaHiSeq	Chemagen	17274480.0	1	68	1	7	0.0
MSM9VZNH	0	HMP_2019_ibdmdb	57.0	male	IlluminaHiSeq	Chemagen	24505234.0	1	75	1	9	0.0
MSM9VZNL	0	HMP_2019_ibdmdb	57.0	male	IlluminaHiSeq	Chemagen	20953436.0	0	83	0	10	0.0
MSM6J2Q1	0	HMP_2019_ibdmdb	28.0	male	IlluminaHiSeq	Chemagen	33179358.0	0	82	0	10	0.0
MSM6J2LW	0	HMP_2019_ibdmdb	28.0	male	IlluminaHiSeq	Chemagen	39439736.0	1	95	1	9	0.0
MSM6J2LY	0	HMP_2019_ibdmdb	28.0	male	IlluminaHiSeq	Chemagen	25551780.0	1	83	1	9	0.0
MSM6J2M3	0	HMP_2019_ibdmdb	28.0	male	IlluminaHiSeq	Chemagen	29478574.0	0	109	0	12	0.0
MSM6J2M3_P	0	HMP_2019_ibdmdb	28.0	male	IlluminaHiSeq	Chemagen	33218830.0	0	105	0	11	0.0
MSM79HBL	0	HMP_2019_ibdmdb	28.0	male	IlluminaHiSeq	Chemagen	29644084.0	0	64	0	10	0.0
MSM79HFW	0	HMP_2019_ibdmdb	28.0	male	IlluminaHiSeq	Chemagen	29881076.0	0	79	1	9	0.0
MSM79HFY	0	HMP_2019_ibdmdb	28.0	male	IlluminaHiSeq	Chemagen	30003550.0	0	83	0	10	0.0
MSM79H6Y	0	HMP_2019_ibdmdb	28.0	male	IlluminaHiSeq	Chemagen	11580110.0	0	75	0	10	0.0
MSM79HBB	0	HMP_2019_ibdmdb	28.0	male	IlluminaHiSeq	Chemagen	22916734.0	0	84	0	10	0.0
MSM79H52_P	0	HMP_2019_ibdmdb	62.0	female	IlluminaHiSeq	Chemagen	15608358.0	1	19	1	4	0.0
MSM79H54	0	HMP_2019_ibdmdb	62.0	female	IlluminaHiSeq	Chemagen	25767142.0	0	22	0	7	0.0
MSM79H58	0	HMP_2019_ibdmdb	62.0	female	IlluminaHiSeq	Chemagen	26047808.0	1	24	1	7	0.0
MSM79H5A	0	HMP_2019_ibdmdb	62.0	female	IlluminaHiSeq	Chemagen	23300102.0	0	21	0	7	0.0
MSM79H9A	0	HMP_2019_ibdmdb	62.0	female	IlluminaHiSeq	Chemagen	28727958.0	1	20	1	7	0.0
MSM79H9C	0	HMP_2019_ibdmdb	62.0	female	IlluminaHiSeq	Chemagen	25409840.0	1	20	1	6	0.0
MSM79H9G	0	HMP_2019_ibdmdb	62.0	female	IlluminaHiSeq	Chemagen	28319814.0	1	22	1	6	0.0
MSM79H9K	0	HMP_2019_ibdmdb	62.0	female	IlluminaHiSeq	Chemagen	23255754.0	1	25	1	6	0.0
MSM9VZF7	0	HMP_2019_ibdmdb	62.0	female	IlluminaHiSeq	Chemagen	36209998.0	0	24	0	6	0.0
MSM9VZFF	0	HMP_2019_ibdmdb	62.0	female	IlluminaHiSeq	Chemagen	28703574.0	1	26	1	6	0.0
MSM9VZFH	0	HMP_2019_ibdmdb	62.0	female	IlluminaHiSeq	Chemagen	27923652.0	1	26	1	7	0.0
MSM9VZPT	0	HMP_2019_ibdmdb	62.0	female	IlluminaHiSeq	Chemagen	29404688.0	1	25	1	5	0.0
MSM79H5E	0	HMP_2019_ibdmdb	56.0	male	IlluminaHiSeq	Chemagen	21065820.0	1	93	1	10	0.0
MSM79H5G	0	HMP_2019_ibdmdb	56.0	male	IlluminaHiSeq	Chemagen	23071960.0	0	88	0	9	0.0
MSM79H5K	0	HMP_2019_ibdmdb	56.0	male	IlluminaHiSeq	Chemagen	27552662.0	0	93	0	9	0.0
MSM79H5M	0	HMP_2019_ibdmdb	56.0	male	IlluminaHiSeq	Chemagen	31276176.0	1	98	1	10	0.0
MSM79H9M	0	HMP_2019_ibdmdb	56.0	male	IlluminaHiSeq	Chemagen	26700090.0	1	96	1	10	0.0
MSM79H9Q	0	HMP_2019_ibdmdb	56.0	male	IlluminaHiSeq	Chemagen	21371556.0	1	80	1	10	0.0
MSM79H9W	0	HMP_2019_ibdmdb	56.0	male	IlluminaHiSeq	Chemagen	26788176.0	1	96	1	10	0.0
MSM9VZGO	0	HMP_2019_ibdmdb	56.0	male	IlluminaHiSeq	Chemagen	23060148.0	1	96	1	12	0.0
MSM9VZGS	0	HMP_2019_ibdmdb	56.0	male	IlluminaHiSeq	Chemagen	17157228.0	1	90	1	15	0.0
MSM9VZGU	0	HMP_2019_ibdmdb	56.0	male	IlluminaHiSeq	Chemagen	20863596.0	1	80	1	11	0.0
MSM9VZLJ	0	HMP_2019_ibdmdb	56.0	male	IlluminaHiSeq	Chemagen	25965250.0	0	99	0	13	0.0
MSM9VZHB	0	HMP_2019_ibdmdb	56.0	male	IlluminaHiSeq	Chemagen	24399288.0	1	57	1	6	0.0
MSM9VZHF	0	HMP_2019_ibdmdb	56.0	male	IlluminaHiSeq	Chemagen	19125336.0	0	73	0	11	0.0
MSM79HCG	0	HMP_2019_ibdmdb	51.0	male	IlluminaHiSeq	Chemagen	36743544.0	0	49	1	6	0.0
MSM79HCI	0	HMP_2019_ibdmdb	51.0	male	IlluminaHiSeq	Chemagen	23687840.0	0	61	0	7	0.0
MSM79HCK	0	HMP_2019_ibdmdb	51.0	male	IlluminaHiSeq	Chemagen	21739666.0	0	61	0	8	0.0
MSM79HCN_P	0	HMP_2019_ibdmdb	51.0	male	IlluminaHiSeq	Chemagen	29306904.0	0	51	0	7	0.0
MSM79HCP	0	HMP_2019_ibdmdb	51.0	male	IlluminaHiSeq	Chemagen	28186742.0	0	75	0	8	0.0
MSM79HCR	0	HMP_2019_ibdmdb	51.0	male	IlluminaHiSeq	Chemagen	11041472.0	1	49	1	5	0.0
MSM79H81	0	HMP_2019_ibdmdb	51.0	male	IlluminaHiSeq	Chemagen	23630532.0	0	68	0	7	0.0
MSM79H83	0	HMP_2019_ibdmdb	51.0	male	IlluminaHiSeq	Chemagen	42083960.0	0	70	0	7	0.0
MSM79H85	0	HMP_2019_ibdmdb	51.0	male	IlluminaHiSeq	Chemagen	35025404.0	0	71	0	6	0.0
MSM79H87	0	HMP_2019_ibdmdb	51.0	male	IlluminaHiSeq	Chemagen	35589346.0	0	64	0	6	0.0
MSM79H89	0	HMP_2019_ibdmdb	51.0	male	IlluminaHiSeq	Chemagen	19827914.0	1	68	1	5	0.0
MSM79H8B	0	HMP_2019_ibdmdb	51.0	male	IlluminaHiSeq	Chemagen	22190280.0	0	64	0	9	0.0
MSM9VZOG	0	HMP_2019_ibdmdb	51.0	male	IlluminaHiSeq	Chemagen	36059710.0	0	70	0	8	0.0
MSM9VZOI	0	HMP_2019_ibdmdb	51.0	male	IlluminaHiSeq	Chemagen	22999872.0	1	47	1	7	0.0
MSM9VZOK	0	HMP_2019_ibdmdb	51.0	male	IlluminaHiSeq	Chemagen	13352352.0	0	63	0	5	0.0
MSM9VZOM	0	HMP_2019_ibdmdb	51.0	male	IlluminaHiSeq	Chemagen	24044316.0	0	63	0	6	0.0
MSM9VZOO	0	HMP_2019_ibdmdb	51.0	male	IlluminaHiSeq	Chemagen	20648460.0	1	41	1	4	0.0
MSM9VZOQ	0	HMP_2019_ibdmdb	51.0	male	IlluminaHiSeq	Chemagen	16904470.0	0	52	0	7	0.0
MSM9VZHJ	0	HMP_2019_ibdmdb	51.0	male	IlluminaHiSeq	Chemagen	18863648.0	0	53	0	9	0.0
MSM9VZHL	0	HMP_2019_ibdmdb	51.0	male	IlluminaHiSeq	Chemagen	10217370.0	0	50	0	9	0.0
MSM9VZHN	0	HMP_2019_ibdmdb	51.0	male	IlluminaHiSeq	Chemagen	32839398.0	0	58	0	9	0.0
MSM9VZHP	0	HMP_2019_ibdmdb	51.0	male	IlluminaHiSeq	Chemagen	18087350.0	0	61	0	10	0.0
MSM9VZHR	0	HMP_2019_ibdmdb	51.0	male	IlluminaHiSeq	Chemagen	22103870.0	1	57	1	10	0.0
MSM9VZHT	0	HMP_2019_ibdmdb	51.0	male	IlluminaHiSeq	Chemagen	15109940.0	0	57	0	7	0.0
MSM79H8D	0	HMP_2019_ibdmdb	61.0	male	IlluminaHiSeq	Chemagen	32780958.0	0	39	0	5	0.0
MSM79H8F	0	HMP_2019_ibdmdb	61.0	male	IlluminaHiSeq	Chemagen	25052080.0	0	15	0	1	0.0
MSM79H8H	0	HMP_2019_ibdmdb	61.0	male	IlluminaHiSeq	Chemagen	15437664.0	0	40	0	5	0.0
MSM79H8J_P	0	HMP_2019_ibdmdb	61.0	male	IlluminaHiSeq	Chemagen	57428098.0	0	46	0	6	0.0
MSM79H8L	0	HMP_2019_ibdmdb	61.0	male	IlluminaHiSeq	Chemagen	20942030.0	1	25	1	4	0.0
MSM79H8N	0	HMP_2019_ibdmdb	61.0	male	IlluminaHiSeq	Chemagen	28498338.0	0	35	0	4	0.0
MSM9VZJZ	0	HMP_2019_ibdmdb	61.0	male	IlluminaHiSeq	Chemagen	38142724.0	0	42	0	4	0.0
MSM9VZGW	0	HMP_2019_ibdmdb	61.0	male	IlluminaHiSeq	Chemagen	22706392.0	0	41	0	4	0.0
MSM9VZGY	0	HMP_2019_ibdmdb	61.0	male	IlluminaHiSeq	Chemagen	11620166.0	0	34	0	4	0.0
MSM9VZH7	0	HMP_2019_ibdmdb	61.0	male	IlluminaHiSeq	Chemagen	13110842.0	0	35	0	4	0.0
MSMAPC7J	0	HMP_2019_ibdmdb	61.0	male	IlluminaHiSeq	Chemagen	26744542.0	0	45	0	5	0.0
MSM79H94_P	0	HMP_2019_ibdmdb	32.0	female	IlluminaHiSeq	Chemagen	66179026.0	1	7	1	2	0.0
MSM9VZME	0	HMP_2019_ibdmdb	32.0	female	IlluminaHiSeq	Chemagen	21498516.0	1	10	1	1	0.0
MSM9VZMA_TR	0	HMP_2019_ibdmdb	32.0	female	IlluminaHiSeq	Chemagen	23124294.0	1	7	1	1	0.0
MSM9VZMA	0	HMP_2019_ibdmdb	32.0	female	IlluminaHiSeq	Chemagen	41343142.0	1	9	1	1	0.0
MSM9VZMC	0	HMP_2019_ibdmdb	32.0	female	IlluminaHiSeq	Chemagen	32309188.0	0	5	0	0	0.0
MSM9VZMI	0	HMP_2019_ibdmdb	32.0	female	IlluminaHiSeq	Chemagen	41900132.0	1	6	1	1	0.0
MSM9VZHX	0	HMP_2019_ibdmdb	32.0	female	IlluminaHiSeq	Chemagen	28801570.0	1	6	1	1	0.0
MSM9VZI2	0	HMP_2019_ibdmdb	32.0	female	IlluminaHiSeq	Chemagen	26164504.0	1	9	1	1	0.0
MSMAPC7P	0	HMP_2019_ibdmdb	32.0	female	IlluminaHiSeq	Chemagen	22023652.0	0	4	0	0	0.0
MSMAPC7R	0	HMP_2019_ibdmdb	32.0	female	IlluminaHiSeq	Chemagen	22115668.0	0	7	0	0	0.0
MSMAPC7T	0	HMP_2019_ibdmdb	32.0	female	IlluminaHiSeq	Chemagen	22414916.0	0	7	0	1	0.0
MSMB4LZC	0	HMP_2019_ibdmdb	32.0	female	IlluminaHiSeq	Chemagen	15506260.0	1	11	1	3	0.0
MSM9VZFJ_P	0	HMP_2019_ibdmdb	29.0	male	IlluminaHiSeq	Chemagen	33617016.0	1	35	1	6	0.0
MSM9VZFL	0	HMP_2019_ibdmdb	29.0	male	IlluminaHiSeq	Chemagen	22166840.0	0	37	0	5	0.0
MSM9VZFN	0	HMP_2019_ibdmdb	29.0	male	IlluminaHiSeq	Chemagen	21839296.0	1	33	1	5	0.0
MSM9VZFR	0	HMP_2019_ibdmdb	29.0	male	IlluminaHiSeq	Chemagen	28944008.0	1	30	1	5	0.0
MSM9VZFT	0	HMP_2019_ibdmdb	29.0	male	IlluminaHiSeq	Chemagen	20853324.0	0	35	0	6	0.0
MSM9VZKC	0	HMP_2019_ibdmdb	29.0	male	IlluminaHiSeq	Chemagen	17875530.0	1	32	1	5	0.0
MSM9VZKE	0	HMP_2019_ibdmdb	29.0	male	IlluminaHiSeq	Chemagen	29557144.0	0	38	0	6	0.0
MSM9VZKI	0	HMP_2019_ibdmdb	29.0	male	IlluminaHiSeq	Chemagen	27111760.0	0	33	0	7	0.0
MSMA26BN	0	HMP_2019_ibdmdb	29.0	male	IlluminaHiSeq	Chemagen	27132030.0	0	36	0	7	0.0
MSMA26BR	0	HMP_2019_ibdmdb	29.0	male	IlluminaHiSeq	Chemagen	15512728.0	0	36	0	7	0.0
MSMA26BT	0	HMP_2019_ibdmdb	29.0	male	IlluminaHiSeq	Chemagen	31239776.0	0	30	0	5	0.0
MSMA26BV	0	HMP_2019_ibdmdb	29.0	male	IlluminaHiSeq	Chemagen	15409294.0	0	36	0	6	0.0
MSMA26BX	0	HMP_2019_ibdmdb	29.0	male	IlluminaHiSeq	Chemagen	21271110.0	0	31	0	6	0.0
MSMB4LZ8	0	HMP_2019_ibdmdb	29.0	male	IlluminaHiSeq	Chemagen	22275938.0	1	42	1	7	0.0
MSM9VZMM	0	HMP_2019_ibdmdb	23.0	female	IlluminaHiSeq	Chemagen	43479636.0	0	40	0	4	0.0
MSM9VZMO	0	HMP_2019_ibdmdb	23.0	female	IlluminaHiSeq	Chemagen	21108606.0	1	52	1	7	0.0
MSM9VZMS	0	HMP_2019_ibdmdb	23.0	female	IlluminaHiSeq	Chemagen	23629514.0	0	60	0	8	0.0
MSM9VZMU	0	HMP_2019_ibdmdb	23.0	female	IlluminaHiSeq	Chemagen	33976032.0	0	59	0	9	0.0
MSM9VZMW	0	HMP_2019_ibdmdb	23.0	female	IlluminaHiSeq	Chemagen	22651024.0	1	65	1	8	0.0
MSM9VZL7	0	HMP_2019_ibdmdb	23.0	female	IlluminaHiSeq	Chemagen	18523482.0	0	55	0	6	0.0
MSM9VZL9	0	HMP_2019_ibdmdb	23.0	female	IlluminaHiSeq	Chemagen	28619848.0	1	71	1	7	0.0
MSM9VZLB	0	HMP_2019_ibdmdb	23.0	female	IlluminaHiSeq	Chemagen	34187572.0	0	67	0	8	0.0
MSM9VZLD	0	HMP_2019_ibdmdb	23.0	female	IlluminaHiSeq	Chemagen	17466476.0	0	54	0	7	0.0
MSM9VZLF	0	HMP_2019_ibdmdb	23.0	female	IlluminaHiSeq	Chemagen	17864026.0	0	63	0	9	0.0
MSM9VZLH	0	HMP_2019_ibdmdb	23.0	female	IlluminaHiSeq	Chemagen	18813066.0	0	65	0	9	0.0
MSMA26BB	0	HMP_2019_ibdmdb	23.0	female	IlluminaHiSeq	Chemagen	32503014.0	0	71	0	10	0.0
MSMA26BD	0	HMP_2019_ibdmdb	23.0	female	IlluminaHiSeq	Chemagen	18725986.0	0	56	0	7	0.0
MSMA26BF	0	HMP_2019_ibdmdb	23.0	female	IlluminaHiSeq	Chemagen	21301456.0	0	59	0	7	0.0
MSMA26BH	0	HMP_2019_ibdmdb	23.0	female	IlluminaHiSeq	Chemagen	20401582.0	0	59	0	7	0.0
MSMA26BJ	0	HMP_2019_ibdmdb	23.0	female	IlluminaHiSeq	Chemagen	20859020.0	0	67	0	11	0.0
MSMA26BL	0	HMP_2019_ibdmdb	23.0	female	IlluminaHiSeq	Chemagen	26293024.0	1	37	1	6	0.0
MSMAPC6K	0	HMP_2019_ibdmdb	23.0	female	IlluminaHiSeq	Chemagen	31372072.0	1	78	1	9	0.0
MSMAPC6M	0	HMP_2019_ibdmdb	23.0	female	IlluminaHiSeq	Chemagen	22645322.0	0	66	0	8	0.0
MSMAPC6O	0	HMP_2019_ibdmdb	23.0	female	IlluminaHiSeq	Chemagen	19516472.0	0	68	0	9	0.0
MSMB4LZX	0	HMP_2019_ibdmdb	23.0	female	IlluminaHiSeq	Chemagen	15844146.0	0	68	0	9	0.0
MSM9VZL5	0	HMP_2019_ibdmdb	21.0	male	IlluminaHiSeq	Chemagen	34352378.0	0	56	0	6	0.0
MSMA26DM	0	HMP_2019_ibdmdb	21.0	male	IlluminaHiSeq	Chemagen	31053250.0	1	53	1	6	0.0
MSMA26DG	0	HMP_2019_ibdmdb	21.0	male	IlluminaHiSeq	Chemagen	14547070.0	0	28	0	3	0.0
MSMA26DI	0	HMP_2019_ibdmdb	21.0	male	IlluminaHiSeq	Chemagen	25784504.0	0	55	0	7	0.0
MSMA26DO	0	HMP_2019_ibdmdb	21.0	male	IlluminaHiSeq	Chemagen	31305408.0	0	48	0	6	0.0
MSMA26DK	0	HMP_2019_ibdmdb	21.0	male	IlluminaHiSeq	Chemagen	32118896.0	0	51	0	7	0.0
MSMAPC5H	0	HMP_2019_ibdmdb	21.0	male	IlluminaHiSeq	Chemagen	20114200.0	0	43	0	6	0.0
MSMAPC5L	0	HMP_2019_ibdmdb	21.0	male	IlluminaHiSeq	Chemagen	25287712.0	0	47	0	5	0.0
MSMB4LXW	0	HMP_2019_ibdmdb	21.0	male	IlluminaHiSeq	Chemagen	13371276.0	1	45	1	5	0.0
MSMB4LZK	0	HMP_2019_ibdmdb	21.0	male	IlluminaHiSeq	Chemagen	29934234.0	1	21	1	4	0.0
PSM6XBW3	0	HMP_2019_ibdmdb	17.0	female	IlluminaHiSeq	Chemagen	6211160.0	1	2	1	0	0.0
PSM7J1A2	0	HMP_2019_ibdmdb	17.0	female	IlluminaHiSeq	Chemagen	12823118.0	1	3	1	0	0.0
PSM7J1A4	0	HMP_2019_ibdmdb	17.0	female	IlluminaHiSeq	Chemagen	14634270.0	1	23	1	2	0.0
PSM7J1A8	0	HMP_2019_ibdmdb	17.0	female	IlluminaHiSeq	Chemagen	26324772.0	1	4	1	0	0.0
PSM7J17V	0	HMP_2019_ibdmdb	17.0	female	IlluminaHiSeq	Chemagen	17755242.0	1	7	1	1	0.0
PSM7J17X	0	HMP_2019_ibdmdb	17.0	female	IlluminaHiSeq	Chemagen	6072764.0	1	8	1	1	0.0
PSM7J17Z	0	HMP_2019_ibdmdb	17.0	female	IlluminaHiSeq	Chemagen	23571142.0	1	11	1	1	0.0
PSM7J182	0	HMP_2019_ibdmdb	17.0	female	IlluminaHiSeq	Chemagen	29075268.0	1	12	1	1	0.0
PSM7J184	0	HMP_2019_ibdmdb	17.0	female	IlluminaHiSeq	Chemagen	25308676.0	1	10	1	1	0.0
PSM7J186	0	HMP_2019_ibdmdb	17.0	female	IlluminaHiSeq	Chemagen	18183644.0	1	11	1	1	0.0
PSM7J15K	0	HMP_2019_ibdmdb	17.0	female	IlluminaHiSeq	Chemagen	15304684.0	1	11	1	1	0.0
PSM7J15M	0	HMP_2019_ibdmdb	17.0	female	IlluminaHiSeq	Chemagen	10360428.0	1	11	1	1	0.0
PSM7J15O	0	HMP_2019_ibdmdb	17.0	female	IlluminaHiSeq	Chemagen	14652730.0	1	11	1	2	0.0
PSM7J15Q	0	HMP_2019_ibdmdb	17.0	female	IlluminaHiSeq	Chemagen	17897654.0	1	11	1	2	0.0
PSM7J15S	0	HMP_2019_ibdmdb	17.0	female	IlluminaHiSeq	Chemagen	22262000.0	1	10	1	1	0.0
PSM7J15U	0	HMP_2019_ibdmdb	17.0	female	IlluminaHiSeq	Chemagen	9405068.0	1	11	1	1	0.0
PSMA265D	0	HMP_2019_ibdmdb	17.0	female	IlluminaHiSeq	Chemagen	24614304.0	1	11	1	1	0.0
PSMA265F	0	HMP_2019_ibdmdb	17.0	female	IlluminaHiSeq	Chemagen	16093724.0	1	8	1	1	0.0
PSMA265L	0	HMP_2019_ibdmdb	17.0	female	IlluminaHiSeq	Chemagen	25200626.0	1	11	1	2	0.0
PSMA265J_TR	0	HMP_2019_ibdmdb	17.0	female	IlluminaHiSeq	Chemagen	30345188.0	0	10	0	3	0.0
PSMA265J	0	HMP_2019_ibdmdb	17.0	female	IlluminaHiSeq	Chemagen	30345188.0	0	10	0	3	0.0
PSMA265H	0	HMP_2019_ibdmdb	17.0	female	IlluminaHiSeq	Chemagen	13467738.0	1	11	1	3	0.0
CM_A01_M0_18	1	CM_ethiopia	30.0	female	IlluminaHiSeq	Qiagen	47669482.0	0	307	0	25	0.0
CM_A04_M0_18	1	CM_ethiopia	37.0	female	IlluminaHiSeq	Qiagen	43507386.0	0	181	1	24	0.0
CM_A06_M0_18	1	CM_ethiopia	30.0	female	IlluminaHiSeq	Qiagen	39465507.0	0	309	1	31	0.0
CM_D02_M0_18	1	CM_ethiopia	25.0	female	IlluminaHiSeq	Qiagen	46205805.0	1	330	3	28	0.0
CM_D03_M0_18	1	CM_ethiopia	25.0	female	IlluminaHiSeq	Qiagen	50733000.0	0	344	1	31	0.0
CM_D04_M0_18	1	CM_ethiopia	28.0	female	IlluminaHiSeq	Qiagen	50028307.0	0	332	1	28	0.0
CM_D05_M0_18	1	CM_ethiopia	45.0	female	IlluminaHiSeq	Qiagen	92136650.0	1	290	2	28	0.0
CM_D06_M0_18	1	CM_ethiopia	35.0	female	IlluminaHiSeq	Qiagen	52030125.0	0	325	3	33	0.0
CM_D07_M0_18	1	CM_ethiopia	22.0	female	IlluminaHiSeq	Qiagen	79634124.0	1	319	2	35	0.0
CM_D08_M0_18	1	CM_ethiopia	22.0	female	IlluminaHiSeq	Qiagen	41158910.0	0	327	0	33	0.0
CM_D09_M0_18	1	CM_ethiopia	27.0	female	IlluminaHiSeq	Qiagen	38753031.0	1	226	4	27	0.0
CM_D10_M0_18	1	CM_ethiopia	25.0	female	IlluminaHiSeq	Qiagen	91253395.0	1	355	2	31	0.0
CM_D11_M0_18	1	CM_ethiopia	25.0	female	IlluminaHiSeq	Qiagen	73484432.0	0	277	1	32	0.0
CM_D13_M0_18	1	CM_ethiopia	26.0	female	IlluminaHiSeq	Qiagen	46226513.0	1	66	2	13	0.0
CM_D15_M0_18	1	CM_ethiopia	28.0	female	IlluminaHiSeq	Qiagen	48938485.0	0	310	1	27	0.0
CM_D24_M0_18	1	CM_ethiopia	25.0	female	IlluminaHiSeq	Qiagen	61620106.0	0	236	0	24	0.0
CM_D26_M0_18	1	CM_ethiopia	30.0	female	IlluminaHiSeq	Qiagen	59708958.0	1	250	2	24	0.0
CM_D33_M0_18	1	CM_ethiopia	27.0	female	IlluminaHiSeq	Qiagen	34064412.0	1	265	2	26	0.0
CM_D39_M0_18	1	CM_ethiopia	28.0	female	IlluminaHiSeq	Qiagen	54333283.0	0	316	0	32	0.0
CM_D40_M0_18	1	CM_ethiopia	26.0	female	IlluminaHiSeq	Qiagen	51985432.0	0	327	1	31	0.0
CM_D43_M0_18	1	CM_ethiopia	42.0	female	IlluminaHiSeq	Qiagen	60613988.0	1	53	4	8	0.0
CM_D48_M0_18	1	CM_ethiopia	40.0	female	IlluminaHiSeq	Qiagen	45731318.0	0	215	2	20	0.0
CM_D50_M0_18	1	CM_ethiopia	27.0	female	IlluminaHiSeq	Qiagen	71121821.0	1	353	2	33	0.0
CA03	0	SankaranarayananK_2015	27.0	female	IlluminaHiSeq	MoBio	54875512.0	1	106	1	12	0.0
CA04	0	SankaranarayananK_2015	30.0	male	IlluminaHiSeq	MoBio	46594820.0	0	109	0	11	0.0
CA06	0	SankaranarayananK_2015	51.0	female	IlluminaHiSeq	MoBio	45694050.0	1	24	1	4	0.0
CA08	0	SankaranarayananK_2015	33.0	female	IlluminaHiSeq	MoBio	29005936.0	1	22	1	2	0.0
CA14	0	SankaranarayananK_2015	21.0	male	IlluminaHiSeq	MoBio	47942068.0	0	56	0	8	0.0
CA19	0	SankaranarayananK_2015	68.0	female	IlluminaHiSeq	MoBio	44425834.0	1	17	1	3	0.0
CA20	0	SankaranarayananK_2015	54.0	female	IlluminaHiSeq	MoBio	42655360.0	1	80	1	10	0.0
CA38	0	SankaranarayananK_2015	29.0	female	IlluminaHiSeq	MoBio	50874934.0	1	21	1	3	0.0
CA41	0	SankaranarayananK_2015	55.0	female	IlluminaHiSeq	MoBio	24097686.0	0	76	1	11	0.0
TZ_81781	1	SmitsSA_2017	40.0	female	IlluminaHiSeq	unknown	3058700.0	0	108	0	14	0.0
TZ_42864	1	SmitsSA_2017	35.0	male	IlluminaHiSeq	unknown	2730714.0	1	161	1	17	0.0
TZ_76219	1	SmitsSA_2017	40.0	male	IlluminaHiSeq	unknown	3107754.0	0	161	0	16	0.0
TZ_70090	1	SmitsSA_2017	55.0	female	IlluminaHiSeq	unknown	2534759.0	0	145	0	16	0.0
TZ_24827	1	SmitsSA_2017	49.0	female	IlluminaHiSeq	unknown	4415841.0	0	141	0	17	0.0
TZ_12739	1	SmitsSA_2017	48.0	female	IlluminaHiSeq	unknown	3231702.0	1	119	1	15	0.0
TZ_39371	1	SmitsSA_2017	40.0	male	IlluminaHiSeq	unknown	3327385.0	0	163	0	13	0.0
TZ_83627	1	SmitsSA_2017	55.0	female	IlluminaHiSeq	unknown	4333880.0	0	219	0	19	0.0
TZ_60579	1	SmitsSA_2017	35.0	male	IlluminaHiSeq	unknown	4533526.0	0	204	0	17	0.0
TZ_86771	1	SmitsSA_2017	32.0	male	IlluminaHiSeq	unknown	3988200.0	0	123	0	12	0.0
TZ_90808	1	SmitsSA_2017	33.0	male	IlluminaHiSeq	unknown	10427584.0	0	223	0	19	0.0
TZ_16581	1	SmitsSA_2017	48.0	female	IlluminaHiSeq	unknown	2552808.0	0	152	0	14	0.0
TZ_27689	1	SmitsSA_2017	30.0	male	IlluminaHiSeq	unknown	5682209.0	0	213	0	19	0.0
TZ_83985	1	SmitsSA_2017	49.0	female	IlluminaHiSeq	unknown	2633890.0	0	132	0	17	0.0
TZ_25806	1	SmitsSA_2017	40.0	male	IlluminaHiSeq	unknown	2111411.0	0	162	0	15	0.0
TZ_43638	1	SmitsSA_2017	35.0	male	IlluminaHiSeq	unknown	3825493.0	0	191	0	17	0.0
SID31021	0	FengQ_2015	60.0	female	IlluminaHiSeq	MoBio	60789126.0	0	65	0	8	0.0
SID31267	0	FengQ_2015	67.0	male	IlluminaHiSeq	MoBio	51827763.0	1	139	1	14	0.0
SID31333	0	FengQ_2015	68.0	male	IlluminaHiSeq	MoBio	56964025.0	0	101	0	10	0.0
SID31452	0	FengQ_2015	66.0	female	IlluminaHiSeq	MoBio	52825648.0	1	110	1	14	0.0
SID31519	0	FengQ_2015	65.0	male	IlluminaHiSeq	MoBio	47430300.0	1	108	1	11	0.0
SID31723	0	FengQ_2015	69.0	female	IlluminaHiSeq	MoBio	50461698.0	1	60	1	7	0.0
SID530074	0	FengQ_2015	68.0	female	IlluminaHiSeq	MoBio	44680548.0	0	28	0	3	0.0
SID530177	0	FengQ_2015	71.0	female	IlluminaHiSeq	MoBio	50250060.0	0	67	0	7	0.0
SID530258	0	FengQ_2015	65.0	male	IlluminaHiSeq	MoBio	48219384.0	0	79	0	5	0.0
SID530295	0	FengQ_2015	70.0	female	IlluminaHiSeq	MoBio	58306781.0	1	150	1	18	0.0
SID530331	0	FengQ_2015	70.0	male	IlluminaHiSeq	MoBio	46063675.0	1	98	1	10	0.0
SID530394	0	FengQ_2015	67.0	female	IlluminaHiSeq	MoBio	66594047.0	1	91	1	6	0.0
SID530444	0	FengQ_2015	62.0	female	IlluminaHiSeq	MoBio	50926725.0	0	82	0	10	0.0
SID531414	0	FengQ_2015	46.0	male	IlluminaHiSeq	MoBio	54863689.0	0	57	1	6	0.0
SID532802	0	FengQ_2015	68.0	male	IlluminaHiSeq	MoBio	41480415.0	1	120	1	16	0.0
SID532915	0	FengQ_2015	43.0	female	IlluminaHiSeq	MoBio	51594677.0	1	113	1	16	0.0
SAMD00115015	0	YachidaS_2019	65.0	male	IlluminaHiSeq	unknown	53354508.0	1	14	1	2	0.0
SAMD00115025	0	YachidaS_2019	40.0	male	IlluminaHiSeq	unknown	44355082.0	0	47	0	8	0.0
SAMD00115027	0	YachidaS_2019	67.0	female	IlluminaHiSeq	unknown	51664530.0	0	48	0	2	0.0
SAMD00114971	0	YachidaS_2019	77.0	male	IlluminaHiSeq	unknown	41373138.0	0	49	0	8	0.0
SAMD00114968	0	YachidaS_2019	64.0	female	IlluminaHiSeq	unknown	58630590.0	1	18	1	2	0.0
SAMD00114970	0	YachidaS_2019	66.0	female	IlluminaHiSeq	unknown	56880756.0	1	13	1	2	0.0
SAMD00115016	0	YachidaS_2019	66.0	female	IlluminaHiSeq	unknown	53721284.0	1	18	1	4	0.0
SAMD00115017	0	YachidaS_2019	66.0	female	IlluminaHiSeq	unknown	14386194.0	1	42	1	10	0.0
SAMD00115019	0	YachidaS_2019	65.0	male	IlluminaHiSeq	unknown	59909810.0	0	45	0	8	0.0
SAMD00115023	0	YachidaS_2019	77.0	female	IlluminaHiSeq	unknown	53530490.0	1	66	1	8	0.0
SAMD00114973	0	YachidaS_2019	65.0	male	IlluminaHiSeq	unknown	67261062.0	0	51	0	8	0.0
SAMD00115018	0	YachidaS_2019	59.0	male	IlluminaHiSeq	unknown	65036026.0	1	73	1	11	0.0
SAMD00115022	0	YachidaS_2019	73.0	female	IlluminaHiSeq	unknown	56154694.0	1	17	1	3	0.0
SAMD00114997	0	YachidaS_2019	74.0	male	IlluminaHiSeq	unknown	55367955.0	1	7	1	1	0.0
SAMD00115032	0	YachidaS_2019	79.0	female	IlluminaHiSeq	unknown	57373182.0	1	29	1	4	0.0
SAMD00114998	0	YachidaS_2019	70.0	male	IlluminaHiSeq	unknown	49149970.0	1	18	1	3	0.0
SAMD00114995	0	YachidaS_2019	66.0	female	IlluminaHiSeq	unknown	50935818.0	0	136	0	16	0.0
SAMD00114996	0	YachidaS_2019	72.0	female	IlluminaHiSeq	unknown	51547602.0	0	49	0	6	0.0
SAMD00115033	0	YachidaS_2019	70.0	male	IlluminaHiSeq	unknown	46308278.0	0	11	0	0	0.0
SAMD00114736	0	YachidaS_2019	55.0	female	IlluminaHiSeq	unknown	43835402.0	1	12	1	4	0.0
SAMD00114745	0	YachidaS_2019	50.0	male	IlluminaHiSeq	unknown	28652686.0	1	19	2	2	0.0
SAMD00114747	0	YachidaS_2019	65.0	male	IlluminaHiSeq	unknown	57497470.0	0	57	0	4	0.0
SAMD00114832	0	YachidaS_2019	77.0	female	IlluminaHiSeq	unknown	40953668.0	0	74	0	7	0.0
SAMD00114741	0	YachidaS_2019	78.0	female	IlluminaHiSeq	unknown	75890344.0	0	58	0	7	0.0
SAMD00114833	0	YachidaS_2019	59.0	female	IlluminaHiSeq	unknown	38204316.0	0	51	0	6	0.0
SAMD00114757	0	YachidaS_2019	61.0	male	IlluminaHiSeq	unknown	64105400.0	0	36	0	5	0.0
SAMD00114834	0	YachidaS_2019	76.0	male	IlluminaHiSeq	unknown	40112171.0	0	15	0	4	0.0
SAMD00114815	0	YachidaS_2019	68.0	male	IlluminaHiSeq	unknown	35589834.0	1	1	1	0	0.0
SAMD00114974	0	YachidaS_2019	71.0	female	IlluminaHiSeq	unknown	54696311.0	1	45	1	5	0.0
SAMD00114979	0	YachidaS_2019	49.0	female	IlluminaHiSeq	unknown	57805020.0	1	76	1	6	0.0
SAMD00114769	0	YachidaS_2019	71.0	male	IlluminaHiSeq	unknown	54530440.0	0	90	0	10	0.0
SAMD00114770	0	YachidaS_2019	73.0	male	IlluminaHiSeq	unknown	78080141.0	1	132	1	11	0.0
SAMD00114771	0	YachidaS_2019	77.0	male	IlluminaHiSeq	unknown	34556990.0	1	51	1	6	0.0
SAMD00114975	0	YachidaS_2019	70.0	male	IlluminaHiSeq	unknown	53365044.0	1	80	1	8	0.0
SAMD00114773	0	YachidaS_2019	78.0	female	IlluminaHiSeq	unknown	39030582.0	1	96	1	9	0.0
SAMD00114718	0	YachidaS_2019	68.0	male	IlluminaHiSeq	unknown	84641274.0	1	15	1	2	0.0
SAMD00114976	0	YachidaS_2019	70.0	male	IlluminaHiSeq	unknown	50778298.0	1	114	1	10	0.0
SAMD00114977	0	YachidaS_2019	66.0	male	IlluminaHiSeq	unknown	64633338.0	1	12	1	2	0.0
SAMD00114719	0	YachidaS_2019	60.0	male	IlluminaHiSeq	unknown	47470646.0	0	118	0	9	0.0
SAMD00114720	0	YachidaS_2019	66.0	male	IlluminaHiSeq	unknown	35960640.0	1	17	1	2	0.0
SAMD00114721	0	YachidaS_2019	72.0	male	IlluminaHiSeq	unknown	63387808.0	1	41	1	7	0.0
SAMD00114984	0	YachidaS_2019	62.0	female	IlluminaHiSeq	unknown	43677986.0	1	28	1	7	0.0
SAMD00114800	0	YachidaS_2019	74.0	male	IlluminaHiSeq	unknown	74972038.0	1	31	1	4	0.0
SAMD00114982	0	YachidaS_2019	64.0	female	IlluminaHiSeq	unknown	41304672.0	1	2	1	0	0.0
SAMD00114795	0	YachidaS_2019	47.0	male	IlluminaHiSeq	unknown	48706320.0	1	29	1	3	0.0
SAMD00114986	0	YachidaS_2019	67.0	female	IlluminaHiSeq	unknown	54471736.0	1	74	1	9	0.0
SAMD00114796	0	YachidaS_2019	42.0	male	IlluminaHiSeq	unknown	80340550.0	1	17	1	3	0.0
SAMD00114987	0	YachidaS_2019	69.0	male	IlluminaHiSeq	unknown	52710810.0	0	42	0	5	0.0
SAMD00114798	0	YachidaS_2019	45.0	male	IlluminaHiSeq	unknown	28071775.0	1	7	1	0	0.0
SAMD00114989	0	YachidaS_2019	76.0	female	IlluminaHiSeq	unknown	66297122.0	1	99	1	11	0.0
SAMD00114990	0	YachidaS_2019	68.0	male	IlluminaHiSeq	unknown	46641772.0	1	61	1	8	0.0
SAMD00114991	0	YachidaS_2019	69.0	female	IlluminaHiSeq	unknown	52504830.0	1	48	1	6	0.0
SAMD00114992	0	YachidaS_2019	62.0	female	IlluminaHiSeq	unknown	34585294.0	1	11	1	3	0.0
SAMD00114780	0	YachidaS_2019	77.0	female	IlluminaHiSeq	unknown	27797116.0	1	39	1	6	0.0
SAMD00114781	0	YachidaS_2019	64.0	male	IlluminaHiSeq	unknown	28408932.0	1	66	1	9	0.0
SAMD00114994	0	YachidaS_2019	44.0	male	IlluminaHiSeq	unknown	36042754.0	1	8	1	1	0.0
SAMD00114778	0	YachidaS_2019	59.0	female	IlluminaHiSeq	unknown	33340404.0	1	44	1	4	0.0
SAMD00114779	0	YachidaS_2019	68.0	male	IlluminaHiSeq	unknown	53658766.0	1	84	1	9	0.0
SAMD00114730	0	YachidaS_2019	75.0	female	IlluminaHiSeq	unknown	69990810.0	0	46	0	4	0.0
SAMD00115001	0	YachidaS_2019	70.0	male	IlluminaHiSeq	unknown	44449006.0	1	27	1	4	0.0
SAMD00114734	0	YachidaS_2019	72.0	male	IlluminaHiSeq	unknown	83428881.0	1	94	1	11	0.0
SAMD00115002	0	YachidaS_2019	75.0	male	IlluminaHiSeq	unknown	50950006.0	1	15	1	1	0.0
SAMD00115003	0	YachidaS_2019	76.0	male	IlluminaHiSeq	unknown	39986902.0	1	23	1	2	0.0
SAMD00115004	0	YachidaS_2019	45.0	female	IlluminaHiSeq	unknown	33296436.0	0	53	0	4	0.0
SAMD00114789	0	YachidaS_2019	58.0	female	IlluminaHiSeq	unknown	71692730.0	0	50	0	6	0.0
SAMD00114791	0	YachidaS_2019	62.0	female	IlluminaHiSeq	unknown	58876212.0	0	81	0	6	0.0
SAMD00114792	0	YachidaS_2019	67.0	female	IlluminaHiSeq	unknown	101364988.0	0	64	0	6	0.0
SAMD00114783	0	YachidaS_2019	50.0	female	IlluminaHiSeq	unknown	41692181.0	1	17	1	5	0.0
SAMD00114784	0	YachidaS_2019	60.0	female	IlluminaHiSeq	unknown	31034600.0	1	16	1	2	0.0
SAMD00115008	0	YachidaS_2019	76.0	male	IlluminaHiSeq	unknown	52986931.0	0	103	0	10	0.0
SAMD00114785	0	YachidaS_2019	71.0	female	IlluminaHiSeq	unknown	43669098.0	0	64	0	7	0.0
SAMD00115009	0	YachidaS_2019	76.0	male	IlluminaHiSeq	unknown	48805992.0	0	74	0	9	0.0
SAMD00115005	0	YachidaS_2019	66.0	male	IlluminaHiSeq	unknown	53510454.0	0	20	0	2	0.0
SAMD00115012	0	YachidaS_2019	74.0	male	IlluminaHiSeq	unknown	45194380.0	0	36	0	4	0.0
SAMD00114819	0	YachidaS_2019	74.0	male	IlluminaHiSeq	unknown	31669124.0	1	14	1	1	0.0
SAMD00114807	0	YachidaS_2019	76.0	female	IlluminaHiSeq	unknown	46442310.0	1	54	1	6	0.0
SAMD00114809	0	YachidaS_2019	47.0	female	IlluminaHiSeq	unknown	42939262.0	0	51	0	4	0.0
SAMD00114812	0	YachidaS_2019	71.0	male	IlluminaHiSeq	unknown	42177158.0	1	69	1	9	0.0
SAMD00114829	0	YachidaS_2019	65.0	female	IlluminaHiSeq	unknown	49772576.0	0	60	0	3	0.0
SAMD00114830	0	YachidaS_2019	78.0	male	IlluminaHiSeq	unknown	42579228.0	0	38	0	3	0.0
SAMD00114862	0	YachidaS_2019	78.0	male	IlluminaHiSeq	unknown	45454146.0	0	56	0	6	0.0
SAMD00114858	0	YachidaS_2019	67.0	male	IlluminaHiSeq	unknown	40354362.0	1	24	1	2	0.0
SAMD00114824	0	YachidaS_2019	52.0	male	IlluminaHiSeq	unknown	44008140.0	1	2	1	0	0.0
SAMD00114818	0	YachidaS_2019	71.0	male	IlluminaHiSeq	unknown	36478210.0	1	57	1	6	0.0
SAMD00114842	0	YachidaS_2019	76.0	female	IlluminaHiSeq	unknown	37763014.0	0	28	0	4	0.0
SAMD00114843	0	YachidaS_2019	53.0	female	IlluminaHiSeq	unknown	33366300.0	1	114	1	12	0.0
SAMD00114845	0	YachidaS_2019	55.0	male	IlluminaHiSeq	unknown	38147148.0	1	44	1	2	0.0
SAMD00114850	0	YachidaS_2019	41.0	female	IlluminaHiSeq	unknown	35694450.0	1	42	1	3	0.0
SAMD00114865	0	YachidaS_2019	45.0	male	IlluminaHiSeq	unknown	34808755.0	1	4	1	0	0.0
SAMD00114867	0	YachidaS_2019	61.0	female	IlluminaHiSeq	unknown	33452532.0	0	41	0	2	0.0
SAMD00114869	0	YachidaS_2019	66.0	female	IlluminaHiSeq	unknown	37224994.0	1	11	1	3	0.0
SAMD00114854	0	YachidaS_2019	78.0	male	IlluminaHiSeq	unknown	44657574.0	1	5	1	0	0.0
SAMD00114859	0	YachidaS_2019	75.0	female	IlluminaHiSeq	unknown	40695554.0	1	63	1	7	0.0
SAMD00114837	0	YachidaS_2019	51.0	male	IlluminaHiSeq	unknown	35637906.0	0	3	0	0	0.0
SAMD00114838	0	YachidaS_2019	54.0	male	IlluminaHiSeq	unknown	33396206.0	1	37	1	3	0.0
SAMD00114860	0	YachidaS_2019	61.0	male	IlluminaHiSeq	unknown	41851148.0	0	40	0	6	0.0
SAMD00114926	0	YachidaS_2019	73.0	female	IlluminaHiSeq	unknown	45600382.0	1	67	1	7	0.0
SAMD00114888	0	YachidaS_2019	63.0	male	IlluminaHiSeq	unknown	40080926.0	1	52	1	7	0.0
SAMD00114889	0	YachidaS_2019	60.0	male	IlluminaHiSeq	unknown	40372512.0	1	9	1	2	0.0
SAMD00114872	0	YachidaS_2019	62.0	female	IlluminaHiSeq	unknown	40432928.0	1	7	1	0	0.0
SAMD00114873	0	YachidaS_2019	57.0	male	IlluminaHiSeq	unknown	41668918.0	1	55	1	8	0.0
SAMD00114938	0	YachidaS_2019	76.0	male	IlluminaHiSeq	unknown	36826545.0	1	43	1	7	0.0
SAMD00114929	0	YachidaS_2019	40.0	male	IlluminaHiSeq	unknown	41226174.0	0	7	0	0	0.0
SAMD00114874	0	YachidaS_2019	76.0	male	IlluminaHiSeq	unknown	42066421.0	1	34	1	4	0.0
SAMD00114932	0	YachidaS_2019	69.0	male	IlluminaHiSeq	unknown	39757652.0	1	25	1	1	0.0
SAMD00114940	0	YachidaS_2019	76.0	male	IlluminaHiSeq	unknown	79753094.0	0	3	0	4	0.0
SAMD00114895	0	YachidaS_2019	49.0	female	IlluminaHiSeq	unknown	40634557.0	1	75	1	9	0.0
SAMD00114876	0	YachidaS_2019	73.0	male	IlluminaHiSeq	unknown	43778130.0	0	57	0	9	0.0
SAMD00114942	0	YachidaS_2019	46.0	female	IlluminaHiSeq	unknown	34714564.0	0	16	0	1	0.0
SAMD00114898	0	YachidaS_2019	61.0	female	IlluminaHiSeq	unknown	46481570.0	0	148	0	13	0.0
SAMD00114908	0	YachidaS_2019	71.0	male	IlluminaHiSeq	unknown	36221992.0	0	80	0	10	0.0
SAMD00114918	0	YachidaS_2019	42.0	male	IlluminaHiSeq	unknown	42451940.0	0	17	0	0	0.0
SAMD00114950	0	YachidaS_2019	49.0	female	IlluminaHiSeq	unknown	41784614.0	0	18	0	2	0.0
SAMD00114913	0	YachidaS_2019	69.0	male	IlluminaHiSeq	unknown	47404834.0	0	40	0	7	0.0
SAMD00114953	0	YachidaS_2019	63.0	male	IlluminaHiSeq	unknown	60639270.0	1	33	1	3	0.0
SAMD00114945	0	YachidaS_2019	70.0	male	IlluminaHiSeq	unknown	17332934.0	0	16	0	1	0.0
SAMD00114880	0	YachidaS_2019	42.0	female	IlluminaHiSeq	unknown	71087499.0	1	25	1	4	0.0
SAMD00114959	0	YachidaS_2019	49.0	male	IlluminaHiSeq	unknown	46731498.0	1	8	1	0	0.0
SAMD00114899	0	YachidaS_2019	54.0	female	IlluminaHiSeq	unknown	33376030.0	1	12	1	0	0.0
SAMD00114881	0	YachidaS_2019	68.0	female	IlluminaHiSeq	unknown	66782180.0	1	23	1	4	0.0
SAMD00114882	0	YachidaS_2019	74.0	female	IlluminaHiSeq	unknown	38361254.0	1	53	1	4	0.0
SAMD00114900	0	YachidaS_2019	54.0	female	IlluminaHiSeq	unknown	44139434.0	0	107	0	9	0.0
SAMD00114901	0	YachidaS_2019	74.0	female	IlluminaHiSeq	unknown	45493632.0	1	7	1	2	0.0
SAMD00114963	0	YachidaS_2019	65.0	female	IlluminaHiSeq	unknown	50923086.0	1	109	1	9	0.0
SAMD00114885	0	YachidaS_2019	74.0	male	IlluminaHiSeq	unknown	56337492.0	1	13	1	1	0.0
SAMD00114906	0	YachidaS_2019	75.0	female	IlluminaHiSeq	unknown	34121968.0	0	37	0	2	0.0
SAMD00114967	0	YachidaS_2019	51.0	male	IlluminaHiSeq	unknown	43995136.0	1	15	1	2	0.0
SAMD00136653	0	YachidaS_2019	68.0	female	IlluminaHiSeq	unknown	31018632.0	1	14	1	3	0.0
SAMD00164727	0	YachidaS_2019	44.0	male	IlluminaHiSeq	unknown	69760652.0	1	12	1	3	0.0
SAMD00164729	0	YachidaS_2019	76.0	male	IlluminaHiSeq	unknown	47548456.0	1	42	1	6	0.0
SAMD00164748	0	YachidaS_2019	68.0	female	IlluminaHiSeq	unknown	34283474.0	1	12	1	2	0.0
SAMD00154991	0	YachidaS_2019	65.0	male	IlluminaHiSeq	unknown	41645440.0	1	10	1	2	0.0
SAMD00164756	0	YachidaS_2019	67.0	female	IlluminaHiSeq	unknown	40553472.0	1	23	1	2	0.0
SAMD00164758	0	YachidaS_2019	78.0	female	IlluminaHiSeq	unknown	31008610.0	1	5	1	1	0.0
SAMD00154992	0	YachidaS_2019	66.0	female	IlluminaHiSeq	unknown	31930957.0	1	14	1	2	0.0
SAMD00136648	0	YachidaS_2019	56.0	male	IlluminaHiSeq	unknown	32799626.0	0	15	0	1	0.0
SAMD00164773	0	YachidaS_2019	67.0	male	IlluminaHiSeq	unknown	33899610.0	0	66	0	7	0.0
SAMD00164774	0	YachidaS_2019	62.0	female	IlluminaHiSeq	unknown	42140932.0	0	8	0	1	0.0
SAMD00164803	0	YachidaS_2019	74.0	male	IlluminaHiSeq	unknown	51088888.0	1	51	1	7	0.0
SAMD00164805	0	YachidaS_2019	70.0	female	IlluminaHiSeq	unknown	54534428.0	0	52	0	7	0.0
SAMD00164806	0	YachidaS_2019	77.0	male	IlluminaHiSeq	unknown	55325062.0	1	58	1	6	0.0
SAMD00164809	0	YachidaS_2019	60.0	male	IlluminaHiSeq	unknown	55675906.0	1	17	1	3	0.0
SAMD00164814	0	YachidaS_2019	55.0	male	IlluminaHiSeq	unknown	43680132.0	1	43	1	2	0.0
SAMD00164819	0	YachidaS_2019	69.0	male	IlluminaHiSeq	unknown	46295462.0	1	54	1	10	0.0
SAMD00164823	0	YachidaS_2019	54.0	female	IlluminaHiSeq	unknown	29636990.0	1	54	1	4	0.0
SAMD00164824	0	YachidaS_2019	68.0	female	IlluminaHiSeq	unknown	32430304.0	0	58	0	4	0.0
SAMD00164825	0	YachidaS_2019	37.0	male	IlluminaHiSeq	unknown	40432232.0	0	29	0	3	0.0
SAMD00164827	0	YachidaS_2019	46.0	male	IlluminaHiSeq	unknown	23067312.0	0	40	0	5	0.0
SAMD00164828	0	YachidaS_2019	46.0	female	IlluminaHiSeq	unknown	17789122.0	1	16	1	2	0.0
SAMD00164833	0	YachidaS_2019	58.0	male	IlluminaHiSeq	unknown	27278070.0	0	51	0	4	0.0
SAMD00164835	0	YachidaS_2019	43.0	female	IlluminaHiSeq	unknown	28480828.0	0	14	1	2	0.0
SAMD00164837	0	YachidaS_2019	52.0	male	IlluminaHiSeq	unknown	37818348.0	1	38	1	5	0.0
SAMD00164840	0	YachidaS_2019	58.0	female	IlluminaHiSeq	unknown	25014176.0	1	5	1	0	0.0
SAMD00164848	0	YachidaS_2019	66.0	male	IlluminaHiSeq	unknown	48145150.0	0	73	0	11	0.0
SAMD00164849	0	YachidaS_2019	73.0	female	IlluminaHiSeq	unknown	28698068.0	1	55	1	5	0.0
SAMD00164853	0	YachidaS_2019	61.0	female	IlluminaHiSeq	unknown	23341590.0	1	49	1	6	0.0
SAMD00164855	0	YachidaS_2019	71.0	female	IlluminaHiSeq	unknown	22968010.0	1	68	1	6	0.0
SAMD00164856	0	YachidaS_2019	48.0	male	IlluminaHiSeq	unknown	54123466.0	0	17	0	2	0.0
SAMD00164862	0	YachidaS_2019	44.0	male	IlluminaHiSeq	unknown	39925728.0	0	12	0	0	0.0
SAMD00164865	0	YachidaS_2019	77.0	male	IlluminaHiSeq	unknown	37183222.0	1	27	1	3	0.0
SAMD00164870	0	YachidaS_2019	63.0	female	IlluminaHiSeq	unknown	16160366.0	1	13	1	0	0.0
SAMD00164873	0	YachidaS_2019	32.0	male	IlluminaHiSeq	unknown	34402280.0	1	14	1	4	0.0
SAMD00164877	0	YachidaS_2019	68.0	female	IlluminaHiSeq	unknown	40990398.0	0	61	0	4	0.0
SAMD00164878	0	YachidaS_2019	51.0	male	IlluminaHiSeq	unknown	25826842.0	1	63	1	7	0.0
SAMD00164879	0	YachidaS_2019	63.0	male	IlluminaHiSeq	unknown	32860122.0	0	61	0	7	0.0
SAMD00164881	0	YachidaS_2019	51.0	female	IlluminaHiSeq	unknown	33052928.0	1	51	1	5	0.0
SAMD00164882	0	YachidaS_2019	72.0	male	IlluminaHiSeq	unknown	44765956.0	1	82	1	11	0.0
SAMD00164886	0	YachidaS_2019	40.0	male	IlluminaHiSeq	unknown	722270.0	1	8	1	0	0.0
SAMD00164888	0	YachidaS_2019	47.0	male	IlluminaHiSeq	unknown	42211024.0	1	23	1	3	0.0
SAMD00164890	0	YachidaS_2019	57.0	male	IlluminaHiSeq	unknown	46740078.0	1	69	1	10	0.0
SAMD00164891	0	YachidaS_2019	54.0	male	IlluminaHiSeq	unknown	60700846.0	1	17	1	5	0.0
SAMD00164895	0	YachidaS_2019	44.0	female	IlluminaHiSeq	unknown	38961720.0	1	50	1	4	0.0
SAMD00164896	0	YachidaS_2019	55.0	male	IlluminaHiSeq	unknown	34855884.0	0	76	0	15	0.0
SAMD00164897	0	YachidaS_2019	55.0	male	IlluminaHiSeq	unknown	37051138.0	1	22	1	8	0.0
SAMD00164898	0	YachidaS_2019	79.0	female	IlluminaHiSeq	unknown	54324716.0	1	106	1	14	0.0
SAMD00164899	0	YachidaS_2019	38.0	male	IlluminaHiSeq	unknown	18901912.0	1	13	1	1	0.0
SAMD00164901	0	YachidaS_2019	54.0	female	IlluminaHiSeq	unknown	42641502.0	1	78	1	5	0.0
SAMD00164902	0	YachidaS_2019	61.0	male	IlluminaHiSeq	unknown	40023378.0	1	30	1	1	0.0
SAMD00164904	0	YachidaS_2019	55.0	male	IlluminaHiSeq	unknown	50656606.0	0	19	0	2	0.0
SAMD00164908	0	YachidaS_2019	58.0	female	IlluminaHiSeq	unknown	43125980.0	0	61	0	7	0.0
SAMD00164909	0	YachidaS_2019	74.0	male	IlluminaHiSeq	unknown	39572586.0	1	27	1	0	0.0
SAMD00164911	0	YachidaS_2019	64.0	female	IlluminaHiSeq	unknown	48780998.0	0	35	0	3	0.0
SAMD00164914	0	YachidaS_2019	40.0	female	IlluminaHiSeq	unknown	42337514.0	0	58	0	6	0.0
SAMD00164915	0	YachidaS_2019	46.0	female	IlluminaHiSeq	unknown	39109052.0	0	68	0	9	0.0
SAMD00164916	0	YachidaS_2019	72.0	male	IlluminaHiSeq	unknown	48469426.0	0	30	0	4	0.0
SAMD00164917	0	YachidaS_2019	62.0	female	IlluminaHiSeq	unknown	45706980.0	1	25	1	2	0.0
SAMD00164918	0	YachidaS_2019	47.0	male	IlluminaHiSeq	unknown	46389196.0	1	46	1	6	0.0
SAMD00164920	0	YachidaS_2019	47.0	female	IlluminaHiSeq	unknown	52037598.0	0	100	0	14	0.0
SAMD00164923	0	YachidaS_2019	67.0	female	IlluminaHiSeq	unknown	50041374.0	0	43	0	7	0.0
SAMD00164926	0	YachidaS_2019	56.0	male	IlluminaHiSeq	unknown	52239866.0	1	11	1	3	0.0
SAMD00164927	0	YachidaS_2019	72.0	male	IlluminaHiSeq	unknown	59486678.0	0	41	0	3	0.0
SAMD00164929	0	YachidaS_2019	54.0	male	IlluminaHiSeq	unknown	52073186.0	0	38	0	6	0.0
SAMD00164930	0	YachidaS_2019	63.0	female	IlluminaHiSeq	unknown	49423890.0	0	53	0	6	0.0
SAMD00164931	0	YachidaS_2019	75.0	male	IlluminaHiSeq	unknown	44047114.0	1	83	1	6	0.0
SAMD00164933	0	YachidaS_2019	66.0	female	IlluminaHiSeq	unknown	48993944.0	1	17	1	2	0.0
SAMD00164934	0	YachidaS_2019	62.0	female	IlluminaHiSeq	unknown	50717498.0	1	15	1	2	0.0
SAMD00164935	0	YachidaS_2019	66.0	female	IlluminaHiSeq	unknown	51313610.0	1	42	1	5	0.0
SAMD00164936	0	YachidaS_2019	55.0	male	IlluminaHiSeq	unknown	25639388.0	1	26	1	4	0.0
SAMD00164938	0	YachidaS_2019	69.0	female	IlluminaHiSeq	unknown	67870752.0	1	46	1	5	0.0
SAMD00164939	0	YachidaS_2019	71.0	female	IlluminaHiSeq	unknown	78193526.0	1	21	1	2	0.0
SAMD00164941	0	YachidaS_2019	68.0	female	IlluminaHiSeq	unknown	49595522.0	1	106	1	29	0.0
SAMD00164947	0	YachidaS_2019	37.0	male	IlluminaHiSeq	unknown	55998566.0	0	32	0	0	0.0
SAMD00164949	0	YachidaS_2019	49.0	female	IlluminaHiSeq	unknown	56350014.0	1	14	1	0	0.0
SAMD00164950	0	YachidaS_2019	31.0	male	IlluminaHiSeq	unknown	74918406.0	1	38	1	4	0.0
SAMD00164951	0	YachidaS_2019	52.0	female	IlluminaHiSeq	unknown	47594398.0	1	43	1	3	0.0
SAMD00164952	0	YachidaS_2019	35.0	female	IlluminaHiSeq	unknown	52911584.0	1	53	1	7	0.0
SAMD00164953	0	YachidaS_2019	57.0	male	IlluminaHiSeq	unknown	44716982.0	1	17	1	1	0.0
SAMD00164954	0	YachidaS_2019	21.0	female	IlluminaHiSeq	unknown	46164420.0	1	6	1	0	0.0
SAMD00164955	0	YachidaS_2019	70.0	female	IlluminaHiSeq	unknown	59253414.0	1	73	1	11	0.0
SAMD00164956	0	YachidaS_2019	50.0	male	IlluminaHiSeq	unknown	45641454.0	1	13	1	2	0.0
SAMD00164957	0	YachidaS_2019	57.0	female	IlluminaHiSeq	unknown	20988418.0	0	16	0	0	0.0
SAMD00164958	0	YachidaS_2019	52.0	male	IlluminaHiSeq	unknown	45965076.0	1	32	1	5	0.0
SAMD00164960	0	YachidaS_2019	51.0	female	IlluminaHiSeq	unknown	33812552.0	0	21	0	2	0.0
SAMD00164961	0	YachidaS_2019	61.0	female	IlluminaHiSeq	unknown	46445590.0	1	75	1	11	0.0
SAMD00164962	0	YachidaS_2019	63.0	female	IlluminaHiSeq	unknown	45413584.0	1	48	1	5	0.0
SAMD00164963	0	YachidaS_2019	40.0	male	IlluminaHiSeq	unknown	58161644.0	0	17	0	1	0.0
SAMD00164964	0	YachidaS_2019	70.0	male	IlluminaHiSeq	unknown	36540386.0	0	23	0	2	0.0
SAMD00164965	0	YachidaS_2019	27.0	male	IlluminaHiSeq	unknown	46121064.0	1	29	1	1	0.0
SAMD00164966	0	YachidaS_2019	34.0	male	IlluminaHiSeq	unknown	38456492.0	0	118	0	16	0.0
SAMD00164967	0	YachidaS_2019	75.0	female	IlluminaHiSeq	unknown	44223860.0	1	179	1	18	0.0
SAMD00164969	0	YachidaS_2019	37.0	male	IlluminaHiSeq	unknown	51651238.0	1	52	1	3	0.0
SAMD00164972	0	YachidaS_2019	52.0	female	IlluminaHiSeq	unknown	40523104.0	0	24	0	4	0.0
SAMD00164973	0	YachidaS_2019	55.0	female	IlluminaHiSeq	unknown	47359830.0	1	10	1	0	0.0
SAMD00164983	0	YachidaS_2019	78.0	male	IlluminaHiSeq	unknown	51442050.0	1	56	1	8	0.0
SAMD00164986	0	YachidaS_2019	73.0	male	IlluminaHiSeq	unknown	47886780.0	1	74	1	7	0.0
SAMD00164996	0	YachidaS_2019	58.0	male	IlluminaHiSeq	unknown	49851690.0	0	59	0	7	0.0
SAMD00164999	0	YachidaS_2019	76.0	female	IlluminaHiSeq	unknown	30781246.0	0	40	0	8	0.0
SAMD00165001	0	YachidaS_2019	70.0	male	IlluminaHiSeq	unknown	51117058.0	0	47	0	3	0.0
SAMD00165004	0	YachidaS_2019	41.0	female	IlluminaHiSeq	unknown	51755168.0	1	22	1	3	0.0
SAMD00165008	0	YachidaS_2019	62.0	male	IlluminaHiSeq	unknown	51450668.0	0	66	0	7	0.0
SAMD00165010	0	YachidaS_2019	51.0	female	IlluminaHiSeq	unknown	38012092.0	0	44	0	1	0.0
SAMD00165015	0	YachidaS_2019	60.0	female	IlluminaHiSeq	unknown	31861120.0	0	31	0	5	0.0
SAMD00165020	0	YachidaS_2019	49.0	female	IlluminaHiSeq	unknown	47833958.0	0	21	0	2	0.0
SAMD00165021	0	YachidaS_2019	30.0	male	IlluminaHiSeq	unknown	41955864.0	0	74	0	9	0.0
SAMD00165022	0	YachidaS_2019	56.0	male	IlluminaHiSeq	unknown	46244470.0	1	102	1	17	0.0
SAMD00165023	0	YachidaS_2019	77.0	female	IlluminaHiSeq	unknown	45339082.0	0	33	0	2	0.0
SAMD00165024	0	YachidaS_2019	64.0	female	IlluminaHiSeq	unknown	49731716.0	0	16	0	1	0.0
SAMD00165025	0	YachidaS_2019	43.0	male	IlluminaHiSeq	unknown	51289600.0	1	36	1	3	0.0
SAMD00165026	0	YachidaS_2019	55.0	female	IlluminaHiSeq	unknown	45785256.0	0	25	0	4	0.0
SAMD00165027	0	YachidaS_2019	33.0	female	IlluminaHiSeq	unknown	35580114.0	1	25	1	2	0.0
SAMD00165028	0	YachidaS_2019	74.0	female	IlluminaHiSeq	unknown	15858212.0	0	1	0	0	0.0
SAMD00165029	0	YachidaS_2019	46.0	male	IlluminaHiSeq	unknown	54492670.0	0	26	0	3	0.0
SAMD00165030	0	YachidaS_2019	59.0	male	IlluminaHiSeq	unknown	43740482.0	0	32	0	6	0.0
SAMD00165031	0	YachidaS_2019	65.0	female	IlluminaHiSeq	unknown	4509980.0	1	23	1	3	0.0
SAMD00165032	0	YachidaS_2019	35.0	male	IlluminaHiSeq	unknown	39322318.0	1	34	1	6	0.0
SAMD00165033	0	YachidaS_2019	38.0	female	IlluminaHiSeq	unknown	34575120.0	1	2	1	0	0.0
M01.2-V1-stool	0	Heitz-BuschartA_2016	60.0	female	IlluminaHiSeq	NorgenBiotek	44940666.0	1	108	1	11	0.0
M01.2-V2-stool	0	Heitz-BuschartA_2016	60.0	female	IlluminaHiSeq	NorgenBiotek	45141283.0	1	109	1	11	0.0
M01.2-V3-stool	0	Heitz-BuschartA_2016	60.0	female	IlluminaHiSeq	NorgenBiotek	45249298.0	1	106	1	12	0.0
M01.3-V3-stool	0	Heitz-BuschartA_2016	57.0	female	IlluminaHiSeq	NorgenBiotek	46231372.0	0	71	0	9	0.0
M02.4-V1-stool	0	Heitz-BuschartA_2016	58.0	female	IlluminaHiSeq	NorgenBiotek	43252102.0	0	154	0	15	0.0
M02.4-V2-stool	0	Heitz-BuschartA_2016	58.0	female	IlluminaHiSeq	NorgenBiotek	42700069.0	0	150	0	14	0.0
M02.4-V3-stool	0	Heitz-BuschartA_2016	58.0	female	IlluminaHiSeq	NorgenBiotek	44722579.0	1	155	1	13	0.0
M1.1.ST	1	BritoIL_2016	40.0	female	IlluminaHiSeq	Qiagen	119183132.0	1	261	1	22	0.0
M1.10.ST	1	BritoIL_2016	25.0	female	IlluminaHiSeq	Qiagen	94943578.0	1	227	1	25	0.0
M1.15.ST	1	BritoIL_2016	50.0	male	IlluminaHiSeq	Qiagen	105557586.0	1	310	1	32	0.0
M1.16.ST	1	BritoIL_2016	50.0	female	IlluminaHiSeq	Qiagen	117602944.0	1	297	1	31	0.0
M1.20.ST	1	BritoIL_2016	45.0	male	IlluminaHiSeq	Qiagen	126332654.0	1	259	1	26	0.0
M1.22.ST	1	BritoIL_2016	25.0	male	IlluminaHiSeq	Qiagen	129036068.0	1	250	1	23	0.0
M1.23.ST	1	BritoIL_2016	55.0	male	IlluminaHiSeq	Qiagen	98475674.0	1	116	1	16	0.0
M1.24.ST	1	BritoIL_2016	60.0	male	IlluminaHiSeq	Qiagen	103971134.0	1	286	1	25	0.0
M1.25.ST	1	BritoIL_2016	40.0	male	IlluminaHiSeq	Qiagen	106240160.0	1	194	1	24	0.0
M1.26.ST	1	BritoIL_2016	35.0	female	IlluminaHiSeq	Qiagen	123493896.0	1	208	1	27	0.0
M1.27.ST	1	BritoIL_2016	50.0	female	IlluminaHiSeq	Qiagen	128554516.0	1	280	1	31	0.0
M1.29.ST	1	BritoIL_2016	30.0	male	IlluminaHiSeq	Qiagen	104032216.0	1	278	1	30	0.0
M1.3.ST	1	BritoIL_2016	50.0	male	IlluminaHiSeq	Qiagen	102012540.0	1	320	2	30	0.0
M1.35.ST	1	BritoIL_2016	45.0	male	IlluminaHiSeq	Qiagen	109809488.0	1	207	1	21	0.0
M1.37.ST	1	BritoIL_2016	45.0	female	IlluminaHiSeq	Qiagen	109981836.0	1	171	1	20	0.0
M1.38.ST	1	BritoIL_2016	25.0	female	IlluminaHiSeq	Qiagen	96359350.0	1	191	1	17	0.0
M1.4.ST	1	BritoIL_2016	55.0	female	IlluminaHiSeq	Qiagen	110353150.0	1	238	1	29	0.0
M1.42.ST	1	BritoIL_2016	65.0	female	IlluminaHiSeq	Qiagen	96102724.0	1	153	1	19	0.0
M1.44.ST	1	BritoIL_2016	65.0	female	IlluminaHiSeq	Qiagen	118634654.0	1	249	1	25	0.0
M1.48.ST	1	BritoIL_2016	50.0	male	IlluminaHiSeq	Qiagen	125397978.0	1	330	1	31	0.0
M1.5.ST	1	BritoIL_2016	20.0	male	IlluminaHiSeq	Qiagen	93594722.0	1	206	1	22	0.0
M1.57.ST	1	BritoIL_2016	40.0	female	IlluminaHiSeq	Qiagen	111854390.0	1	235	1	25	0.0
M1.59.ST	1	BritoIL_2016	40.0	male	IlluminaHiSeq	Qiagen	113245350.0	1	283	1	23	0.0
M1.6.ST	1	BritoIL_2016	35.0	female	IlluminaHiSeq	Qiagen	129403562.0	1	118	1	21	0.0
M1.61.ST	1	BritoIL_2016	55.0	female	IlluminaHiSeq	Qiagen	112684400.0	1	298	1	26	0.0
M1.62.ST	1	BritoIL_2016	55.0	male	IlluminaHiSeq	Qiagen	99828490.0	1	143	1	15	0.0
M1.63.ST	1	BritoIL_2016	50.0	male	IlluminaHiSeq	Qiagen	114069914.0	1	170	1	16	0.0
M1.64.ST	1	BritoIL_2016	45.0	female	IlluminaHiSeq	Qiagen	125041490.0	1	231	1	28	0.0
M1.65.ST	1	BritoIL_2016	20.0	male	IlluminaHiSeq	Qiagen	111586294.0	1	230	1	18	0.0
M1.7.ST	1	BritoIL_2016	35.0	male	IlluminaHiSeq	Qiagen	109097416.0	1	218	1	24	0.0
M2.31.ST	1	BritoIL_2016	20.0	female	IlluminaHiSeq	Qiagen	117397496.0	1	179	2	22	0.0
M2.32.ST	1	BritoIL_2016	50.0	male	IlluminaHiSeq	Qiagen	96312620.0	1	188	1	21	0.0
M2.33.ST	1	BritoIL_2016	30.0	female	IlluminaHiSeq	Qiagen	95701058.0	1	136	1	14	0.0
M2.36.ST	1	BritoIL_2016	50.0	male	IlluminaHiSeq	Qiagen	106678942.0	1	252	1	24	0.0
M2.37.ST	1	BritoIL_2016	45.0	female	IlluminaHiSeq	Qiagen	98433140.0	1	243	1	24	0.0
M2.38.ST	1	BritoIL_2016	25.0	female	IlluminaHiSeq	Qiagen	102663008.0	1	317	1	36	0.0
M2.39.ST	1	BritoIL_2016	55.0	female	IlluminaHiSeq	Qiagen	90651698.0	1	279	1	33	0.0
M2.40.ST	1	BritoIL_2016	40.0	female	IlluminaHiSeq	Qiagen	89120558.0	1	232	1	25	0.0
M2.41.ST	1	BritoIL_2016	60.0	female	IlluminaHiSeq	Qiagen	102496796.0	1	166	1	19	0.0
M2.44.ST	1	BritoIL_2016	25.0	female	IlluminaHiSeq	Qiagen	98933730.0	1	250	1	30	0.0
M2.45.ST	1	BritoIL_2016	35.0	female	IlluminaHiSeq	Qiagen	109619684.0	1	229	1	24	0.0
M2.46.ST	1	BritoIL_2016	30.0	female	IlluminaHiSeq	Qiagen	102307322.0	1	283	1	28	0.0
M2.48.ST	1	BritoIL_2016	50.0	male	IlluminaHiSeq	Qiagen	110004246.0	1	231	1	23	0.0
M2.49.ST	1	BritoIL_2016	50.0	female	IlluminaHiSeq	Qiagen	100995234.0	1	274	1	31	0.0
M2.50.ST	1	BritoIL_2016	35.0	male	IlluminaHiSeq	Qiagen	95098484.0	1	223	1	22	0.0
M2.51.ST	1	BritoIL_2016	35.0	female	IlluminaHiSeq	Qiagen	104539248.0	1	197	1	18	0.0
M2.52.ST	1	BritoIL_2016	50.0	male	IlluminaHiSeq	Qiagen	97293300.0	1	163	1	14	0.0
M2.56.ST	1	BritoIL_2016	40.0	female	IlluminaHiSeq	Qiagen	117711288.0	1	116	2	17	0.0
M2.57.ST	1	BritoIL_2016	70.0	female	IlluminaHiSeq	Qiagen	105579112.0	1	211	1	21	0.0
M2.60.ST	1	BritoIL_2016	45.0	female	IlluminaHiSeq	Qiagen	96562826.0	1	210	1	22	0.0
M2.63.ST	1	BritoIL_2016	40.0	male	IlluminaHiSeq	Qiagen	107103870.0	1	180	1	20	0.0
W1.1.ST	1	BritoIL_2016	60.0	male	IlluminaHiSeq	Qiagen	126854526.0	1	276	1	25	0.0
W1.11.ST	1	BritoIL_2016	55.0	female	IlluminaHiSeq	Qiagen	95986252.0	1	236	1	20	0.0
W1.13.ST	1	BritoIL_2016	65.0	female	IlluminaHiSeq	Qiagen	117718098.0	1	177	1	17	0.0
W1.14.ST	1	BritoIL_2016	25.0	female	IlluminaHiSeq	Qiagen	100262724.0	1	116	1	11	0.0
W1.15.ST	1	BritoIL_2016	60.0	female	IlluminaHiSeq	Qiagen	85532774.0	1	165	1	16	0.0
W1.18.ST	1	BritoIL_2016	40.0	female	IlluminaHiSeq	Qiagen	101087874.0	1	237	1	20	0.0
W1.2.ST	1	BritoIL_2016	75.0	male	IlluminaHiSeq	Qiagen	97977156.0	1	285	1	32	0.0
W1.20.ST	1	BritoIL_2016	50.0	female	IlluminaHiSeq	Qiagen	106920886.0	1	132	1	13	0.0
W1.21.ST	1	BritoIL_2016	40.0	female	IlluminaHiSeq	Qiagen	114445492.0	1	204	1	23	0.0
W1.22.ST	1	BritoIL_2016	65.0	male	IlluminaHiSeq	Qiagen	110879988.0	1	268	1	21	0.0
W1.26.ST	1	BritoIL_2016	30.0	female	IlluminaHiSeq	Qiagen	105550572.0	1	229	1	23	0.0
W1.27.ST	1	BritoIL_2016	55.0	female	IlluminaHiSeq	Qiagen	117470096.0	1	225	1	24	0.0
W1.3.ST	1	BritoIL_2016	35.0	female	IlluminaHiSeq	Qiagen	96327088.0	1	263	1	24	0.0
W1.31.ST	1	BritoIL_2016	60.0	female	IlluminaHiSeq	Qiagen	111603172.0	1	222	1	19	0.0
W1.33.ST	1	BritoIL_2016	55.0	female	IlluminaHiSeq	Qiagen	95058988.0	1	269	1	25	0.0
W1.34.ST	1	BritoIL_2016	20.0	male	IlluminaHiSeq	Qiagen	93364206.0	1	150	1	15	0.0
W1.36.ST	1	BritoIL_2016	40.0	male	IlluminaHiSeq	Qiagen	92325672.0	1	196	1	25	0.0
W1.37.ST	1	BritoIL_2016	40.0	female	IlluminaHiSeq	Qiagen	124381026.0	1	167	1	13	0.0
W1.38.ST	1	BritoIL_2016	30.0	female	IlluminaHiSeq	Qiagen	95320222.0	1	175	1	18	0.0
W1.39.ST	1	BritoIL_2016	25.0	male	IlluminaHiSeq	Qiagen	129014784.0	1	245	1	32	0.0
W1.4.ST	1	BritoIL_2016	70.0	male	IlluminaHiSeq	Qiagen	126069036.0	1	248	1	24	0.0
W1.40.ST	1	BritoIL_2016	45.0	male	IlluminaHiSeq	Qiagen	101318482.0	1	179	1	24	0.0
W1.41.ST	1	BritoIL_2016	40.0	female	IlluminaHiSeq	Qiagen	115236832.0	1	241	1	19	0.0
W1.42.ST	1	BritoIL_2016	25.0	female	IlluminaHiSeq	Qiagen	114861736.0	1	169	1	20	0.0
W1.44.ST	1	BritoIL_2016	25.0	male	IlluminaHiSeq	Qiagen	117253970.0	1	227	1	24	0.0
W1.5.ST	1	BritoIL_2016	60.0	male	IlluminaHiSeq	Qiagen	109763798.0	1	282	1	28	0.0
W1.51.ST	1	BritoIL_2016	25.0	male	IlluminaHiSeq	Qiagen	94065812.0	1	171	1	16	0.0
W1.53.ST	1	BritoIL_2016	25.0	female	IlluminaHiSeq	Qiagen	101580666.0	1	177	1	18	0.0
W1.54.ST	1	BritoIL_2016	25.0	female	IlluminaHiSeq	Qiagen	94953926.0	1	221	1	19	0.0
W1.55.ST	1	BritoIL_2016	20.0	female	IlluminaHiSeq	Qiagen	104661748.0	1	217	1	23	0.0
W1.6.ST	1	BritoIL_2016	60.0	female	IlluminaHiSeq	Qiagen	117721448.0	1	174	1	15	0.0
W1.8.ST	1	BritoIL_2016	35.0	female	IlluminaHiSeq	Qiagen	123815636.0	1	143	1	16	0.0
W1.9.ST	1	BritoIL_2016	25.0	male	IlluminaHiSeq	Qiagen	101025440.0	1	308	1	31	0.0
W2.1.ST	1	BritoIL_2016	40.0	female	IlluminaHiSeq	Qiagen	107883248.0	1	171	1	17	0.0
W2.11.ST	1	BritoIL_2016	65.0	male	IlluminaHiSeq	Qiagen	114138764.0	1	231	1	25	0.0
W2.13.ST	1	BritoIL_2016	45.0	female	IlluminaHiSeq	Qiagen	112027718.0	1	198	1	21	0.0
W2.15.ST	1	BritoIL_2016	25.0	male	IlluminaHiSeq	Qiagen	132096090.0	1	232	2	24	0.0
W2.17.ST	1	BritoIL_2016	75.0	male	IlluminaHiSeq	Qiagen	103894374.0	1	238	1	26	0.0
W2.19.ST	1	BritoIL_2016	30.0	male	IlluminaHiSeq	Qiagen	123565240.0	1	263	1	24	0.0
W2.21.ST	1	BritoIL_2016	60.0	female	IlluminaHiSeq	Qiagen	103077574.0	1	135	1	20	0.0
W2.23.ST	1	BritoIL_2016	60.0	male	IlluminaHiSeq	Qiagen	112063430.0	1	218	1	20	0.0
W2.25.ST	1	BritoIL_2016	40.0	male	IlluminaHiSeq	Qiagen	153657638.0	1	104	1	13	0.0
W2.26.ST	1	BritoIL_2016	65.0	male	IlluminaHiSeq	Qiagen	108923666.0	1	81	1	10	0.0
W2.33.ST	1	BritoIL_2016	55.0	male	IlluminaHiSeq	Qiagen	122575692.0	1	267	1	26	0.0
W2.34.ST	1	BritoIL_2016	40.0	female	IlluminaHiSeq	Qiagen	130401922.0	1	224	1	25	0.0
W2.35.ST	1	BritoIL_2016	65.0	female	IlluminaHiSeq	Qiagen	113194618.0	1	295	1	24	0.0
W2.36.ST	1	BritoIL_2016	75.0	male	IlluminaHiSeq	Qiagen	115641336.0	1	160	1	19	0.0
W2.39.ST	1	BritoIL_2016	65.0	male	IlluminaHiSeq	Qiagen	90574556.0	1	253	1	25	0.0
W2.4.ST	1	BritoIL_2016	50.0	male	IlluminaHiSeq	Qiagen	105006048.0	1	188	1	23	0.0
W2.40.ST	1	BritoIL_2016	30.0	male	IlluminaHiSeq	Qiagen	109287218.0	1	188	1	17	0.0
W2.41.ST	1	BritoIL_2016	55.0	female	IlluminaHiSeq	Qiagen	107343888.0	1	182	2	15	0.0
W2.42.ST	1	BritoIL_2016	25.0	female	IlluminaHiSeq	Qiagen	21379934.0	1	123	1	13	0.0
W2.43.ST	1	BritoIL_2016	25.0	female	IlluminaHiSeq	Qiagen	104579714.0	1	147	1	15	0.0
W2.44.ST	1	BritoIL_2016	40.0	female	IlluminaHiSeq	Qiagen	121180840.0	1	164	1	16	0.0
W2.45.ST	1	BritoIL_2016	60.0	female	IlluminaHiSeq	Qiagen	116922782.0	1	202	1	18	0.0
W2.46.ST	1	BritoIL_2016	45.0	female	IlluminaHiSeq	Qiagen	89190688.0	1	188	1	16	0.0
W2.47.ST	1	BritoIL_2016	55.0	female	IlluminaHiSeq	Qiagen	107846358.0	1	171	1	13	0.0
W2.48.ST	1	BritoIL_2016	40.0	female	IlluminaHiSeq	Qiagen	118251308.0	1	165	1	16	0.0
W2.49.ST	1	BritoIL_2016	35.0	female	IlluminaHiSeq	Qiagen	113712952.0	1	138	1	14	0.0
W2.5.ST	1	BritoIL_2016	50.0	female	IlluminaHiSeq	Qiagen	109246810.0	1	250	1	27	0.0
W2.52.ST	1	BritoIL_2016	20.0	female	IlluminaHiSeq	Qiagen	101735124.0	1	179	1	20	0.0
W2.53.ST	1	BritoIL_2016	20.0	female	IlluminaHiSeq	Qiagen	101462660.0	1	129	1	11	0.0
W2.56.ST	1	BritoIL_2016	55.0	female	IlluminaHiSeq	Qiagen	127161440.0	1	153	2	15	0.0
W2.59.ST	1	BritoIL_2016	55.0	male	IlluminaHiSeq	Qiagen	105987376.0	1	208	1	17	0.0
W2.6.ST	1	BritoIL_2016	50.0	female	IlluminaHiSeq	Qiagen	94610054.0	1	226	1	20	0.0
W2.61.ST	1	BritoIL_2016	65.0	male	IlluminaHiSeq	Qiagen	112633732.0	1	319	1	26	0.0
W2.62.ST	1	BritoIL_2016	30.0	male	IlluminaHiSeq	Qiagen	117560618.0	1	157	1	16	0.0
W2.63.ST	1	BritoIL_2016	70.0	male	IlluminaHiSeq	Qiagen	94462838.0	1	191	1	19	0.0
W2.65.ST	1	BritoIL_2016	50.0	female	IlluminaHiSeq	Qiagen	86957080.0	1	183	1	21	0.0
W2.67.ST	1	BritoIL_2016	55.0	male	IlluminaHiSeq	Qiagen	103683966.0	1	224	1	22	0.0
W2.68.ST	1	BritoIL_2016	60.0	female	IlluminaHiSeq	Qiagen	111099810.0	1	191	1	16	0.0
W2.69.ST	1	BritoIL_2016	60.0	female	IlluminaHiSeq	Qiagen	103619212.0	1	217	1	19	0.0
W2.7.ST	1	BritoIL_2016	60.0	female	IlluminaHiSeq	Qiagen	103445154.0	1	215	1	18	0.0
W2.8.ST	1	BritoIL_2016	60.0	male	IlluminaHiSeq	Qiagen	93332264.0	1	214	1	22	0.0
W2.9.ST	1	BritoIL_2016	80.0	female	IlluminaHiSeq	Qiagen	119048724.0	1	250	1	28	0.0
W3.1.ST	1	BritoIL_2016	30.0	male	IlluminaHiSeq	Qiagen	100495576.0	1	124	1	10	0.0
W3.16.ST	1	BritoIL_2016	50.0	female	IlluminaHiSeq	Qiagen	105974724.0	1	148	2	15	0.0
W3.17.ST	1	BritoIL_2016	80.0	male	IlluminaHiSeq	Qiagen	105252094.0	1	196	1	17	0.0
W3.18.ST	1	BritoIL_2016	70.0	female	IlluminaHiSeq	Qiagen	94676214.0	1	215	1	19	0.0
W3.19.ST	1	BritoIL_2016	65.0	male	IlluminaHiSeq	Qiagen	101832602.0	1	220	1	22	0.0
W3.20.ST	1	BritoIL_2016	40.0	male	IlluminaHiSeq	Qiagen	105571566.0	1	189	1	16	0.0
W3.21.ST	1	BritoIL_2016	25.0	female	IlluminaHiSeq	Qiagen	105287516.0	1	170	1	17	0.0
W3.22.ST	1	BritoIL_2016	75.0	male	IlluminaHiSeq	Qiagen	227969022.0	1	288	1	25	0.0
W3.23.ST	1	BritoIL_2016	60.0	male	IlluminaHiSeq	Qiagen	99291686.0	1	197	1	18	0.0
WL.1.ST	1	BritoIL_2016	55.0	female	IlluminaHiSeq	Qiagen	95162520.0	1	196	1	20	0.0
WL.10.ST	1	BritoIL_2016	50.0	male	IlluminaHiSeq	Qiagen	206522052.0	1	142	1	16	0.0
WL.11.ST	1	BritoIL_2016	60.0	male	IlluminaHiSeq	Qiagen	87053662.0	1	193	1	20	0.0
WL.12.ST	1	BritoIL_2016	50.0	female	IlluminaHiSeq	Qiagen	101988484.0	1	165	1	18	0.0
WL.13.ST	1	BritoIL_2016	80.0	female	IlluminaHiSeq	Qiagen	79826324.0	1	165	2	16	0.0
WL.14.ST	1	BritoIL_2016	40.0	female	IlluminaHiSeq	Qiagen	104109006.0	1	215	1	16	0.0
WL.15.ST	1	BritoIL_2016	50.0	female	IlluminaHiSeq	Qiagen	99984748.0	1	187	1	16	0.0
WL.17.ST	1	BritoIL_2016	55.0	female	IlluminaHiSeq	Qiagen	109474990.0	1	213	1	18	0.0
WL.2.ST	1	BritoIL_2016	55.0	male	IlluminaHiSeq	Qiagen	121152400.0	1	208	1	22	0.0
WL.20.ST	1	BritoIL_2016	50.0	male	IlluminaHiSeq	Qiagen	126844194.0	1	153	1	13	0.0
WL.25.ST	1	BritoIL_2016	60.0	male	IlluminaHiSeq	Qiagen	109699246.0	1	222	1	20	0.0
WL.26.ST	1	BritoIL_2016	55.0	female	IlluminaHiSeq	Qiagen	108691856.0	1	166	1	15	0.0
WL.28.ST	1	BritoIL_2016	50.0	male	IlluminaHiSeq	Qiagen	82277050.0	1	220	3	24	0.0
WL.3.ST	1	BritoIL_2016	25.0	female	IlluminaHiSeq	Qiagen	97377820.0	1	204	1	25	0.0
WL.36.ST	1	BritoIL_2016	35.0	female	IlluminaHiSeq	Qiagen	108099978.0	1	166	1	16	0.0
WL.37.ST	1	BritoIL_2016	20.0	female	IlluminaHiSeq	Qiagen	78914112.0	1	256	2	21	0.0
WL.5.ST	1	BritoIL_2016	55.0	female	IlluminaHiSeq	Qiagen	106876000.0	1	219	1	18	0.0
WL.7.ST	1	BritoIL_2016	55.0	male	IlluminaHiSeq	Qiagen	93133396.0	1	221	1	23	0.0
WL.9.ST	1	BritoIL_2016	45.0	female	IlluminaHiSeq	Qiagen	199769786.0	1	94	3	13	0.0
CM.129_WGS	1	RubelMA_2020	42.0	male	IlluminaHiSeq	PSP_Spin_Stool	9535850.0	1	229	1	16	0.0
CM.146_WGS	1	RubelMA_2020	42.0	male	IlluminaHiSeq	PSP_Spin_Stool	12078094.0	0	75	0	13	0.0
CM.147_WGS	1	RubelMA_2020	40.0	male	IlluminaHiSeq	PSP_Spin_Stool	13663574.0	1	93	1	10	0.0
CM.152_WGS	1	RubelMA_2020	74.0	female	IlluminaHiSeq	PSP_Spin_Stool	14230914.0	1	199	1	17	0.0
CM.16_WGS	1	RubelMA_2020	23.0	female	IlluminaHiSeq	PSP_Spin_Stool	23802082.0	1	244	1	17	0.0
CM.162_WGS	1	RubelMA_2020	31.0	female	IlluminaHiSeq	PSP_Spin_Stool	15074030.0	1	177	1	17	0.0
CM.164_WGS	1	RubelMA_2020	18.0	female	IlluminaHiSeq	PSP_Spin_Stool	11955396.0	1	81	1	11	0.0
CM.177_WGS	1	RubelMA_2020	38.0	female	IlluminaHiSeq	PSP_Spin_Stool	16471300.0	1	125	1	10	0.0
CM.178_WGS	1	RubelMA_2020	53.0	female	IlluminaHiSeq	PSP_Spin_Stool	18307210.0	1	186	1	17	0.0
CM.199_WGS	1	RubelMA_2020	69.0	male	IlluminaHiSeq	PSP_Spin_Stool	12197366.0	1	147	1	14	0.0
CM.206_WGS	1	RubelMA_2020	39.0	female	IlluminaHiSeq	PSP_Spin_Stool	13948646.0	1	199	1	18	0.0
CM.208_WGS	1	RubelMA_2020	36.0	male	IlluminaHiSeq	PSP_Spin_Stool	15204486.0	1	70	1	9	0.0
CM.228_WGS	1	RubelMA_2020	32.0	female	IlluminaHiSeq	PSP_Spin_Stool	9414992.0	1	150	1	13	0.0
CM.24_WGS	1	RubelMA_2020	45.0	male	IlluminaHiSeq	PSP_Spin_Stool	45424620.0	1	158	1	14	0.0
CM.275_WGS	1	RubelMA_2020	39.0	female	IlluminaHiSeq	PSP_Spin_Stool	17879448.0	0	164	0	12	0.0
CM.278_WGS	1	RubelMA_2020	44.0	female	IlluminaHiSeq	PSP_Spin_Stool	18696348.0	1	207	1	22	0.0
CM.283_WGS	1	RubelMA_2020	58.0	male	IlluminaHiSeq	PSP_Spin_Stool	18522206.0	0	139	0	18	0.0
CM.284_WGS	1	RubelMA_2020	54.0	female	IlluminaHiSeq	PSP_Spin_Stool	21805644.0	0	122	0	16	0.0
CM.289_WGS	1	RubelMA_2020	45.0	male	IlluminaHiSeq	PSP_Spin_Stool	12608074.0	1	157	1	16	0.0
CM.29_WGS	1	RubelMA_2020	27.0	female	IlluminaHiSeq	PSP_Spin_Stool	20506530.0	1	183	1	15	0.0
CM.291_WGS	1	RubelMA_2020	45.0	female	IlluminaHiSeq	PSP_Spin_Stool	21670316.0	1	282	1	22	0.0
CM.294_WGS	1	RubelMA_2020	52.0	female	IlluminaHiSeq	PSP_Spin_Stool	19684862.0	1	151	1	15	0.0
CM.308_WGS	1	RubelMA_2020	23.0	female	IlluminaHiSeq	PSP_Spin_Stool	19490384.0	1	104	1	11	0.0
CM.310_WGS	1	RubelMA_2020	49.0	female	IlluminaHiSeq	PSP_Spin_Stool	22220846.0	1	82	1	8	0.0
CM.316_WGS	1	RubelMA_2020	28.0	male	IlluminaHiSeq	PSP_Spin_Stool	20504894.0	1	6	1	1	0.0
CM.317_WGS	1	RubelMA_2020	41.0	female	IlluminaHiSeq	PSP_Spin_Stool	21114426.0	1	95	1	6	0.0
CM.328_WGS	1	RubelMA_2020	30.0	female	IlluminaHiSeq	PSP_Spin_Stool	21779556.0	1	67	1	6	0.0
CM.335_WGS	1	RubelMA_2020	17.0	female	IlluminaHiSeq	PSP_Spin_Stool	26598204.0	1	85	1	7	0.0
CM.340_WGS	1	RubelMA_2020	49.0	female	IlluminaHiSeq	PSP_Spin_Stool	20480904.0	1	161	1	13	0.0
CM.342_WGS	1	RubelMA_2020	40.0	female	IlluminaHiSeq	PSP_Spin_Stool	19981362.0	1	21	1	3	0.0
CM.343_WGS	1	RubelMA_2020	52.0	female	IlluminaHiSeq	PSP_Spin_Stool	22492078.0	1	142	1	16	0.0
CM.345_WGS	1	RubelMA_2020	29.0	female	IlluminaHiSeq	PSP_Spin_Stool	23722750.0	1	109	1	10	0.0
CM.347_WGS	1	RubelMA_2020	30.0	female	IlluminaHiSeq	PSP_Spin_Stool	25758112.0	1	145	1	15	0.0
CM.358_WGS	1	RubelMA_2020	34.0	female	IlluminaHiSeq	PSP_Spin_Stool	17259690.0	1	100	1	14	0.0
CM.361_WGS	1	RubelMA_2020	55.0	female	IlluminaHiSeq	PSP_Spin_Stool	19596180.0	1	177	1	14	0.0
CM.364_WGS	1	RubelMA_2020	48.0	male	IlluminaHiSeq	PSP_Spin_Stool	18780232.0	1	77	1	5	0.0
CM.366_WGS	1	RubelMA_2020	57.0	female	IlluminaHiSeq	PSP_Spin_Stool	22553062.0	1	170	1	20	0.0
CM.367_WGS	1	RubelMA_2020	57.0	male	IlluminaHiSeq	PSP_Spin_Stool	20991442.0	1	82	1	11	0.0
CM.369_WGS	1	RubelMA_2020	54.0	female	IlluminaHiSeq	PSP_Spin_Stool	18085142.0	1	159	1	13	0.0
CM.370_WGS	1	RubelMA_2020	53.0	female	IlluminaHiSeq	PSP_Spin_Stool	16988316.0	1	184	1	17	0.0
CM.373_WGS	1	RubelMA_2020	20.0	male	IlluminaHiSeq	PSP_Spin_Stool	16446504.0	1	108	1	11	0.0
CM.375_WGS	1	RubelMA_2020	20.0	female	IlluminaHiSeq	PSP_Spin_Stool	15218692.0	1	152	1	15	0.0
CM.376_WGS	1	RubelMA_2020	29.0	female	IlluminaHiSeq	PSP_Spin_Stool	10566560.0	1	187	1	16	0.0
CM.378_WGS	1	RubelMA_2020	45.0	female	IlluminaHiSeq	PSP_Spin_Stool	17498066.0	1	154	1	12	0.0
CM.382_WGS	1	RubelMA_2020	65.0	female	IlluminaHiSeq	PSP_Spin_Stool	15651336.0	1	114	1	13	0.0
CM.389_WGS	1	RubelMA_2020	45.0	female	IlluminaHiSeq	PSP_Spin_Stool	16872038.0	1	116	1	15	0.0
CM.397_WGS	1	RubelMA_2020	35.0	female	IlluminaHiSeq	PSP_Spin_Stool	18277622.0	0	198	0	19	0.0
CM.402_WGS	1	RubelMA_2020	17.0	male	IlluminaHiSeq	PSP_Spin_Stool	18191126.0	1	163	1	13	0.0
CM.403_WGS	1	RubelMA_2020	62.0	female	IlluminaHiSeq	PSP_Spin_Stool	22161630.0	1	128	1	14	0.0
CM.408_WGS	1	RubelMA_2020	57.0	male	IlluminaHiSeq	PSP_Spin_Stool	24236312.0	1	130	1	11	0.0
CM.409_WGS	1	RubelMA_2020	35.0	male	IlluminaHiSeq	PSP_Spin_Stool	21260924.0	1	150	1	11	0.0
CM.412_WGS	1	RubelMA_2020	54.0	male	IlluminaHiSeq	PSP_Spin_Stool	17298206.0	1	45	1	6	0.0
CM.413_WGS	1	RubelMA_2020	49.0	female	IlluminaHiSeq	PSP_Spin_Stool	15634910.0	1	59	1	7	0.0
CM.418_WGS	1	RubelMA_2020	18.0	male	IlluminaHiSeq	PSP_Spin_Stool	17660832.0	1	90	1	10	0.0
CM.425_WGS	1	RubelMA_2020	59.0	female	IlluminaHiSeq	PSP_Spin_Stool	24746922.0	1	236	1	21	0.0
CM.432_WGS	1	RubelMA_2020	70.0	female	IlluminaHiSeq	PSP_Spin_Stool	20436806.0	1	174	1	17	0.0
CM.437_WGS	1	RubelMA_2020	17.0	male	IlluminaHiSeq	PSP_Spin_Stool	17106788.0	1	110	1	18	0.0
CM.438_WGS	1	RubelMA_2020	62.0	male	IlluminaHiSeq	PSP_Spin_Stool	25584538.0	1	120	1	9	0.0
CM.439_WGS	1	RubelMA_2020	68.0	male	IlluminaHiSeq	PSP_Spin_Stool	20042604.0	1	207	1	17	0.0
CM.443_WGS	1	RubelMA_2020	28.0	male	IlluminaHiSeq	PSP_Spin_Stool	24247708.0	1	89	1	12	0.0
CM.445_WGS	1	RubelMA_2020	64.0	male	IlluminaHiSeq	PSP_Spin_Stool	18133862.0	1	88	1	10	0.0
CM.454_WGS	1	RubelMA_2020	50.0	female	IlluminaHiSeq	PSP_Spin_Stool	22100286.0	1	187	1	18	0.0
CM.466_WGS	1	RubelMA_2020	62.0	female	IlluminaHiSeq	PSP_Spin_Stool	23302720.0	1	76	1	12	0.0
CM.47_WGS	1	RubelMA_2020	78.0	male	IlluminaHiSeq	PSP_Spin_Stool	19166842.0	1	226	1	19	0.0
CM.486_WGS	1	RubelMA_2020	73.0	male	IlluminaHiSeq	PSP_Spin_Stool	22585952.0	1	199	1	19	0.0
CM.490_WGS	1	RubelMA_2020	50.0	female	IlluminaHiSeq	PSP_Spin_Stool	18491812.0	1	157	1	18	0.0
CM.511_WGS	1	RubelMA_2020	20.0	female	IlluminaHiSeq	PSP_Spin_Stool	17130810.0	1	74	1	7	0.0
CM.512_WGS	1	RubelMA_2020	35.0	female	IlluminaHiSeq	PSP_Spin_Stool	22531118.0	1	150	1	16	0.0
CM.514_WGS	1	RubelMA_2020	50.0	female	IlluminaHiSeq	PSP_Spin_Stool	17232194.0	0	145	0	13	0.0
CM.520_WGS	1	RubelMA_2020	54.0	male	IlluminaHiSeq	PSP_Spin_Stool	16494100.0	1	77	1	6	0.0
CM.525_WGS	1	RubelMA_2020	45.0	male	IlluminaHiSeq	PSP_Spin_Stool	28806012.0	1	91	1	3	0.0
CM.528_WGS	1	RubelMA_2020	20.0	male	IlluminaHiSeq	PSP_Spin_Stool	14478362.0	0	100	0	7	0.0
CM.530_WGS	1	RubelMA_2020	72.0	male	IlluminaHiSeq	PSP_Spin_Stool	24923236.0	1	128	1	11	0.0
CM.532_WGS	1	RubelMA_2020	56.0	male	IlluminaHiSeq	PSP_Spin_Stool	15775214.0	1	179	1	17	0.0
CM.536_WGS	1	RubelMA_2020	18.0	male	IlluminaHiSeq	PSP_Spin_Stool	25660542.0	1	33	1	4	0.0
CM.553_WGS	1	RubelMA_2020	70.0	female	IlluminaHiSeq	PSP_Spin_Stool	16622570.0	0	120	0	11	0.0
CM.555_WGS	1	RubelMA_2020	42.0	female	IlluminaHiSeq	PSP_Spin_Stool	17071742.0	1	76	1	6	0.0
CM.574_WGS	1	RubelMA_2020	48.0	female	IlluminaHiSeq	PSP_Spin_Stool	21615290.0	1	162	1	15	0.0
CM.580_WGS	1	RubelMA_2020	30.0	female	IlluminaHiSeq	PSP_Spin_Stool	20727766.0	1	130	1	14	0.0
CM.67_WGS	1	RubelMA_2020	40.0	male	IlluminaHiSeq	PSP_Spin_Stool	14228606.0	1	181	1	17	0.0
CM.79_WGS	1	RubelMA_2020	29.0	female	IlluminaHiSeq	PSP_Spin_Stool	13733754.0	1	247	1	20	0.0
CM.82_WGS	1	RubelMA_2020	24.0	male	IlluminaHiSeq	PSP_Spin_Stool	15877040.0	1	212	1	18	0.0
Travel001	0	KeohaneDM_2020	45.0	female	IlluminaHiSeq	unknown	20388798.0	0	76	0	9	0.0
Travel002	0	KeohaneDM_2020	52.0	male	IlluminaHiSeq	unknown	20763888.0	0	82	0	8	0.0
Travel003	0	KeohaneDM_2020	48.0	male	IlluminaHiSeq	unknown	14791740.0	1	165	1	20	0.0
Travel004	0	KeohaneDM_2020	41.0	female	IlluminaHiSeq	unknown	10629738.0	1	89	1	9	0.0
Travel005	0	KeohaneDM_2020	36.0	female	IlluminaHiSeq	unknown	12977418.0	0	106	0	10	0.0
Travel006	0	KeohaneDM_2020	40.0	male	IlluminaHiSeq	unknown	24993192.0	0	113	0	9	0.0
Travel007	0	KeohaneDM_2020	29.0	female	IlluminaHiSeq	unknown	27600678.0	1	131	1	15	0.0
Travel008	0	KeohaneDM_2020	24.0	male	IlluminaHiSeq	unknown	15498856.0	0	183	0	17	0.0
Travel009	0	KeohaneDM_2020	25.0	male	IlluminaHiSeq	unknown	14218316.0	0	125	0	11	0.0
Travel010	0	KeohaneDM_2020	28.0	male	IlluminaHiSeq	unknown	24832602.0	1	132	1	14	0.0
Travel011	0	KeohaneDM_2020	55.0	male	IlluminaHiSeq	unknown	24833262.0	1	132	1	14	0.0
Travel012	0	KeohaneDM_2020	30.0	male	IlluminaHiSeq	unknown	27778464.0	1	88	1	11	0.0
Travel014	0	KeohaneDM_2020	29.0	female	IlluminaHiSeq	unknown	18023106.0	0	159	0	16	0.0
Travel015	0	KeohaneDM_2020	34.0	male	IlluminaHiSeq	unknown	26715882.0	0	105	0	12	0.0
Travel016	0	KeohaneDM_2020	51.0	female	IlluminaHiSeq	unknown	25624708.0	0	93	0	10	0.0
Travel017	0	KeohaneDM_2020	34.0	female	IlluminaHiSeq	unknown	27477662.0	1	152	1	15	0.0
Travel018	0	KeohaneDM_2020	58.0	female	IlluminaHiSeq	unknown	27292876.0	0	112	0	14	0.0
Travel019	0	KeohaneDM_2020	48.0	female	IlluminaHiSeq	unknown	21665654.0	1	45	1	5	0.0
Travel020	0	KeohaneDM_2020	28.0	male	IlluminaHiSeq	unknown	27315940.0	0	137	0	17	0.0
Travel021	0	KeohaneDM_2020	37.0	female	IlluminaHiSeq	unknown	27391824.0	1	58	1	8	0.0
Travel022	0	KeohaneDM_2020	72.0	female	IlluminaHiSeq	unknown	25279400.0	1	62	1	10	0.0
Travel023	0	KeohaneDM_2020	48.0	male	IlluminaHiSeq	unknown	27700468.0	0	121	0	13	0.0
Travel024	0	KeohaneDM_2020	55.0	female	IlluminaHiSeq	unknown	23833800.0	1	27	1	4	0.0
Travel025	0	KeohaneDM_2020	18.0	female	IlluminaHiSeq	unknown	26528038.0	1	141	1	12	0.0
Travel026	0	KeohaneDM_2020	38.0	male	IlluminaHiSeq	unknown	26861136.0	0	35	0	2	0.0
Travel027	0	KeohaneDM_2020	67.0	female	IlluminaHiSeq	unknown	24791790.0	1	32	1	2	0.0
Travel028	0	KeohaneDM_2020	56.0	female	IlluminaHiSeq	unknown	28492646.0	0	114	0	12	0.0
Travel030	0	KeohaneDM_2020	50.0	female	IlluminaHiSeq	unknown	22666598.0	1	40	1	3	0.0
Travel031	0	KeohaneDM_2020	57.0	female	IlluminaHiSeq	unknown	23383908.0	1	31	1	4	0.0
Travel033	0	KeohaneDM_2020	18.0	female	IlluminaHiSeq	unknown	23715996.0	1	117	1	13	0.0
Travel036	0	KeohaneDM_2020	59.0	female	IlluminaHiSeq	unknown	28739616.0	1	123	1	10	0.0
Travel037	0	KeohaneDM_2020	25.0	female	IlluminaHiSeq	unknown	24298370.0	1	54	1	4	0.0
Travel038	0	KeohaneDM_2020	57.0	male	IlluminaHiSeq	unknown	23284412.0	1	134	1	13	0.0
Travel039	0	KeohaneDM_2020	57.0	female	IlluminaHiSeq	unknown	22411968.0	1	59	1	6	0.0
Travel040	0	KeohaneDM_2020	37.0	male	IlluminaHiSeq	unknown	23794834.0	0	158	0	16	0.0
Travel041	0	KeohaneDM_2020	37.0	female	IlluminaHiSeq	unknown	23379992.0	1	136	1	15	0.0
Travel042	0	KeohaneDM_2020	19.0	male	IlluminaHiSeq	unknown	23450570.0	1	188	1	18	0.0
Travel043	0	KeohaneDM_2020	22.0	male	IlluminaHiSeq	unknown	23516940.0	0	68	0	7	0.0
Travel045	0	KeohaneDM_2020	42.0	female	IlluminaHiSeq	unknown	16642462.0	0	104	0	13	0.0
Travel046	0	KeohaneDM_2020	45.0	male	IlluminaHiSeq	unknown	16484056.0	1	160	1	12	0.0
Travel047	0	KeohaneDM_2020	48.0	male	IlluminaHiSeq	unknown	17591914.0	1	110	1	12	0.0
Travel048	0	KeohaneDM_2020	52.0	male	IlluminaHiSeq	unknown	14578318.0	0	141	0	12	0.0
Travel049	0	KeohaneDM_2020	52.0	female	IlluminaHiSeq	unknown	15526266.0	1	211	1	17	0.0
Travel050	0	KeohaneDM_2020	18.0	male	IlluminaHiSeq	unknown	15094832.0	0	87	0	10	0.0
Travel051	0	KeohaneDM_2020	34.0	male	IlluminaHiSeq	unknown	16242210.0	0	122	0	10	0.0
Travel052	0	KeohaneDM_2020	33.0	female	IlluminaHiSeq	unknown	15614476.0	0	141	0	11	0.0
Travel053	0	KeohaneDM_2020	36.0	male	IlluminaHiSeq	unknown	158126908.0	1	98	2	8	0.0
Travel054	0	KeohaneDM_2020	36.0	female	IlluminaHiSeq	unknown	15602402.0	0	116	0	12	0.0
Travel057	0	KeohaneDM_2020	45.0	female	IlluminaHiSeq	unknown	18180794.0	1	152	1	15	0.0
Travel058	0	KeohaneDM_2020	42.0	male	IlluminaHiSeq	unknown	17322854.0	0	129	0	15	0.0
Travel059	0	KeohaneDM_2020	19.0	female	IlluminaHiSeq	unknown	14349462.0	0	146	0	15	0.0
Travel060	0	KeohaneDM_2020	20.0	male	IlluminaHiSeq	unknown	18316408.0	1	135	1	10	0.0
Travel061	0	KeohaneDM_2020	18.0	male	IlluminaHiSeq	unknown	19135084.0	1	44	1	2	0.0
Travel062	0	KeohaneDM_2020	50.0	male	IlluminaHiSeq	unknown	14833794.0	1	131	1	12	0.0
Travel063	0	KeohaneDM_2020	49.0	female	IlluminaHiSeq	unknown	18973992.0	0	207	0	16	0.0
Travel064	0	KeohaneDM_2020	25.0	female	IlluminaHiSeq	unknown	16424262.0	1	118	1	12	0.0
Travel065	0	KeohaneDM_2020	51.0	male	IlluminaHiSeq	unknown	16517768.0	1	168	1	17	0.0
Travel066	0	KeohaneDM_2020	50.0	female	IlluminaHiSeq	unknown	17481868.0	1	174	1	21	0.0
Travel067	0	KeohaneDM_2020	26.0	male	IlluminaHiSeq	unknown	20172734.0	1	160	1	18	0.0
Travel068	0	KeohaneDM_2020	24.0	female	IlluminaHiSeq	unknown	18305448.0	0	94	0	13	0.0
Travel070	0	KeohaneDM_2020	35.0	female	IlluminaHiSeq	unknown	15535168.0	0	62	0	5	0.0
Travel071	0	KeohaneDM_2020	47.0	male	IlluminaHiSeq	unknown	16781592.0	1	163	1	17	0.0
Travel072	0	KeohaneDM_2020	23.0	male	IlluminaHiSeq	unknown	17198512.0	1	164	1	15	0.0
Travel073	0	KeohaneDM_2020	59.0	male	IlluminaHiSeq	unknown	9593882.0	1	162	1	15	0.0
Travel075	0	KeohaneDM_2020	49.0	female	IlluminaHiSeq	unknown	26814020.0	0	80	0	9	0.0
Travel076	0	KeohaneDM_2020	36.0	female	IlluminaHiSeq	unknown	25600434.0	0	99	0	16	0.0
Travel077	0	KeohaneDM_2020	39.0	female	IlluminaHiSeq	unknown	24111148.0	0	60	0	9	0.0
Travel078	0	KeohaneDM_2020	26.0	female	IlluminaHiSeq	unknown	26831782.0	0	58	0	7	0.0
Travel079	0	KeohaneDM_2020	47.0	female	IlluminaHiSeq	unknown	25506420.0	0	84	0	10	0.0
Travel080	0	KeohaneDM_2020	46.0	female	IlluminaHiSeq	unknown	28822690.0	1	72	1	10	0.0
Travel081	0	KeohaneDM_2020	21.0	female	IlluminaHiSeq	unknown	28995886.0	1	155	1	18	0.0
Travel082	0	KeohaneDM_2020	54.0	female	IlluminaHiSeq	unknown	26271766.0	1	151	1	20	0.0
Travel083	0	KeohaneDM_2020	61.0	female	IlluminaHiSeq	unknown	27504366.0	1	107	1	15	0.0
Travel084	0	KeohaneDM_2020	24.0	male	IlluminaHiSeq	unknown	26808026.0	0	52	0	9	0.0
Travel085	0	KeohaneDM_2020	38.0	male	IlluminaHiSeq	unknown	25541996.0	1	71	1	5	0.0
Travel086	0	KeohaneDM_2020	48.0	male	IlluminaHiSeq	unknown	25272062.0	0	107	0	10	0.0
Travel087	0	KeohaneDM_2020	52.0	female	IlluminaHiSeq	unknown	26579168.0	1	124	1	12	0.0
Travel088	0	KeohaneDM_2020	39.0	female	IlluminaHiSeq	unknown	20450432.0	1	158	1	16	0.0
Travel089	0	KeohaneDM_2020	32.0	female	IlluminaHiSeq	unknown	27458366.0	0	116	0	11	0.0
Travel090	0	KeohaneDM_2020	53.0	female	IlluminaHiSeq	unknown	19524736.0	1	53	1	8	0.0
Travel091	0	KeohaneDM_2020	29.0	female	IlluminaHiSeq	unknown	32888026.0	1	87	1	9	0.0
Travel092	0	KeohaneDM_2020	46.0	female	IlluminaHiSeq	unknown	27747098.0	0	108	0	11	0.0
Travel093	0	KeohaneDM_2020	58.0	female	IlluminaHiSeq	unknown	26208036.0	0	51	0	7	0.0
Travel095	0	KeohaneDM_2020	37.0	female	IlluminaHiSeq	unknown	27571146.0	0	88	0	10	0.0
Travel096	0	KeohaneDM_2020	46.0	male	IlluminaHiSeq	unknown	25071104.0	0	111	0	15	0.0
Travel097	0	KeohaneDM_2020	18.0	male	IlluminaHiSeq	unknown	26739262.0	1	137	1	15	0.0
Travel098	0	KeohaneDM_2020	57.0	male	IlluminaHiSeq	unknown	21872456.0	0	30	0	7	0.0
Travel099	0	KeohaneDM_2020	29.0	male	IlluminaHiSeq	unknown	22377500.0	0	91	0	9	0.0
Travel100	0	KeohaneDM_2020	55.0	female	IlluminaHiSeq	unknown	26020984.0	1	133	1	14	0.0
Travel101	0	KeohaneDM_2020	31.0	male	IlluminaHiSeq	unknown	25599826.0	1	10	1	4	0.0
Travel102	0	KeohaneDM_2020	34.0	female	IlluminaHiSeq	unknown	24316622.0	1	125	1	15	0.0
Travel103	0	KeohaneDM_2020	30.0	female	IlluminaHiSeq	unknown	24361424.0	1	181	1	19	0.0
Travel104	0	KeohaneDM_2020	47.0	female	IlluminaHiSeq	unknown	25526292.0	0	81	0	12	0.0
Travel105	0	KeohaneDM_2020	49.0	male	IlluminaHiSeq	unknown	27840514.0	0	36	0	10	0.0
Travel106	0	KeohaneDM_2020	18.0	male	IlluminaHiSeq	unknown	25664150.0	0	118	0	12	0.0
Travel107	0	KeohaneDM_2020	32.0	male	IlluminaHiSeq	unknown	29429420.0	1	79	1	10	0.0
Travel108	0	KeohaneDM_2020	59.0	male	IlluminaHiSeq	unknown	26108556.0	0	38	0	6	0.0
Travel109	0	KeohaneDM_2020	29.0	male	IlluminaHiSeq	unknown	22932570.0	0	47	0	6	0.0
Travel110	0	KeohaneDM_2020	34.0	male	IlluminaHiSeq	unknown	23168038.0	0	38	0	7	0.0
Travel111	0	KeohaneDM_2020	25.0	male	IlluminaHiSeq	unknown	20929018.0	1	40	1	4	0.0
Travel112	0	KeohaneDM_2020	22.0	female	IlluminaHiSeq	unknown	22837592.0	1	148	1	17	0.0
Travel113	0	KeohaneDM_2020	25.0	male	IlluminaHiSeq	unknown	19508360.0	0	39	0	5	0.0
Travel114	0	KeohaneDM_2020	35.0	female	IlluminaHiSeq	unknown	25586250.0	0	100	0	9	0.0
Travel115	0	KeohaneDM_2020	56.0	female	IlluminaHiSeq	unknown	22167542.0	0	63	0	9	0.0
Travel117	0	KeohaneDM_2020	20.0	female	IlluminaHiSeq	unknown	23218914.0	0	43	0	7	0.0
Travel118	0	KeohaneDM_2020	25.0	male	IlluminaHiSeq	unknown	21663908.0	0	70	0	6	0.0
Travel119	0	KeohaneDM_2020	28.0	male	IlluminaHiSeq	unknown	24254652.0	1	102	1	12	0.0
Travel120	0	KeohaneDM_2020	28.0	female	IlluminaHiSeq	unknown	24834472.0	0	73	0	11	0.0
Travel121	0	KeohaneDM_2020	27.0	female	IlluminaHiSeq	unknown	21263148.0	1	43	1	7	0.0
Travel122	0	KeohaneDM_2020	40.0	male	IlluminaHiSeq	unknown	25397466.0	0	95	0	16	0.0
Travel123	0	KeohaneDM_2020	60.0	male	IlluminaHiSeq	unknown	26164872.0	1	105	1	14	0.0
Travel124	0	KeohaneDM_2020	59.0	female	IlluminaHiSeq	unknown	28571434.0	1	188	1	13	0.0
Travel125	0	KeohaneDM_2020	29.0	female	IlluminaHiSeq	unknown	20615368.0	1	174	1	17	0.0
Travel126	0	KeohaneDM_2020	25.0	female	IlluminaHiSeq	unknown	23720670.0	1	181	1	15	0.0
Travel128	0	KeohaneDM_2020	38.0	female	IlluminaHiSeq	unknown	24833966.0	0	97	0	14	0.0
Travel129	0	KeohaneDM_2020	34.0	male	IlluminaHiSeq	unknown	22370282.0	0	79	0	9	0.0
Travel130	0	KeohaneDM_2020	31.0	female	IlluminaHiSeq	unknown	24870204.0	1	67	1	7	0.0
MMPU29365221ST	0	WirbelJ_2018	34.0	male	IlluminaHiSeq	Gnome	130049492.0	1	53	1	4	0.0
MMPU68403337ST	0	WirbelJ_2018	30.0	male	IlluminaHiSeq	Gnome	132071270.0	1	62	1	5	0.0
MMPU72854103ST	0	WirbelJ_2018	34.0	male	IlluminaHiSeq	Gnome	178722733.0	1	69	1	4	0.0
MMPU84450604ST	0	WirbelJ_2018	37.0	male	IlluminaHiSeq	Gnome	147843603.0	1	62	2	5	0.0
MMPU99077057ST	0	WirbelJ_2018	49.0	male	IlluminaHiSeq	Gnome	104954432.0	1	87	1	7	0.0
CCMD10032470ST-11-0	0	WirbelJ_2018	45.0	male	IlluminaHiSeq	Gnome	37708359.0	1	63	1	6	0.0
CCMD10191450ST-11-0	0	WirbelJ_2018	62.0	female	IlluminaHiSeq	Gnome	34952407.0	0	128	0	14	0.0
CCMD15562448ST-11-0	0	WirbelJ_2018	74.0	male	IlluminaHiSeq	Gnome	34087455.0	1	119	1	15	0.0
CCMD17410933ST-11-0	0	WirbelJ_2018	59.0	female	IlluminaHiSeq	Gnome	47437840.0	1	59	1	6	0.0
CCMD18579000ST-11-0	0	WirbelJ_2018	59.0	female	IlluminaHiSeq	Gnome	32440106.0	1	143	1	11	0.0
CCMD18829815ST-11-0	0	WirbelJ_2018	62.0	female	IlluminaHiSeq	Gnome	34435904.0	1	57	1	5	0.0
CCMD22852639ST-11-0	0	WirbelJ_2018	50.0	female	IlluminaHiSeq	Gnome	40833762.0	1	92	1	10	0.0
CCMD23541216ST-11-0	0	WirbelJ_2018	61.0	male	IlluminaHiSeq	Gnome	26798255.0	0	155	0	14	0.0
CCMD25475945ST-11-0	0	WirbelJ_2018	59.0	female	IlluminaHiSeq	Gnome	36474293.0	1	73	1	8	0.0
CCMD26625622ST-11-0	0	WirbelJ_2018	50.0	male	IlluminaHiSeq	Gnome	34820567.0	1	73	1	11	0.0
CCMD27867141ST-11-0	0	WirbelJ_2018	55.0	female	IlluminaHiSeq	Gnome	49637082.0	1	93	1	11	0.0
CCMD28738636ST-11-0	0	WirbelJ_2018	73.0	male	IlluminaHiSeq	Gnome	18266347.0	0	43	0	5	0.0
CCMD29706695ST-11-0	0	WirbelJ_2018	45.0	male	IlluminaHiSeq	Gnome	32562260.0	1	144	1	15	0.0
CCMD30626189ST-11-0	0	WirbelJ_2018	51.0	male	IlluminaHiSeq	Gnome	42420464.0	0	169	0	23	0.0
CCMD30627121ST-11-0	0	WirbelJ_2018	48.0	female	IlluminaHiSeq	Gnome	33003822.0	1	75	1	7	0.0
CCMD31009081ST-11-0	0	WirbelJ_2018	64.0	male	IlluminaHiSeq	Gnome	35437309.0	0	115	0	12	0.0
CCMD31134579ST-11-0	0	WirbelJ_2018	75.0	male	IlluminaHiSeq	Gnome	37748960.0	1	171	1	18	0.0
CCMD32288175ST-11-0	0	WirbelJ_2018	57.0	female	IlluminaHiSeq	Gnome	30703808.0	1	63	1	9	0.0
CCMD32965613ST-11-0	0	WirbelJ_2018	64.0	male	IlluminaHiSeq	Gnome	45280497.0	1	134	1	15	0.0
CCMD35081859ST-11-0	0	WirbelJ_2018	60.0	female	IlluminaHiSeq	Gnome	39906903.0	1	119	1	12	0.0
CCMD35801800ST-11-0	0	WirbelJ_2018	29.0	female	IlluminaHiSeq	Gnome	42324579.0	1	60	1	8	0.0
CCMD37575804ST-11-0	0	WirbelJ_2018	44.0	male	IlluminaHiSeq	Gnome	42726833.0	0	91	0	10	0.0
CCMD38158721ST-11-0	0	WirbelJ_2018	76.0	male	IlluminaHiSeq	Gnome	26218660.0	0	76	0	10	0.0
CCMD39157124ST-11-0	0	WirbelJ_2018	56.0	male	IlluminaHiSeq	Gnome	39541087.0	1	131	1	13	0.0
CCMD39882286ST-11-0	0	WirbelJ_2018	53.0	male	IlluminaHiSeq	Gnome	39610199.0	0	168	0	23	0.0
CCMD41202658ST-11-0	0	WirbelJ_2018	61.0	female	IlluminaHiSeq	Gnome	26494425.0	1	189	1	18	0.0
CCMD41521570ST-11-0	0	WirbelJ_2018	67.0	male	IlluminaHiSeq	Gnome	32315436.0	0	153	0	15	0.0
CCMD45004878ST-11-0	0	WirbelJ_2018	53.0	male	IlluminaHiSeq	Gnome	29989143.0	1	169	1	17	0.0
CCMD45812507ST-11-0	0	WirbelJ_2018	75.0	male	IlluminaHiSeq	Gnome	34298086.0	0	101	0	11	0.0
CCMD46727384ST-11-0	0	WirbelJ_2018	53.0	female	IlluminaHiSeq	Gnome	42393024.0	1	59	1	6	0.0
CCMD49025643ST-11-0	0	WirbelJ_2018	41.0	male	IlluminaHiSeq	Gnome	49109243.0	1	73	1	6	0.0
CCMD49942357ST-11-0	0	WirbelJ_2018	46.0	male	IlluminaHiSeq	Gnome	31722138.0	0	60	0	6	0.0
CCMD50300306ST-11-0	0	WirbelJ_2018	64.0	male	IlluminaHiSeq	Gnome	36637752.0	1	93	2	9	0.0
CCMD50529145ST-11-0	0	WirbelJ_2018	63.0	female	IlluminaHiSeq	Gnome	31149147.0	1	125	1	15	0.0
CCMD50538120ST-11-0	0	WirbelJ_2018	75.0	male	IlluminaHiSeq	Gnome	21906938.0	0	108	0	11	0.0
CCMD51154251ST-11-0	0	WirbelJ_2018	50.0	male	IlluminaHiSeq	Gnome	35921835.0	1	63	1	7	0.0
CCMD51228890ST-11-0	0	WirbelJ_2018	65.0	male	IlluminaHiSeq	Gnome	32351866.0	1	90	1	11	0.0
CCMD53508245ST-11-0	0	WirbelJ_2018	61.0	male	IlluminaHiSeq	Gnome	46280212.0	1	93	1	9	0.0
CCMD53522274ST-11-0	0	WirbelJ_2018	75.0	female	IlluminaHiSeq	Gnome	32649355.0	0	139	0	11	0.0
CCMD54057834ST-11-0	0	WirbelJ_2018	57.0	female	IlluminaHiSeq	Gnome	26324082.0	0	95	0	7	0.0
CCMD56948710ST-11-0	0	WirbelJ_2018	66.0	male	IlluminaHiSeq	Gnome	31896652.0	1	113	1	16	0.0
CCMD59540613ST-11-0	0	WirbelJ_2018	64.0	male	IlluminaHiSeq	Gnome	26827236.0	1	83	1	9	0.0
CCMD66848156ST-11-0	0	WirbelJ_2018	64.0	female	IlluminaHiSeq	Gnome	33154286.0	1	137	1	14	0.0
CCMD67373733ST-11-0	0	WirbelJ_2018	73.0	male	IlluminaHiSeq	Gnome	46199982.0	1	178	1	17	0.0
CCMD68973846ST-11-0	0	WirbelJ_2018	64.0	female	IlluminaHiSeq	Gnome	19776648.0	0	45	0	5	0.0
CCMD72666896ST-11-0	0	WirbelJ_2018	58.0	female	IlluminaHiSeq	Gnome	32145534.0	0	31	0	2	0.0
CCMD73128545ST-11-0	0	WirbelJ_2018	57.0	female	IlluminaHiSeq	Gnome	28802606.0	0	84	0	10	0.0
CCMD74592084ST-11-0	0	WirbelJ_2018	48.0	male	IlluminaHiSeq	Gnome	46736941.0	1	47	1	5	0.0
CCMD75147712ST-11-0	0	WirbelJ_2018	53.0	female	IlluminaHiSeq	Gnome	19907319.0	0	9	0	3	0.0
CCMD76409700ST-11-0	0	WirbelJ_2018	60.0	female	IlluminaHiSeq	Gnome	36562004.0	1	157	1	15	0.0
CCMD85481373ST-11-0	0	WirbelJ_2018	69.0	female	IlluminaHiSeq	Gnome	16250781.0	1	108	1	9	0.0
CCMD85661207ST-11-0	0	WirbelJ_2018	28.0	male	IlluminaHiSeq	Gnome	33033970.0	1	126	1	15	0.0
CCMD89107682ST-11-0	0	WirbelJ_2018	54.0	female	IlluminaHiSeq	Gnome	43412558.0	0	70	0	6	0.0
CCMD89643949ST-11-0	0	WirbelJ_2018	51.0	female	IlluminaHiSeq	Gnome	38953235.0	1	186	1	12	0.0
CCMD89967135ST-11-0	0	WirbelJ_2018	58.0	female	IlluminaHiSeq	Gnome	38178196.0	1	68	1	13	0.0
CCMD93755960ST-11-0	0	WirbelJ_2018	45.0	female	IlluminaHiSeq	Gnome	53721981.0	1	85	1	9	0.0
CCMD98198513ST-11-0	0	WirbelJ_2018	59.0	female	IlluminaHiSeq	Gnome	17214401.0	0	62	0	5	0.0
CCMD98702133ST-11-0	0	WirbelJ_2018	37.0	male	IlluminaHiSeq	Gnome	49904768.0	1	65	1	4	0.0
CCMD99440714ST-11-0	0	WirbelJ_2018	39.0	male	IlluminaHiSeq	Gnome	41699249.0	0	47	0	10	0.0
CCMD99929634ST-11-0	0	WirbelJ_2018	70.0	male	IlluminaHiSeq	Gnome	36973483.0	1	116	1	11	0.0
A01_02_1FE	1	CM_madagascar	21.0	female	IlluminaHiSeq	Qiagen	34710359.0	1	115	2	9	0.0
V01_01_1FE	1	CM_madagascar	24.0	male	IlluminaHiSeq	Qiagen	124989534.0	1	132	2	14	0.0
A02_01_1FE	1	CM_madagascar	24.0	female	IlluminaHiSeq	Qiagen	16069073.0	1	53	1	10	0.0
A03_01_1FE	1	CM_madagascar	38.0	male	IlluminaHiSeq	Qiagen	5448145.0	1	34	1	7	0.0
A04_01_1FE	1	CM_madagascar	34.0	female	IlluminaHiSeq	Qiagen	78020980.0	1	138	2	14	0.0
A04_04_1FE	1	CM_madagascar	28.0	male	IlluminaHiSeq	Qiagen	108071445.0	1	141	2	16	0.0
A05_01_1FE	1	CM_madagascar	30.0	female	IlluminaHiSeq	Qiagen	3057043.0	1	49	1	10	0.0
A06_01_1FE	1	CM_madagascar	31.0	male	IlluminaHiSeq	Qiagen	701444.0	0	16	0	4	0.0
V06_02_1FE	1	CM_madagascar	29.0	female	IlluminaHiSeq	Qiagen	15132788.0	1	142	1	14	0.0
A07_01_1FE	1	CM_madagascar	48.0	male	IlluminaHiSeq	Qiagen	72624077.0	1	197	1	15	0.0
V07_01_2FE	1	CM_madagascar	42.0	male	IlluminaHiSeq	Qiagen	28741334.0	1	217	1	15	0.0
V07_02_2FE	1	CM_madagascar	33.0	female	IlluminaHiSeq	Qiagen	9221976.0	1	175	2	16	0.0
A08_01_1FE	1	CM_madagascar	46.0	female	IlluminaHiSeq	Qiagen	68390881.0	1	280	1	20	0.0
A09_01_1FE	1	CM_madagascar	52.0	male	IlluminaHiSeq	Qiagen	58617054.0	1	76	2	12	0.0
A09_02_1FE	1	CM_madagascar	50.0	female	IlluminaHiSeq	Qiagen	224365322.0	1	158	2	18	0.0
A10_01_1FE	1	CM_madagascar	23.0	male	IlluminaHiSeq	Qiagen	46418926.0	1	66	1	12	0.0
A10_02_1FE	1	CM_madagascar	22.0	female	IlluminaHiSeq	Qiagen	15796370.0	1	182	2	15	0.0
A11_01_1FE	1	CM_madagascar	52.0	male	IlluminaHiSeq	Qiagen	55698625.0	1	38	2	7	0.0
V12_01_2FE	1	CM_madagascar	46.0	male	IlluminaHiSeq	Qiagen	80645693.0	1	202	1	18	0.0
A13_01_1FE	1	CM_madagascar	52.0	male	IlluminaHiSeq	Qiagen	53690948.0	1	147	2	15	0.0
A13_03_1FE	1	CM_madagascar	21.0	female	IlluminaHiSeq	Qiagen	69180357.0	1	121	2	19	0.0
A14_01_1FE	1	CM_madagascar	36.0	male	IlluminaHiSeq	Qiagen	51877496.0	1	90	2	13	0.0
A15_02_1FE	1	CM_madagascar	21.0	female	IlluminaHiSeq	Qiagen	61559855.0	1	84	1	7	0.0
V18_02_1FE	1	CM_madagascar	29.0	female	IlluminaHiSeq	Qiagen	92712241.0	1	213	2	21	0.0
A19_01_1FE	1	CM_madagascar	63.0	male	IlluminaHiSeq	Qiagen	36244963.0	1	85	2	11	0.0
V19_01_2FE	1	CM_madagascar	33.0	male	IlluminaHiSeq	Qiagen	53282707.0	1	114	2	10	0.0
V19_02_2FE	1	CM_madagascar	26.0	female	IlluminaHiSeq	Qiagen	37472476.0	1	185	2	20	0.0
A20_01_1FE	1	CM_madagascar	45.0	male	IlluminaHiSeq	Qiagen	16119304.0	1	95	2	13	0.0
A20_03_1FE	1	CM_madagascar	23.0	male	IlluminaHiSeq	Qiagen	41916988.0	1	91	2	9	0.0
A22_01_1FE	1	CM_madagascar	27.0	male	IlluminaHiSeq	Qiagen	11025841.0	1	71	1	12	0.0
A23_01_1FE	1	CM_madagascar	40.0	female	IlluminaHiSeq	Qiagen	53132114.0	1	148	2	16	0.0
A24_02_1FE	1	CM_madagascar	34.0	female	IlluminaHiSeq	Qiagen	20461838.0	1	165	1	18	0.0
A24_04_1FE	1	CM_madagascar	22.0	male	IlluminaHiSeq	Qiagen	9315235.0	1	47	1	11	0.0
A25_01_1FE	1	CM_madagascar	23.0	male	IlluminaHiSeq	Qiagen	25865481.0	1	105	1	11	0.0
A27_02_1FE	1	CM_madagascar	25.0	female	IlluminaHiSeq	Qiagen	47508784.0	1	163	2	10	0.0
A28_02_1FE	1	CM_madagascar	21.0	female	IlluminaHiSeq	Qiagen	168566817.0	1	230	2	23	0.0
A29_01_1FE	1	CM_madagascar	50.0	male	IlluminaHiSeq	Qiagen	21720259.0	1	100	1	8	0.0
V30_01_1FE	1	CM_madagascar	72.0	male	IlluminaHiSeq	Qiagen	112574344.0	1	162	2	17	0.0
V31_01_2FE	1	CM_madagascar	29.0	male	IlluminaHiSeq	Qiagen	88230046.0	1	143	3	14	0.0
A32_01_1FE	1	CM_madagascar	51.0	male	IlluminaHiSeq	Qiagen	73574045.0	1	312	2	20	0.0
V32_02_2FE	1	CM_madagascar	37.0	female	IlluminaHiSeq	Qiagen	7919518.0	1	58	1	6	0.0
A34_01_1FE	1	CM_madagascar	32.0	male	IlluminaHiSeq	Qiagen	18621555.0	1	93	2	13	0.0
A34_02_1FE	1	CM_madagascar	30.0	female	IlluminaHiSeq	Qiagen	39384674.0	1	183	3	18	0.0
A35_01_1FE	1	CM_madagascar	33.0	male	IlluminaHiSeq	Qiagen	13123415.0	1	52	1	9	0.0
A36_01_1FE	1	CM_madagascar	48.0	male	IlluminaHiSeq	Qiagen	50877792.0	1	215	2	24	0.0
A36_02_1FE	1	CM_madagascar	43.0	female	IlluminaHiSeq	Qiagen	13637773.0	1	66	2	15	0.0
V36_02_2FE	1	CM_madagascar	40.0	female	IlluminaHiSeq	Qiagen	22159443.0	1	225	1	21	0.0
A39_01_1FE	1	CM_madagascar	52.0	male	IlluminaHiSeq	Qiagen	67777237.0	1	165	2	15	0.0
A39_02_1FE	1	CM_madagascar	51.0	female	IlluminaHiSeq	Qiagen	38065580.0	1	274	2	21	0.0
A39_04_1FE	1	CM_madagascar	21.0	male	IlluminaHiSeq	Qiagen	77962518.0	1	67	2	16	0.0
A40_02_1FE	1	CM_madagascar	39.0	female	IlluminaHiSeq	Qiagen	34108496.0	1	205	3	19	0.0
V40_01_1FE	1	CM_madagascar	52.0	male	IlluminaHiSeq	Qiagen	84870563.0	1	181	1	19	0.0
A41_01_1FE	1	CM_madagascar	26.0	male	IlluminaHiSeq	Qiagen	37752992.0	1	98	2	10	0.0
A42_02_1FE	1	CM_madagascar	44.0	female	IlluminaHiSeq	Qiagen	36639112.0	1	130	2	17	0.0
A43_02_1FE	1	CM_madagascar	36.0	female	IlluminaHiSeq	Qiagen	17844758.0	1	152	2	15	0.0
A44_01_1FE	1	CM_madagascar	35.0	male	IlluminaHiSeq	Qiagen	43977605.0	1	116	1	15	0.0
A45_02_1FE	1	CM_madagascar	29.0	female	IlluminaHiSeq	Qiagen	15375936.0	1	156	2	17	0.0
A46_01_1FE	1	CM_madagascar	37.0	male	IlluminaHiSeq	Qiagen	58236230.0	1	155	2	15	0.0
A46_02_1FE	1	CM_madagascar	33.0	female	IlluminaHiSeq	Qiagen	26233409.0	1	233	1	20	0.0
A47_01_1FE	1	CM_madagascar	39.0	male	IlluminaHiSeq	Qiagen	18672744.0	1	65	2	12	0.0
A47_02_1FE	1	CM_madagascar	33.0	female	IlluminaHiSeq	Qiagen	68701017.0	1	165	1	19	0.0
A48_01_1FE	1	CM_madagascar	35.0	female	IlluminaHiSeq	Qiagen	12413165.0	1	131	1	15	0.0
A48_05_1FE	1	CM_madagascar	35.0	male	IlluminaHiSeq	Qiagen	26541236.0	1	92	2	11	0.0
V48_03_2FE	1	CM_madagascar	21.0	male	IlluminaHiSeq	Qiagen	19742101.0	1	104	1	13	0.0
A49_01_1FE	1	CM_madagascar	35.0	male	IlluminaHiSeq	Qiagen	31528656.0	1	101	1	14	0.0
V50_01_1FE	1	CM_madagascar	33.0	male	IlluminaHiSeq	Qiagen	5955043.0	1	55	1	11	0.0
V50_02_1FE	1	CM_madagascar	25.0	female	IlluminaHiSeq	Qiagen	40016085.0	1	243	1	29	0.0
V50_01_2FE	1	CM_madagascar	30.0	male	IlluminaHiSeq	Qiagen	23029679.0	1	119	1	14	0.0
A53_01_1FE	1	CM_madagascar	29.0	male	IlluminaHiSeq	Qiagen	69502320.0	1	223	1	23	0.0
V53_02_1FE	1	CM_madagascar	36.0	female	IlluminaHiSeq	Qiagen	90518543.0	1	102	2	16	0.0
A54_02_1FE	1	CM_madagascar	26.0	female	IlluminaHiSeq	Qiagen	26443087.0	1	121	2	17	0.0
V54_01_1FE	1	CM_madagascar	24.0	male	IlluminaHiSeq	Qiagen	59761232.0	1	106	2	8	0.0
A55_01_1FE	1	CM_madagascar	34.0	female	IlluminaHiSeq	Qiagen	78288042.0	1	87	1	7	0.0
A55_02_1FE	1	CM_madagascar	27.0	male	IlluminaHiSeq	Qiagen	119626814.0	1	117	3	13	0.0
A56_01_1FE	1	CM_madagascar	44.0	male	IlluminaHiSeq	Qiagen	52391668.0	1	228	2	18	0.0
A58_01_1FE	1	CM_madagascar	44.0	male	IlluminaHiSeq	Qiagen	16129558.0	1	81	2	8	0.0
A58_03_1FE	1	CM_madagascar	55.0	female	IlluminaHiSeq	Qiagen	27025778.0	1	65	1	8	0.0
A59_01_1FE	1	CM_madagascar	26.0	female	IlluminaHiSeq	Qiagen	85420141.0	1	90	2	12	0.0
A62_01_1FE	1	CM_madagascar	58.0	female	IlluminaHiSeq	Qiagen	69135326.0	1	177	1	13	0.0
A62_03_1FE	1	CM_madagascar	31.0	male	IlluminaHiSeq	Qiagen	23637569.0	1	70	1	14	0.0
A66_02_1FE	1	CM_madagascar	22.0	female	IlluminaHiSeq	Qiagen	55012569.0	1	111	1	13	0.0
A67_01_1FE	1	CM_madagascar	46.0	female	IlluminaHiSeq	Qiagen	6453190.0	1	78	1	9	0.0
A68_01_1FE	1	CM_madagascar	46.0	female	IlluminaHiSeq	Qiagen	84374010.0	1	103	3	12	0.0
A69_01_1FE	1	CM_madagascar	35.0	male	IlluminaHiSeq	Qiagen	66797596.0	1	78	2	7	0.0
A69_02_1FE	1	CM_madagascar	26.0	female	IlluminaHiSeq	Qiagen	61466275.0	1	94	2	11	0.0
A70_01_1FE	1	CM_madagascar	55.0	male	IlluminaHiSeq	Qiagen	23614288.0	1	143	1	17	0.0
A70_03_1FE	1	CM_madagascar	21.0	male	IlluminaHiSeq	Qiagen	71388117.0	1	184	3	17	0.0
A72_01_1FE	1	CM_madagascar	24.0	male	IlluminaHiSeq	Qiagen	17275966.0	1	179	1	15	0.0
A72_02_1FE	1	CM_madagascar	22.0	female	IlluminaHiSeq	Qiagen	32087529.0	1	134	2	10	0.0
A73_01_1FE	1	CM_madagascar	32.0	male	IlluminaHiSeq	Qiagen	31548343.0	1	210	1	18	0.0
A73_02_1FE	1	CM_madagascar	25.0	female	IlluminaHiSeq	Qiagen	125464953.0	1	162	2	14	0.0
A75_02_1FE	1	CM_madagascar	24.0	female	IlluminaHiSeq	Qiagen	87921648.0	1	215	2	19	0.0
A79_02_1FE	1	CM_madagascar	47.0	female	IlluminaHiSeq	Qiagen	119273581.0	1	241	2	21	0.0
A81_01_1FE	1	CM_madagascar	58.0	male	IlluminaHiSeq	Qiagen	39087983.0	0	180	1	15	0.0
A81_03_1FE	1	CM_madagascar	26.0	female	IlluminaHiSeq	Qiagen	45238017.0	1	242	1	22	0.0
A82_02_1FE	1	CM_madagascar	51.0	female	IlluminaHiSeq	Qiagen	5292183.0	1	89	2	8	0.0
A83_02_1FE	1	CM_madagascar	38.0	female	IlluminaHiSeq	Qiagen	107567164.0	1	204	2	22	0.0
A85_01_1FE	1	CM_madagascar	37.0	male	IlluminaHiSeq	Qiagen	32391588.0	1	104	2	13	0.0
A88_02_1FE	1	CM_madagascar	42.0	female	IlluminaHiSeq	Qiagen	94627848.0	1	195	3	21	0.0
A89_01_1FE	1	CM_madagascar	26.0	male	IlluminaHiSeq	Qiagen	87325548.0	1	222	2	20	0.0
A89_02_1FE	1	CM_madagascar	27.0	female	IlluminaHiSeq	Qiagen	58339515.0	1	257	2	22	0.0
A90_03_1FE	1	CM_madagascar	26.0	male	IlluminaHiSeq	Qiagen	68366233.0	1	176	2	13	0.0
A90_04_1FE	1	CM_madagascar	28.0	female	IlluminaHiSeq	Qiagen	99789576.0	1	281	2	32	0.0
A91_01_1FE	1	CM_madagascar	43.0	male	IlluminaHiSeq	Qiagen	43119552.0	1	297	2	27	0.0
A91_02_1FE	1	CM_madagascar	50.0	female	IlluminaHiSeq	Qiagen	30204135.0	1	76	2	5	0.0
A92_01_1FE	1	CM_madagascar	23.0	female	IlluminaHiSeq	Qiagen	111102779.0	1	181	2	16	0.0
A93_01_1FE	1	CM_madagascar	30.0	male	IlluminaHiSeq	Qiagen	149333541.0	1	126	3	16	0.0
A94_01_1FE	1	CM_madagascar	32.0	male	IlluminaHiSeq	Qiagen	77726318.0	1	180	2	16	0.0
A94_02_1FE	1	CM_madagascar	37.0	female	IlluminaHiSeq	Qiagen	57380928.0	1	187	1	13	0.0
A94_03_1FE	1	CM_madagascar	44.0	female	IlluminaHiSeq	Qiagen	58674012.0	1	200	2	15	0.0
A95_01_1FE	1	CM_madagascar	34.0	male	IlluminaHiSeq	Qiagen	119348711.0	1	183	2	20	0.0
SZAXPI003417-4	0	YuJ_2015	62.0	male	IlluminaHiSeq	Qiagen	61229038.0	1	43	1	8	0.0
SZAXPI003419-6	0	YuJ_2015	65.0	male	IlluminaHiSeq	Qiagen	64164216.0	1	37	1	3	0.0
SZAXPI003429-3	0	YuJ_2015	68.0	male	IlluminaHiSeq	Qiagen	57035188.0	1	44	1	8	0.0
SZAXPI003433-7	0	YuJ_2015	62.0	female	IlluminaHiSeq	Qiagen	56134340.0	1	27	1	5	0.0
SZAXPI015212-113	0	YuJ_2015	68.0	male	IlluminaHiSeq	Qiagen	63330138.0	1	52	1	5	0.0
SZAXPI015227-13	0	YuJ_2015	62.0	female	IlluminaHiSeq	Qiagen	66064102.0	1	132	1	12	0.0
SZAXPI015229-15	0	YuJ_2015	64.0	male	IlluminaHiSeq	Qiagen	61617318.0	1	25	1	4	0.0
SZAXPI015230-16	0	YuJ_2015	65.0	female	IlluminaHiSeq	Qiagen	68472136.0	1	70	1	11	0.0
SZAXPI015231-17	0	YuJ_2015	62.0	male	IlluminaHiSeq	Qiagen	69534266.0	1	64	1	5	0.0
SZAXPI015232-18	0	YuJ_2015	69.0	female	IlluminaHiSeq	Qiagen	68004090.0	1	13	1	2	0.0
SZAXPI015234-20	0	YuJ_2015	64.0	female	IlluminaHiSeq	Qiagen	59159772.0	1	63	1	5	0.0
SZAXPI015235-21	0	YuJ_2015	59.0	male	IlluminaHiSeq	Qiagen	67478554.0	1	100	1	9	0.0
SZAXPI015238-24	0	YuJ_2015	71.0	female	IlluminaHiSeq	Qiagen	63843786.0	1	57	1	7	0.0
SZAXPI015241-27	0	YuJ_2015	64.0	male	IlluminaHiSeq	Qiagen	52698148.0	1	71	1	7	0.0
SZAXPI015245-33	0	YuJ_2015	64.0	male	IlluminaHiSeq	Qiagen	49693868.0	1	108	1	9	0.0
SZAXPI015246-34	0	YuJ_2015	58.0	male	IlluminaHiSeq	Qiagen	47524484.0	1	36	1	3	0.0
SZAXPI015247-35	0	YuJ_2015	64.0	female	IlluminaHiSeq	Qiagen	55499678.0	1	43	1	7	0.0
SZAXPI015248-36	0	YuJ_2015	65.0	male	IlluminaHiSeq	Qiagen	46313860.0	1	53	1	7	0.0
SZAXPI015250-39	0	YuJ_2015	64.0	female	IlluminaHiSeq	Qiagen	56707948.0	1	80	1	11	0.0
SZAXPI015251-41	0	YuJ_2015	68.0	female	IlluminaHiSeq	Qiagen	44019090.0	1	89	1	11	0.0
SZAXPI015253-44	0	YuJ_2015	64.0	female	IlluminaHiSeq	Qiagen	61595372.0	1	82	1	11	0.0
SZAXPI015254-45	0	YuJ_2015	61.0	male	IlluminaHiSeq	Qiagen	57962360.0	1	16	1	4	0.0
SZAXPI015255-46	0	YuJ_2015	62.0	female	IlluminaHiSeq	Qiagen	56561906.0	1	110	1	10	0.0
SZAXPI015256-47	0	YuJ_2015	64.0	male	IlluminaHiSeq	Qiagen	61955812.0	1	39	1	4	0.0
SZAXPI015258-57	0	YuJ_2015	64.0	female	IlluminaHiSeq	Qiagen	77263508.0	1	98	1	14	0.0
SZAXPI015259-62	0	YuJ_2015	71.0	female	IlluminaHiSeq	Qiagen	55579348.0	1	37	1	3	0.0
SZAXPI015261-75	0	YuJ_2015	65.0	male	IlluminaHiSeq	Qiagen	62784088.0	1	92	1	9	0.0
SZAXPI015264-87	0	YuJ_2015	65.0	female	IlluminaHiSeq	Qiagen	58364678.0	0	130	0	12	0.0
SZAXPI015265-88	0	YuJ_2015	60.0	male	IlluminaHiSeq	Qiagen	60676490.0	1	50	1	4	0.0
SZAXPI015267-102	0	YuJ_2015	64.0	female	IlluminaHiSeq	Qiagen	55190022.0	1	66	1	12	0.0
SZAXPI015270-90	0	YuJ_2015	59.0	male	IlluminaHiSeq	Qiagen	63280364.0	0	98	0	9	0.0
SZAXPI015271-93	0	YuJ_2015	70.0	female	IlluminaHiSeq	Qiagen	43217884.0	1	83	1	10	0.0
SZAXPI015272-108	0	YuJ_2015	61.0	male	IlluminaHiSeq	Qiagen	44188276.0	1	84	1	8	0.0
SZAXPI015273-95	0	YuJ_2015	52.0	male	IlluminaHiSeq	Qiagen	60671012.0	1	61	1	9	0.0
SZAXPI015274-111	0	YuJ_2015	58.0	male	IlluminaHiSeq	Qiagen	63322690.0	1	29	1	5	0.0
SZAXPI017591-140	0	YuJ_2015	61.0	male	IlluminaHiSeq	Qiagen	58080274.0	1	137	1	11	0.0
SZAXPI017592-142	0	YuJ_2015	62.0	male	IlluminaHiSeq	Qiagen	57219434.0	1	61	1	9	0.0
SAMEA7041133	0	AsnicarF_2021	36.0	female	IlluminaNovaSeq	PowerSoilPro	27999010.0	1	27	1	2	0.0
SAMEA7041134	0	AsnicarF_2021	24.0	male	IlluminaNovaSeq	PowerSoilPro	28573197.0	0	80	0	8	0.0
SAMEA7041135	0	AsnicarF_2021	63.0	female	IlluminaNovaSeq	PowerSoilPro	27479829.0	0	85	0	11	0.0
SAMEA7041136	0	AsnicarF_2021	53.0	male	IlluminaNovaSeq	PowerSoilPro	34018706.0	1	95	1	12	0.0
SAMEA7041137	0	AsnicarF_2021	38.0	male	IlluminaNovaSeq	PowerSoilPro	32300222.0	0	93	0	11	0.0
SAMEA7041138	0	AsnicarF_2021	29.0	female	IlluminaNovaSeq	PowerSoilPro	24324109.0	1	83	1	11	0.0
SAMEA7041139	0	AsnicarF_2021	59.0	female	IlluminaNovaSeq	PowerSoilPro	26909330.0	1	107	1	14	0.0
SAMEA7041140	0	AsnicarF_2021	46.0	male	IlluminaNovaSeq	PowerSoilPro	31707676.0	0	133	0	12	0.0
SAMEA7041141	0	AsnicarF_2021	63.0	female	IlluminaNovaSeq	PowerSoilPro	24618974.0	1	177	1	18	0.0
SAMEA7041142	0	AsnicarF_2021	47.0	male	IlluminaNovaSeq	PowerSoilPro	31896905.0	1	112	1	10	0.0
SAMEA7041143	0	AsnicarF_2021	36.0	female	IlluminaNovaSeq	PowerSoilPro	27695614.0	1	63	1	10	0.0
SAMEA7041144	0	AsnicarF_2021	29.0	male	IlluminaNovaSeq	PowerSoilPro	25900462.0	1	109	1	10	0.0
SAMEA7041145	0	AsnicarF_2021	25.0	female	IlluminaNovaSeq	PowerSoilPro	48775839.0	1	48	1	4	0.0
SAMEA7041146	0	AsnicarF_2021	42.0	female	IlluminaNovaSeq	PowerSoilPro	26476165.0	1	58	1	6	0.0
SAMEA7041147	0	AsnicarF_2021	29.0	female	IlluminaNovaSeq	PowerSoilPro	26290257.0	0	153	0	19	0.0
SAMEA7041148	0	AsnicarF_2021	32.0	female	IlluminaNovaSeq	PowerSoilPro	26108285.0	0	139	0	15	0.0
SAMEA7041149	0	AsnicarF_2021	60.0	female	IlluminaNovaSeq	PowerSoilPro	25567969.0	0	84	0	10	0.0
SAMEA7041150	0	AsnicarF_2021	53.0	male	IlluminaNovaSeq	PowerSoilPro	27739576.0	1	139	1	12	0.0
SAMEA7041151	0	AsnicarF_2021	33.0	male	IlluminaNovaSeq	PowerSoilPro	25098961.0	0	132	0	12	0.0
SAMEA7041152	0	AsnicarF_2021	45.0	female	IlluminaNovaSeq	PowerSoilPro	33262987.0	1	132	1	17	0.0
SAMEA7041153	0	AsnicarF_2021	47.0	female	IlluminaNovaSeq	PowerSoilPro	34929164.0	1	69	1	8	0.0
SAMEA7041154	0	AsnicarF_2021	38.0	female	IlluminaNovaSeq	PowerSoilPro	30584309.0	1	43	1	4	0.0
SAMEA7041155	0	AsnicarF_2021	58.0	female	IlluminaNovaSeq	PowerSoilPro	40084527.0	0	50	0	4	0.0
SAMEA7041156	0	AsnicarF_2021	48.0	female	IlluminaNovaSeq	PowerSoilPro	24437022.0	1	48	1	8	0.0
SAMEA7041157	0	AsnicarF_2021	46.0	male	IlluminaNovaSeq	PowerSoilPro	26787309.0	0	123	0	14	0.0
SAMEA7041158	0	AsnicarF_2021	41.0	female	IlluminaNovaSeq	PowerSoilPro	31692664.0	1	133	1	15	0.0
SAMEA7041159	0	AsnicarF_2021	24.0	female	IlluminaNovaSeq	PowerSoilPro	27009879.0	1	84	1	7	0.0
SAMEA7041160	0	AsnicarF_2021	48.0	female	IlluminaNovaSeq	PowerSoilPro	25803878.0	1	121	1	14	0.0
SAMEA7041161	0	AsnicarF_2021	40.0	female	IlluminaNovaSeq	PowerSoilPro	26611917.0	1	102	1	10	0.0
SAMEA7041162	0	AsnicarF_2021	49.0	male	IlluminaNovaSeq	PowerSoilPro	34631258.0	0	86	0	7	0.0
SAMEA7041163	0	AsnicarF_2021	54.0	female	IlluminaNovaSeq	PowerSoilPro	37784689.0	0	110	0	11	0.0
SAMEA7041164	0	AsnicarF_2021	59.0	male	IlluminaNovaSeq	PowerSoilPro	56803275.0	1	135	1	14	0.0
SAMEA7041165	0	AsnicarF_2021	38.0	female	IlluminaNovaSeq	PowerSoilPro	38268452.0	1	94	1	10	0.0
SAMEA7041166	0	AsnicarF_2021	55.0	female	IlluminaNovaSeq	PowerSoilPro	40505546.0	0	132	0	12	0.0
SAMEA7041167	0	AsnicarF_2021	61.0	female	IlluminaNovaSeq	PowerSoilPro	27319625.0	0	131	0	11	0.0
SAMEA7041168	0	AsnicarF_2021	54.0	female	IlluminaNovaSeq	PowerSoilPro	30787254.0	1	114	1	13	0.0
SAMEA7041169	0	AsnicarF_2021	48.0	female	IlluminaNovaSeq	PowerSoilPro	25842520.0	0	85	0	9	0.0
SAMEA7041170	0	AsnicarF_2021	32.0	male	IlluminaNovaSeq	PowerSoilPro	34894478.0	0	59	0	7	0.0
SAMEA7041171	0	AsnicarF_2021	47.0	female	IlluminaNovaSeq	PowerSoilPro	30136181.0	0	64	0	8	0.0
SAMEA7041172	0	AsnicarF_2021	50.0	female	IlluminaNovaSeq	PowerSoilPro	24325445.0	0	49	0	8	0.0
SAMEA7041173	0	AsnicarF_2021	19.0	female	IlluminaNovaSeq	PowerSoilPro	25204404.0	1	72	1	9	0.0
SAMEA7041174	0	AsnicarF_2021	40.0	female	IlluminaNovaSeq	PowerSoilPro	27906679.0	0	125	0	19	0.0
SAMEA7041175	0	AsnicarF_2021	42.0	female	IlluminaNovaSeq	PowerSoilPro	23460595.0	0	141	0	18	0.0
SAMEA7041176	0	AsnicarF_2021	36.0	female	IlluminaNovaSeq	PowerSoilPro	24937813.0	1	94	1	12	0.0
SAMEA7041177	0	AsnicarF_2021	45.0	female	IlluminaNovaSeq	PowerSoilPro	26245961.0	0	169	0	19	0.0
SAMEA7041178	0	AsnicarF_2021	23.0	female	IlluminaNovaSeq	PowerSoilPro	25631018.0	0	28	0	4	0.0
SAMEA7041179	0	AsnicarF_2021	23.0	female	IlluminaNovaSeq	PowerSoilPro	30241006.0	1	17	1	3	0.0
SAMEA7041180	0	AsnicarF_2021	44.0	female	IlluminaNovaSeq	PowerSoilPro	31433465.0	0	135	0	16	0.0
SAMEA7041181	0	AsnicarF_2021	27.0	male	IlluminaNovaSeq	PowerSoilPro	26089195.0	1	46	1	6	0.0
SAMEA7041182	0	AsnicarF_2021	53.0	female	IlluminaNovaSeq	PowerSoilPro	27646464.0	0	104	0	8	0.0
SAMEA7041183	0	AsnicarF_2021	46.0	female	IlluminaNovaSeq	PowerSoilPro	33181854.0	1	83	1	8	0.0
SAMEA7041184	0	AsnicarF_2021	46.0	female	IlluminaNovaSeq	PowerSoilPro	26893905.0	1	136	1	11	0.0
SAMEA7041185	0	AsnicarF_2021	41.0	female	IlluminaNovaSeq	PowerSoilPro	25834543.0	1	87	1	9	0.0
SAMEA7041186	0	AsnicarF_2021	39.0	female	IlluminaNovaSeq	PowerSoilPro	28360594.0	1	67	1	5	0.0
SAMEA7041187	0	AsnicarF_2021	58.0	female	IlluminaNovaSeq	PowerSoilPro	25017652.0	1	111	1	12	0.0
SAMEA7041188	0	AsnicarF_2021	21.0	male	IlluminaNovaSeq	PowerSoilPro	34546424.0	1	67	1	9	0.0
SAMEA7041189	0	AsnicarF_2021	42.0	female	IlluminaNovaSeq	PowerSoilPro	30784087.0	1	146	1	13	0.0
SAMEA7041190	0	AsnicarF_2021	47.0	female	IlluminaNovaSeq	PowerSoilPro	27108482.0	1	122	1	11	0.0
SAMEA7041191	0	AsnicarF_2021	58.0	female	IlluminaNovaSeq	PowerSoilPro	31248432.0	0	62	0	5	0.0
SAMEA7041192	0	AsnicarF_2021	34.0	female	IlluminaNovaSeq	PowerSoilPro	25556468.0	0	64	0	6	0.0
SAMEA7041193	0	AsnicarF_2021	46.0	female	IlluminaNovaSeq	PowerSoilPro	26656883.0	1	83	1	8	0.0
SAMEA7041194	0	AsnicarF_2021	63.0	male	IlluminaNovaSeq	PowerSoilPro	25103794.0	1	99	1	11	0.0
SAMEA7041195	0	AsnicarF_2021	54.0	female	IlluminaNovaSeq	PowerSoilPro	29648383.0	1	57	1	13	0.0
SAMEA7041196	0	AsnicarF_2021	56.0	female	IlluminaNovaSeq	PowerSoilPro	26070282.0	1	21	1	1	0.0
SAMEA7041197	0	AsnicarF_2021	46.0	male	IlluminaNovaSeq	PowerSoilPro	25398852.0	1	34	1	1	0.0
SAMEA7041198	0	AsnicarF_2021	55.0	female	IlluminaNovaSeq	PowerSoilPro	29098452.0	1	11	1	0	0.0
SAMEA7041199	0	AsnicarF_2021	54.0	female	IlluminaNovaSeq	PowerSoilPro	26841896.0	1	81	1	16	0.0
SAMEA7041200	0	AsnicarF_2021	23.0	female	IlluminaNovaSeq	PowerSoilPro	24752369.0	1	101	1	10	0.0
SAMEA7041201	0	AsnicarF_2021	54.0	female	IlluminaNovaSeq	PowerSoilPro	27035169.0	1	150	1	13	0.0
SAMEA7041202	0	AsnicarF_2021	28.0	female	IlluminaNovaSeq	PowerSoilPro	28630613.0	0	186	0	17	0.0
SAMEA7041203	0	AsnicarF_2021	38.0	male	IlluminaNovaSeq	PowerSoilPro	29973001.0	0	96	0	10	0.0
SAMEA7041204	0	AsnicarF_2021	47.0	female	IlluminaNovaSeq	PowerSoilPro	26849093.0	1	152	1	14	0.0
SAMEA7041205	0	AsnicarF_2021	44.0	female	IlluminaNovaSeq	PowerSoilPro	29762543.0	1	97	1	11	0.0
SAMEA7041206	0	AsnicarF_2021	48.0	female	IlluminaNovaSeq	PowerSoilPro	45462812.0	1	114	1	11	0.0
SAMEA7041207	0	AsnicarF_2021	45.0	female	IlluminaNovaSeq	PowerSoilPro	26497538.0	0	129	0	15	0.0
SAMEA7041208	0	AsnicarF_2021	50.0	female	IlluminaNovaSeq	PowerSoilPro	25937264.0	0	107	0	10	0.0
SAMEA7041209	0	AsnicarF_2021	65.0	male	IlluminaNovaSeq	PowerSoilPro	25002312.0	1	95	1	8	0.0
SAMEA7041210	0	AsnicarF_2021	40.0	female	IlluminaNovaSeq	PowerSoilPro	23340508.0	1	119	1	9	0.0
SAMEA7041211	0	AsnicarF_2021	48.0	female	IlluminaNovaSeq	PowerSoilPro	24153088.0	1	43	1	8	0.0
SAMEA7041212	0	AsnicarF_2021	50.0	male	IlluminaNovaSeq	PowerSoilPro	26360754.0	1	32	1	1	0.0
SAMEA7041213	0	AsnicarF_2021	48.0	female	IlluminaNovaSeq	PowerSoilPro	28034775.0	0	82	0	10	0.0
SAMEA7041214	0	AsnicarF_2021	28.0	male	IlluminaNovaSeq	PowerSoilPro	23946121.0	0	112	0	10	0.0
SAMEA7041215	0	AsnicarF_2021	50.0	female	IlluminaNovaSeq	PowerSoilPro	27712828.0	0	119	0	14	0.0
SAMEA7041216	0	AsnicarF_2021	59.0	male	IlluminaNovaSeq	PowerSoilPro	25270208.0	0	41	0	4	0.0
SAMEA7041217	0	AsnicarF_2021	24.0	female	IlluminaNovaSeq	PowerSoilPro	28980868.0	0	128	0	11	0.0
SAMEA7041218	0	AsnicarF_2021	40.0	female	IlluminaNovaSeq	PowerSoilPro	26048041.0	1	142	1	14	0.0
SAMEA7041219	0	AsnicarF_2021	35.0	female	IlluminaNovaSeq	PowerSoilPro	25785798.0	1	137	1	13	0.0
SAMEA7041220	0	AsnicarF_2021	43.0	female	IlluminaNovaSeq	PowerSoilPro	23396557.0	1	119	1	11	0.0
SAMEA7041221	0	AsnicarF_2021	51.0	female	IlluminaNovaSeq	PowerSoilPro	25245069.0	1	42	1	5	0.0
SAMEA7041222	0	AsnicarF_2021	31.0	female	IlluminaNovaSeq	PowerSoilPro	33999831.0	1	131	1	16	0.0
SAMEA7041223	0	AsnicarF_2021	31.0	male	IlluminaNovaSeq	PowerSoilPro	23637115.0	0	126	0	13	0.0
SAMEA7041224	0	AsnicarF_2021	56.0	female	IlluminaNovaSeq	PowerSoilPro	26889806.0	1	89	1	6	0.0
SAMEA7041225	0	AsnicarF_2021	51.0	male	IlluminaNovaSeq	PowerSoilPro	27416936.0	0	95	0	7	0.0
SAMEA7041226	0	AsnicarF_2021	31.0	male	IlluminaNovaSeq	PowerSoilPro	29625494.0	1	32	1	3	0.0
SAMEA7041227	0	AsnicarF_2021	46.0	male	IlluminaNovaSeq	PowerSoilPro	28386238.0	1	83	1	8	0.0
SAMEA7041228	0	AsnicarF_2021	42.0	female	IlluminaNovaSeq	PowerSoilPro	28244966.0	1	133	1	14	0.0
SAMEA7041229	0	AsnicarF_2021	53.0	male	IlluminaNovaSeq	PowerSoilPro	24399722.0	1	103	1	10	0.0
SAMEA7041230	0	AsnicarF_2021	27.0	male	IlluminaNovaSeq	PowerSoilPro	24640065.0	1	102	1	12	0.0
SAMEA7041231	0	AsnicarF_2021	40.0	female	IlluminaNovaSeq	PowerSoilPro	32332967.0	0	103	0	14	0.0
SAMEA7041232	0	AsnicarF_2021	19.0	female	IlluminaNovaSeq	PowerSoilPro	27422388.0	1	90	1	13	0.0
SAMEA7041233	0	AsnicarF_2021	41.0	female	IlluminaNovaSeq	PowerSoilPro	25022418.0	0	144	0	16	0.0
SAMEA7041234	0	AsnicarF_2021	48.0	male	IlluminaNovaSeq	PowerSoilPro	29839654.0	1	127	1	12	0.0
SAMEA7041235	0	AsnicarF_2021	46.0	female	IlluminaNovaSeq	PowerSoilPro	25246885.0	1	137	1	14	0.0
SAMEA7041236	0	AsnicarF_2021	44.0	female	IlluminaNovaSeq	PowerSoilPro	25739456.0	1	71	1	10	0.0
SAMEA7041237	0	AsnicarF_2021	40.0	female	IlluminaNovaSeq	PowerSoilPro	21021701.0	1	87	1	9	0.0
SAMEA7041238	0	AsnicarF_2021	56.0	female	IlluminaNovaSeq	PowerSoilPro	24409859.0	0	81	0	10	0.0
SAMEA7041239	0	AsnicarF_2021	59.0	female	IlluminaNovaSeq	PowerSoilPro	26987138.0	1	113	1	16	0.0
SAMEA7041240	0	AsnicarF_2021	52.0	male	IlluminaNovaSeq	PowerSoilPro	33093845.0	1	151	1	12	0.0
SAMEA7041241	0	AsnicarF_2021	43.0	female	IlluminaNovaSeq	PowerSoilPro	28802312.0	0	172	0	22	0.0
SAMEA7041242	0	AsnicarF_2021	49.0	male	IlluminaNovaSeq	PowerSoilPro	28784455.0	1	60	1	6	0.0
SAMEA7041243	0	AsnicarF_2021	44.0	male	IlluminaNovaSeq	PowerSoilPro	26815024.0	1	79	1	9	0.0
SAMEA7041244	0	AsnicarF_2021	58.0	female	IlluminaNovaSeq	PowerSoilPro	26626129.0	0	48	0	5	0.0
SAMEA7041245	0	AsnicarF_2021	41.0	female	IlluminaNovaSeq	PowerSoilPro	25433564.0	1	42	1	6	0.0
SAMEA7041246	0	AsnicarF_2021	63.0	female	IlluminaNovaSeq	PowerSoilPro	24739516.0	1	152	1	14	0.0
SAMEA7041247	0	AsnicarF_2021	43.0	female	IlluminaNovaSeq	PowerSoilPro	25589599.0	0	74	0	6	0.0
SAMEA7041248	0	AsnicarF_2021	43.0	female	IlluminaNovaSeq	PowerSoilPro	22821550.0	0	125	0	13	0.0
SAMEA7041249	0	AsnicarF_2021	61.0	female	IlluminaNovaSeq	PowerSoilPro	26027857.0	0	88	0	8	0.0
SAMEA7041250	0	AsnicarF_2021	26.0	female	IlluminaNovaSeq	PowerSoilPro	25782618.0	0	68	0	5	0.0
SAMEA7041251	0	AsnicarF_2021	27.0	male	IlluminaNovaSeq	PowerSoilPro	26116385.0	0	93	0	8	0.0
SAMEA7041252	0	AsnicarF_2021	33.0	male	IlluminaNovaSeq	PowerSoilPro	44778326.0	1	73	1	7	0.0
SAMEA7041253	0	AsnicarF_2021	24.0	male	IlluminaNovaSeq	PowerSoilPro	33149816.0	1	70	1	10	0.0
SAMEA7041254	0	AsnicarF_2021	42.0	female	IlluminaNovaSeq	PowerSoilPro	39004999.0	1	67	1	9	0.0
SAMEA7041255	0	AsnicarF_2021	42.0	female	IlluminaNovaSeq	PowerSoilPro	23642284.0	0	127	0	13	0.0
SAMEA7041256	0	AsnicarF_2021	49.0	female	IlluminaNovaSeq	PowerSoilPro	33824780.0	0	142	0	14	0.0
SAMEA7041257	0	AsnicarF_2021	38.0	female	IlluminaNovaSeq	PowerSoilPro	25024542.0	1	137	1	14	0.0
SAMEA7041258	0	AsnicarF_2021	59.0	female	IlluminaNovaSeq	PowerSoilPro	31805707.0	0	43	0	4	0.0
SAMEA7041259	0	AsnicarF_2021	36.0	male	IlluminaNovaSeq	PowerSoilPro	25622378.0	1	39	1	4	0.0
SAMEA7041260	0	AsnicarF_2021	54.0	female	IlluminaNovaSeq	PowerSoilPro	29054125.0	1	49	1	5	0.0
SAMEA7041261	0	AsnicarF_2021	43.0	male	IlluminaNovaSeq	PowerSoilPro	26852217.0	0	130	0	20	0.0
SAMEA7041262	0	AsnicarF_2021	28.0	male	IlluminaNovaSeq	PowerSoilPro	24164541.0	1	98	1	8	0.0
SAMEA7041263	0	AsnicarF_2021	23.0	female	IlluminaNovaSeq	PowerSoilPro	25268312.0	1	105	1	11	0.0
SAMEA7041264	0	AsnicarF_2021	44.0	female	IlluminaNovaSeq	PowerSoilPro	29636053.0	0	157	0	17	0.0
SAMEA7041265	0	AsnicarF_2021	25.0	female	IlluminaNovaSeq	PowerSoilPro	36659012.0	1	88	1	8	0.0
SAMEA7041266	0	AsnicarF_2021	59.0	male	IlluminaNovaSeq	PowerSoilPro	34367568.0	1	152	1	18	0.0
SAMEA7041267	0	AsnicarF_2021	54.0	female	IlluminaNovaSeq	PowerSoilPro	24494641.0	1	119	1	15	0.0
SAMEA7041268	0	AsnicarF_2021	53.0	female	IlluminaNovaSeq	PowerSoilPro	25203341.0	0	82	0	12	0.0
SAMEA7041269	0	AsnicarF_2021	51.0	female	IlluminaNovaSeq	PowerSoilPro	24704117.0	0	150	0	13	0.0
SAMEA7041270	0	AsnicarF_2021	59.0	male	IlluminaNovaSeq	PowerSoilPro	35362182.0	1	70	1	6	0.0
SAMEA7041271	0	AsnicarF_2021	33.0	male	IlluminaNovaSeq	PowerSoilPro	29907023.0	1	110	1	9	0.0
SAMEA7041272	0	AsnicarF_2021	53.0	female	IlluminaNovaSeq	PowerSoilPro	46065827.0	0	110	0	10	0.0
SAMEA7041273	0	AsnicarF_2021	44.0	female	IlluminaNovaSeq	PowerSoilPro	26644478.0	0	17	0	4	0.0
SAMEA7041274	0	AsnicarF_2021	33.0	female	IlluminaNovaSeq	PowerSoilPro	32872241.0	1	148	1	20	0.0
SAMEA7041275	0	AsnicarF_2021	62.0	female	IlluminaNovaSeq	PowerSoilPro	24806764.0	1	144	1	16	0.0
SAMEA7041276	0	AsnicarF_2021	35.0	female	IlluminaNovaSeq	PowerSoilPro	25221757.0	0	50	0	5	0.0
SAMEA7041277	0	AsnicarF_2021	51.0	female	IlluminaNovaSeq	PowerSoilPro	36795778.0	0	89	0	9	0.0
SAMEA7041278	0	AsnicarF_2021	44.0	female	IlluminaNovaSeq	PowerSoilPro	27021683.0	1	65	1	9	0.0
SAMEA7041279	0	AsnicarF_2021	48.0	female	IlluminaNovaSeq	PowerSoilPro	29897765.0	1	76	1	4	0.0
SAMEA7041280	0	AsnicarF_2021	53.0	male	IlluminaNovaSeq	PowerSoilPro	25896844.0	0	166	0	18	0.0
SAMEA7045002	0	AsnicarF_2021	49.0	female	IlluminaNovaSeq	PowerSoilPro	25378250.0	1	125	1	14	0.0
SAMEA7045003	0	AsnicarF_2021	50.0	male	IlluminaNovaSeq	PowerSoilPro	25214158.0	1	142	1	15	0.0
SAMEA7045004	0	AsnicarF_2021	63.0	female	IlluminaNovaSeq	PowerSoilPro	29198561.0	1	141	1	12	0.0
SAMEA7045005	0	AsnicarF_2021	41.0	male	IlluminaNovaSeq	PowerSoilPro	24914366.0	1	134	1	17	0.0
SAMEA7045006	0	AsnicarF_2021	64.0	female	IlluminaNovaSeq	PowerSoilPro	23205730.0	1	178	1	17	0.0
SAMEA7045007	0	AsnicarF_2021	63.0	female	IlluminaNovaSeq	PowerSoilPro	23192006.0	0	38	0	5	0.0
SAMEA7045008	0	AsnicarF_2021	43.0	female	IlluminaNovaSeq	PowerSoilPro	25094003.0	1	123	1	8	0.0
SAMEA7045009	0	AsnicarF_2021	24.0	female	IlluminaNovaSeq	PowerSoilPro	32640424.0	1	44	1	4	0.0
SAMEA7045010	0	AsnicarF_2021	47.0	female	IlluminaNovaSeq	PowerSoilPro	29127243.0	1	97	1	12	0.0
SAMEA7045011	0	AsnicarF_2021	58.0	female	IlluminaNovaSeq	PowerSoilPro	38029049.0	0	84	0	10	0.0
SAMEA7045012	0	AsnicarF_2021	56.0	female	IlluminaNovaSeq	PowerSoilPro	26045567.0	0	94	0	8	0.0
SAMEA7045013	0	AsnicarF_2021	61.0	female	IlluminaNovaSeq	PowerSoilPro	24001982.0	1	115	1	13	0.0
SAMEA7045014	0	AsnicarF_2021	37.0	female	IlluminaNovaSeq	PowerSoilPro	27703029.0	1	66	1	8	0.0
SAMEA7045015	0	AsnicarF_2021	27.0	female	IlluminaNovaSeq	PowerSoilPro	27063718.0	1	74	1	9	0.0
SAMEA7045016	0	AsnicarF_2021	23.0	male	IlluminaNovaSeq	PowerSoilPro	30590432.0	0	101	0	12	0.0
SAMEA7045017	0	AsnicarF_2021	36.0	female	IlluminaNovaSeq	PowerSoilPro	30045735.0	1	127	1	16	0.0
SAMEA7045018	0	AsnicarF_2021	57.0	male	IlluminaNovaSeq	PowerSoilPro	27234321.0	0	95	0	10	0.0
SAMEA7045019	0	AsnicarF_2021	56.0	female	IlluminaNovaSeq	PowerSoilPro	24272511.0	0	55	0	5	0.0
SAMEA7045020	0	AsnicarF_2021	47.0	female	IlluminaNovaSeq	PowerSoilPro	34610964.0	1	64	1	10	0.0
SAMEA7045021	0	AsnicarF_2021	62.0	female	IlluminaNovaSeq	PowerSoilPro	24402014.0	1	102	1	8	0.0
SAMEA7045022	0	AsnicarF_2021	48.0	female	IlluminaNovaSeq	PowerSoilPro	35738988.0	0	168	0	17	0.0
SAMEA7045023	0	AsnicarF_2021	33.0	male	IlluminaNovaSeq	PowerSoilPro	27315331.0	0	149	0	14	0.0
SAMEA7045024	0	AsnicarF_2021	42.0	male	IlluminaNovaSeq	PowerSoilPro	25888371.0	1	149	1	16	0.0
SAMEA7045025	0	AsnicarF_2021	52.0	female	IlluminaNovaSeq	PowerSoilPro	28232245.0	1	109	1	12	0.0
SAMEA7045026	0	AsnicarF_2021	20.0	female	IlluminaNovaSeq	PowerSoilPro	29424988.0	1	82	1	10	0.0
SAMEA7045027	0	AsnicarF_2021	65.0	male	IlluminaNovaSeq	PowerSoilPro	24472931.0	1	121	1	10	0.0
SAMEA7045028	0	AsnicarF_2021	55.0	female	IlluminaNovaSeq	PowerSoilPro	36839397.0	1	145	1	14	0.0
SAMEA7045029	0	AsnicarF_2021	52.0	male	IlluminaNovaSeq	PowerSoilPro	63512632.0	1	126	1	16	0.0
SAMEA7045030	0	AsnicarF_2021	60.0	female	IlluminaNovaSeq	PowerSoilPro	47507698.0	1	75	1	4	0.0
SAMEA7045031	0	AsnicarF_2021	50.0	male	IlluminaNovaSeq	PowerSoilPro	27867930.0	0	94	0	10	0.0
SAMEA7045032	0	AsnicarF_2021	63.0	female	IlluminaNovaSeq	PowerSoilPro	31138876.0	0	33	0	2	0.0
SAMEA7045033	0	AsnicarF_2021	61.0	male	IlluminaNovaSeq	PowerSoilPro	35407312.0	1	133	1	14	0.0
SAMEA7045034	0	AsnicarF_2021	47.0	female	IlluminaNovaSeq	PowerSoilPro	27648566.0	1	54	1	4	0.0
SAMEA7045035	0	AsnicarF_2021	23.0	male	IlluminaNovaSeq	PowerSoilPro	30117085.0	0	113	0	12	0.0
SAMEA7045036	0	AsnicarF_2021	23.0	male	IlluminaNovaSeq	PowerSoilPro	28143646.0	1	79	1	10	0.0
SAMEA7045037	0	AsnicarF_2021	38.0	male	IlluminaNovaSeq	PowerSoilPro	28640026.0	1	131	1	11	0.0
SAMEA7045038	0	AsnicarF_2021	48.0	female	IlluminaNovaSeq	PowerSoilPro	25260516.0	1	76	1	10	0.0
SAMEA7045039	0	AsnicarF_2021	41.0	female	IlluminaNovaSeq	PowerSoilPro	29864996.0	1	89	1	10	0.0
SAMEA7045040	0	AsnicarF_2021	43.0	female	IlluminaNovaSeq	PowerSoilPro	23417773.0	1	171	1	16	0.0
SAMEA7045041	0	AsnicarF_2021	40.0	female	IlluminaNovaSeq	PowerSoilPro	25731867.0	0	122	0	11	0.0
SAMEA7045042	0	AsnicarF_2021	27.0	male	IlluminaNovaSeq	PowerSoilPro	25496975.0	1	13	1	3	0.0
SAMEA7045043	0	AsnicarF_2021	43.0	female	IlluminaNovaSeq	PowerSoilPro	40177116.0	0	139	0	18	0.0
SAMEA7045044	0	AsnicarF_2021	46.0	female	IlluminaNovaSeq	PowerSoilPro	35741851.0	1	56	1	6	0.0
SAMEA7045045	0	AsnicarF_2021	54.0	female	IlluminaNovaSeq	PowerSoilPro	24843670.0	1	71	1	8	0.0
SAMEA7045046	0	AsnicarF_2021	48.0	male	IlluminaNovaSeq	PowerSoilPro	36152805.0	0	67	0	5	0.0
SAMEA7045047	0	AsnicarF_2021	19.0	female	IlluminaNovaSeq	PowerSoilPro	24231823.0	1	72	1	7	0.0
SAMEA7045048	0	AsnicarF_2021	58.0	female	IlluminaNovaSeq	PowerSoilPro	23653496.0	1	54	1	7	0.0
SAMEA7045049	0	AsnicarF_2021	54.0	female	IlluminaNovaSeq	PowerSoilPro	42209435.0	0	148	0	11	0.0
SAMEA7045050	0	AsnicarF_2021	33.0	male	IlluminaNovaSeq	PowerSoilPro	27559349.0	1	112	1	13	0.0
SAMEA7045051	0	AsnicarF_2021	56.0	female	IlluminaNovaSeq	PowerSoilPro	24039545.0	0	80	0	9	0.0
SAMEA7045052	0	AsnicarF_2021	50.0	female	IlluminaNovaSeq	PowerSoilPro	28662230.0	0	71	0	7	0.0
SAMEA7045053	0	AsnicarF_2021	48.0	female	IlluminaNovaSeq	PowerSoilPro	29654886.0	1	91	1	11	0.0
SAMEA7045054	0	AsnicarF_2021	27.0	female	IlluminaNovaSeq	PowerSoilPro	39220291.0	1	42	1	2	0.0
SAMEA7045055	0	AsnicarF_2021	27.0	male	IlluminaNovaSeq	PowerSoilPro	25722232.0	0	85	0	9	0.0
SAMEA7045056	0	AsnicarF_2021	49.0	female	IlluminaNovaSeq	PowerSoilPro	32935707.0	0	75	0	8	0.0
SAMEA7045057	0	AsnicarF_2021	50.0	female	IlluminaNovaSeq	PowerSoilPro	28815665.0	1	154	1	15	0.0
SAMEA7045058	0	AsnicarF_2021	51.0	male	IlluminaNovaSeq	PowerSoilPro	29468424.0	1	100	1	12	0.0
SAMEA7045059	0	AsnicarF_2021	55.0	female	IlluminaNovaSeq	PowerSoilPro	26786803.0	1	154	1	14	0.0
SAMEA7045060	0	AsnicarF_2021	32.0	female	IlluminaNovaSeq	PowerSoilPro	36198668.0	1	29	1	4	0.0
SAMEA7045061	0	AsnicarF_2021	60.0	female	IlluminaNovaSeq	PowerSoilPro	26446864.0	1	88	1	10	0.0
SAMEA7045062	0	AsnicarF_2021	56.0	female	IlluminaNovaSeq	PowerSoilPro	29388374.0	0	107	0	10	0.0
SAMEA7045063	0	AsnicarF_2021	26.0	male	IlluminaNovaSeq	PowerSoilPro	26953220.0	1	82	1	9	0.0
SAMEA7045064	0	AsnicarF_2021	43.0	female	IlluminaNovaSeq	PowerSoilPro	24035236.0	0	173	0	20	0.0
SAMEA7045065	0	AsnicarF_2021	47.0	female	IlluminaNovaSeq	PowerSoilPro	57553218.0	0	88	0	5	0.0
SAMEA7045066	0	AsnicarF_2021	53.0	female	IlluminaNovaSeq	PowerSoilPro	32826079.0	1	69	1	5	0.0
SAMEA7045067	0	AsnicarF_2021	44.0	female	IlluminaNovaSeq	PowerSoilPro	35425528.0	1	122	1	15	0.0
SAMEA7045068	0	AsnicarF_2021	60.0	female	IlluminaNovaSeq	PowerSoilPro	27775120.0	0	116	0	13	0.0
SAMEA7045069	0	AsnicarF_2021	25.0	female	IlluminaNovaSeq	PowerSoilPro	38859305.0	1	40	1	3	0.0
SAMEA7045070	0	AsnicarF_2021	21.0	male	IlluminaNovaSeq	PowerSoilPro	24641819.0	0	50	0	4	0.0
SAMEA7045071	0	AsnicarF_2021	54.0	female	IlluminaNovaSeq	PowerSoilPro	26047533.0	1	169	1	20	0.0
SAMEA7045072	0	AsnicarF_2021	40.0	female	IlluminaNovaSeq	PowerSoilPro	26426871.0	0	54	0	5	0.0
SAMEA7045073	0	AsnicarF_2021	25.0	female	IlluminaNovaSeq	PowerSoilPro	28725718.0	0	74	0	10	0.0
SAMEA7045074	0	AsnicarF_2021	44.0	female	IlluminaNovaSeq	PowerSoilPro	26516311.0	0	64	0	5	0.0
SAMEA7045075	0	AsnicarF_2021	58.0	male	IlluminaNovaSeq	PowerSoilPro	25902374.0	1	60	1	9	0.0
SAMEA7045076	0	AsnicarF_2021	59.0	female	IlluminaNovaSeq	PowerSoilPro	26330682.0	0	136	0	16	0.0
SAMEA7045077	0	AsnicarF_2021	41.0	male	IlluminaNovaSeq	PowerSoilPro	48177365.0	1	120	1	11	0.0
SAMEA7045078	0	AsnicarF_2021	28.0	male	IlluminaNovaSeq	PowerSoilPro	23546699.0	1	14	1	4	0.0
SAMEA7045079	0	AsnicarF_2021	42.0	female	IlluminaNovaSeq	PowerSoilPro	28560830.0	1	51	1	5	0.0
SAMEA7045080	0	AsnicarF_2021	52.0	female	IlluminaNovaSeq	PowerSoilPro	34828226.0	1	44	1	11	0.0
SAMEA7045081	0	AsnicarF_2021	23.0	female	IlluminaNovaSeq	PowerSoilPro	33453536.0	1	108	1	14	0.0
SAMEA7045082	0	AsnicarF_2021	25.0	female	IlluminaNovaSeq	PowerSoilPro	40848057.0	1	155	1	17	0.0
SAMEA7045083	0	AsnicarF_2021	24.0	female	IlluminaNovaSeq	PowerSoilPro	23546246.0	1	77	1	7	0.0
SAMEA7045084	0	AsnicarF_2021	44.0	female	IlluminaNovaSeq	PowerSoilPro	30689717.0	1	120	1	14	0.0
SAMEA7045085	0	AsnicarF_2021	58.0	female	IlluminaNovaSeq	PowerSoilPro	33126470.0	1	147	1	13	0.0
SAMEA7045086	0	AsnicarF_2021	26.0	female	IlluminaNovaSeq	PowerSoilPro	33486853.0	1	64	1	7	0.0
SAMEA7045087	0	AsnicarF_2021	52.0	female	IlluminaNovaSeq	PowerSoilPro	27380330.0	1	144	1	12	0.0
SAMEA7045088	0	AsnicarF_2021	46.0	female	IlluminaNovaSeq	PowerSoilPro	25339788.0	0	152	0	15	0.0
SAMEA7045089	0	AsnicarF_2021	45.0	male	IlluminaNovaSeq	PowerSoilPro	24502182.0	1	97	1	11	0.0
SAMEA7045090	0	AsnicarF_2021	33.0	female	IlluminaNovaSeq	PowerSoilPro	25065871.0	1	141	1	14	0.0
SAMEA7045091	0	AsnicarF_2021	35.0	male	IlluminaNovaSeq	PowerSoilPro	34501099.0	1	128	1	14	0.0
SAMEA7045092	0	AsnicarF_2021	42.0	female	IlluminaNovaSeq	PowerSoilPro	30444344.0	1	121	1	13	0.0
SAMEA7045093	0	AsnicarF_2021	64.0	female	IlluminaNovaSeq	PowerSoilPro	23555008.0	1	74	1	8	0.0
SAMEA7045094	0	AsnicarF_2021	46.0	female	IlluminaNovaSeq	PowerSoilPro	24405416.0	0	113	0	13	0.0
SAMEA7045095	0	AsnicarF_2021	52.0	female	IlluminaNovaSeq	PowerSoilPro	25971802.0	1	92	1	11	0.0
SAMEA7045096	0	AsnicarF_2021	37.0	male	IlluminaNovaSeq	PowerSoilPro	33430550.0	1	62	1	4	0.0
SAMEA7045097	0	AsnicarF_2021	64.0	female	IlluminaNovaSeq	PowerSoilPro	31135166.0	0	115	0	11	0.0
SAMEA7045098	0	AsnicarF_2021	49.0	male	IlluminaNovaSeq	PowerSoilPro	26469252.0	1	88	1	8	0.0
SAMEA7045099	0	AsnicarF_2021	41.0	female	IlluminaNovaSeq	PowerSoilPro	27109230.0	0	62	0	5	0.0
SAMEA7045100	0	AsnicarF_2021	52.0	female	IlluminaNovaSeq	PowerSoilPro	26973048.0	1	85	1	9	0.0
SAMEA7045101	0	AsnicarF_2021	54.0	female	IlluminaNovaSeq	PowerSoilPro	35332186.0	1	56	1	6	0.0
SAMEA7045102	0	AsnicarF_2021	60.0	female	IlluminaNovaSeq	PowerSoilPro	36722740.0	0	79	0	7	0.0
SAMEA7045103	0	AsnicarF_2021	44.0	female	IlluminaNovaSeq	PowerSoilPro	23410854.0	0	98	0	10	0.0
SAMEA7045104	0	AsnicarF_2021	55.0	female	IlluminaNovaSeq	PowerSoilPro	42454835.0	0	63	0	4	0.0
SAMEA7045105	0	AsnicarF_2021	54.0	female	IlluminaNovaSeq	PowerSoilPro	24086911.0	0	117	0	11	0.0
SAMEA7045106	0	AsnicarF_2021	48.0	female	IlluminaNovaSeq	PowerSoilPro	37040071.0	1	183	1	21	0.0
SAMEA7045107	0	AsnicarF_2021	47.0	female	IlluminaNovaSeq	PowerSoilPro	30195035.0	0	65	0	8	0.0
SAMEA7045108	0	AsnicarF_2021	25.0	female	IlluminaNovaSeq	PowerSoilPro	38029235.0	1	90	1	7	0.0
SAMEA7045109	0	AsnicarF_2021	33.0	female	IlluminaNovaSeq	PowerSoilPro	24924271.0	1	37	1	3	0.0
SAMEA7045110	0	AsnicarF_2021	48.0	female	IlluminaNovaSeq	PowerSoilPro	25982658.0	1	124	1	12	0.0
SAMEA7045111	0	AsnicarF_2021	41.0	female	IlluminaNovaSeq	PowerSoilPro	25201932.0	0	110	0	14	0.0
SAMEA7045112	0	AsnicarF_2021	28.0	female	IlluminaNovaSeq	PowerSoilPro	25519435.0	1	134	1	13	0.0
SAMEA7045113	0	AsnicarF_2021	30.0	female	IlluminaNovaSeq	PowerSoilPro	27635616.0	0	78	0	12	0.0
SAMEA7045114	0	AsnicarF_2021	40.0	male	IlluminaNovaSeq	PowerSoilPro	30517736.0	0	73	0	7	0.0
SAMEA7045115	0	AsnicarF_2021	30.0	female	IlluminaNovaSeq	PowerSoilPro	27414954.0	1	115	1	8	0.0
SAMEA7045116	0	AsnicarF_2021	48.0	female	IlluminaNovaSeq	PowerSoilPro	29802217.0	1	76	1	13	0.0
SAMEA7045117	0	AsnicarF_2021	46.0	female	IlluminaNovaSeq	PowerSoilPro	24011400.0	0	87	0	10	0.0
SAMEA7045118	0	AsnicarF_2021	22.0	female	IlluminaNovaSeq	PowerSoilPro	27291594.0	1	76	1	7	0.0
SAMEA7045119	0	AsnicarF_2021	24.0	male	IlluminaNovaSeq	PowerSoilPro	27668942.0	0	92	0	9	0.0
SAMEA7045120	0	AsnicarF_2021	37.0	male	IlluminaNovaSeq	PowerSoilPro	32290132.0	0	76	0	7	0.0
SAMEA7045121	0	AsnicarF_2021	63.0	female	IlluminaNovaSeq	PowerSoilPro	26260327.0	1	100	1	8	0.0
SAMEA7045122	0	AsnicarF_2021	50.0	female	IlluminaNovaSeq	PowerSoilPro	26879771.0	1	109	1	13	0.0
SAMEA7045123	0	AsnicarF_2021	31.0	female	IlluminaNovaSeq	PowerSoilPro	24666084.0	1	61	1	7	0.0
SAMEA7045124	0	AsnicarF_2021	62.0	female	IlluminaNovaSeq	PowerSoilPro	37561120.0	1	151	1	15	0.0
SAMEA7045125	0	AsnicarF_2021	57.0	female	IlluminaNovaSeq	PowerSoilPro	53447966.0	1	159	1	16	0.0
SAMEA7045126	0	AsnicarF_2021	30.0	female	IlluminaNovaSeq	PowerSoilPro	27712151.0	1	146	1	15	0.0
SAMEA7045127	0	AsnicarF_2021	52.0	male	IlluminaNovaSeq	PowerSoilPro	29193961.0	1	183	1	18	0.0
SAMEA7045128	0	AsnicarF_2021	27.0	female	IlluminaNovaSeq	PowerSoilPro	36343275.0	1	157	1	14	0.0
SAMEA7045129	0	AsnicarF_2021	53.0	female	IlluminaNovaSeq	PowerSoilPro	29795471.0	1	41	1	1	0.0
SAMEA7045130	0	AsnicarF_2021	62.0	female	IlluminaNovaSeq	PowerSoilPro	23897027.0	1	115	1	18	0.0
SAMEA7045131	0	AsnicarF_2021	46.0	female	IlluminaNovaSeq	PowerSoilPro	26256523.0	1	65	1	6	0.0
SAMEA7045132	0	AsnicarF_2021	52.0	female	IlluminaNovaSeq	PowerSoilPro	30715673.0	1	99	1	10	0.0
SAMEA7045133	0	AsnicarF_2021	47.0	female	IlluminaNovaSeq	PowerSoilPro	26262974.0	0	111	0	13	0.0
SAMEA7045134	0	AsnicarF_2021	20.0	female	IlluminaNovaSeq	PowerSoilPro	45780084.0	1	92	1	10	0.0
SAMEA7045135	0	AsnicarF_2021	57.0	male	IlluminaNovaSeq	PowerSoilPro	30485277.0	1	110	1	15	0.0
SAMEA7045136	0	AsnicarF_2021	24.0	female	IlluminaNovaSeq	PowerSoilPro	31394055.0	1	113	1	10	0.0
SAMEA7045137	0	AsnicarF_2021	48.0	female	IlluminaNovaSeq	PowerSoilPro	28150986.0	1	82	1	8	0.0
SAMEA7045138	0	AsnicarF_2021	56.0	male	IlluminaNovaSeq	PowerSoilPro	31082480.0	0	136	0	14	0.0
SAMEA7045139	0	AsnicarF_2021	53.0	female	IlluminaNovaSeq	PowerSoilPro	26792617.0	0	105	0	8	0.0
SAMEA7045140	0	AsnicarF_2021	24.0	female	IlluminaNovaSeq	PowerSoilPro	36808265.0	1	56	1	6	0.0
SAMEA7045141	0	AsnicarF_2021	41.0	female	IlluminaNovaSeq	PowerSoilPro	29729985.0	1	82	1	6	0.0
SAMEA7045142	0	AsnicarF_2021	24.0	female	IlluminaNovaSeq	PowerSoilPro	27628414.0	1	91	1	10	0.0
SAMEA7045143	0	AsnicarF_2021	59.0	female	IlluminaNovaSeq	PowerSoilPro	28712443.0	1	93	1	12	0.0
SAMEA7045144	0	AsnicarF_2021	42.0	male	IlluminaNovaSeq	PowerSoilPro	31858928.0	0	96	0	8	0.0
SAMEA7045145	0	AsnicarF_2021	58.0	female	IlluminaNovaSeq	PowerSoilPro	50276953.0	1	167	1	21	0.0
SAMEA7045146	0	AsnicarF_2021	48.0	female	IlluminaNovaSeq	PowerSoilPro	25953723.0	0	60	0	6	0.0
SAMEA7045147	0	AsnicarF_2021	41.0	male	IlluminaNovaSeq	PowerSoilPro	27676582.0	1	142	1	17	0.0
SAMEA7045148	0	AsnicarF_2021	48.0	female	IlluminaNovaSeq	PowerSoilPro	37963698.0	0	68	0	8	0.0
SAMEA7045149	0	AsnicarF_2021	23.0	male	IlluminaNovaSeq	PowerSoilPro	27898025.0	0	90	0	12	0.0
SAMEA7045150	0	AsnicarF_2021	63.0	male	IlluminaNovaSeq	PowerSoilPro	24563433.0	1	178	1	17	0.0
SAMEA7045151	0	AsnicarF_2021	28.0	female	IlluminaNovaSeq	PowerSoilPro	30750339.0	1	96	1	11	0.0
SAMEA7045152	0	AsnicarF_2021	26.0	male	IlluminaNovaSeq	PowerSoilPro	25053217.0	0	16	0	1	0.0
SAMEA7045153	0	AsnicarF_2021	51.0	male	IlluminaNovaSeq	PowerSoilPro	27424830.0	0	60	0	5	0.0
SAMEA7045154	0	AsnicarF_2021	43.0	male	IlluminaNovaSeq	PowerSoilPro	30428133.0	1	100	1	11	0.0
SAMEA7045155	0	AsnicarF_2021	49.0	male	IlluminaNovaSeq	PowerSoilPro	34594312.0	1	132	1	9	0.0
SAMEA7045156	0	AsnicarF_2021	47.0	female	IlluminaNovaSeq	PowerSoilPro	30269742.0	0	143	0	16	0.0
SAMEA7045157	0	AsnicarF_2021	50.0	female	IlluminaNovaSeq	PowerSoilPro	25335628.0	0	120	0	14	0.0
SAMEA7045158	0	AsnicarF_2021	49.0	female	IlluminaNovaSeq	PowerSoilPro	31968741.0	0	55	0	2	0.0
SAMEA7045159	0	AsnicarF_2021	34.0	female	IlluminaNovaSeq	PowerSoilPro	32954428.0	0	88	0	12	0.0
SAMEA7045160	0	AsnicarF_2021	41.0	male	IlluminaNovaSeq	PowerSoilPro	31440842.0	1	124	1	11	0.0
SAMEA7045161	0	AsnicarF_2021	42.0	female	IlluminaNovaSeq	PowerSoilPro	27799019.0	0	138	0	14	0.0
SAMEA7045162	0	AsnicarF_2021	42.0	female	IlluminaNovaSeq	PowerSoilPro	31436095.0	1	56	1	6	0.0
SAMEA7045163	0	AsnicarF_2021	60.0	female	IlluminaNovaSeq	PowerSoilPro	25433271.0	0	158	0	18	0.0
SAMEA7045164	0	AsnicarF_2021	63.0	female	IlluminaNovaSeq	PowerSoilPro	27110151.0	0	95	0	10	0.0
SAMEA7045165	0	AsnicarF_2021	19.0	female	IlluminaNovaSeq	PowerSoilPro	26639011.0	1	78	1	6	0.0
SAMEA7045166	0	AsnicarF_2021	44.0	female	IlluminaNovaSeq	PowerSoilPro	25883278.0	1	139	1	11	0.0
SAMEA7045167	0	AsnicarF_2021	53.0	female	IlluminaNovaSeq	PowerSoilPro	37969408.0	1	122	1	11	0.0
SAMEA7045169	0	AsnicarF_2021	26.0	male	IlluminaNovaSeq	PowerSoilPro	43500840.0	1	77	1	8	0.0
SAMEA7045170	0	AsnicarF_2021	37.0	male	IlluminaNovaSeq	PowerSoilPro	23843075.0	1	174	1	14	0.0
SAMEA7045171	0	AsnicarF_2021	62.0	female	IlluminaNovaSeq	PowerSoilPro	24272016.0	1	105	1	9	0.0
SAMEA7045172	0	AsnicarF_2021	48.0	male	IlluminaNovaSeq	PowerSoilPro	24606069.0	1	154	1	15	0.0
SAMEA7045173	0	AsnicarF_2021	54.0	female	IlluminaNovaSeq	PowerSoilPro	23495129.0	0	90	0	8	0.0
SAMEA7045174	0	AsnicarF_2021	31.0	female	IlluminaNovaSeq	PowerSoilPro	24289518.0	1	121	1	13	0.0
SAMEA7045175	0	AsnicarF_2021	57.0	female	IlluminaNovaSeq	PowerSoilPro	23627576.0	1	79	1	10	0.0
SAMEA7045176	0	AsnicarF_2021	55.0	female	IlluminaNovaSeq	PowerSoilPro	24431799.0	0	76	0	8	0.0
SAMEA7045177	0	AsnicarF_2021	44.0	female	IlluminaNovaSeq	PowerSoilPro	39613329.0	0	116	0	11	0.0
SAMEA7045178	0	AsnicarF_2021	46.0	male	IlluminaNovaSeq	PowerSoilPro	29581377.0	0	163	0	14	0.0
SAMEA7045179	0	AsnicarF_2021	34.0	female	IlluminaNovaSeq	PowerSoilPro	24614032.0	1	81	1	10	0.0
SAMEA7045180	0	AsnicarF_2021	33.0	female	IlluminaNovaSeq	PowerSoilPro	40411171.0	0	151	0	15	0.0
SAMEA7045181	0	AsnicarF_2021	49.0	female	IlluminaNovaSeq	PowerSoilPro	26094732.0	0	53	0	6	0.0
SAMEA7045182	0	AsnicarF_2021	29.0	female	IlluminaNovaSeq	PowerSoilPro	36048578.0	1	124	1	16	0.0
SAMEA7045183	0	AsnicarF_2021	56.0	male	IlluminaNovaSeq	PowerSoilPro	32646285.0	1	103	1	11	0.0
SAMEA7045184	0	AsnicarF_2021	60.0	female	IlluminaNovaSeq	PowerSoilPro	41571331.0	1	64	1	7	0.0
SAMEA7045185	0	AsnicarF_2021	40.0	female	IlluminaNovaSeq	PowerSoilPro	23361913.0	1	113	1	6	0.0
SAMEA7045186	0	AsnicarF_2021	43.0	male	IlluminaNovaSeq	PowerSoilPro	31720660.0	0	94	0	10	0.0
SAMEA7045187	0	AsnicarF_2021	62.0	female	IlluminaNovaSeq	PowerSoilPro	47816253.0	0	55	0	6	0.0
SAMEA7045188	0	AsnicarF_2021	24.0	female	IlluminaNovaSeq	PowerSoilPro	27891128.0	1	75	1	6	0.0
SAMEA7045189	0	AsnicarF_2021	45.0	female	IlluminaNovaSeq	PowerSoilPro	33379147.0	1	150	1	15	0.0
SAMEA7045190	0	AsnicarF_2021	35.0	male	IlluminaNovaSeq	PowerSoilPro	30582566.0	0	116	0	12	0.0
SAMEA7045191	0	AsnicarF_2021	24.0	female	IlluminaNovaSeq	PowerSoilPro	24043191.0	1	122	1	14	0.0
SAMEA7045192	0	AsnicarF_2021	55.0	female	IlluminaNovaSeq	PowerSoilPro	23415964.0	1	155	1	14	0.0
SAMEA7045193	0	AsnicarF_2021	51.0	female	IlluminaNovaSeq	PowerSoilPro	24092023.0	1	116	1	12	0.0
SAMEA7045194	0	AsnicarF_2021	50.0	female	IlluminaNovaSeq	PowerSoilPro	26762295.0	0	118	0	12	0.0
SAMEA7045195	0	AsnicarF_2021	54.0	male	IlluminaNovaSeq	PowerSoilPro	23631869.0	0	173	0	18	0.0
SAMEA7045196	0	AsnicarF_2021	21.0	female	IlluminaNovaSeq	PowerSoilPro	25047861.0	1	87	1	10	0.0
SAMEA7045197	0	AsnicarF_2021	43.0	female	IlluminaNovaSeq	PowerSoilPro	28521052.0	1	116	1	13	0.0
SAMEA7045198	0	AsnicarF_2021	64.0	female	IlluminaNovaSeq	PowerSoilPro	24499065.0	1	164	1	15	0.0
SAMEA7045199	0	AsnicarF_2021	58.0	female	IlluminaNovaSeq	PowerSoilPro	51963120.0	1	49	1	9	0.0
SAMEA7045200	0	AsnicarF_2021	49.0	female	IlluminaNovaSeq	PowerSoilPro	25617748.0	0	26	0	3	0.0
SAMEA7045201	0	AsnicarF_2021	47.0	female	IlluminaNovaSeq	PowerSoilPro	24680576.0	1	123	1	13	0.0
SAMEA7045202	0	AsnicarF_2021	56.0	female	IlluminaNovaSeq	PowerSoilPro	28746889.0	1	147	1	13	0.0
SAMEA7045203	0	AsnicarF_2021	25.0	male	IlluminaNovaSeq	PowerSoilPro	24623633.0	0	68	0	8	0.0
SAMEA7045204	0	AsnicarF_2021	49.0	female	IlluminaNovaSeq	PowerSoilPro	31246053.0	0	94	0	6	0.0
SAMEA7045205	0	AsnicarF_2021	43.0	female	IlluminaNovaSeq	PowerSoilPro	40610679.0	1	147	1	14	0.0
SAMEA7045206	0	AsnicarF_2021	22.0	female	IlluminaNovaSeq	PowerSoilPro	33709214.0	0	136	0	16	0.0
SAMEA7045207	0	AsnicarF_2021	50.0	female	IlluminaNovaSeq	PowerSoilPro	23352396.0	1	129	1	13	0.0
SAMEA7045208	0	AsnicarF_2021	20.0	female	IlluminaNovaSeq	PowerSoilPro	64080081.0	1	52	1	6	0.0
SAMEA7045209	0	AsnicarF_2021	29.0	female	IlluminaNovaSeq	PowerSoilPro	32668060.0	0	62	0	6	0.0
SAMEA7045210	0	AsnicarF_2021	63.0	female	IlluminaNovaSeq	PowerSoilPro	26887176.0	0	139	0	12	0.0
SAMEA7045211	0	AsnicarF_2021	19.0	female	IlluminaNovaSeq	PowerSoilPro	23212947.0	1	70	1	12	0.0
SAMEA7045212	0	AsnicarF_2021	50.0	male	IlluminaNovaSeq	PowerSoilPro	29377470.0	0	163	0	15	0.0
SAMEA7045213	0	AsnicarF_2021	64.0	female	IlluminaNovaSeq	PowerSoilPro	25209169.0	1	151	1	19	0.0
SAMEA7045214	0	AsnicarF_2021	39.0	female	IlluminaNovaSeq	PowerSoilPro	24340909.0	1	123	1	15	0.0
SAMEA7045215	0	AsnicarF_2021	53.0	female	IlluminaNovaSeq	PowerSoilPro	24196213.0	1	116	1	15	0.0
SAMEA7045216	0	AsnicarF_2021	56.0	male	IlluminaNovaSeq	PowerSoilPro	25894794.0	0	105	0	10	0.0
SAMEA7045217	0	AsnicarF_2021	46.0	female	IlluminaNovaSeq	PowerSoilPro	31253248.0	1	65	1	6	0.0
SAMEA7045218	0	AsnicarF_2021	40.0	female	IlluminaNovaSeq	PowerSoilPro	33872467.0	0	137	0	15	0.0
SAMEA7045219	0	AsnicarF_2021	54.0	female	IlluminaNovaSeq	PowerSoilPro	36065260.0	0	42	0	1	0.0
SAMEA7045220	0	AsnicarF_2021	57.0	female	IlluminaNovaSeq	PowerSoilPro	32069358.0	1	121	1	14	0.0
SAMEA7045221	0	AsnicarF_2021	45.0	female	IlluminaNovaSeq	PowerSoilPro	25808177.0	1	41	1	6	0.0
SAMEA7045222	0	AsnicarF_2021	39.0	female	IlluminaNovaSeq	PowerSoilPro	25570077.0	1	107	1	12	0.0
SAMEA7045223	0	AsnicarF_2021	22.0	female	IlluminaNovaSeq	PowerSoilPro	27243430.0	0	52	0	5	0.0
SAMEA7045224	0	AsnicarF_2021	35.0	female	IlluminaNovaSeq	PowerSoilPro	25198257.0	1	135	1	16	0.0
SAMEA7045225	0	AsnicarF_2021	38.0	male	IlluminaNovaSeq	PowerSoilPro	28058901.0	1	88	1	9	0.0
SAMEA7045226	0	AsnicarF_2021	42.0	female	IlluminaNovaSeq	PowerSoilPro	57129992.0	1	136	1	15	0.0
SAMEA7045227	0	AsnicarF_2021	57.0	female	IlluminaNovaSeq	PowerSoilPro	29889577.0	1	120	1	11	0.0
SAMEA7045228	0	AsnicarF_2021	35.0	male	IlluminaNovaSeq	PowerSoilPro	32858675.0	0	140	0	18	0.0
SAMEA7045229	0	AsnicarF_2021	32.0	female	IlluminaNovaSeq	PowerSoilPro	30864749.0	0	131	0	10	0.0
SAMEA7045230	0	AsnicarF_2021	27.0	male	IlluminaNovaSeq	PowerSoilPro	27335474.0	0	128	0	18	0.0
SAMEA7045231	0	AsnicarF_2021	63.0	female	IlluminaNovaSeq	PowerSoilPro	24725465.0	0	102	0	9	0.0
SAMEA7045232	0	AsnicarF_2021	46.0	female	IlluminaNovaSeq	PowerSoilPro	26349916.0	1	108	1	13	0.0
SAMEA7045233	0	AsnicarF_2021	56.0	female	IlluminaNovaSeq	PowerSoilPro	31760836.0	1	56	1	7	0.0
SAMEA7045234	0	AsnicarF_2021	56.0	female	IlluminaNovaSeq	PowerSoilPro	24142504.0	0	134	0	13	0.0
SAMEA7045235	0	AsnicarF_2021	48.0	female	IlluminaNovaSeq	PowerSoilPro	25114412.0	0	120	0	12	0.0
SAMEA7045236	0	AsnicarF_2021	31.0	female	IlluminaNovaSeq	PowerSoilPro	26891542.0	0	166	0	18	0.0
SAMEA7045237	0	AsnicarF_2021	59.0	female	IlluminaNovaSeq	PowerSoilPro	35363516.0	1	109	1	11	0.0
SAMEA7045238	0	AsnicarF_2021	53.0	male	IlluminaNovaSeq	PowerSoilPro	45655707.0	1	160	1	19	0.0
SAMEA7045239	0	AsnicarF_2021	34.0	female	IlluminaNovaSeq	PowerSoilPro	24730873.0	0	51	0	3	0.0
SAMEA7045240	0	AsnicarF_2021	33.0	male	IlluminaNovaSeq	PowerSoilPro	27768573.0	1	90	1	13	0.0
SAMEA7045241	0	AsnicarF_2021	62.0	female	IlluminaNovaSeq	PowerSoilPro	23479500.0	0	94	0	10	0.0
SAMEA7045242	0	AsnicarF_2021	46.0	female	IlluminaNovaSeq	PowerSoilPro	38551358.0	1	124	1	12	0.0
SAMEA7045243	0	AsnicarF_2021	41.0	female	IlluminaNovaSeq	PowerSoilPro	44269223.0	1	140	1	16	0.0
SAMEA7045244	0	AsnicarF_2021	26.0	female	IlluminaNovaSeq	PowerSoilPro	25541551.0	0	107	0	10	0.0
SAMEA7045245	0	AsnicarF_2021	47.0	female	IlluminaNovaSeq	PowerSoilPro	25172791.0	0	93	0	10	0.0
SAMEA7045246	0	AsnicarF_2021	53.0	female	IlluminaNovaSeq	PowerSoilPro	31777115.0	1	125	1	10	0.0
SAMEA7045247	0	AsnicarF_2021	59.0	male	IlluminaNovaSeq	PowerSoilPro	26619132.0	1	185	1	22	0.0
SAMEA7045248	0	AsnicarF_2021	54.0	male	IlluminaNovaSeq	PowerSoilPro	66125204.0	1	123	1	15	0.0
SAMEA7045249	0	AsnicarF_2021	62.0	male	IlluminaNovaSeq	PowerSoilPro	24543085.0	1	158	1	12	0.0
SAMEA7045250	0	AsnicarF_2021	45.0	female	IlluminaNovaSeq	PowerSoilPro	35403659.0	1	118	1	14	0.0
SAMEA7045251	0	AsnicarF_2021	34.0	female	IlluminaNovaSeq	PowerSoilPro	27830303.0	1	71	1	8	0.0
SAMEA7045252	0	AsnicarF_2021	31.0	male	IlluminaNovaSeq	PowerSoilPro	42933439.0	0	46	0	7	0.0
SAMEA7045253	0	AsnicarF_2021	42.0	male	IlluminaNovaSeq	PowerSoilPro	33763923.0	0	108	0	11	0.0
SAMEA7045254	0	AsnicarF_2021	45.0	female	IlluminaNovaSeq	PowerSoilPro	27535168.0	0	78	0	7	0.0
SAMEA7045255	0	AsnicarF_2021	26.0	male	IlluminaNovaSeq	PowerSoilPro	34450376.0	1	102	1	12	0.0
SAMEA7045256	0	AsnicarF_2021	46.0	female	IlluminaNovaSeq	PowerSoilPro	30491735.0	0	68	0	8	0.0
SAMEA7045257	0	AsnicarF_2021	47.0	female	IlluminaNovaSeq	PowerSoilPro	25978892.0	1	86	1	11	0.0
SAMEA7045258	0	AsnicarF_2021	48.0	female	IlluminaNovaSeq	PowerSoilPro	33612425.0	0	163	0	19	0.0
SAMEA7045259	0	AsnicarF_2021	49.0	female	IlluminaNovaSeq	PowerSoilPro	34008355.0	1	96	1	11	0.0
SAMEA7045260	0	AsnicarF_2021	52.0	female	IlluminaNovaSeq	PowerSoilPro	41961720.0	1	109	1	18	0.0
SAMEA7045261	0	AsnicarF_2021	48.0	male	IlluminaNovaSeq	PowerSoilPro	23787208.0	0	104	0	11	0.0
SAMEA7045262	0	AsnicarF_2021	20.0	female	IlluminaNovaSeq	PowerSoilPro	49870884.0	1	73	1	8	0.0
SAMEA7045263	0	AsnicarF_2021	29.0	male	IlluminaNovaSeq	PowerSoilPro	26962908.0	1	130	1	10	0.0
SAMEA7045264	0	AsnicarF_2021	44.0	male	IlluminaNovaSeq	PowerSoilPro	29678813.0	1	145	1	15	0.0
SAMEA7045265	0	AsnicarF_2021	55.0	female	IlluminaNovaSeq	PowerSoilPro	38403134.0	0	28	0	3	0.0
SAMEA7045266	0	AsnicarF_2021	27.0	female	IlluminaNovaSeq	PowerSoilPro	26033321.0	1	155	1	17	0.0
SAMEA7045267	0	AsnicarF_2021	51.0	female	IlluminaNovaSeq	PowerSoilPro	24976113.0	0	112	0	15	0.0
SAMEA7045268	0	AsnicarF_2021	22.0	female	IlluminaNovaSeq	PowerSoilPro	74205412.0	0	141	0	13	0.0
SAMEA7045269	0	AsnicarF_2021	46.0	male	IlluminaNovaSeq	PowerSoilPro	33819533.0	0	41	0	4	0.0
SAMEA7045270	0	AsnicarF_2021	48.0	female	IlluminaNovaSeq	PowerSoilPro	33411495.0	0	135	0	11	0.0
SAMEA7045271	0	AsnicarF_2021	59.0	female	IlluminaNovaSeq	PowerSoilPro	33227525.0	1	82	1	8	0.0
SAMEA7045272	0	AsnicarF_2021	40.0	female	IlluminaNovaSeq	PowerSoilPro	25263093.0	1	135	1	14	0.0
SAMEA7045273	0	AsnicarF_2021	48.0	female	IlluminaNovaSeq	PowerSoilPro	26518356.0	0	62	0	6	0.0
SAMEA7045274	0	AsnicarF_2021	59.0	male	IlluminaNovaSeq	PowerSoilPro	26022796.0	0	103	0	10	0.0
SAMEA7045275	0	AsnicarF_2021	47.0	female	IlluminaNovaSeq	PowerSoilPro	25061525.0	0	84	0	6	0.0
SAMEA7045276	0	AsnicarF_2021	57.0	female	IlluminaNovaSeq	PowerSoilPro	34573397.0	1	70	1	4	0.0
SAMEA7045277	0	AsnicarF_2021	60.0	female	IlluminaNovaSeq	PowerSoilPro	29828728.0	0	105	0	12	0.0
SAMEA7045278	0	AsnicarF_2021	54.0	female	IlluminaNovaSeq	PowerSoilPro	35523737.0	1	127	1	13	0.0
SAMEA7045279	0	AsnicarF_2021	31.0	female	IlluminaNovaSeq	PowerSoilPro	24756820.0	1	91	1	9	0.0
SAMEA7045280	0	AsnicarF_2021	29.0	male	IlluminaNovaSeq	PowerSoilPro	24064882.0	0	184	0	26	0.0
SAMEA7045281	0	AsnicarF_2021	42.0	female	IlluminaNovaSeq	PowerSoilPro	41798294.0	0	41	0	3	0.0
SAMEA7045282	0	AsnicarF_2021	59.0	female	IlluminaNovaSeq	PowerSoilPro	25002347.0	1	76	1	6	0.0
SAMEA7045283	0	AsnicarF_2021	61.0	female	IlluminaNovaSeq	PowerSoilPro	23622586.0	0	123	0	11	0.0
SAMEA7045284	0	AsnicarF_2021	52.0	male	IlluminaNovaSeq	PowerSoilPro	24580547.0	1	97	1	8	0.0
SAMEA7045285	0	AsnicarF_2021	23.0	female	IlluminaNovaSeq	PowerSoilPro	29896878.0	0	105	0	8	0.0
SAMEA7045286	0	AsnicarF_2021	32.0	male	IlluminaNovaSeq	PowerSoilPro	38836581.0	0	249	0	25	0.0
SAMEA7045287	0	AsnicarF_2021	49.0	female	IlluminaNovaSeq	PowerSoilPro	24325801.0	1	159	1	17	0.0
SAMEA7045288	0	AsnicarF_2021	52.0	female	IlluminaNovaSeq	PowerSoilPro	30440444.0	1	70	1	7	0.0
SAMEA7045289	0	AsnicarF_2021	18.0	female	IlluminaNovaSeq	PowerSoilPro	25131762.0	0	89	0	9	0.0
SAMEA7045290	0	AsnicarF_2021	53.0	female	IlluminaNovaSeq	PowerSoilPro	23885989.0	1	153	1	19	0.0
SAMEA7045291	0	AsnicarF_2021	56.0	female	IlluminaNovaSeq	PowerSoilPro	25154759.0	1	149	1	13	0.0
SAMEA7045292	0	AsnicarF_2021	45.0	female	IlluminaNovaSeq	PowerSoilPro	28778925.0	0	113	0	12	0.0
SAMEA7045293	0	AsnicarF_2021	52.0	male	IlluminaNovaSeq	PowerSoilPro	25202088.0	1	60	1	6	0.0
SAMEA7045294	0	AsnicarF_2021	45.0	male	IlluminaNovaSeq	PowerSoilPro	25049323.0	0	99	0	10	0.0
SAMEA7045295	0	AsnicarF_2021	40.0	female	IlluminaNovaSeq	PowerSoilPro	26678106.0	1	87	1	11	0.0
SAMEA7045296	0	AsnicarF_2021	52.0	male	IlluminaNovaSeq	PowerSoilPro	26170229.0	0	50	0	3	0.0
SAMEA7045297	0	AsnicarF_2021	63.0	female	IlluminaNovaSeq	PowerSoilPro	23730171.0	0	72	0	5	0.0
SAMEA7045298	0	AsnicarF_2021	42.0	female	IlluminaNovaSeq	PowerSoilPro	26727901.0	1	92	1	5	0.0
SAMEA7045299	0	AsnicarF_2021	43.0	male	IlluminaNovaSeq	PowerSoilPro	38767600.0	0	101	0	7	0.0
SAMEA7045300	0	AsnicarF_2021	63.0	female	IlluminaNovaSeq	PowerSoilPro	29612627.0	1	179	1	17	0.0
SAMEA7045301	0	AsnicarF_2021	38.0	female	IlluminaNovaSeq	PowerSoilPro	27346129.0	1	54	1	3	0.0
SAMEA7045302	0	AsnicarF_2021	45.0	female	IlluminaNovaSeq	PowerSoilPro	26090887.0	1	185	1	18	0.0
SAMEA7045303	0	AsnicarF_2021	55.0	female	IlluminaNovaSeq	PowerSoilPro	26402401.0	1	103	1	12	0.0
SAMEA7045304	0	AsnicarF_2021	42.0	female	IlluminaNovaSeq	PowerSoilPro	25740574.0	1	142	1	13	0.0
SAMEA7045305	0	AsnicarF_2021	48.0	female	IlluminaNovaSeq	PowerSoilPro	37574820.0	1	119	1	11	0.0
SAMEA7045306	0	AsnicarF_2021	29.0	male	IlluminaNovaSeq	PowerSoilPro	32206364.0	1	87	1	9	0.0
SAMEA7045307	0	AsnicarF_2021	41.0	female	IlluminaNovaSeq	PowerSoilPro	27477467.0	0	177	0	20	0.0
SAMEA7045308	0	AsnicarF_2021	54.0	female	IlluminaNovaSeq	PowerSoilPro	26168024.0	1	50	1	2	0.0
SAMEA7045309	0	AsnicarF_2021	62.0	female	IlluminaNovaSeq	PowerSoilPro	24592576.0	1	112	1	13	0.0
SAMEA7045310	0	AsnicarF_2021	53.0	female	IlluminaNovaSeq	PowerSoilPro	27285831.0	0	106	0	9	0.0
SAMEA7045311	0	AsnicarF_2021	53.0	female	IlluminaNovaSeq	PowerSoilPro	24577696.0	1	133	1	17	0.0
SAMEA7045312	0	AsnicarF_2021	45.0	female	IlluminaNovaSeq	PowerSoilPro	29383360.0	0	178	0	20	0.0
SAMEA7045313	0	AsnicarF_2021	24.0	male	IlluminaNovaSeq	PowerSoilPro	29625848.0	0	141	0	13	0.0
SAMEA7045314	0	AsnicarF_2021	43.0	female	IlluminaNovaSeq	PowerSoilPro	28512306.0	0	121	0	10	0.0
SAMEA7045315	0	AsnicarF_2021	50.0	female	IlluminaNovaSeq	PowerSoilPro	24906162.0	1	118	1	10	0.0
SAMEA7045316	0	AsnicarF_2021	59.0	male	IlluminaNovaSeq	PowerSoilPro	24297249.0	1	123	1	12	0.0
SAMEA7045317	0	AsnicarF_2021	64.0	female	IlluminaNovaSeq	PowerSoilPro	28266718.0	0	30	0	3	0.0
SAMEA7045318	0	AsnicarF_2021	48.0	male	IlluminaNovaSeq	PowerSoilPro	25146838.0	1	98	1	8	0.0
SAMEA7045319	0	AsnicarF_2021	33.0	female	IlluminaNovaSeq	PowerSoilPro	24916002.0	0	100	0	8	0.0
SAMEA7045320	0	AsnicarF_2021	51.0	female	IlluminaNovaSeq	PowerSoilPro	28406072.0	1	148	1	13	0.0
SAMEA7045321	0	AsnicarF_2021	57.0	female	IlluminaNovaSeq	PowerSoilPro	25110636.0	1	109	1	12	0.0
SAMEA7045322	0	AsnicarF_2021	21.0	female	IlluminaNovaSeq	PowerSoilPro	38054391.0	1	162	1	15	0.0
SAMEA7045323	0	AsnicarF_2021	45.0	male	IlluminaNovaSeq	PowerSoilPro	24333563.0	1	85	1	8	0.0
SAMEA7045324	0	AsnicarF_2021	49.0	female	IlluminaNovaSeq	PowerSoilPro	29779986.0	0	87	0	9	0.0
SAMEA7045325	0	AsnicarF_2021	59.0	female	IlluminaNovaSeq	PowerSoilPro	29754896.0	1	83	1	6	0.0
SAMEA7045326	0	AsnicarF_2021	62.0	female	IlluminaNovaSeq	PowerSoilPro	23922805.0	0	197	0	17	0.0
SAMEA7045327	0	AsnicarF_2021	64.0	male	IlluminaNovaSeq	PowerSoilPro	25391025.0	1	111	1	13	0.0
SAMEA7045328	0	AsnicarF_2021	63.0	male	IlluminaNovaSeq	PowerSoilPro	29098486.0	0	53	0	7	0.0
SAMEA7045329	0	AsnicarF_2021	34.0	female	IlluminaNovaSeq	PowerSoilPro	43267330.0	1	85	1	9	0.0
SAMEA7045330	0	AsnicarF_2021	29.0	male	IlluminaNovaSeq	PowerSoilPro	31124682.0	0	147	0	12	0.0
SAMEA7045331	0	AsnicarF_2021	43.0	female	IlluminaNovaSeq	PowerSoilPro	27874124.0	0	113	0	15	0.0
SAMEA7045332	0	AsnicarF_2021	42.0	male	IlluminaNovaSeq	PowerSoilPro	25943645.0	1	155	1	16	0.0
SAMEA7045333	0	AsnicarF_2021	51.0	male	IlluminaNovaSeq	PowerSoilPro	24868485.0	0	117	0	15	0.0
SAMEA7045334	0	AsnicarF_2021	23.0	male	IlluminaNovaSeq	PowerSoilPro	25052231.0	1	154	1	18	0.0
SAMEA7045335	0	AsnicarF_2021	46.0	female	IlluminaNovaSeq	PowerSoilPro	32503003.0	0	200	0	20	0.0
SAMEA7045336	0	AsnicarF_2021	32.0	female	IlluminaNovaSeq	PowerSoilPro	26558394.0	1	139	1	16	0.0
SAMEA7045337	0	AsnicarF_2021	54.0	female	IlluminaNovaSeq	PowerSoilPro	25354005.0	1	106	1	13	0.0
SAMEA7045338	0	AsnicarF_2021	52.0	female	IlluminaNovaSeq	PowerSoilPro	26378551.0	0	39	0	2	0.0
SAMEA7045339	0	AsnicarF_2021	47.0	female	IlluminaNovaSeq	PowerSoilPro	29857049.0	1	189	1	23	0.0
SAMEA7045340	0	AsnicarF_2021	37.0	male	IlluminaNovaSeq	PowerSoilPro	30092882.0	1	28	1	2	0.0
SAMEA7045341	0	AsnicarF_2021	46.0	male	IlluminaNovaSeq	PowerSoilPro	31812338.0	0	103	0	11	0.0
SAMEA7045342	0	AsnicarF_2021	27.0	male	IlluminaNovaSeq	PowerSoilPro	31855043.0	0	93	0	11	0.0
SAMEA7045343	0	AsnicarF_2021	32.0	female	IlluminaNovaSeq	PowerSoilPro	40187542.0	1	91	1	10	0.0
SAMEA7045344	0	AsnicarF_2021	42.0	female	IlluminaNovaSeq	PowerSoilPro	27348034.0	1	110	1	11	0.0
SAMEA7045345	0	AsnicarF_2021	53.0	female	IlluminaNovaSeq	PowerSoilPro	38830208.0	1	150	1	10	0.0
SAMEA7045346	0	AsnicarF_2021	55.0	female	IlluminaNovaSeq	PowerSoilPro	25912466.0	1	85	1	12	0.0
SAMEA7045347	0	AsnicarF_2021	58.0	female	IlluminaNovaSeq	PowerSoilPro	46529660.0	1	175	1	14	0.0
SAMEA7045348	0	AsnicarF_2021	60.0	female	IlluminaNovaSeq	PowerSoilPro	23903032.0	1	116	1	16	0.0
SAMEA7045349	0	AsnicarF_2021	64.0	female	IlluminaNovaSeq	PowerSoilPro	30667477.0	1	119	1	13	0.0
SAMEA7045350	0	AsnicarF_2021	52.0	female	IlluminaNovaSeq	PowerSoilPro	43685167.0	1	108	1	9	0.0
SAMEA7045351	0	AsnicarF_2021	44.0	female	IlluminaNovaSeq	PowerSoilPro	26052578.0	0	128	0	11	0.0
SAMEA7045352	0	AsnicarF_2021	54.0	female	IlluminaNovaSeq	PowerSoilPro	26497920.0	0	104	0	10	0.0
SAMEA7045353	0	AsnicarF_2021	65.0	female	IlluminaNovaSeq	PowerSoilPro	46398034.0	0	79	0	7	0.0
SAMEA7045354	0	AsnicarF_2021	65.0	female	IlluminaNovaSeq	PowerSoilPro	34811928.0	1	42	1	5	0.0
SAMEA7045355	0	AsnicarF_2021	56.0	female	IlluminaNovaSeq	PowerSoilPro	25755727.0	0	62	0	4	0.0
SAMEA7045356	0	AsnicarF_2021	57.0	female	IlluminaNovaSeq	PowerSoilPro	25007409.0	1	69	1	5	0.0
SAMEA7045357	0	AsnicarF_2021	53.0	female	IlluminaNovaSeq	PowerSoilPro	23249478.0	1	123	1	13	0.0
SAMEA7045358	0	AsnicarF_2021	53.0	male	IlluminaNovaSeq	PowerSoilPro	58319723.0	1	147	1	14	0.0
SAMEA7045359	0	AsnicarF_2021	52.0	male	IlluminaNovaSeq	PowerSoilPro	29154798.0	0	43	0	3	0.0
SAMEA7045360	0	AsnicarF_2021	32.0	male	IlluminaNovaSeq	PowerSoilPro	32686245.0	0	137	0	14	0.0
SAMEA7045361	0	AsnicarF_2021	65.0	female	IlluminaNovaSeq	PowerSoilPro	29551391.0	0	114	0	10	0.0
SAMEA7045362	0	AsnicarF_2021	31.0	male	IlluminaNovaSeq	PowerSoilPro	29566499.0	1	138	1	14	0.0
SAMEA7045363	0	AsnicarF_2021	43.0	female	IlluminaNovaSeq	PowerSoilPro	25079185.0	0	57	1	5	0.0
SAMEA7045364	0	AsnicarF_2021	51.0	female	IlluminaNovaSeq	PowerSoilPro	37587140.0	1	129	1	10	0.0
SAMEA7045365	0	AsnicarF_2021	50.0	male	IlluminaNovaSeq	PowerSoilPro	29529323.0	0	75	0	9	0.0
SAMEA7045366	0	AsnicarF_2021	26.0	male	IlluminaNovaSeq	PowerSoilPro	23791748.0	1	54	1	4	0.0
SAMEA7045367	0	AsnicarF_2021	39.0	male	IlluminaNovaSeq	PowerSoilPro	23996832.0	0	100	0	11	0.0
SAMEA7045368	0	AsnicarF_2021	28.0	female	IlluminaNovaSeq	PowerSoilPro	25023984.0	0	149	0	13	0.0
SAMEA7045369	0	AsnicarF_2021	39.0	female	IlluminaNovaSeq	PowerSoilPro	37757241.0	0	105	0	10	0.0
SAMEA7045370	0	AsnicarF_2021	60.0	female	IlluminaNovaSeq	PowerSoilPro	25608939.0	1	120	1	10	0.0
SAMEA7045371	0	AsnicarF_2021	32.0	female	IlluminaNovaSeq	PowerSoilPro	24743035.0	0	66	0	4	0.0
SAMEA7045372	0	AsnicarF_2021	56.0	male	IlluminaNovaSeq	PowerSoilPro	39882162.0	1	117	1	11	0.0
SAMEA7045373	0	AsnicarF_2021	24.0	female	IlluminaNovaSeq	PowerSoilPro	31853764.0	1	39	1	4	0.0
SAMEA7045374	0	AsnicarF_2021	60.0	female	IlluminaNovaSeq	PowerSoilPro	26839443.0	1	26	1	4	0.0
SAMEA7045375	0	AsnicarF_2021	52.0	male	IlluminaNovaSeq	PowerSoilPro	25507085.0	1	139	1	15	0.0
SAMEA7045376	0	AsnicarF_2021	37.0	female	IlluminaNovaSeq	PowerSoilPro	23663263.0	1	36	1	4	0.0
SAMEA7045377	0	AsnicarF_2021	52.0	female	IlluminaNovaSeq	PowerSoilPro	45645780.0	1	100	1	9	0.0
SAMEA7045378	0	AsnicarF_2021	56.0	female	IlluminaNovaSeq	PowerSoilPro	23452495.0	1	172	1	22	0.0
SAMEA7045379	0	AsnicarF_2021	47.0	female	IlluminaNovaSeq	PowerSoilPro	25493948.0	0	104	0	10	0.0
SAMEA7045380	0	AsnicarF_2021	53.0	female	IlluminaNovaSeq	PowerSoilPro	28217516.0	1	127	1	11	0.0
SAMEA7045381	0	AsnicarF_2021	53.0	female	IlluminaNovaSeq	PowerSoilPro	24575351.0	1	132	1	13	0.0
SAMEA7045382	0	AsnicarF_2021	21.0	female	IlluminaNovaSeq	PowerSoilPro	50604080.0	1	61	1	7	0.0
SAMEA7045383	0	AsnicarF_2021	48.0	female	IlluminaNovaSeq	PowerSoilPro	26653594.0	0	134	0	17	0.0
SAMEA7045384	0	AsnicarF_2021	46.0	male	IlluminaNovaSeq	PowerSoilPro	31578438.0	0	76	0	6	0.0
SAMEA7045385	0	AsnicarF_2021	32.0	female	IlluminaNovaSeq	PowerSoilPro	24881752.0	0	51	0	5	0.0
SAMEA7045386	0	AsnicarF_2021	40.0	male	IlluminaNovaSeq	PowerSoilPro	26493239.0	0	127	0	15	0.0
SAMEA7045387	0	AsnicarF_2021	40.0	female	IlluminaNovaSeq	PowerSoilPro	26654998.0	1	104	1	14	0.0
SAMEA7045388	0	AsnicarF_2021	23.0	female	IlluminaNovaSeq	PowerSoilPro	42752508.0	1	97	1	8	0.0
SAMEA7045389	0	AsnicarF_2021	44.0	male	IlluminaNovaSeq	PowerSoilPro	26974636.0	1	31	1	3	0.0
SAMEA7045390	0	AsnicarF_2021	46.0	female	IlluminaNovaSeq	PowerSoilPro	33444386.0	1	99	1	12	0.0
SAMEA7045391	0	AsnicarF_2021	41.0	female	IlluminaNovaSeq	PowerSoilPro	32881878.0	0	149	0	14	0.0
SAMEA7045392	0	AsnicarF_2021	53.0	female	IlluminaNovaSeq	PowerSoilPro	26537121.0	1	112	1	12	0.0
SAMEA7045393	0	AsnicarF_2021	64.0	female	IlluminaNovaSeq	PowerSoilPro	27716109.0	0	124	0	10	0.0
SAMEA7045394	0	AsnicarF_2021	65.0	female	IlluminaNovaSeq	PowerSoilPro	26390489.0	0	107	0	10	0.0
SAMEA7045395	0	AsnicarF_2021	46.0	male	IlluminaNovaSeq	PowerSoilPro	23512007.0	1	92	1	9	0.0
SAMEA7045396	0	AsnicarF_2021	33.0	female	IlluminaNovaSeq	PowerSoilPro	25230185.0	0	39	0	5	0.0
SAMEA7045397	0	AsnicarF_2021	48.0	male	IlluminaNovaSeq	PowerSoilPro	26303508.0	1	97	1	11	0.0
SAMEA7045398	0	AsnicarF_2021	43.0	male	IlluminaNovaSeq	PowerSoilPro	29405706.0	0	118	0	12	0.0
SAMEA7045399	0	AsnicarF_2021	38.0	female	IlluminaNovaSeq	PowerSoilPro	25040400.0	1	81	1	10	0.0
SAMEA7045400	0	AsnicarF_2021	54.0	male	IlluminaNovaSeq	PowerSoilPro	26421729.0	1	206	1	24	0.0
SAMEA7045401	0	AsnicarF_2021	33.0	female	IlluminaNovaSeq	PowerSoilPro	24718607.0	1	25	1	1	0.0
SAMEA7045402	0	AsnicarF_2021	46.0	female	IlluminaNovaSeq	PowerSoilPro	25675937.0	1	150	1	17	0.0
SAMEA7045403	0	AsnicarF_2021	25.0	female	IlluminaNovaSeq	PowerSoilPro	25764207.0	0	92	0	9	0.0
SAMEA7045404	0	AsnicarF_2021	55.0	female	IlluminaNovaSeq	PowerSoilPro	30181234.0	1	171	1	19	0.0
SAMEA7045405	0	AsnicarF_2021	60.0	female	IlluminaNovaSeq	PowerSoilPro	39404490.0	1	96	1	14	0.0
SAMEA7045406	0	AsnicarF_2021	29.0	female	IlluminaNovaSeq	PowerSoilPro	23877946.0	0	81	0	12	0.0
SAMEA7045407	0	AsnicarF_2021	52.0	male	IlluminaNovaSeq	PowerSoilPro	25519150.0	0	115	0	14	0.0
SAMEA7045408	0	AsnicarF_2021	65.0	female	IlluminaNovaSeq	PowerSoilPro	27271563.0	1	184	1	18	0.0
SAMEA7045409	0	AsnicarF_2021	42.0	female	IlluminaNovaSeq	PowerSoilPro	22443941.0	0	100	0	7	0.0
SAMEA7045410	0	AsnicarF_2021	51.0	female	IlluminaNovaSeq	PowerSoilPro	23361195.0	0	31	0	4	0.0
SAMEA7045411	0	AsnicarF_2021	65.0	female	IlluminaNovaSeq	PowerSoilPro	26376194.0	0	85	0	8	0.0
SAMEA7045412	0	AsnicarF_2021	42.0	female	IlluminaNovaSeq	PowerSoilPro	31104249.0	0	110	0	12	0.0
SAMEA7045413	0	AsnicarF_2021	29.0	male	IlluminaNovaSeq	PowerSoilPro	31245660.0	1	190	1	25	0.0
SAMEA7045414	0	AsnicarF_2021	64.0	female	IlluminaNovaSeq	PowerSoilPro	23779307.0	1	163	1	16	0.0
SAMEA7045415	0	AsnicarF_2021	57.0	male	IlluminaNovaSeq	PowerSoilPro	31842988.0	1	147	1	16	0.0
SAMEA7045416	0	AsnicarF_2021	20.0	male	IlluminaNovaSeq	PowerSoilPro	54609232.0	0	131	0	15	0.0
SAMEA7045417	0	AsnicarF_2021	65.0	female	IlluminaNovaSeq	PowerSoilPro	24096272.0	0	19	0	2	0.0
SAMEA7045418	0	AsnicarF_2021	49.0	male	IlluminaNovaSeq	PowerSoilPro	33619521.0	1	118	1	7	0.0
SAMEA7045419	0	AsnicarF_2021	29.0	female	IlluminaNovaSeq	PowerSoilPro	34420673.0	1	127	1	10	0.0
SAMEA7045420	0	AsnicarF_2021	32.0	female	IlluminaNovaSeq	PowerSoilPro	24921669.0	0	46	0	4	0.0
SAMEA7045421	0	AsnicarF_2021	64.0	female	IlluminaNovaSeq	PowerSoilPro	23406722.0	1	97	1	9	0.0
SAMEA7045422	0	AsnicarF_2021	49.0	male	IlluminaNovaSeq	PowerSoilPro	35063185.0	1	106	1	12	0.0
SAMEA7045423	0	AsnicarF_2021	35.0	male	IlluminaNovaSeq	PowerSoilPro	26311029.0	0	24	0	2	0.0
SAMEA7045424	0	AsnicarF_2021	43.0	female	IlluminaNovaSeq	PowerSoilPro	30412413.0	1	92	1	10	0.0
SAMEA7045425	0	AsnicarF_2021	29.0	female	IlluminaNovaSeq	PowerSoilPro	25781925.0	1	91	1	8	0.0
SAMEA7045426	0	AsnicarF_2021	46.0	male	IlluminaNovaSeq	PowerSoilPro	28394694.0	1	168	1	20	0.0
SAMEA7045427	0	AsnicarF_2021	37.0	female	IlluminaNovaSeq	PowerSoilPro	25396578.0	0	103	0	10	0.0
SAMEA7045428	0	AsnicarF_2021	44.0	female	IlluminaNovaSeq	PowerSoilPro	25182098.0	1	74	1	4	0.0
SAMEA7045429	0	AsnicarF_2021	57.0	female	IlluminaNovaSeq	PowerSoilPro	25049280.0	1	163	1	19	0.0
SAMEA7045430	0	AsnicarF_2021	51.0	female	IlluminaNovaSeq	PowerSoilPro	37776611.0	0	86	0	9	0.0
SAMEA7045431	0	AsnicarF_2021	45.0	female	IlluminaNovaSeq	PowerSoilPro	25629874.0	1	157	1	14	0.0
SAMEA7045432	0	AsnicarF_2021	34.0	female	IlluminaNovaSeq	PowerSoilPro	23329711.0	0	37	0	3	0.0
SAMEA7045433	0	AsnicarF_2021	31.0	male	IlluminaNovaSeq	PowerSoilPro	34158125.0	1	120	1	16	0.0
SAMEA7045434	0	AsnicarF_2021	65.0	male	IlluminaNovaSeq	PowerSoilPro	23682163.0	1	131	1	15	0.0
SAMEA7045435	0	AsnicarF_2021	56.0	female	IlluminaNovaSeq	PowerSoilPro	28387612.0	1	131	1	12	0.0
SAMEA7045436	0	AsnicarF_2021	62.0	female	IlluminaNovaSeq	PowerSoilPro	24837354.0	1	71	1	7	0.0
SAMEA7045437	0	AsnicarF_2021	49.0	female	IlluminaNovaSeq	PowerSoilPro	25038837.0	0	94	0	9	0.0
SAMEA7045438	0	AsnicarF_2021	58.0	male	IlluminaNovaSeq	PowerSoilPro	28637157.0	0	249	0	24	0.0
SAMEA7045439	0	AsnicarF_2021	49.0	female	IlluminaNovaSeq	PowerSoilPro	33826281.0	1	91	1	8	0.0
SAMEA7045440	0	AsnicarF_2021	28.0	male	IlluminaNovaSeq	PowerSoilPro	25811853.0	1	81	1	7	0.0
SAMEA7045441	0	AsnicarF_2021	55.0	male	IlluminaNovaSeq	PowerSoilPro	24457623.0	0	50	0	3	0.0
SAMEA7045442	0	AsnicarF_2021	63.0	female	IlluminaNovaSeq	PowerSoilPro	24167614.0	1	19	1	3	0.0
SAMEA7045443	0	AsnicarF_2021	44.0	female	IlluminaNovaSeq	PowerSoilPro	26773863.0	1	102	1	9	0.0
SAMEA7045444	0	AsnicarF_2021	33.0	female	IlluminaNovaSeq	PowerSoilPro	27591010.0	1	25	1	3	0.0
SAMEA7045445	0	AsnicarF_2021	43.0	male	IlluminaNovaSeq	PowerSoilPro	29117405.0	1	206	1	22	0.0
SAMEA7045446	0	AsnicarF_2021	29.0	female	IlluminaNovaSeq	PowerSoilPro	29542087.0	1	83	1	9	0.0
SAMEA7045447	0	AsnicarF_2021	48.0	male	IlluminaNovaSeq	PowerSoilPro	23985180.0	0	79	0	11	0.0
SAMEA7045448	0	AsnicarF_2021	34.0	male	IlluminaNovaSeq	PowerSoilPro	24831448.0	0	195	0	22	0.0
SAMEA7045449	0	AsnicarF_2021	27.0	male	IlluminaNovaSeq	PowerSoilPro	37115844.0	1	111	1	11	0.0
SAMEA7045450	0	AsnicarF_2021	24.0	female	IlluminaNovaSeq	PowerSoilPro	23886469.0	1	105	1	9	0.0
SAMEA7045451	0	AsnicarF_2021	22.0	female	IlluminaNovaSeq	PowerSoilPro	31861436.0	0	58	0	7	0.0
SAMEA7045452	0	AsnicarF_2021	47.0	female	IlluminaNovaSeq	PowerSoilPro	26814895.0	1	142	1	13	0.0
SAMEA7045453	0	AsnicarF_2021	47.0	female	IlluminaNovaSeq	PowerSoilPro	26072993.0	0	84	0	8	0.0
SAMEA7045454	0	AsnicarF_2021	30.0	male	IlluminaNovaSeq	PowerSoilPro	31498801.0	1	58	1	6	0.0
SAMEA7045455	0	AsnicarF_2021	56.0	male	IlluminaNovaSeq	PowerSoilPro	25024041.0	0	72	0	8	0.0
SAMEA7045456	0	AsnicarF_2021	60.0	male	IlluminaNovaSeq	PowerSoilPro	23355980.0	0	155	0	15	0.0
SAMEA7045457	0	AsnicarF_2021	54.0	female	IlluminaNovaSeq	PowerSoilPro	27899747.0	0	103	0	8	0.0
SAMEA7045458	0	AsnicarF_2021	36.0	male	IlluminaNovaSeq	PowerSoilPro	30904888.0	1	101	1	13	0.0
SAMEA7045459	0	AsnicarF_2021	50.0	female	IlluminaNovaSeq	PowerSoilPro	30143460.0	0	116	0	10	0.0
SAMEA7045460	0	AsnicarF_2021	52.0	male	IlluminaNovaSeq	PowerSoilPro	25232453.0	0	103	0	14	0.0
SAMEA7045461	0	AsnicarF_2021	40.0	female	IlluminaNovaSeq	PowerSoilPro	28915077.0	1	87	1	11	0.0
SAMEA7045462	0	AsnicarF_2021	48.0	female	IlluminaNovaSeq	PowerSoilPro	27654831.0	1	57	1	3	0.0
SAMEA7045463	0	AsnicarF_2021	23.0	male	IlluminaNovaSeq	PowerSoilPro	25428743.0	0	32	0	6	0.0
SAMEA7045464	0	AsnicarF_2021	55.0	female	IlluminaNovaSeq	PowerSoilPro	27890863.0	0	110	0	11	0.0
SAMEA7045465	0	AsnicarF_2021	41.0	female	IlluminaNovaSeq	PowerSoilPro	31426055.0	1	60	1	5	0.0
SAMEA7045466	0	AsnicarF_2021	65.0	female	IlluminaNovaSeq	PowerSoilPro	29975121.0	1	163	1	18	0.0
SAMEA7045467	0	AsnicarF_2021	51.0	female	IlluminaNovaSeq	PowerSoilPro	33281213.0	1	109	1	13	0.0
SAMEA7045468	0	AsnicarF_2021	33.0	female	IlluminaNovaSeq	PowerSoilPro	24489784.0	0	89	0	6	0.0
SAMEA7045469	0	AsnicarF_2021	52.0	female	IlluminaNovaSeq	PowerSoilPro	32569531.0	1	127	1	13	0.0
SAMEA7045470	0	AsnicarF_2021	43.0	female	IlluminaNovaSeq	PowerSoilPro	40302944.0	1	134	1	12	0.0
SAMEA7045471	0	AsnicarF_2021	55.0	female	IlluminaNovaSeq	PowerSoilPro	35613479.0	1	89	1	11	0.0
SAMEA7045472	0	AsnicarF_2021	23.0	male	IlluminaNovaSeq	PowerSoilPro	25477315.0	1	40	1	3	0.0
SAMEA7045473	0	AsnicarF_2021	64.0	male	IlluminaNovaSeq	PowerSoilPro	44087108.0	1	85	1	10	0.0
SAMEA7045474	0	AsnicarF_2021	53.0	female	IlluminaNovaSeq	PowerSoilPro	24752927.0	0	82	0	6	0.0
SAMEA7045475	0	AsnicarF_2021	50.0	female	IlluminaNovaSeq	PowerSoilPro	32837442.0	0	104	0	11	0.0
SAMEA7045476	0	AsnicarF_2021	48.0	female	IlluminaNovaSeq	PowerSoilPro	25454294.0	1	89	1	10	0.0
SAMEA7045477	0	AsnicarF_2021	24.0	female	IlluminaNovaSeq	PowerSoilPro	26776396.0	1	92	1	11	0.0
SAMEA7045478	0	AsnicarF_2021	38.0	female	IlluminaNovaSeq	PowerSoilPro	29072064.0	1	161	1	18	0.0
SAMEA7045479	0	AsnicarF_2021	47.0	female	IlluminaNovaSeq	PowerSoilPro	25124768.0	1	82	1	7	0.0
SAMEA7045480	0	AsnicarF_2021	45.0	female	IlluminaNovaSeq	PowerSoilPro	23754654.0	1	123	1	12	0.0
SAMEA7045481	0	AsnicarF_2021	54.0	female	IlluminaNovaSeq	PowerSoilPro	25088348.0	1	66	1	9	0.0
SAMEA7045482	0	AsnicarF_2021	40.0	female	IlluminaNovaSeq	PowerSoilPro	26883292.0	1	124	1	14	0.0
SAMEA7045483	0	AsnicarF_2021	45.0	male	IlluminaNovaSeq	PowerSoilPro	31165398.0	0	117	0	16	0.0
SAMEA7045484	0	AsnicarF_2021	31.0	female	IlluminaNovaSeq	PowerSoilPro	29935982.0	1	164	1	14	0.0
SAMEA7045485	0	AsnicarF_2021	62.0	female	IlluminaNovaSeq	PowerSoilPro	30689681.0	1	102	1	9	0.0
SAMEA7045486	0	AsnicarF_2021	55.0	female	IlluminaNovaSeq	PowerSoilPro	28416724.0	0	26	0	5	0.0
SAMEA7045487	0	AsnicarF_2021	52.0	female	IlluminaNovaSeq	PowerSoilPro	27372969.0	1	64	1	6	0.0
SAMEA7045488	0	AsnicarF_2021	31.0	female	IlluminaNovaSeq	PowerSoilPro	23443007.0	0	91	0	6	0.0
SAMEA7045489	0	AsnicarF_2021	59.0	male	IlluminaNovaSeq	PowerSoilPro	32857816.0	0	134	0	15	0.0
SAMEA7045490	0	AsnicarF_2021	51.0	female	IlluminaNovaSeq	PowerSoilPro	27118899.0	0	62	0	6	0.0
SAMEA7045491	0	AsnicarF_2021	48.0	male	IlluminaNovaSeq	PowerSoilPro	31878071.0	1	53	1	9	0.0
SAMEA7045492	0	AsnicarF_2021	61.0	female	IlluminaNovaSeq	PowerSoilPro	58001251.0	1	87	1	14	0.0
SAMEA7045493	0	AsnicarF_2021	47.0	female	IlluminaNovaSeq	PowerSoilPro	30178266.0	0	89	0	8	0.0
SAMEA7045494	0	AsnicarF_2021	41.0	male	IlluminaNovaSeq	PowerSoilPro	30745130.0	0	104	0	6	0.0
SAMEA7045495	0	AsnicarF_2021	53.0	female	IlluminaNovaSeq	PowerSoilPro	38109253.0	1	111	1	15	0.0
SAMEA7045496	0	AsnicarF_2021	54.0	female	IlluminaNovaSeq	PowerSoilPro	24023630.0	1	83	1	12	0.0
SAMEA7045497	0	AsnicarF_2021	32.0	female	IlluminaNovaSeq	PowerSoilPro	35061749.0	1	86	1	13	0.0
SAMEA7045498	0	AsnicarF_2021	63.0	male	IlluminaNovaSeq	PowerSoilPro	33558310.0	1	115	1	11	0.0
SAMEA7045499	0	AsnicarF_2021	25.0	female	IlluminaNovaSeq	PowerSoilPro	25021235.0	1	82	1	11	0.0
SAMEA7045500	0	AsnicarF_2021	20.0	male	IlluminaNovaSeq	PowerSoilPro	27244279.0	1	22	1	2	0.0
SAMEA7045501	0	AsnicarF_2021	59.0	male	IlluminaNovaSeq	PowerSoilPro	23657244.0	1	99	1	12	0.0
SAMEA7045502	0	AsnicarF_2021	59.0	female	IlluminaNovaSeq	PowerSoilPro	31131269.0	1	110	1	9	0.0
SAMEA7045503	0	AsnicarF_2021	18.0	female	IlluminaNovaSeq	PowerSoilPro	36774327.0	1	81	1	9	0.0
SAMEA7045504	0	AsnicarF_2021	33.0	male	IlluminaNovaSeq	PowerSoilPro	41392169.0	1	70	1	10	0.0
SAMEA7045505	0	AsnicarF_2021	26.0	male	IlluminaNovaSeq	PowerSoilPro	29092919.0	1	43	1	5	0.0
SAMEA7045506	0	AsnicarF_2021	25.0	female	IlluminaNovaSeq	PowerSoilPro	73127761.0	1	91	1	11	0.0
SAMEA7045507	0	AsnicarF_2021	43.0	female	IlluminaNovaSeq	PowerSoilPro	26617468.0	1	86	1	9	0.0
SAMEA7045508	0	AsnicarF_2021	42.0	female	IlluminaNovaSeq	PowerSoilPro	19912680.0	1	100	1	12	0.0
SAMEA7045509	0	AsnicarF_2021	58.0	female	IlluminaNovaSeq	PowerSoilPro	26545178.0	0	116	0	8	0.0
SAMEA7045510	0	AsnicarF_2021	56.0	female	IlluminaNovaSeq	PowerSoilPro	28413768.0	1	115	1	11	0.0
SAMEA7045511	0	AsnicarF_2021	40.0	female	IlluminaNovaSeq	PowerSoilPro	23996250.0	1	117	1	14	0.0
SAMEA7045512	0	AsnicarF_2021	55.0	female	IlluminaNovaSeq	PowerSoilPro	27531414.0	1	137	1	12	0.0
SAMEA7045513	0	AsnicarF_2021	65.0	female	IlluminaNovaSeq	PowerSoilPro	24959545.0	1	92	1	11	0.0
SAMEA7045514	0	AsnicarF_2021	36.0	male	IlluminaNovaSeq	PowerSoilPro	26652112.0	1	189	1	13	0.0
SAMEA7045515	0	AsnicarF_2021	62.0	female	IlluminaNovaSeq	PowerSoilPro	26227806.0	1	55	1	8	0.0
SAMEA7045516	0	AsnicarF_2021	45.0	female	IlluminaNovaSeq	PowerSoilPro	25772508.0	0	70	0	6	0.0
SAMEA7045517	0	AsnicarF_2021	62.0	male	IlluminaNovaSeq	PowerSoilPro	24126054.0	1	100	1	7	0.0
SAMEA7045518	0	AsnicarF_2021	52.0	female	IlluminaNovaSeq	PowerSoilPro	39039683.0	1	89	1	6	0.0
SAMEA7045519	0	AsnicarF_2021	30.0	male	IlluminaNovaSeq	PowerSoilPro	37423776.0	1	122	1	13	0.0
SAMEA7045520	0	AsnicarF_2021	55.0	male	IlluminaNovaSeq	PowerSoilPro	28012243.0	0	106	0	14	0.0
SAMEA7045521	0	AsnicarF_2021	64.0	female	IlluminaNovaSeq	PowerSoilPro	23282444.0	1	137	1	15	0.0
SAMEA7045522	0	AsnicarF_2021	34.0	male	IlluminaNovaSeq	PowerSoilPro	29404510.0	1	150	1	23	0.0
SAMEA7045523	0	AsnicarF_2021	58.0	male	IlluminaNovaSeq	PowerSoilPro	29853413.0	1	56	1	4	0.0
SAMEA7045524	0	AsnicarF_2021	64.0	male	IlluminaNovaSeq	PowerSoilPro	39146586.0	1	54	1	6	0.0
SAMEA7045525	0	AsnicarF_2021	39.0	male	IlluminaNovaSeq	PowerSoilPro	26876996.0	1	136	1	9	0.0
SAMEA7045526	0	AsnicarF_2021	37.0	male	IlluminaNovaSeq	PowerSoilPro	25326374.0	1	111	1	12	0.0
SAMEA7045527	0	AsnicarF_2021	53.0	female	IlluminaNovaSeq	PowerSoilPro	30951495.0	0	113	0	11	0.0
SAMEA7045528	0	AsnicarF_2021	60.0	female	IlluminaNovaSeq	PowerSoilPro	33032251.0	1	110	1	18	0.0
SAMEA7045529	0	AsnicarF_2021	52.0	male	IlluminaNovaSeq	PowerSoilPro	50032379.0	1	143	1	13	0.0
SAMEA7045530	0	AsnicarF_2021	46.0	female	IlluminaNovaSeq	PowerSoilPro	35717693.0	1	77	1	11	0.0
SAMEA7045531	0	AsnicarF_2021	46.0	female	IlluminaNovaSeq	PowerSoilPro	35751262.0	1	105	1	12	0.0
SAMEA7045532	0	AsnicarF_2021	59.0	female	IlluminaNovaSeq	PowerSoilPro	26124269.0	0	144	0	12	0.0
SAMEA7045533	0	AsnicarF_2021	57.0	female	IlluminaNovaSeq	PowerSoilPro	26658386.0	1	91	1	7	0.0
SAMEA7045534	0	AsnicarF_2021	23.0	female	IlluminaNovaSeq	PowerSoilPro	23480312.0	0	105	0	11	0.0
SAMEA7045535	0	AsnicarF_2021	59.0	female	IlluminaNovaSeq	PowerSoilPro	31410271.0	1	35	1	5	0.0
SAMEA7045536	0	AsnicarF_2021	40.0	female	IlluminaNovaSeq	PowerSoilPro	27286444.0	0	105	0	10	0.0
SAMEA7045537	0	AsnicarF_2021	59.0	female	IlluminaNovaSeq	PowerSoilPro	29310959.0	1	54	1	10	0.0
SAMEA7045538	0	AsnicarF_2021	38.0	female	IlluminaNovaSeq	PowerSoilPro	28464559.0	1	164	1	13	0.0
SAMEA7045539	0	AsnicarF_2021	43.0	female	IlluminaNovaSeq	PowerSoilPro	23670509.0	1	136	1	12	0.0
SAMEA7045540	0	AsnicarF_2021	54.0	female	IlluminaNovaSeq	PowerSoilPro	51341789.0	1	158	1	14	0.0
SAMEA7045541	0	AsnicarF_2021	61.0	female	IlluminaNovaSeq	PowerSoilPro	23369114.0	0	100	0	14	0.0
SAMEA7045542	0	AsnicarF_2021	64.0	male	IlluminaNovaSeq	PowerSoilPro	33973873.0	1	83	1	5	0.0
SAMEA7045543	0	AsnicarF_2021	46.0	female	IlluminaNovaSeq	PowerSoilPro	30604103.0	1	113	1	11	0.0
SAMEA7045544	0	AsnicarF_2021	35.0	male	IlluminaNovaSeq	PowerSoilPro	40250592.0	1	63	1	6	0.0
SAMEA7045545	0	AsnicarF_2021	65.0	female	IlluminaNovaSeq	PowerSoilPro	23874296.0	0	90	0	8	0.0
SAMEA7045546	0	AsnicarF_2021	41.0	female	IlluminaNovaSeq	PowerSoilPro	25767323.0	1	145	1	14	0.0
SAMEA7045547	0	AsnicarF_2021	29.0	male	IlluminaNovaSeq	PowerSoilPro	24440429.0	0	90	0	8	0.0
SAMEA7045548	0	AsnicarF_2021	35.0	female	IlluminaNovaSeq	PowerSoilPro	24384015.0	0	122	0	12	0.0
SAMEA7045549	0	AsnicarF_2021	48.0	female	IlluminaNovaSeq	PowerSoilPro	31398330.0	1	148	1	11	0.0
SAMEA7045550	0	AsnicarF_2021	36.0	female	IlluminaNovaSeq	PowerSoilPro	28710881.0	0	78	0	10	0.0
SAMEA7045551	0	AsnicarF_2021	23.0	male	IlluminaNovaSeq	PowerSoilPro	35167252.0	1	102	1	10	0.0
SAMEA7045552	0	AsnicarF_2021	58.0	female	IlluminaNovaSeq	PowerSoilPro	24362988.0	1	30	1	4	0.0
SAMEA7045553	0	AsnicarF_2021	50.0	female	IlluminaNovaSeq	PowerSoilPro	33023665.0	1	111	1	16	0.0
SAMEA7045554	0	AsnicarF_2021	42.0	male	IlluminaNovaSeq	PowerSoilPro	35093480.0	1	117	1	8	0.0
SAMEA7045555	0	AsnicarF_2021	37.0	female	IlluminaNovaSeq	PowerSoilPro	24296802.0	1	62	1	9	0.0
SAMEA7045556	0	AsnicarF_2021	46.0	male	IlluminaNovaSeq	PowerSoilPro	33266904.0	0	167	0	19	0.0
SAMEA7045557	0	AsnicarF_2021	47.0	female	IlluminaNovaSeq	PowerSoilPro	25628090.0	1	139	1	13	0.0
SAMEA7045558	0	AsnicarF_2021	50.0	female	IlluminaNovaSeq	PowerSoilPro	25108896.0	0	80	0	11	0.0
SAMEA7045559	0	AsnicarF_2021	31.0	female	IlluminaNovaSeq	PowerSoilPro	25893315.0	1	104	1	13	0.0
SAMEA7045560	0	AsnicarF_2021	51.0	female	IlluminaNovaSeq	PowerSoilPro	24740419.0	0	117	0	12	0.0
SAMEA7045561	0	AsnicarF_2021	41.0	male	IlluminaNovaSeq	PowerSoilPro	44328108.0	1	107	1	12	0.0
SAMEA7045562	0	AsnicarF_2021	25.0	male	IlluminaNovaSeq	PowerSoilPro	31615318.0	1	58	1	5	0.0
SAMEA7045563	0	AsnicarF_2021	34.0	female	IlluminaNovaSeq	PowerSoilPro	27721849.0	0	78	0	6	0.0
SAMEA7045564	0	AsnicarF_2021	42.0	female	IlluminaNovaSeq	PowerSoilPro	31561524.0	0	145	0	18	0.0
SAMEA7045565	0	AsnicarF_2021	54.0	male	IlluminaNovaSeq	PowerSoilPro	30967876.0	0	95	0	10	0.0
SAMEA7045566	0	AsnicarF_2021	53.0	female	IlluminaNovaSeq	PowerSoilPro	26817133.0	0	64	0	9	0.0
SAMEA7045567	0	AsnicarF_2021	59.0	female	IlluminaNovaSeq	PowerSoilPro	28455717.0	0	61	0	9	0.0
SAMEA7045568	0	AsnicarF_2021	22.0	male	IlluminaNovaSeq	PowerSoilPro	25938246.0	1	69	1	10	0.0
SAMEA7045569	0	AsnicarF_2021	64.0	female	IlluminaNovaSeq	PowerSoilPro	24162619.0	0	118	0	14	0.0
SAMEA7045570	0	AsnicarF_2021	26.0	female	IlluminaNovaSeq	PowerSoilPro	31055637.0	1	119	1	14	0.0
SAMEA7045571	0	AsnicarF_2021	53.0	female	IlluminaNovaSeq	PowerSoilPro	30287065.0	1	57	1	11	0.0
SAMEA7045572	0	AsnicarF_2021	40.0	male	IlluminaNovaSeq	PowerSoilPro	25574287.0	1	63	1	6	0.0
SAMEA7045573	0	AsnicarF_2021	35.0	male	IlluminaNovaSeq	PowerSoilPro	25954098.0	1	113	1	14	0.0
SAMEA7045574	0	AsnicarF_2021	59.0	female	IlluminaNovaSeq	PowerSoilPro	23664309.0	1	144	1	18	0.0
SAMEA7045575	0	AsnicarF_2021	65.0	female	IlluminaNovaSeq	PowerSoilPro	34340762.0	1	74	1	8	0.0
SAMEA7045576	0	AsnicarF_2021	46.0	female	IlluminaNovaSeq	PowerSoilPro	27456611.0	1	146	1	16	0.0
SAMEA7045577	0	AsnicarF_2021	49.0	male	IlluminaNovaSeq	PowerSoilPro	33067662.0	1	61	1	7	0.0
SAMEA7045578	0	AsnicarF_2021	62.0	male	IlluminaNovaSeq	PowerSoilPro	23807890.0	0	84	0	7	0.0
SAMEA7045579	0	AsnicarF_2021	52.0	female	IlluminaNovaSeq	PowerSoilPro	28741010.0	1	109	1	15	0.0
SAMEA7045580	0	AsnicarF_2021	45.0	female	IlluminaNovaSeq	PowerSoilPro	23579538.0	1	184	1	20	0.0
SAMEA7045581	0	AsnicarF_2021	64.0	female	IlluminaNovaSeq	PowerSoilPro	24512848.0	1	78	1	7	0.0
SAMEA7045582	0	AsnicarF_2021	31.0	male	IlluminaNovaSeq	PowerSoilPro	27261399.0	1	170	1	16	0.0
SAMEA7045583	0	AsnicarF_2021	45.0	male	IlluminaNovaSeq	PowerSoilPro	27228813.0	0	176	0	22	0.0
SAMEA7045584	0	AsnicarF_2021	21.0	female	IlluminaNovaSeq	PowerSoilPro	52293781.0	1	58	1	9	0.0
SAMEA7045585	0	AsnicarF_2021	49.0	female	IlluminaNovaSeq	PowerSoilPro	26007790.0	0	68	0	7	0.0
SAMEA7045586	0	AsnicarF_2021	51.0	female	IlluminaNovaSeq	PowerSoilPro	36777168.0	1	8	1	1	0.0
SAMEA7045587	0	AsnicarF_2021	23.0	male	IlluminaNovaSeq	PowerSoilPro	28151871.0	0	89	0	12	0.0
SAMEA7045588	0	AsnicarF_2021	33.0	female	IlluminaNovaSeq	PowerSoilPro	25611759.0	1	121	1	13	0.0
SAMEA7045589	0	AsnicarF_2021	45.0	female	IlluminaNovaSeq	PowerSoilPro	35005060.0	1	202	1	18	0.0
SAMEA7045590	0	AsnicarF_2021	24.0	female	IlluminaNovaSeq	PowerSoilPro	26777133.0	1	98	1	9	0.0
SAMEA7045591	0	AsnicarF_2021	55.0	female	IlluminaNovaSeq	PowerSoilPro	46920513.0	1	20	1	3	0.0
SAMEA7045592	0	AsnicarF_2021	54.0	female	IlluminaNovaSeq	PowerSoilPro	26226034.0	0	66	0	8	0.0
SAMEA7045593	0	AsnicarF_2021	52.0	male	IlluminaNovaSeq	PowerSoilPro	25415258.0	1	53	1	4	0.0
SAMEA7045594	0	AsnicarF_2021	42.0	female	IlluminaNovaSeq	PowerSoilPro	26666420.0	0	95	0	8	0.0
SAMEA7045595	0	AsnicarF_2021	23.0	female	IlluminaNovaSeq	PowerSoilPro	25623642.0	1	92	1	8	0.0
SAMEA7045596	0	AsnicarF_2021	53.0	female	IlluminaNovaSeq	PowerSoilPro	24960601.0	0	105	0	9	0.0
SAMEA7045597	0	AsnicarF_2021	26.0	male	IlluminaNovaSeq	PowerSoilPro	37332633.0	0	124	0	13	0.0
SAMEA7045598	0	AsnicarF_2021	47.0	female	IlluminaNovaSeq	PowerSoilPro	37857332.0	1	35	1	3	0.0
SAMEA7045599	0	AsnicarF_2021	65.0	male	IlluminaNovaSeq	PowerSoilPro	25883963.0	0	49	0	5	0.0
SAMEA7045600	0	AsnicarF_2021	52.0	male	IlluminaNovaSeq	PowerSoilPro	28444193.0	1	75	1	10	0.0
SAMEA7045601	0	AsnicarF_2021	26.0	male	IlluminaNovaSeq	PowerSoilPro	29107460.0	1	47	1	6	0.0
SAMEA7045602	0	AsnicarF_2021	32.0	female	IlluminaNovaSeq	PowerSoilPro	34822542.0	0	96	0	8	0.0
SAMEA7045603	0	AsnicarF_2021	22.0	female	IlluminaNovaSeq	PowerSoilPro	27657256.0	0	21	0	4	0.0
SAMEA7045604	0	AsnicarF_2021	28.0	female	IlluminaNovaSeq	PowerSoilPro	35571103.0	1	119	1	10	0.0
SAMEA7045605	0	AsnicarF_2021	32.0	male	IlluminaNovaSeq	PowerSoilPro	30469345.0	1	15	1	2	0.0
SAMEA7045606	0	AsnicarF_2021	53.0	female	IlluminaNovaSeq	PowerSoilPro	29343211.0	1	118	1	16	0.0
SAMEA7045607	0	AsnicarF_2021	24.0	female	IlluminaNovaSeq	PowerSoilPro	26289127.0	0	11	0	3	0.0
SAMEA7045608	0	AsnicarF_2021	22.0	male	IlluminaNovaSeq	PowerSoilPro	26638405.0	1	111	1	9	0.0
SAMEA7045609	0	AsnicarF_2021	31.0	male	IlluminaNovaSeq	PowerSoilPro	25780582.0	0	170	0	13	0.0
SAMEA7045610	0	AsnicarF_2021	54.0	male	IlluminaNovaSeq	PowerSoilPro	27744929.0	0	152	0	15	0.0
SAMEA7045611	0	AsnicarF_2021	49.0	female	IlluminaNovaSeq	PowerSoilPro	28844596.0	1	126	1	10	0.0
SAMEA7045612	0	AsnicarF_2021	42.0	female	IlluminaNovaSeq	PowerSoilPro	26204820.0	1	157	1	14	0.0
SAMEA7045613	0	AsnicarF_2021	49.0	female	IlluminaNovaSeq	PowerSoilPro	38994459.0	1	118	1	12	0.0
SAMEA7045614	0	AsnicarF_2021	33.0	male	IlluminaNovaSeq	PowerSoilPro	27447598.0	1	124	1	13	0.0
SAMEA7045615	0	AsnicarF_2021	25.0	female	IlluminaNovaSeq	PowerSoilPro	33881915.0	0	53	0	4	0.0
SAMEA7045616	0	AsnicarF_2021	35.0	female	IlluminaNovaSeq	PowerSoilPro	33506434.0	0	33	0	5	0.0
SAMEA7045617	0	AsnicarF_2021	47.0	female	IlluminaNovaSeq	PowerSoilPro	64797286.0	1	212	1	21	0.0
SAMEA7045618	0	AsnicarF_2021	44.0	male	IlluminaNovaSeq	PowerSoilPro	29246202.0	1	130	1	19	0.0
SAMEA7045619	0	AsnicarF_2021	50.0	female	IlluminaNovaSeq	PowerSoilPro	27870421.0	0	165	0	17	0.0
SAMEA7045620	0	AsnicarF_2021	61.0	male	IlluminaNovaSeq	PowerSoilPro	25441422.0	1	59	1	6	0.0
SAMEA7045621	0	AsnicarF_2021	54.0	male	IlluminaNovaSeq	PowerSoilPro	48801995.0	1	96	1	13	0.0
SAMEA7045622	0	AsnicarF_2021	43.0	female	IlluminaNovaSeq	PowerSoilPro	28471061.0	0	128	0	14	0.0
SAMEA7045623	0	AsnicarF_2021	55.0	female	IlluminaNovaSeq	PowerSoilPro	38657082.0	1	90	1	9	0.0
SAMEA7045624	0	AsnicarF_2021	65.0	female	IlluminaNovaSeq	PowerSoilPro	24413705.0	1	26	1	5	0.0
SAMEA7045625	0	AsnicarF_2021	47.0	female	IlluminaNovaSeq	PowerSoilPro	28906325.0	1	190	1	19	0.0
SAMEA7045626	0	AsnicarF_2021	59.0	female	IlluminaNovaSeq	PowerSoilPro	27271285.0	1	127	1	16	0.0
SAMEA7045627	0	AsnicarF_2021	48.0	male	IlluminaNovaSeq	PowerSoilPro	26874095.0	0	18	0	2	0.0
SAMEA7045628	0	AsnicarF_2021	61.0	male	IlluminaNovaSeq	PowerSoilPro	24865880.0	1	131	1	10	0.0
SAMEA7045629	0	AsnicarF_2021	25.0	male	IlluminaNovaSeq	PowerSoilPro	27226766.0	1	100	1	15	0.0
SAMEA7045630	0	AsnicarF_2021	52.0	female	IlluminaNovaSeq	PowerSoilPro	25753156.0	1	156	1	17	0.0
SAMEA7045631	0	AsnicarF_2021	27.0	male	IlluminaNovaSeq	PowerSoilPro	24533364.0	1	92	1	8	0.0
SAMEA7045632	0	AsnicarF_2021	38.0	male	IlluminaNovaSeq	PowerSoilPro	26674166.0	1	60	1	4	0.0
SAMEA7045633	0	AsnicarF_2021	57.0	male	IlluminaNovaSeq	PowerSoilPro	26185000.0	0	48	0	5	0.0
SAMEA7045634	0	AsnicarF_2021	46.0	male	IlluminaNovaSeq	PowerSoilPro	29740347.0	0	131	0	17	0.0
SAMEA7045635	0	AsnicarF_2021	42.0	female	IlluminaNovaSeq	PowerSoilPro	27174119.0	1	90	1	9	0.0
SAMEA7045636	0	AsnicarF_2021	47.0	female	IlluminaNovaSeq	PowerSoilPro	31854601.0	1	132	1	14	0.0
SAMEA7045637	0	AsnicarF_2021	54.0	female	IlluminaNovaSeq	PowerSoilPro	27845162.0	0	76	0	12	0.0
SAMEA7045638	0	AsnicarF_2021	31.0	male	IlluminaNovaSeq	PowerSoilPro	39432744.0	0	57	0	8	0.0
SAMEA7045639	0	AsnicarF_2021	54.0	female	IlluminaNovaSeq	PowerSoilPro	37412277.0	0	74	0	9	0.0
SAMEA7045640	0	AsnicarF_2021	63.0	female	IlluminaNovaSeq	PowerSoilPro	24420978.0	0	81	0	11	0.0
SAMEA7045641	0	AsnicarF_2021	45.0	female	IlluminaNovaSeq	PowerSoilPro	5992767.0	0	90	0	7	0.0
SAMEA7045642	0	AsnicarF_2021	33.0	male	IlluminaNovaSeq	PowerSoilPro	40527757.0	1	69	1	8	0.0
SAMEA7045643	0	AsnicarF_2021	57.0	female	IlluminaNovaSeq	PowerSoilPro	59553727.0	1	115	1	10	0.0
SAMEA7045644	0	AsnicarF_2021	50.0	male	IlluminaNovaSeq	PowerSoilPro	25873358.0	1	83	1	9	0.0
SAMEA7045645	0	AsnicarF_2021	41.0	female	IlluminaNovaSeq	PowerSoilPro	17577130.0	1	100	1	14	0.0
SAMEA7045646	0	AsnicarF_2021	48.0	female	IlluminaNovaSeq	PowerSoilPro	25255237.0	1	103	1	11	0.0
SAMEA7045647	0	AsnicarF_2021	43.0	female	IlluminaNovaSeq	PowerSoilPro	29388395.0	0	143	0	16	0.0
SAMEA7045648	0	AsnicarF_2021	54.0	female	IlluminaNovaSeq	PowerSoilPro	29952017.0	1	8	1	3	0.0
SAMEA7045649	0	AsnicarF_2021	30.0	male	IlluminaNovaSeq	PowerSoilPro	25020171.0	1	61	1	6	0.0
SAMEA7045650	0	AsnicarF_2021	30.0	female	IlluminaNovaSeq	PowerSoilPro	26221067.0	0	58	0	6	0.0
SAMEA7045651	0	AsnicarF_2021	32.0	female	IlluminaNovaSeq	PowerSoilPro	28856660.0	1	55	1	8	0.0
SAMEA7045652	0	AsnicarF_2021	50.0	female	IlluminaNovaSeq	PowerSoilPro	47862595.0	0	156	0	15	0.0
SAMEA7045653	0	AsnicarF_2021	38.0	female	IlluminaNovaSeq	PowerSoilPro	25154327.0	0	45	0	6	0.0
SAMEA7045654	0	AsnicarF_2021	64.0	female	IlluminaNovaSeq	PowerSoilPro	26323533.0	0	108	0	11	0.0
SAMEA7045655	0	AsnicarF_2021	41.0	female	IlluminaNovaSeq	PowerSoilPro	29968431.0	0	61	0	7	0.0
SAMEA7045656	0	AsnicarF_2021	64.0	female	IlluminaNovaSeq	PowerSoilPro	27552590.0	1	120	1	12	0.0
SAMEA7045657	0	AsnicarF_2021	65.0	female	IlluminaNovaSeq	PowerSoilPro	24300505.0	1	59	1	6	0.0
SAMEA7045658	0	AsnicarF_2021	60.0	female	IlluminaNovaSeq	PowerSoilPro	35471985.0	0	96	0	6	0.0
SAMEA7045659	0	AsnicarF_2021	61.0	female	IlluminaNovaSeq	PowerSoilPro	24319434.0	0	120	0	10	0.0
SAMEA7045660	0	AsnicarF_2021	28.0	male	IlluminaNovaSeq	PowerSoilPro	23705913.0	1	134	1	15	0.0
SAMEA7045661	0	AsnicarF_2021	43.0	female	IlluminaNovaSeq	PowerSoilPro	25984674.0	0	145	0	15	0.0
SAMEA7045662	0	AsnicarF_2021	47.0	female	IlluminaNovaSeq	PowerSoilPro	25621151.0	1	74	1	9	0.0
SAMEA7045663	0	AsnicarF_2021	51.0	male	IlluminaNovaSeq	PowerSoilPro	30784079.0	1	190	1	19	0.0
SAMEA7045664	0	AsnicarF_2021	50.0	female	IlluminaNovaSeq	PowerSoilPro	26613174.0	1	106	1	15	0.0
SAMEA7045665	0	AsnicarF_2021	60.0	female	IlluminaNovaSeq	PowerSoilPro	25753996.0	1	80	1	8	0.0
SAMEA7045666	0	AsnicarF_2021	28.0	male	IlluminaNovaSeq	PowerSoilPro	25368501.0	0	99	0	8	0.0
SAMEA7045667	0	AsnicarF_2021	49.0	female	IlluminaNovaSeq	PowerSoilPro	31871146.0	0	45	0	4	0.0
SAMEA7045668	0	AsnicarF_2021	48.0	female	IlluminaNovaSeq	PowerSoilPro	30351457.0	0	49	0	7	0.0
SAMEA7045669	0	AsnicarF_2021	63.0	female	IlluminaNovaSeq	PowerSoilPro	23436515.0	0	95	0	12	0.0
SAMEA7045670	0	AsnicarF_2021	53.0	female	IlluminaNovaSeq	PowerSoilPro	24242951.0	1	75	1	6	0.0
SAMEA7045671	0	AsnicarF_2021	48.0	female	IlluminaNovaSeq	PowerSoilPro	28927233.0	0	133	0	14	0.0
SAMEA7045672	0	AsnicarF_2021	29.0	female	IlluminaNovaSeq	PowerSoilPro	24675734.0	1	63	1	6	0.0
SAMEA7045673	0	AsnicarF_2021	52.0	male	IlluminaNovaSeq	PowerSoilPro	24479147.0	0	122	0	19	0.0
SAMEA7045674	0	AsnicarF_2021	60.0	female	IlluminaNovaSeq	PowerSoilPro	27426456.0	1	59	1	5	0.0
SAMEA7045675	0	AsnicarF_2021	42.0	female	IlluminaNovaSeq	PowerSoilPro	32759331.0	1	85	1	9	0.0
SAMEA7045676	0	AsnicarF_2021	46.0	female	IlluminaNovaSeq	PowerSoilPro	26821680.0	1	129	1	12	0.0
SAMEA7045677	0	AsnicarF_2021	29.0	male	IlluminaNovaSeq	PowerSoilPro	44200708.0	1	81	1	8	0.0
SAMEA7045678	0	AsnicarF_2021	25.0	female	IlluminaNovaSeq	PowerSoilPro	25317180.0	1	97	1	10	0.0
SAMEA7045679	0	AsnicarF_2021	60.0	female	IlluminaNovaSeq	PowerSoilPro	27570476.0	0	89	0	8	0.0
SAMEA7045680	0	AsnicarF_2021	27.0	female	IlluminaNovaSeq	PowerSoilPro	27689876.0	0	26	0	4	0.0
SAMEA7045681	0	AsnicarF_2021	53.0	female	IlluminaNovaSeq	PowerSoilPro	26870337.0	1	119	1	13	0.0
SAMEA7045682	0	AsnicarF_2021	63.0	female	IlluminaNovaSeq	PowerSoilPro	34887709.0	1	131	1	12	0.0
SAMEA7045683	0	AsnicarF_2021	48.0	female	IlluminaNovaSeq	PowerSoilPro	26525305.0	0	108	0	9	0.0
SAMEA7045684	0	AsnicarF_2021	55.0	female	IlluminaNovaSeq	PowerSoilPro	26790302.0	0	71	0	7	0.0
SAMEA7045685	0	AsnicarF_2021	42.0	male	IlluminaNovaSeq	PowerSoilPro	23593889.0	1	89	1	8	0.0
SAMEA7045686	0	AsnicarF_2021	32.0	female	IlluminaNovaSeq	PowerSoilPro	28881355.0	1	123	1	13	0.0
SAMEA7045687	0	AsnicarF_2021	43.0	female	IlluminaNovaSeq	PowerSoilPro	26305110.0	0	115	0	13	0.0
SAMEA7045688	0	AsnicarF_2021	42.0	female	IlluminaNovaSeq	PowerSoilPro	26324983.0	1	52	1	3	0.0
SAMEA7045689	0	AsnicarF_2021	44.0	female	IlluminaNovaSeq	PowerSoilPro	36043958.0	1	128	1	11	0.0
SAMEA7045690	0	AsnicarF_2021	60.0	female	IlluminaNovaSeq	PowerSoilPro	23836589.0	1	152	1	17	0.0
SAMEA7045691	0	AsnicarF_2021	52.0	male	IlluminaNovaSeq	PowerSoilPro	6759924.0	1	45	1	2	0.0
SAMEA7045692	0	AsnicarF_2021	42.0	female	IlluminaNovaSeq	PowerSoilPro	28368875.0	1	127	1	11	0.0
SAMEA7045693	0	AsnicarF_2021	43.0	female	IlluminaNovaSeq	PowerSoilPro	33124094.0	0	156	0	14	0.0
SAMEA7045694	0	AsnicarF_2021	52.0	male	IlluminaNovaSeq	PowerSoilPro	30172814.0	1	115	1	12	0.0
SAMEA7045695	0	AsnicarF_2021	65.0	male	IlluminaNovaSeq	PowerSoilPro	23837648.0	0	94	0	9	0.0
SAMEA7045696	0	AsnicarF_2021	30.0	female	IlluminaNovaSeq	PowerSoilPro	69225728.0	1	123	1	13	0.0
SAMEA7045697	0	AsnicarF_2021	37.0	female	IlluminaNovaSeq	PowerSoilPro	26816844.0	1	85	1	10	0.0
SAMEA7045698	0	AsnicarF_2021	64.0	female	IlluminaNovaSeq	PowerSoilPro	24668289.0	0	133	0	14	0.0
SAMEA7045699	0	AsnicarF_2021	21.0	female	IlluminaNovaSeq	PowerSoilPro	28978430.0	0	86	0	8	0.0
SAMEA7045700	0	AsnicarF_2021	56.0	male	IlluminaNovaSeq	PowerSoilPro	29997991.0	1	3	1	0	0.0
SAMEA7045701	0	AsnicarF_2021	64.0	female	IlluminaNovaSeq	PowerSoilPro	24256386.0	1	132	1	15	0.0
SAMEA7045702	0	AsnicarF_2021	53.0	male	IlluminaNovaSeq	PowerSoilPro	26587010.0	1	94	1	11	0.0
SAMEA7045703	0	AsnicarF_2021	57.0	male	IlluminaNovaSeq	PowerSoilPro	27240550.0	0	121	0	16	0.0
SAMEA7045704	0	AsnicarF_2021	37.0	female	IlluminaNovaSeq	PowerSoilPro	32310438.0	0	198	0	20	0.0
SAMEA7045705	0	AsnicarF_2021	47.0	female	IlluminaNovaSeq	PowerSoilPro	33584619.0	1	164	1	16	0.0
SAMEA7045706	0	AsnicarF_2021	25.0	female	IlluminaNovaSeq	PowerSoilPro	36810324.0	1	153	1	20	0.0
SAMEA7045707	0	AsnicarF_2021	44.0	female	IlluminaNovaSeq	PowerSoilPro	48628609.0	0	74	0	7	0.0
SAMEA7045708	0	AsnicarF_2021	53.0	female	IlluminaNovaSeq	PowerSoilPro	44737270.0	1	62	1	7	0.0
SAMEA7045709	0	AsnicarF_2021	27.0	male	IlluminaNovaSeq	PowerSoilPro	27051137.0	1	65	1	6	0.0
SAMEA7045710	0	AsnicarF_2021	48.0	male	IlluminaNovaSeq	PowerSoilPro	33380211.0	0	21	0	2	0.0
SAMEA7045711	0	AsnicarF_2021	45.0	female	IlluminaNovaSeq	PowerSoilPro	25522271.0	1	149	1	15	0.0
SAMEA7045712	0	AsnicarF_2021	32.0	male	IlluminaNovaSeq	PowerSoilPro	27294730.0	0	23	0	4	0.0
SAMEA7045713	0	AsnicarF_2021	50.0	female	IlluminaNovaSeq	PowerSoilPro	24485689.0	0	107	0	12	0.0
SAMEA7045714	0	AsnicarF_2021	37.0	female	IlluminaNovaSeq	PowerSoilPro	32455836.0	1	122	1	11	0.0
SAMEA7045715	0	AsnicarF_2021	26.0	female	IlluminaNovaSeq	PowerSoilPro	27007275.0	1	84	1	8	0.0
SAMEA7045716	0	AsnicarF_2021	32.0	male	IlluminaNovaSeq	PowerSoilPro	26222239.0	1	99	1	5	0.0
SAMEA7045717	0	AsnicarF_2021	54.0	female	IlluminaNovaSeq	PowerSoilPro	35291682.0	1	56	1	5	0.0
SAMEA7045718	0	AsnicarF_2021	36.0	female	IlluminaNovaSeq	PowerSoilPro	30428573.0	0	110	0	14	0.0
SAMEA7045719	0	AsnicarF_2021	45.0	female	IlluminaNovaSeq	PowerSoilPro	29654755.0	1	140	1	13	0.0
SAMEA7045720	0	AsnicarF_2021	56.0	female	IlluminaNovaSeq	PowerSoilPro	23502036.0	1	129	1	11	0.0
SAMEA7045721	0	AsnicarF_2021	38.0	female	IlluminaNovaSeq	PowerSoilPro	26245531.0	0	98	0	10	0.0
SAMEA7045722	0	AsnicarF_2021	42.0	female	IlluminaNovaSeq	PowerSoilPro	52810113.0	1	53	1	7	0.0
SAMEA7045723	0	AsnicarF_2021	41.0	female	IlluminaNovaSeq	PowerSoilPro	45109058.0	1	108	1	12	0.0
SAMEA7045724	0	AsnicarF_2021	45.0	female	IlluminaNovaSeq	PowerSoilPro	25619850.0	1	113	1	11	0.0
SAMEA7045725	0	AsnicarF_2021	63.0	female	IlluminaNovaSeq	PowerSoilPro	26808020.0	1	105	1	10	0.0
SAMEA7045726	0	AsnicarF_2021	56.0	female	IlluminaNovaSeq	PowerSoilPro	25368346.0	1	136	1	16	0.0
SAMEA7045727	0	AsnicarF_2021	40.0	male	IlluminaNovaSeq	PowerSoilPro	25973449.0	0	96	0	12	0.0
SAMEA7045728	0	AsnicarF_2021	36.0	female	IlluminaNovaSeq	PowerSoilPro	25085813.0	0	105	0	7	0.0
SAMEA7045729	0	AsnicarF_2021	50.0	male	IlluminaNovaSeq	PowerSoilPro	30232394.0	1	76	1	9	0.0
SAMEA7045730	0	AsnicarF_2021	57.0	female	IlluminaNovaSeq	PowerSoilPro	25938308.0	1	182	1	17	0.0
SAMEA7045731	0	AsnicarF_2021	53.0	female	IlluminaNovaSeq	PowerSoilPro	28813991.0	0	195	0	18	0.0
SAMEA7045732	0	AsnicarF_2021	54.0	male	IlluminaNovaSeq	PowerSoilPro	26037003.0	1	89	1	8	0.0
SAMEA7045733	0	AsnicarF_2021	29.0	male	IlluminaNovaSeq	PowerSoilPro	34527848.0	0	128	0	12	0.0
SAMEA7045734	0	AsnicarF_2021	43.0	female	IlluminaNovaSeq	PowerSoilPro	31406950.0	1	68	1	7	0.0
SAMEA7045735	0	AsnicarF_2021	45.0	male	IlluminaNovaSeq	PowerSoilPro	26107937.0	1	125	1	14	0.0
SAMEA7045736	0	AsnicarF_2021	47.0	male	IlluminaNovaSeq	PowerSoilPro	28079608.0	1	88	1	10	0.0
SAMEA7045737	0	AsnicarF_2021	59.0	female	IlluminaNovaSeq	PowerSoilPro	25540702.0	1	149	1	14	0.0
SAMEA7045738	0	AsnicarF_2021	48.0	female	IlluminaNovaSeq	PowerSoilPro	24792995.0	1	74	1	10	0.0
SAMEA7045739	0	AsnicarF_2021	53.0	female	IlluminaNovaSeq	PowerSoilPro	26288493.0	0	131	0	15	0.0
SAMEA7045740	0	AsnicarF_2021	30.0	female	IlluminaNovaSeq	PowerSoilPro	30447511.0	0	123	0	14	0.0
SAMEA7045741	0	AsnicarF_2021	41.0	female	IlluminaNovaSeq	PowerSoilPro	30686636.0	1	136	1	14	0.0
SAMEA7045742	0	AsnicarF_2021	56.0	female	IlluminaNovaSeq	PowerSoilPro	26094095.0	1	144	1	21	0.0
SAMEA7045743	0	AsnicarF_2021	52.0	female	IlluminaNovaSeq	PowerSoilPro	24457513.0	1	77	1	10	0.0
SAMEA7045744	0	AsnicarF_2021	33.0	male	IlluminaNovaSeq	PowerSoilPro	25215906.0	0	144	0	18	0.0
SAMEA7045745	0	AsnicarF_2021	33.0	female	IlluminaNovaSeq	PowerSoilPro	43204280.0	0	107	0	11	0.0
SAMEA7045746	0	AsnicarF_2021	64.0	female	IlluminaNovaSeq	PowerSoilPro	26769596.0	1	58	1	7	0.0
SAMEA7045747	0	AsnicarF_2021	63.0	female	IlluminaNovaSeq	PowerSoilPro	25707554.0	1	85	1	10	0.0
SAMEA7045748	0	AsnicarF_2021	61.0	male	IlluminaNovaSeq	PowerSoilPro	27476596.0	0	67	0	4	0.0
SAMEA7045749	0	AsnicarF_2021	36.0	female	IlluminaNovaSeq	PowerSoilPro	24510314.0	1	144	1	16	0.0
SAMEA7045750	0	AsnicarF_2021	36.0	male	IlluminaNovaSeq	PowerSoilPro	24783224.0	0	160	0	19	0.0
SAMEA7045751	0	AsnicarF_2021	51.0	male	IlluminaNovaSeq	PowerSoilPro	34249237.0	1	141	1	19	0.0
SAMEA7045752	0	AsnicarF_2021	35.0	male	IlluminaNovaSeq	PowerSoilPro	27717077.0	0	111	0	14	0.0
SAMEA7045753	0	AsnicarF_2021	38.0	female	IlluminaNovaSeq	PowerSoilPro	25277644.0	1	118	1	11	0.0
SAMEA7045754	0	AsnicarF_2021	21.0	female	IlluminaNovaSeq	PowerSoilPro	40896391.0	1	29	1	2	0.0
SAMEA7045755	0	AsnicarF_2021	52.0	female	IlluminaNovaSeq	PowerSoilPro	32815381.0	0	136	0	11	0.0
SAMEA7045756	0	AsnicarF_2021	45.0	female	IlluminaNovaSeq	PowerSoilPro	43727454.0	0	52	0	8	0.0
SAMEA7045757	0	AsnicarF_2021	40.0	female	IlluminaNovaSeq	PowerSoilPro	36748587.0	1	42	1	2	0.0
SAMEA7045758	0	AsnicarF_2021	55.0	female	IlluminaNovaSeq	PowerSoilPro	28848737.0	1	146	1	16	0.0
SAMEA7045759	0	AsnicarF_2021	52.0	male	IlluminaNovaSeq	PowerSoilPro	27418455.0	1	56	1	5	0.0
SAMEA7045760	0	AsnicarF_2021	40.0	male	IlluminaNovaSeq	PowerSoilPro	27137575.0	0	101	0	8	0.0
SAMEA7045761	0	AsnicarF_2021	63.0	male	IlluminaNovaSeq	PowerSoilPro	28481653.0	1	44	1	3	0.0
SAMEA7045762	0	AsnicarF_2021	26.0	female	IlluminaNovaSeq	PowerSoilPro	26949250.0	0	66	0	9	0.0
SAMEA7045763	0	AsnicarF_2021	46.0	female	IlluminaNovaSeq	PowerSoilPro	30689618.0	0	151	0	15	0.0
SAMEA7045764	0	AsnicarF_2021	56.0	male	IlluminaNovaSeq	PowerSoilPro	29534763.0	0	164	0	16	0.0
SAMEA7045765	0	AsnicarF_2021	35.0	female	IlluminaNovaSeq	PowerSoilPro	27548469.0	1	67	1	4	0.0
SAMEA7045766	0	AsnicarF_2021	57.0	female	IlluminaNovaSeq	PowerSoilPro	25947938.0	1	125	1	13	0.0
SAMEA7045767	0	AsnicarF_2021	64.0	female	IlluminaNovaSeq	PowerSoilPro	28792423.0	1	157	1	15	0.0
SAMEA7045768	0	AsnicarF_2021	54.0	male	IlluminaNovaSeq	PowerSoilPro	25930805.0	0	69	0	5	0.0
SAMEA7045769	0	AsnicarF_2021	48.0	male	IlluminaNovaSeq	PowerSoilPro	27263255.0	0	104	0	10	0.0
SAMEA7045770	0	AsnicarF_2021	48.0	female	IlluminaNovaSeq	PowerSoilPro	36473692.0	1	167	1	17	0.0
SAMEA7045771	0	AsnicarF_2021	39.0	female	IlluminaNovaSeq	PowerSoilPro	27494280.0	0	96	0	8	0.0
SAMEA7045772	0	AsnicarF_2021	45.0	female	IlluminaNovaSeq	PowerSoilPro	33644490.0	0	87	0	10	0.0
SAMEA7045773	0	AsnicarF_2021	27.0	female	IlluminaNovaSeq	PowerSoilPro	29971502.0	0	66	0	6	0.0
SAMEA7045774	0	AsnicarF_2021	27.0	female	IlluminaNovaSeq	PowerSoilPro	37229445.0	1	83	1	8	0.0
SAMEA7045775	0	AsnicarF_2021	56.0	female	IlluminaNovaSeq	PowerSoilPro	23885120.0	1	109	1	10	0.0
SAMEA7045776	0	AsnicarF_2021	40.0	female	IlluminaNovaSeq	PowerSoilPro	34273814.0	1	92	1	10	0.0
SAMEA7045777	0	AsnicarF_2021	24.0	female	IlluminaNovaSeq	PowerSoilPro	28844366.0	1	67	1	8	0.0
SAMEA7045778	0	AsnicarF_2021	43.0	female	IlluminaNovaSeq	PowerSoilPro	31384447.0	1	142	1	15	0.0
SAMEA7045779	0	AsnicarF_2021	41.0	female	IlluminaNovaSeq	PowerSoilPro	38865320.0	0	106	0	8	0.0
SAMEA7045780	0	AsnicarF_2021	19.0	female	IlluminaNovaSeq	PowerSoilPro	23320099.0	0	86	0	5	0.0
SAMEA7045781	0	AsnicarF_2021	53.0	female	IlluminaNovaSeq	PowerSoilPro	29563983.0	1	74	1	7	0.0
SAMEA7045782	0	AsnicarF_2021	45.0	female	IlluminaNovaSeq	PowerSoilPro	28252646.0	1	128	1	11	0.0
SAMEA7045783	0	AsnicarF_2021	56.0	female	IlluminaNovaSeq	PowerSoilPro	28373349.0	0	132	0	13	0.0
SAMEA7045784	0	AsnicarF_2021	40.0	male	IlluminaNovaSeq	PowerSoilPro	29924588.0	0	183	0	14	0.0
SAMEA7045785	0	AsnicarF_2021	42.0	female	IlluminaNovaSeq	PowerSoilPro	31924326.0	1	75	1	8	0.0
SAMEA7045786	0	AsnicarF_2021	24.0	female	IlluminaNovaSeq	PowerSoilPro	23764679.0	1	91	1	13	0.0
SAMEA7045787	0	AsnicarF_2021	63.0	female	IlluminaNovaSeq	PowerSoilPro	25647959.0	1	89	1	9	0.0
SAMEA7045788	0	AsnicarF_2021	19.0	female	IlluminaNovaSeq	PowerSoilPro	46107793.0	1	97	1	12	0.0
SAMEA7045789	0	AsnicarF_2021	49.0	female	IlluminaNovaSeq	PowerSoilPro	41221755.0	0	136	0	18	0.0
SAMEA7045790	0	AsnicarF_2021	56.0	female	IlluminaNovaSeq	PowerSoilPro	31827552.0	1	110	1	10	0.0
SAMEA7045791	0	AsnicarF_2021	20.0	female	IlluminaNovaSeq	PowerSoilPro	54072906.0	1	98	1	9	0.0
SAMEA7045792	0	AsnicarF_2021	42.0	female	IlluminaNovaSeq	PowerSoilPro	26563365.0	1	54	1	9	0.0
SAMEA7045793	0	AsnicarF_2021	59.0	female	IlluminaNovaSeq	PowerSoilPro	38710452.0	0	103	0	12	0.0
SAMEA7045794	0	AsnicarF_2021	43.0	female	IlluminaNovaSeq	PowerSoilPro	26798655.0	0	90	0	14	0.0
SAMEA7045795	0	AsnicarF_2021	34.0	female	IlluminaNovaSeq	PowerSoilPro	30387726.0	0	144	0	15	0.0
SAMEA7045796	0	AsnicarF_2021	45.0	male	IlluminaNovaSeq	PowerSoilPro	25157656.0	0	165	0	14	0.0
SAMEA7045797	0	AsnicarF_2021	41.0	female	IlluminaNovaSeq	PowerSoilPro	23346882.0	0	101	0	12	0.0
SAMEA7045798	0	AsnicarF_2021	58.0	female	IlluminaNovaSeq	PowerSoilPro	24031694.0	1	99	1	10	0.0
SAMEA7045799	0	AsnicarF_2021	31.0	male	IlluminaNovaSeq	PowerSoilPro	25795827.0	0	129	0	17	0.0
SAMEA7045800	0	AsnicarF_2021	22.0	male	IlluminaNovaSeq	PowerSoilPro	28138860.0	1	101	1	8	0.0
SAMEA7045801	0	AsnicarF_2021	35.0	male	IlluminaNovaSeq	PowerSoilPro	28327626.0	1	165	1	15	0.0
SAMEA7045802	0	AsnicarF_2021	47.0	female	IlluminaNovaSeq	PowerSoilPro	28156635.0	0	83	0	9	0.0
SAMEA7045803	0	AsnicarF_2021	30.0	female	IlluminaNovaSeq	PowerSoilPro	19817609.0	0	76	0	9	0.0
SAMEA7045804	0	AsnicarF_2021	37.0	female	IlluminaNovaSeq	PowerSoilPro	24333207.0	1	114	1	11	0.0
SAMEA7045805	0	AsnicarF_2021	62.0	female	IlluminaNovaSeq	PowerSoilPro	31470065.0	1	76	1	9	0.0
SAMEA7045806	0	AsnicarF_2021	55.0	male	IlluminaNovaSeq	PowerSoilPro	24153349.0	0	37	0	7	0.0
SAMEA7045807	0	AsnicarF_2021	64.0	female	IlluminaNovaSeq	PowerSoilPro	25604557.0	1	101	1	14	0.0
SAMEA7045808	0	AsnicarF_2021	41.0	male	IlluminaNovaSeq	PowerSoilPro	31327759.0	1	66	1	7	0.0
SAMEA7045809	0	AsnicarF_2021	60.0	female	IlluminaNovaSeq	PowerSoilPro	28348777.0	0	102	0	11	0.0
SAMEA7045810	0	AsnicarF_2021	60.0	female	IlluminaNovaSeq	PowerSoilPro	24936500.0	1	138	1	14	0.0
SAMEA7045811	0	AsnicarF_2021	41.0	female	IlluminaNovaSeq	PowerSoilPro	33481851.0	0	76	0	8	0.0
SAMEA7045812	0	AsnicarF_2021	57.0	female	IlluminaNovaSeq	PowerSoilPro	25018101.0	1	56	1	8	0.0
SAMEA7045813	0	AsnicarF_2021	28.0	male	IlluminaNovaSeq	PowerSoilPro	48178223.0	0	164	0	19	0.0
SAMEA7045814	0	AsnicarF_2021	35.0	female	IlluminaNovaSeq	PowerSoilPro	30155692.0	1	82	1	8	0.0
SAMEA7045815	0	AsnicarF_2021	40.0	female	IlluminaNovaSeq	PowerSoilPro	28264092.0	1	74	1	10	0.0
SAMEA7045816	0	AsnicarF_2021	43.0	male	IlluminaNovaSeq	PowerSoilPro	39080286.0	1	67	1	6	0.0
SAMEA7045817	0	AsnicarF_2021	54.0	female	IlluminaNovaSeq	PowerSoilPro	59195239.0	1	130	1	20	0.0
SAMEA7045818	0	AsnicarF_2021	57.0	male	IlluminaNovaSeq	PowerSoilPro	47919807.0	1	148	1	15	0.0
SAMEA7045819	0	AsnicarF_2021	26.0	male	IlluminaNovaSeq	PowerSoilPro	26832969.0	0	41	0	4	0.0
SAMEA7045820	0	AsnicarF_2021	55.0	female	IlluminaNovaSeq	PowerSoilPro	24942417.0	0	69	0	7	0.0
SAMEA7045821	0	AsnicarF_2021	25.0	female	IlluminaNovaSeq	PowerSoilPro	27144484.0	1	117	1	11	0.0
SAMEA7045822	0	AsnicarF_2021	41.0	female	IlluminaNovaSeq	PowerSoilPro	27012366.0	1	65	1	6	0.0
SAMEA7045823	0	AsnicarF_2021	59.0	male	IlluminaNovaSeq	PowerSoilPro	26149193.0	0	45	0	3	0.0
SAMEA7045824	0	AsnicarF_2021	50.0	female	IlluminaNovaSeq	PowerSoilPro	26657670.0	1	141	1	14	0.0
SAMEA7045825	0	AsnicarF_2021	62.0	female	IlluminaNovaSeq	PowerSoilPro	23307200.0	0	121	0	14	0.0
SAMEA7045826	0	AsnicarF_2021	53.0	female	IlluminaNovaSeq	PowerSoilPro	24382341.0	1	108	1	15	0.0
SAMEA7045827	0	AsnicarF_2021	31.0	male	IlluminaNovaSeq	PowerSoilPro	26795775.0	0	82	0	9	0.0
SAMEA7045828	0	AsnicarF_2021	38.0	female	IlluminaNovaSeq	PowerSoilPro	24333279.0	0	44	0	3	0.0
SAMEA7045829	0	AsnicarF_2021	37.0	female	IlluminaNovaSeq	PowerSoilPro	31341922.0	1	37	1	3	0.0
SAMEA7045830	0	AsnicarF_2021	50.0	female	IlluminaNovaSeq	PowerSoilPro	24791807.0	1	161	1	15	0.0
SAMEA7045831	0	AsnicarF_2021	57.0	female	IlluminaNovaSeq	PowerSoilPro	26648424.0	0	114	0	11	0.0
SAMEA7045832	0	AsnicarF_2021	52.0	female	IlluminaNovaSeq	PowerSoilPro	25042588.0	1	72	1	9	0.0
SAMEA7045833	0	AsnicarF_2021	41.0	female	IlluminaNovaSeq	PowerSoilPro	24362128.0	0	140	0	17	0.0
SAMEA7045834	0	AsnicarF_2021	43.0	female	IlluminaNovaSeq	PowerSoilPro	32976097.0	1	67	1	7	0.0
SAMEA7045835	0	AsnicarF_2021	25.0	female	IlluminaNovaSeq	PowerSoilPro	32075908.0	0	66	0	6	0.0
SAMEA7045836	0	AsnicarF_2021	20.0	male	IlluminaNovaSeq	PowerSoilPro	93097010.0	1	86	1	10	0.0
SAMEA7045837	0	AsnicarF_2021	54.0	female	IlluminaNovaSeq	PowerSoilPro	43802624.0	1	138	1	15	0.0
SAMEA7045838	0	AsnicarF_2021	46.0	female	IlluminaNovaSeq	PowerSoilPro	23486056.0	0	90	0	7	0.0
SAMEA7045839	0	AsnicarF_2021	43.0	male	IlluminaNovaSeq	PowerSoilPro	26566332.0	1	139	1	12	0.0
SAMEA7045840	0	AsnicarF_2021	40.0	female	IlluminaNovaSeq	PowerSoilPro	25019046.0	0	132	0	14	0.0
SAMEA7045841	0	AsnicarF_2021	48.0	female	IlluminaNovaSeq	PowerSoilPro	41679146.0	0	124	0	14	0.0
SAMEA7045842	0	AsnicarF_2021	25.0	male	IlluminaNovaSeq	PowerSoilPro	24450566.0	1	56	1	5	0.0
SAMEA7045843	0	AsnicarF_2021	58.0	female	IlluminaNovaSeq	PowerSoilPro	49546268.0	0	164	0	18	0.0
SAMEA7045844	0	AsnicarF_2021	22.0	male	IlluminaNovaSeq	PowerSoilPro	31821878.0	0	91	0	11	0.0
SAMEA7045845	0	AsnicarF_2021	57.0	female	IlluminaNovaSeq	PowerSoilPro	26726396.0	1	187	1	14	0.0
SAMEA7045846	0	AsnicarF_2021	54.0	female	IlluminaNovaSeq	PowerSoilPro	24309596.0	1	72	1	7	0.0
SAMEA7045847	0	AsnicarF_2021	39.0	female	IlluminaNovaSeq	PowerSoilPro	24896724.0	0	72	0	4	0.0
SAMEA7045848	0	AsnicarF_2021	30.0	male	IlluminaNovaSeq	PowerSoilPro	27179396.0	1	80	1	7	0.0
SAMEA7045849	0	AsnicarF_2021	59.0	female	IlluminaNovaSeq	PowerSoilPro	34632093.0	1	175	1	17	0.0
SAMEA7045850	0	AsnicarF_2021	51.0	female	IlluminaNovaSeq	PowerSoilPro	27971682.0	0	151	0	16	0.0
SAMEA7045851	0	AsnicarF_2021	40.0	female	IlluminaNovaSeq	PowerSoilPro	23783498.0	0	85	0	11	0.0
SAMEA7045852	0	AsnicarF_2021	38.0	female	IlluminaNovaSeq	PowerSoilPro	27238163.0	1	146	1	18	0.0
SAMEA7045853	0	AsnicarF_2021	28.0	female	IlluminaNovaSeq	PowerSoilPro	25835726.0	1	111	1	9	0.0
SAMEA7045854	0	AsnicarF_2021	62.0	female	IlluminaNovaSeq	PowerSoilPro	23662306.0	0	53	0	8	0.0
SAMEA7045855	0	AsnicarF_2021	54.0	male	IlluminaNovaSeq	PowerSoilPro	32135739.0	0	113	0	11	0.0
SAMEA7045856	0	AsnicarF_2021	31.0	female	IlluminaNovaSeq	PowerSoilPro	39467512.0	1	84	1	7	0.0
SAMEA7045857	0	AsnicarF_2021	62.0	female	IlluminaNovaSeq	PowerSoilPro	23792646.0	1	78	1	11	0.0
SAMEA7045858	0	AsnicarF_2021	56.0	female	IlluminaNovaSeq	PowerSoilPro	25875380.0	1	91	1	7	0.0
SAMEA7045859	0	AsnicarF_2021	25.0	female	IlluminaNovaSeq	PowerSoilPro	29838018.0	1	140	1	14	0.0
SAMEA7045860	0	AsnicarF_2021	53.0	female	IlluminaNovaSeq	PowerSoilPro	25629903.0	1	200	1	22	0.0
SAMEA7045861	0	AsnicarF_2021	59.0	female	IlluminaNovaSeq	PowerSoilPro	28112107.0	1	116	1	17	0.0
SAMEA7045862	0	AsnicarF_2021	40.0	male	IlluminaNovaSeq	PowerSoilPro	31937026.0	1	124	1	17	0.0
SAMEA7045863	0	AsnicarF_2021	32.0	female	IlluminaNovaSeq	PowerSoilPro	39992336.0	1	47	1	5	0.0
SAMEA7045864	0	AsnicarF_2021	49.0	male	IlluminaNovaSeq	PowerSoilPro	26254409.0	1	91	1	9	0.0
SAMEA7045865	0	AsnicarF_2021	41.0	female	IlluminaNovaSeq	PowerSoilPro	24731903.0	1	120	1	15	0.0
SAMEA7045866	0	AsnicarF_2021	46.0	female	IlluminaNovaSeq	PowerSoilPro	28826967.0	0	37	0	5	0.0
SAMEA7045867	0	AsnicarF_2021	58.0	female	IlluminaNovaSeq	PowerSoilPro	29698749.0	1	82	1	9	0.0
SAMEA7045868	0	AsnicarF_2021	30.0	female	IlluminaNovaSeq	PowerSoilPro	30041681.0	0	48	0	6	0.0
SAMEA7045869	0	AsnicarF_2021	46.0	female	IlluminaNovaSeq	PowerSoilPro	38018568.0	0	87	0	9	0.0
SAMEA7045870	0	AsnicarF_2021	52.0	female	IlluminaNovaSeq	PowerSoilPro	30638389.0	1	118	1	11	0.0
SAMEA7045871	0	AsnicarF_2021	45.0	female	IlluminaNovaSeq	PowerSoilPro	25017407.0	1	118	1	11	0.0
SAMEA7045872	0	AsnicarF_2021	33.0	male	IlluminaNovaSeq	PowerSoilPro	28711932.0	1	178	1	18	0.0
SAMEA7045873	0	AsnicarF_2021	25.0	female	IlluminaNovaSeq	PowerSoilPro	29961777.0	0	49	0	7	0.0
SAMEA7045874	0	AsnicarF_2021	47.0	female	IlluminaNovaSeq	PowerSoilPro	32747494.0	0	87	0	7	0.0
SAMEA7045875	0	AsnicarF_2021	40.0	male	IlluminaNovaSeq	PowerSoilPro	26972958.0	0	102	0	12	0.0
SAMEA7045876	0	AsnicarF_2021	46.0	female	IlluminaNovaSeq	PowerSoilPro	39029520.0	1	100	1	12	0.0
SAMEA7045877	0	AsnicarF_2021	28.0	female	IlluminaNovaSeq	PowerSoilPro	31951313.0	1	66	1	9	0.0
SAMEA7045878	0	AsnicarF_2021	35.0	female	IlluminaNovaSeq	PowerSoilPro	35991541.0	1	85	1	7	0.0
SAMEA7045879	0	AsnicarF_2021	41.0	female	IlluminaNovaSeq	PowerSoilPro	27722426.0	0	162	0	17	0.0
SAMEA7045880	0	AsnicarF_2021	21.0	male	IlluminaNovaSeq	PowerSoilPro	37115680.0	1	102	1	7	0.0
SAMEA7045881	0	AsnicarF_2021	47.0	male	IlluminaNovaSeq	PowerSoilPro	31822564.0	0	74	0	6	0.0
SAMEA7045882	0	AsnicarF_2021	62.0	female	IlluminaNovaSeq	PowerSoilPro	24295701.0	1	148	1	22	0.0
SAMEA7045883	0	AsnicarF_2021	51.0	female	IlluminaNovaSeq	PowerSoilPro	35165436.0	0	57	0	4	0.0
SAMEA7045884	0	AsnicarF_2021	24.0	female	IlluminaNovaSeq	PowerSoilPro	23594927.0	1	64	1	9	0.0
SAMEA7045885	0	AsnicarF_2021	57.0	female	IlluminaNovaSeq	PowerSoilPro	42486054.0	1	134	1	18	0.0
SAMEA7045886	0	AsnicarF_2021	50.0	female	IlluminaNovaSeq	PowerSoilPro	25838507.0	0	100	0	13	0.0
SAMEA7045887	0	AsnicarF_2021	37.0	male	IlluminaNovaSeq	PowerSoilPro	25921060.0	0	92	0	9	0.0
SAMEA7045888	0	AsnicarF_2021	36.0	male	IlluminaNovaSeq	PowerSoilPro	25707538.0	1	35	1	5	0.0
SAMEA7045889	0	AsnicarF_2021	53.0	female	IlluminaNovaSeq	PowerSoilPro	23380166.0	1	126	1	13	0.0
SAMEA7045890	0	AsnicarF_2021	45.0	female	IlluminaNovaSeq	PowerSoilPro	41461138.0	0	131	0	15	0.0
SAMEA7045891	0	AsnicarF_2021	63.0	male	IlluminaNovaSeq	PowerSoilPro	25999050.0	1	89	1	11	0.0
SAMEA7045892	0	AsnicarF_2021	51.0	female	IlluminaNovaSeq	PowerSoilPro	30916748.0	1	110	1	9	0.0
SAMEA7045893	0	AsnicarF_2021	33.0	female	IlluminaNovaSeq	PowerSoilPro	23704124.0	1	26	1	3	0.0
SAMEA7045894	0	AsnicarF_2021	31.0	female	IlluminaNovaSeq	PowerSoilPro	30965929.0	0	66	0	6	0.0
SAMEA7045895	0	AsnicarF_2021	43.0	male	IlluminaNovaSeq	PowerSoilPro	38795898.0	0	79	0	7	0.0
SAMEA7045896	0	AsnicarF_2021	40.0	female	IlluminaNovaSeq	PowerSoilPro	28211980.0	1	137	1	17	0.0
SAMEA7045897	0	AsnicarF_2021	60.0	female	IlluminaNovaSeq	PowerSoilPro	29287285.0	1	77	1	6	0.0
SAMEA7045898	0	AsnicarF_2021	46.0	male	IlluminaNovaSeq	PowerSoilPro	27035223.0	1	183	1	22	0.0
SAMEA7045899	0	AsnicarF_2021	27.0	female	IlluminaNovaSeq	PowerSoilPro	27025516.0	1	93	1	11	0.0
SAMEA7045900	0	AsnicarF_2021	42.0	male	IlluminaNovaSeq	PowerSoilPro	33852067.0	1	68	1	7	0.0
SAMEA7045901	0	AsnicarF_2021	54.0	female	IlluminaNovaSeq	PowerSoilPro	23796009.0	0	110	0	10	0.0
SAMEA7045902	0	AsnicarF_2021	59.0	female	IlluminaNovaSeq	PowerSoilPro	20052674.0	1	171	1	16	0.0
SAMEA7045903	0	AsnicarF_2021	29.0	female	IlluminaNovaSeq	PowerSoilPro	33732214.0	1	99	1	9	0.0
SAMEA7045904	0	AsnicarF_2021	49.0	female	IlluminaNovaSeq	PowerSoilPro	35433881.0	1	105	1	8	0.0
SAMEA7045905	0	AsnicarF_2021	33.0	female	IlluminaNovaSeq	PowerSoilPro	26477473.0	0	98	0	9	0.0
SAMEA7045906	0	AsnicarF_2021	40.0	female	IlluminaNovaSeq	PowerSoilPro	23987147.0	0	108	0	13	0.0
SAMEA7045907	0	AsnicarF_2021	59.0	female	IlluminaNovaSeq	PowerSoilPro	33662232.0	1	63	1	6	0.0
SAMEA7045908	0	AsnicarF_2021	50.0	female	IlluminaNovaSeq	PowerSoilPro	25091639.0	1	67	1	5	0.0
SAMEA7045909	0	AsnicarF_2021	37.0	female	IlluminaNovaSeq	PowerSoilPro	33871954.0	1	71	1	6	0.0
SAMEA7045910	0	AsnicarF_2021	61.0	female	IlluminaNovaSeq	PowerSoilPro	27156288.0	0	151	0	14	0.0
SAMEA7045911	0	AsnicarF_2021	37.0	female	IlluminaNovaSeq	PowerSoilPro	23271435.0	0	110	0	11	0.0
SAMEA7045912	0	AsnicarF_2021	65.0	female	IlluminaNovaSeq	PowerSoilPro	32147124.0	1	123	1	11	0.0
SAMEA7045913	0	AsnicarF_2021	27.0	female	IlluminaNovaSeq	PowerSoilPro	24047874.0	0	108	0	10	0.0
SAMEA7045914	0	AsnicarF_2021	63.0	female	IlluminaNovaSeq	PowerSoilPro	31623420.0	0	105	0	11	0.0
SAMEA7045915	0	AsnicarF_2021	38.0	male	IlluminaNovaSeq	PowerSoilPro	25686916.0	0	173	0	17	0.0
SAMEA7045916	0	AsnicarF_2021	49.0	male	IlluminaNovaSeq	PowerSoilPro	29720750.0	0	116	0	10	0.0
SAMEA7045917	0	AsnicarF_2021	32.0	female	IlluminaNovaSeq	PowerSoilPro	35743738.0	1	95	1	10	0.0
SAMEA7045919	0	AsnicarF_2021	62.0	male	IlluminaNovaSeq	PowerSoilPro	26309078.0	1	80	1	5	0.0
SAMEA7045920	0	AsnicarF_2021	41.0	male	IlluminaNovaSeq	PowerSoilPro	24209831.0	1	212	1	22	0.0
SAMEA7045921	0	AsnicarF_2021	47.0	female	IlluminaNovaSeq	PowerSoilPro	26303300.0	0	99	0	11	0.0
SAMEA7045922	0	AsnicarF_2021	52.0	male	IlluminaNovaSeq	PowerSoilPro	24144694.0	0	90	0	10	0.0
SAMEA7045923	0	AsnicarF_2021	47.0	female	IlluminaNovaSeq	PowerSoilPro	25157176.0	1	134	1	14	0.0
SAMEA7045924	0	AsnicarF_2021	58.0	female	IlluminaNovaSeq	PowerSoilPro	24497849.0	0	88	0	9	0.0
SAMEA7045925	0	AsnicarF_2021	65.0	female	IlluminaNovaSeq	PowerSoilPro	30750238.0	0	164	0	22	0.0
SAMEA7045926	0	AsnicarF_2021	42.0	female	IlluminaNovaSeq	PowerSoilPro	24598042.0	1	171	1	18	0.0
SAMEA7045927	0	AsnicarF_2021	46.0	female	IlluminaNovaSeq	PowerSoilPro	35016309.0	1	60	1	6	0.0
SAMEA7045928	0	AsnicarF_2021	51.0	female	IlluminaNovaSeq	PowerSoilPro	33903566.0	0	99	0	8	0.0
SAMEA7045929	0	AsnicarF_2021	54.0	male	IlluminaNovaSeq	PowerSoilPro	25247059.0	0	184	0	19	0.0
SAMEA7045930	0	AsnicarF_2021	48.0	female	IlluminaNovaSeq	PowerSoilPro	29621631.0	1	126	1	14	0.0
SAMEA7045931	0	AsnicarF_2021	57.0	female	IlluminaNovaSeq	PowerSoilPro	26608643.0	1	72	1	8	0.0
SAMEA7045932	0	AsnicarF_2021	29.0	female	IlluminaNovaSeq	PowerSoilPro	26840476.0	1	29	1	3	0.0
SAMEA7045933	0	AsnicarF_2021	33.0	female	IlluminaNovaSeq	PowerSoilPro	43718049.0	0	78	0	9	0.0
SAMEA7045934	0	AsnicarF_2021	41.0	female	IlluminaNovaSeq	PowerSoilPro	25876805.0	0	119	0	9	0.0
SAMEA7045935	0	AsnicarF_2021	48.0	female	IlluminaNovaSeq	PowerSoilPro	25584366.0	1	74	1	11	0.0
SAMEA7045936	0	AsnicarF_2021	27.0	female	IlluminaNovaSeq	PowerSoilPro	41217381.0	1	145	1	18	0.0
SAMEA7045937	0	AsnicarF_2021	31.0	female	IlluminaNovaSeq	PowerSoilPro	28453246.0	1	174	1	14	0.0
SAMEA7045938	0	AsnicarF_2021	54.0	male	IlluminaNovaSeq	PowerSoilPro	25821689.0	1	160	1	14	0.0
SAMEA7045939	0	AsnicarF_2021	42.0	female	IlluminaNovaSeq	PowerSoilPro	25789818.0	0	156	0	16	0.0
SAMEA7045940	0	AsnicarF_2021	52.0	female	IlluminaNovaSeq	PowerSoilPro	46489798.0	0	19	0	1	0.0
SAMEA7045941	0	AsnicarF_2021	47.0	female	IlluminaNovaSeq	PowerSoilPro	25241955.0	1	110	1	8	0.0
SAMEA7045942	0	AsnicarF_2021	45.0	female	IlluminaNovaSeq	PowerSoilPro	25324617.0	1	103	1	11	0.0
SAMEA7045943	0	AsnicarF_2021	22.0	male	IlluminaNovaSeq	PowerSoilPro	26777318.0	0	21	0	2	0.0
SAMEA7045944	0	AsnicarF_2021	53.0	female	IlluminaNovaSeq	PowerSoilPro	30219137.0	0	109	0	8	0.0
SAMEA7045945	0	AsnicarF_2021	50.0	female	IlluminaNovaSeq	PowerSoilPro	27624223.0	0	90	0	9	0.0
SAMEA7045946	0	AsnicarF_2021	55.0	female	IlluminaNovaSeq	PowerSoilPro	20009627.0	0	97	0	12	0.0
SAMEA7045947	0	AsnicarF_2021	46.0	female	IlluminaNovaSeq	PowerSoilPro	40334249.0	0	111	0	12	0.0
SAMEA7045948	0	AsnicarF_2021	58.0	female	IlluminaNovaSeq	PowerSoilPro	24199799.0	1	85	1	8	0.0
SAMEA7045949	0	AsnicarF_2021	44.0	female	IlluminaNovaSeq	PowerSoilPro	40399757.0	0	119	0	13	0.0
SAMEA7045950	0	AsnicarF_2021	27.0	female	IlluminaNovaSeq	PowerSoilPro	28585243.0	1	93	1	11	0.0
SAMEA7045951	0	AsnicarF_2021	61.0	male	IlluminaNovaSeq	PowerSoilPro	26101148.0	0	78	0	8	0.0
SAMEA7045952	0	AsnicarF_2021	35.0	male	IlluminaNovaSeq	PowerSoilPro	30082881.0	0	67	0	8	0.0
SAMEA7045953	0	AsnicarF_2021	63.0	female	IlluminaNovaSeq	PowerSoilPro	25032653.0	1	47	1	4	0.0
EGAR00001420100_9002000001328080LL	0	LifeLinesDeep_2016	35.0	female	IlluminaHiSeq	Qiagen	31466017.0	1	114	1	14	0.0
EGAR00001420101_2009000001576810	0	LifeLinesDeep_2016	74.0	female	IlluminaHiSeq	Qiagen	28584375.0	0	128	0	14	0.0
EGAR00001420102_2009000001589950	0	LifeLinesDeep_2016	45.0	female	IlluminaHiSeq	Qiagen	30596492.0	0	92	0	12	0.0
EGAR00001420105_9002000001162644	0	LifeLinesDeep_2016	58.0	male	IlluminaHiSeq	Qiagen	24627097.0	1	102	1	10	0.0
EGAR00001420106_9002000001166269	0	LifeLinesDeep_2016	51.0	male	IlluminaHiSeq	Qiagen	28001034.0	1	73	1	7	0.0
EGAR00001420107_9002000001166652	0	LifeLinesDeep_2016	48.0	female	IlluminaHiSeq	Qiagen	28043466.0	0	122	0	11	0.0
EGAR00001420109_9002000001169770	0	LifeLinesDeep_2016	55.0	male	IlluminaHiSeq	Qiagen	33098704.0	0	94	1	12	0.0
EGAR00001420110_9002000001171133	0	LifeLinesDeep_2016	47.0	male	IlluminaHiSeq	Qiagen	41094990.0	1	128	1	15	0.0
EGAR00001420112_9002000001172112	0	LifeLinesDeep_2016	61.0	male	IlluminaHiSeq	Qiagen	34144210.0	0	124	0	15	0.0
EGAR00001420113_9002000001172687	0	LifeLinesDeep_2016	47.0	female	IlluminaHiSeq	Qiagen	43023209.0	1	36	1	3	0.0
EGAR00001420114_9002000001174215	0	LifeLinesDeep_2016	33.0	female	IlluminaHiSeq	Qiagen	55755878.0	1	159	1	20	0.0
EGAR00001420125_9002000001180016	0	LifeLinesDeep_2016	42.0	male	IlluminaHiSeq	Qiagen	43272405.0	1	115	1	14	0.0
EGAR00001420126_9002000001180295	0	LifeLinesDeep_2016	51.0	female	IlluminaHiSeq	Qiagen	24335869.0	1	53	3	6	0.0
EGAR00001420127_9002000001183161	0	LifeLinesDeep_2016	49.0	female	IlluminaHiSeq	Qiagen	24069022.0	1	77	1	12	0.0
EGAR00001420128_9002000001184329	0	LifeLinesDeep_2016	21.0	female	IlluminaHiSeq	Qiagen	54939181.0	1	27	1	4	0.0
EGAR00001420129_9002000001184570	0	LifeLinesDeep_2016	61.0	male	IlluminaHiSeq	Qiagen	21336943.0	1	110	1	12	0.0
EGAR00001420130_9002000001184801	0	LifeLinesDeep_2016	36.0	male	IlluminaHiSeq	Qiagen	22408296.0	0	149	0	16	0.0
EGAR00001420131_9002000001185890	0	LifeLinesDeep_2016	46.0	male	IlluminaHiSeq	Qiagen	31342953.0	0	96	0	12	0.0
EGAR00001420132_9002000001186403	0	LifeLinesDeep_2016	21.0	female	IlluminaHiSeq	Qiagen	46447388.0	0	102	0	11	0.0
EGAR00001420139_9002000001190424	0	LifeLinesDeep_2016	55.0	female	IlluminaHiSeq	Qiagen	20831126.0	1	97	1	9	0.0
EGAR00001420148_9002000001195162	0	LifeLinesDeep_2016	51.0	male	IlluminaHiSeq	Qiagen	38675072.0	0	52	0	5	0.0
EGAR00001420149_9002000001196320	0	LifeLinesDeep_2016	45.0	female	IlluminaHiSeq	Qiagen	34238877.0	0	136	0	14	0.0
EGAR00001420150_9002000001196698	0	LifeLinesDeep_2016	64.0	male	IlluminaHiSeq	Qiagen	56810976.0	1	159	1	12	0.0
EGAR00001420151_9002000001196778	0	LifeLinesDeep_2016	26.0	female	IlluminaHiSeq	Qiagen	51124918.0	1	43	1	7	0.0
EGAR00001420153_9002000001198988	0	LifeLinesDeep_2016	37.0	female	IlluminaHiSeq	Qiagen	92820172.0	0	18	0	4	0.0
EGAR00001420154_9002000001200638	0	LifeLinesDeep_2016	60.0	female	IlluminaHiSeq	Qiagen	47857876.0	0	140	0	15	0.0
EGAR00001420155_9002000001201715	0	LifeLinesDeep_2016	42.0	male	IlluminaHiSeq	Qiagen	49340150.0	1	95	1	14	0.0
EGAR00001420160_9002000001203943	0	LifeLinesDeep_2016	63.0	male	IlluminaHiSeq	Qiagen	28195090.0	1	101	1	12	0.0
EGAR00001420165_9002000001206696	0	LifeLinesDeep_2016	43.0	male	IlluminaHiSeq	Qiagen	25628785.0	0	11	0	2	0.0
EGAR00001420166_9002000001206711LL	0	LifeLinesDeep_2016	23.0	male	IlluminaHiSeq	Qiagen	33897209.0	1	61	1	6	0.0
EGAR00001420167_9002000001207165	0	LifeLinesDeep_2016	22.0	male	IlluminaHiSeq	Qiagen	72919591.0	0	85	0	5	0.0
EGAR00001420170_9002000001208331	0	LifeLinesDeep_2016	26.0	female	IlluminaHiSeq	Qiagen	19503321.0	0	143	0	16	0.0
EGAR00001420172_9002000001208627	0	LifeLinesDeep_2016	46.0	male	IlluminaHiSeq	Qiagen	40836391.0	0	155	0	16	0.0
EGAR00001420173_9002000001209007LL	0	LifeLinesDeep_2016	42.0	male	IlluminaHiSeq	Qiagen	28798793.0	0	73	0	9	0.0
EGAR00001420174_9002000001209357	0	LifeLinesDeep_2016	47.0	female	IlluminaHiSeq	Qiagen	22097817.0	0	59	0	5	0.0
EGAR00001420175_9002000001209698	0	LifeLinesDeep_2016	50.0	female	IlluminaHiSeq	Qiagen	54903635.0	1	85	1	10	0.0
EGAR00001420176_9002000001210554	0	LifeLinesDeep_2016	53.0	male	IlluminaHiSeq	Qiagen	28476117.0	0	130	0	15	0.0
EGAR00001420177_9002000001210705	0	LifeLinesDeep_2016	43.0	female	IlluminaHiSeq	Qiagen	45238822.0	0	79	0	8	0.0
EGAR00001420181_9002000001211829	0	LifeLinesDeep_2016	27.0	female	IlluminaHiSeq	Qiagen	22837867.0	0	93	0	7	0.0
EGAR00001420184_9002000001212880	0	LifeLinesDeep_2016	65.0	female	IlluminaHiSeq	Qiagen	22413501.0	1	104	1	7	0.0
EGAR00001420185_9002000001213019	0	LifeLinesDeep_2016	36.0	female	IlluminaHiSeq	Qiagen	20712788.0	1	128	1	16	0.0
EGAR00001420186_9002000001213378	0	LifeLinesDeep_2016	37.0	female	IlluminaHiSeq	Qiagen	40787443.0	0	136	0	15	0.0
EGAR00001420190_9002000001215040	0	LifeLinesDeep_2016	18.0	male	IlluminaHiSeq	Qiagen	42314210.0	0	82	0	9	0.0
EGAR00001420192_9002000001215523	0	LifeLinesDeep_2016	67.0	female	IlluminaHiSeq	Qiagen	66034871.0	0	26	0	4	0.0
EGAR00001420194_9002000001215917	0	LifeLinesDeep_2016	38.0	male	IlluminaHiSeq	Qiagen	32552358.0	1	87	1	12	0.0
EGAR00001420195_9002000001216389	0	LifeLinesDeep_2016	37.0	male	IlluminaHiSeq	Qiagen	39318256.0	1	46	1	7	0.0
EGAR00001420196_9002000001216469	0	LifeLinesDeep_2016	41.0	male	IlluminaHiSeq	Qiagen	33774948.0	1	56	1	6	0.0
EGAR00001420198_9002000001217457	0	LifeLinesDeep_2016	43.0	female	IlluminaHiSeq	Qiagen	37461975.0	0	44	0	4	0.0
EGAR00001420204_9002000001223445	0	LifeLinesDeep_2016	27.0	female	IlluminaHiSeq	Qiagen	65865498.0	1	93	1	11	0.0
EGAR00001420205_9002000001223900	0	LifeLinesDeep_2016	27.0	male	IlluminaHiSeq	Qiagen	40265018.0	0	68	0	6	0.0
EGAR00001420206_9002000001224326	0	LifeLinesDeep_2016	53.0	male	IlluminaHiSeq	Qiagen	24831693.0	1	106	1	10	0.0
EGAR00001420208_9002000001225234	0	LifeLinesDeep_2016	35.0	male	IlluminaHiSeq	Qiagen	27719823.0	1	89	1	10	0.0
EGAR00001420209_9002000001225468	0	LifeLinesDeep_2016	39.0	female	IlluminaHiSeq	Qiagen	48773303.0	1	165	1	17	0.0
EGAR00001420210_9002000001225833	0	LifeLinesDeep_2016	57.0	male	IlluminaHiSeq	Qiagen	47296015.0	0	63	0	6	0.0
EGAR00001420212_9002000001226394	0	LifeLinesDeep_2016	71.0	female	IlluminaHiSeq	Qiagen	36225756.0	1	100	1	11	0.0
EGAR00001420213_9002000001226607	0	LifeLinesDeep_2016	46.0	female	IlluminaHiSeq	Qiagen	48694799.0	0	71	0	6	0.0
EGAR00001420214_9002000001226939	0	LifeLinesDeep_2016	36.0	male	IlluminaHiSeq	Qiagen	37979893.0	0	73	0	9	0.0
EGAR00001420218_9002000001228076LL	0	LifeLinesDeep_2016	50.0	female	IlluminaHiSeq	Qiagen	34110111.0	0	42	0	8	0.0
EGAR00001420222_9002000001228915	0	LifeLinesDeep_2016	23.0	female	IlluminaHiSeq	Qiagen	61757855.0	1	102	1	8	0.0
EGAR00001420223_9002000001229707	0	LifeLinesDeep_2016	43.0	male	IlluminaHiSeq	Qiagen	24220672.0	0	94	0	17	0.0
EGAR00001420224_9002000001230056	0	LifeLinesDeep_2016	48.0	female	IlluminaHiSeq	Qiagen	37333145.0	0	129	0	14	0.0
EGAR00001420225_9002000001230350	0	LifeLinesDeep_2016	34.0	female	IlluminaHiSeq	Qiagen	55245593.0	0	33	0	4	0.0
EGAR00001420227_9002000001231376	0	LifeLinesDeep_2016	43.0	male	IlluminaHiSeq	Qiagen	27656166.0	1	42	1	2	0.0
EGAR00001420229_9002000001231803	0	LifeLinesDeep_2016	56.0	male	IlluminaHiSeq	Qiagen	57988411.0	0	84	0	10	0.0
EGAR00001420239_9002000001234485	0	LifeLinesDeep_2016	27.0	female	IlluminaHiSeq	Qiagen	53053033.0	0	75	0	10	0.0
EGAR00001420243_9002000001235867	0	LifeLinesDeep_2016	69.0	male	IlluminaHiSeq	Qiagen	45182010.0	1	89	1	8	0.0
EGAR00001420245_9002000001236793	0	LifeLinesDeep_2016	48.0	female	IlluminaHiSeq	Qiagen	25484188.0	1	68	1	5	0.0
EGAR00001420246_9002000001237520	0	LifeLinesDeep_2016	31.0	female	IlluminaHiSeq	Qiagen	29617400.0	0	65	0	9	0.0
EGAR00001420253_9002000001240830LL	0	LifeLinesDeep_2016	61.0	male	IlluminaHiSeq	Qiagen	27888466.0	1	83	1	12	0.0
EGAR00001420259_9002000001243260	0	LifeLinesDeep_2016	42.0	male	IlluminaHiSeq	Qiagen	34966715.0	1	75	1	12	0.0
EGAR00001420260_9002000001244042	0	LifeLinesDeep_2016	52.0	female	IlluminaHiSeq	Qiagen	79326651.0	1	49	1	4	0.0
EGAR00001420261_9002000001244089LL	0	LifeLinesDeep_2016	55.0	male	IlluminaHiSeq	Qiagen	59062205.0	1	64	1	6	0.0
EGAR00001420262_9002000001244294	0	LifeLinesDeep_2016	51.0	male	IlluminaHiSeq	Qiagen	49042644.0	0	121	0	14	0.0
EGAR00001420264_9002000001244712LL	0	LifeLinesDeep_2016	50.0	female	IlluminaHiSeq	Qiagen	42974789.0	1	44	1	6	0.0
EGAR00001420267_9002000001246252	0	LifeLinesDeep_2016	43.0	male	IlluminaHiSeq	Qiagen	36489860.0	0	80	0	8	0.0
EGAR00001420268_9002000001247124	0	LifeLinesDeep_2016	35.0	male	IlluminaHiSeq	Qiagen	60083810.0	1	96	1	11	0.0
EGAR00001420269_9002000001247760LL	0	LifeLinesDeep_2016	45.0	male	IlluminaHiSeq	Qiagen	38419890.0	0	70	0	8	0.0
EGAR00001420270_9002000001248426	0	LifeLinesDeep_2016	34.0	male	IlluminaHiSeq	Qiagen	35246815.0	1	72	1	11	0.0
EGAR00001420271_9002000001248749	0	LifeLinesDeep_2016	66.0	female	IlluminaHiSeq	Qiagen	35106911.0	0	95	0	14	0.0
EGAR00001420272_9002000001248800	0	LifeLinesDeep_2016	44.0	female	IlluminaHiSeq	Qiagen	40833602.0	0	97	1	14	0.0
EGAR00001420279_9002000001251234	0	LifeLinesDeep_2016	58.0	female	IlluminaHiSeq	Qiagen	26351195.0	1	107	1	12	0.0
EGAR00001420282_9002000001252044	0	LifeLinesDeep_2016	45.0	female	IlluminaHiSeq	Qiagen	53828246.0	0	92	0	11	0.0
EGAR00001420283_9002000001253168	0	LifeLinesDeep_2016	45.0	female	IlluminaHiSeq	Qiagen	29917977.0	1	101	1	13	0.0
EGAR00001420284_9002000001253462LL	0	LifeLinesDeep_2016	18.0	male	IlluminaHiSeq	Qiagen	28319986.0	0	38	0	5	0.0
EGAR00001420285_9002000001254174	0	LifeLinesDeep_2016	25.0	female	IlluminaHiSeq	Qiagen	33294336.0	1	112	1	10	0.0
EGAR00001420287_9002000001255019LL	0	LifeLinesDeep_2016	25.0	female	IlluminaHiSeq	Qiagen	35167057.0	0	41	0	8	0.0
EGAR00001420288_9002000001255529	0	LifeLinesDeep_2016	72.0	female	IlluminaHiSeq	Qiagen	27572615.0	1	21	1	8	0.0
EGAR00001420291_9002000001256105	0	LifeLinesDeep_2016	47.0	female	IlluminaHiSeq	Qiagen	25075478.0	0	70	0	6	0.0
EGAR00001420302_9002000001260888	0	LifeLinesDeep_2016	25.0	female	IlluminaHiSeq	Qiagen	25451087.0	0	78	0	9	0.0
EGAR00001420303_9002000001261286	0	LifeLinesDeep_2016	24.0	male	IlluminaHiSeq	Qiagen	42345108.0	0	78	0	10	0.0
EGAR00001420304_9002000001261320	0	LifeLinesDeep_2016	32.0	female	IlluminaHiSeq	Qiagen	23822338.0	0	139	0	12	0.0
EGAR00001420313_9002000001264644	0	LifeLinesDeep_2016	51.0	female	IlluminaHiSeq	Qiagen	42650357.0	0	38	0	4	0.0
EGAR00001420314_9002000001265220	0	LifeLinesDeep_2016	50.0	male	IlluminaHiSeq	Qiagen	53676598.0	1	129	1	20	0.0
EGAR00001420315_9002000001265472	0	LifeLinesDeep_2016	39.0	male	IlluminaHiSeq	Qiagen	60792324.0	0	101	0	10	0.0
EGAR00001420316_9002000001265946	0	LifeLinesDeep_2016	53.0	female	IlluminaHiSeq	Qiagen	35710867.0	1	77	1	8	0.0
EGAR00001420317_9002000001266077	0	LifeLinesDeep_2016	27.0	female	IlluminaHiSeq	Qiagen	66171420.0	1	72	1	11	0.0
EGAR00001420319_9002000001266694	0	LifeLinesDeep_2016	36.0	male	IlluminaHiSeq	Qiagen	41537120.0	1	81	1	10	0.0
EGAR00001420320_9002000001266890	0	LifeLinesDeep_2016	44.0	female	IlluminaHiSeq	Qiagen	26301581.0	1	88	1	11	0.0
EGAR00001420323_9002000001268151	0	LifeLinesDeep_2016	35.0	female	IlluminaHiSeq	Qiagen	35622446.0	1	79	1	7	0.0
EGAR00001420325_9002000001268812	0	LifeLinesDeep_2016	20.0	male	IlluminaHiSeq	Qiagen	33093438.0	1	80	1	10	0.0
EGAR00001420331_9002000001270580	0	LifeLinesDeep_2016	34.0	female	IlluminaHiSeq	Qiagen	59940784.0	0	54	0	5	0.0
EGAR00001420332_9002000001271086LL	0	LifeLinesDeep_2016	36.0	female	IlluminaHiSeq	Qiagen	44252079.0	1	101	1	10	0.0
EGAR00001420334_9002000001271540	0	LifeLinesDeep_2016	59.0	male	IlluminaHiSeq	Qiagen	55769762.0	1	138	3	18	0.0
EGAR00001420335_9002000001271970	0	LifeLinesDeep_2016	43.0	male	IlluminaHiSeq	Qiagen	35662943.0	0	27	0	3	0.0
EGAR00001420359_9002000001279843	0	LifeLinesDeep_2016	60.0	male	IlluminaHiSeq	Qiagen	33558309.0	0	112	0	14	0.0
EGAR00001420360_9002000001280002	0	LifeLinesDeep_2016	47.0	female	IlluminaHiSeq	Qiagen	26940525.0	0	111	0	11	0.0
EGAR00001420362_9002000001280460	0	LifeLinesDeep_2016	26.0	male	IlluminaHiSeq	Qiagen	41776324.0	0	71	0	7	0.0
EGAR00001420363_9002000001280970LL	0	LifeLinesDeep_2016	44.0	female	IlluminaHiSeq	Qiagen	20863141.0	1	67	1	6	0.0
EGAR00001420364_9002000001281313	0	LifeLinesDeep_2016	41.0	male	IlluminaHiSeq	Qiagen	32430850.0	1	54	1	5	0.0
EGAR00001420365_9002000001281529LL	0	LifeLinesDeep_2016	32.0	male	IlluminaHiSeq	Qiagen	25117185.0	1	35	1	4	0.0
EGAR00001420374_9002000001285134	0	LifeLinesDeep_2016	47.0	female	IlluminaHiSeq	Qiagen	43724840.0	0	83	0	8	0.0
EGAR00001420376_9002000001285887	0	LifeLinesDeep_2016	65.0	female	IlluminaHiSeq	Qiagen	66279453.0	0	163	0	15	0.0
EGAR00001420381_9002000001288940	0	LifeLinesDeep_2016	53.0	male	IlluminaHiSeq	Qiagen	40472196.0	0	66	0	4	0.0
EGAR00001420382_9002000001290401	0	LifeLinesDeep_2016	52.0	female	IlluminaHiSeq	Qiagen	23785966.0	0	136	0	15	0.0
EGAR00001420383_9002000001290653	0	LifeLinesDeep_2016	40.0	female	IlluminaHiSeq	Qiagen	48467942.0	1	86	1	8	0.0
EGAR00001420388_9002000001294750	0	LifeLinesDeep_2016	56.0	male	IlluminaHiSeq	Qiagen	58614470.0	0	76	0	8	0.0
EGAR00001420397_9002000001299354	0	LifeLinesDeep_2016	55.0	female	IlluminaHiSeq	Qiagen	18671897.0	1	70	1	4	0.0
EGAR00001420415_9002000001307240	0	LifeLinesDeep_2016	49.0	female	IlluminaHiSeq	Qiagen	30022989.0	0	84	0	9	0.0
EGAR00001420416_9002000001307474	0	LifeLinesDeep_2016	28.0	female	IlluminaHiSeq	Qiagen	37034271.0	0	41	0	4	0.0
EGAR00001420420_9002000001311252	0	LifeLinesDeep_2016	60.0	female	IlluminaHiSeq	Qiagen	22180482.0	1	37	1	5	0.0
EGAR00001420421_9002000001312311	0	LifeLinesDeep_2016	35.0	male	IlluminaHiSeq	Qiagen	40223406.0	1	120	1	15	0.0
EGAR00001420426_9002000001317659	0	LifeLinesDeep_2016	44.0	female	IlluminaHiSeq	Qiagen	35336599.0	0	96	0	13	0.0
EGAR00001420427_9002000001318745	0	LifeLinesDeep_2016	47.0	female	IlluminaHiSeq	Qiagen	34906611.0	0	103	0	14	0.0
EGAR00001420432_9002000001321947	0	LifeLinesDeep_2016	46.0	female	IlluminaHiSeq	Qiagen	30612905.0	0	137	0	16	0.0
EGAR00001420439_9002000001324090	0	LifeLinesDeep_2016	49.0	female	IlluminaHiSeq	Qiagen	22131646.0	1	140	1	19	0.0
EGAR00001420440_9002000001325507	0	LifeLinesDeep_2016	56.0	male	IlluminaHiSeq	Qiagen	28851772.0	0	33	0	6	0.0
EGAR00001420442_9002000001327252	0	LifeLinesDeep_2016	52.0	female	IlluminaHiSeq	Qiagen	43054284.0	1	43	1	4	0.0
EGAR00001420443_9002000001327299	0	LifeLinesDeep_2016	30.0	female	IlluminaHiSeq	Qiagen	34640435.0	0	106	0	13	0.0
EGAR00001420445_9002000001330356	0	LifeLinesDeep_2016	49.0	female	IlluminaHiSeq	Qiagen	43644434.0	1	85	2	11	0.0
EGAR00001420446_9002000001330810	0	LifeLinesDeep_2016	63.0	male	IlluminaHiSeq	Qiagen	39105727.0	0	58	0	8	0.0
EGAR00001420447_9002000001331184	0	LifeLinesDeep_2016	43.0	male	IlluminaHiSeq	Qiagen	39592976.0	1	118	1	16	0.0
EGAR00001420449_9002000001332172	0	LifeLinesDeep_2016	72.0	female	IlluminaHiSeq	Qiagen	53387500.0	0	127	0	16	0.0
EGAR00001420456_9002000001335657	0	LifeLinesDeep_2016	29.0	male	IlluminaHiSeq	Qiagen	63472141.0	0	99	0	9	0.0
EGAR00001420462_9002000001337007	0	LifeLinesDeep_2016	44.0	female	IlluminaHiSeq	Qiagen	30955849.0	0	97	0	12	0.0
EGAR00001420463_9002000001337277	0	LifeLinesDeep_2016	57.0	female	IlluminaHiSeq	Qiagen	25503746.0	0	153	0	21	0.0
EGAR00001420464_9002000001337535	0	LifeLinesDeep_2016	44.0	male	IlluminaHiSeq	Qiagen	28174974.0	0	125	0	11	0.0
EGAR00001420465_9002000001338013	0	LifeLinesDeep_2016	40.0	female	IlluminaHiSeq	Qiagen	36003483.0	1	71	1	9	0.0
EGAR00001420466_9002000001338180	0	LifeLinesDeep_2016	53.0	male	IlluminaHiSeq	Qiagen	49485148.0	1	157	1	16	0.0
EGAR00001420467_9002000001338416	0	LifeLinesDeep_2016	51.0	male	IlluminaHiSeq	Qiagen	53924904.0	0	120	0	11	0.0
EGAR00001420470_9002000001338668	0	LifeLinesDeep_2016	29.0	male	IlluminaHiSeq	Qiagen	42591226.0	0	25	0	5	0.0
EGAR00001420472_9002000001339140	0	LifeLinesDeep_2016	34.0	female	IlluminaHiSeq	Qiagen	46147240.0	1	21	1	4	0.0
EGAR00001420473_9002000001339422	0	LifeLinesDeep_2016	28.0	male	IlluminaHiSeq	Qiagen	56955368.0	0	77	1	5	0.0
EGAR00001420474_9002000001339431	0	LifeLinesDeep_2016	32.0	female	IlluminaHiSeq	Qiagen	40554322.0	0	84	0	11	0.0
EGAR00001420477_9002000001340924	0	LifeLinesDeep_2016	30.0	female	IlluminaHiSeq	Qiagen	40856397.0	1	70	1	8	0.0
EGAR00001420489_9002000001345107	0	LifeLinesDeep_2016	36.0	female	IlluminaHiSeq	Qiagen	33213185.0	1	88	1	12	0.0
EGAR00001420490_9002000001345635	0	LifeLinesDeep_2016	29.0	female	IlluminaHiSeq	Qiagen	26015738.0	1	95	1	10	0.0
EGAR00001420491_9002000001345690	0	LifeLinesDeep_2016	37.0	male	IlluminaHiSeq	Qiagen	49526902.0	1	62	1	4	0.0
EGAR00001420492_9002000001346051	0	LifeLinesDeep_2016	51.0	male	IlluminaHiSeq	Qiagen	39460449.0	1	141	1	16	0.0
EGAR00001420494_9002000001347021	0	LifeLinesDeep_2016	59.0	female	IlluminaHiSeq	Qiagen	31413760.0	1	109	1	15	0.0
EGAR00001420496_9002000001348430LL	0	LifeLinesDeep_2016	27.0	male	IlluminaHiSeq	Qiagen	30334178.0	1	49	1	3	0.0
EGAR00001420501_9002000001349877	0	LifeLinesDeep_2016	32.0	female	IlluminaHiSeq	Qiagen	46319475.0	1	109	1	19	0.0
EGAR00001420502_9002000001349975	0	LifeLinesDeep_2016	30.0	female	IlluminaHiSeq	Qiagen	39828787.0	1	107	1	15	0.0
EGAR00001420508_9002000001351641	0	LifeLinesDeep_2016	61.0	male	IlluminaHiSeq	Qiagen	19401404.0	0	78	0	13	0.0
EGAR00001420509_9002000001352086	0	LifeLinesDeep_2016	35.0	female	IlluminaHiSeq	Qiagen	61179862.0	0	134	0	12	0.0
EGAR00001420510_9002000001352282	0	LifeLinesDeep_2016	56.0	male	IlluminaHiSeq	Qiagen	23919953.0	0	95	0	10	0.0
EGAR00001420513_9002000001353332	0	LifeLinesDeep_2016	45.0	male	IlluminaHiSeq	Qiagen	30315063.0	1	132	1	16	0.0
EGAR00001420514_9002000001353780	0	LifeLinesDeep_2016	32.0	female	IlluminaHiSeq	Qiagen	41059460.0	1	38	1	5	0.0
EGAR00001420515_9002000001354053	0	LifeLinesDeep_2016	44.0	male	IlluminaHiSeq	Qiagen	28379323.0	0	67	0	11	0.0
EGAR00001420523_9002000001356020	0	LifeLinesDeep_2016	61.0	female	IlluminaHiSeq	Qiagen	25264834.0	0	137	0	20	0.0
EGAR00001420524_9002000001356183	0	LifeLinesDeep_2016	40.0	female	IlluminaHiSeq	Qiagen	48007488.0	1	155	1	16	0.0
EGAR00001420525_9002000001356540LL	0	LifeLinesDeep_2016	59.0	male	IlluminaHiSeq	Qiagen	30814771.0	0	119	0	17	0.0
EGAR00001420526_9002000001357046	0	LifeLinesDeep_2016	30.0	male	IlluminaHiSeq	Qiagen	17753282.0	1	82	1	10	0.0
EGAR00001420527_9002000001357298	0	LifeLinesDeep_2016	50.0	female	IlluminaHiSeq	Qiagen	28461821.0	0	45	0	7	0.0
EGAR00001420528_9002000001357654	0	LifeLinesDeep_2016	51.0	female	IlluminaHiSeq	Qiagen	18787786.0	1	119	1	15	0.0
EGAR00001420529_9002000001358007	0	LifeLinesDeep_2016	44.0	female	IlluminaHiSeq	Qiagen	36790359.0	0	52	0	6	0.0
EGAR00001420530_9002000001358624	0	LifeLinesDeep_2016	63.0	male	IlluminaHiSeq	Qiagen	27607095.0	1	59	1	8	0.0
EGAR00001420534_9002000001359499	0	LifeLinesDeep_2016	45.0	female	IlluminaHiSeq	Qiagen	41318707.0	0	129	0	13	0.0
EGAR00001420536_9002000001360100	0	LifeLinesDeep_2016	42.0	male	IlluminaHiSeq	Qiagen	34241790.0	1	75	1	8	0.0
EGAR00001420537_9002000001360150	0	LifeLinesDeep_2016	58.0	female	IlluminaHiSeq	Qiagen	72608537.0	0	156	1	15	0.0
EGAR00001420538_9002000001360382LL	0	LifeLinesDeep_2016	61.0	male	IlluminaHiSeq	Qiagen	15774936.0	1	138	1	12	0.0
EGAR00001420539_9002000001360604	0	LifeLinesDeep_2016	39.0	female	IlluminaHiSeq	Qiagen	46546195.0	0	97	1	13	0.0
EGAR00001420540_9002000001361058	0	LifeLinesDeep_2016	47.0	female	IlluminaHiSeq	Qiagen	26767278.0	0	53	0	8	0.0
EGAR00001420541_9002000001361192	0	LifeLinesDeep_2016	50.0	female	IlluminaHiSeq	Qiagen	25461283.0	0	32	0	5	0.0
EGAR00001420542_9002000001361460	0	LifeLinesDeep_2016	57.0	female	IlluminaHiSeq	Qiagen	25715680.0	0	92	0	8	0.0
EGAR00001420543_9002000001361675	0	LifeLinesDeep_2016	44.0	male	IlluminaHiSeq	Qiagen	25178321.0	0	106	0	13	0.0
EGAR00001420553_9002000001366180	0	LifeLinesDeep_2016	58.0	female	IlluminaHiSeq	Qiagen	44318935.0	0	145	0	12	0.0
EGAR00001420568_9002000001370790	0	LifeLinesDeep_2016	56.0	female	IlluminaHiSeq	Qiagen	49882235.0	0	30	2	3	0.0
EGAR00001420569_9002000001371380	0	LifeLinesDeep_2016	53.0	female	IlluminaHiSeq	Qiagen	28081375.0	1	15	1	2	0.0
EGAR00001420570_9002000001371690	0	LifeLinesDeep_2016	60.0	female	IlluminaHiSeq	Qiagen	28467368.0	0	70	0	8	0.0
EGAR00001420576_9002000001374060	0	LifeLinesDeep_2016	58.0	female	IlluminaHiSeq	Qiagen	38391800.0	1	143	1	16	0.0
EGAR00001420578_9002000001374630	0	LifeLinesDeep_2016	50.0	male	IlluminaHiSeq	Qiagen	29367414.0	1	65	1	8	0.0
EGAR00001420581_9002000001375460	0	LifeLinesDeep_2016	22.0	female	IlluminaHiSeq	Qiagen	21460275.0	0	74	0	11	0.0
EGAR00001420584_9002000001376829	0	LifeLinesDeep_2016	51.0	male	IlluminaHiSeq	Qiagen	57113621.0	1	61	1	7	0.0
EGAR00001420585_9002000001376990	0	LifeLinesDeep_2016	75.0	female	IlluminaHiSeq	Qiagen	25061333.0	1	86	1	10	0.0
EGAR00001420588_9002000001377910	0	LifeLinesDeep_2016	48.0	female	IlluminaHiSeq	Qiagen	30743221.0	0	143	0	16	0.0
EGAR00001420608_9002000001383270	0	LifeLinesDeep_2016	34.0	male	IlluminaHiSeq	Qiagen	28750669.0	0	69	0	8	0.0
EGAR00001420610_9002000001383730	0	LifeLinesDeep_2016	49.0	female	IlluminaHiSeq	Qiagen	60020783.0	1	13	1	3	0.0
EGAR00001420611_9002000001384160	0	LifeLinesDeep_2016	45.0	female	IlluminaHiSeq	Qiagen	31113488.0	0	110	0	10	0.0
EGAR00001420612_9002000001384430	0	LifeLinesDeep_2016	72.0	male	IlluminaHiSeq	Qiagen	24412826.0	1	134	1	30	0.0
EGAR00001420613_9002000001384580	0	LifeLinesDeep_2016	64.0	female	IlluminaHiSeq	Qiagen	30968266.0	1	151	1	36	0.0
EGAR00001420614_9002000001384850	0	LifeLinesDeep_2016	47.0	female	IlluminaHiSeq	Qiagen	56286585.0	1	41	1	5	0.0
EGAR00001420623_9002000001386960	0	LifeLinesDeep_2016	21.0	female	IlluminaHiSeq	Qiagen	20978524.0	0	80	0	12	0.0
EGAR00001420624_9002000001387200	0	LifeLinesDeep_2016	57.0	female	IlluminaHiSeq	Qiagen	27789191.0	1	62	1	5	0.0
EGAR00001420625_9002000001387519	0	LifeLinesDeep_2016	60.0	male	IlluminaHiSeq	Qiagen	18539234.0	0	61	0	8	0.0
EGAR00001420628_9002000001388285	0	LifeLinesDeep_2016	61.0	female	IlluminaHiSeq	Qiagen	44397263.0	0	146	0	11	0.0
EGAR00001420635_9002000001390757	0	LifeLinesDeep_2016	50.0	female	IlluminaHiSeq	Qiagen	22140879.0	0	74	0	7	0.0
EGAR00001420637_9002000001390870	0	LifeLinesDeep_2016	26.0	female	IlluminaHiSeq	Qiagen	40664287.0	1	17	1	2	0.0
EGAR00001420638_9002000001391070	0	LifeLinesDeep_2016	60.0	female	IlluminaHiSeq	Qiagen	25903968.0	0	123	0	17	0.0
EGAR00001420640_9002000001391235	0	LifeLinesDeep_2016	42.0	male	IlluminaHiSeq	Qiagen	26903238.0	1	106	1	11	0.0
EGAR00001420641_9002000001391360	0	LifeLinesDeep_2016	48.0	male	IlluminaHiSeq	Qiagen	41948299.0	0	104	0	7	0.0
EGAR00001420642_9002000001391520	0	LifeLinesDeep_2016	57.0	female	IlluminaHiSeq	Qiagen	64927247.0	1	143	1	14	0.0
EGAR00001420643_9002000001391709	0	LifeLinesDeep_2016	55.0	female	IlluminaHiSeq	Qiagen	26654092.0	0	85	0	13	0.0
EGAR00001420644_9002000001392152	0	LifeLinesDeep_2016	58.0	male	IlluminaHiSeq	Qiagen	27155069.0	1	59	1	8	0.0
EGAR00001420646_9002000001392457	0	LifeLinesDeep_2016	45.0	female	IlluminaHiSeq	Qiagen	56748735.0	0	151	0	16	0.0
EGAR00001420647_9002000001392484	0	LifeLinesDeep_2016	27.0	male	IlluminaHiSeq	Qiagen	50615384.0	0	79	0	6	0.0
EGAR00001420648_9002000001392617	0	LifeLinesDeep_2016	60.0	male	IlluminaHiSeq	Qiagen	32914011.0	1	111	2	18	0.0
EGAR00001420649_9002000001392662	0	LifeLinesDeep_2016	49.0	female	IlluminaHiSeq	Qiagen	49395602.0	0	94	0	11	0.0
EGAR00001420650_9002000001392831	0	LifeLinesDeep_2016	81.0	male	IlluminaHiSeq	Qiagen	24833048.0	1	150	1	17	0.0
EGAR00001420651_9002000001392958	0	LifeLinesDeep_2016	73.0	female	IlluminaHiSeq	Qiagen	37886956.0	1	104	1	9	0.0
EGAR00001420652_9002000001393098	0	LifeLinesDeep_2016	30.0	male	IlluminaHiSeq	Qiagen	38927033.0	0	125	0	18	0.0
EGAR00001420653_9002000001393360	0	LifeLinesDeep_2016	35.0	female	IlluminaHiSeq	Qiagen	23473479.0	0	52	0	6	0.0
EGAR00001420655_9002000001393703	0	LifeLinesDeep_2016	49.0	male	IlluminaHiSeq	Qiagen	45169567.0	0	68	0	9	0.0
EGAR00001420659_9002000001394273	0	LifeLinesDeep_2016	27.0	male	IlluminaHiSeq	Qiagen	38634891.0	0	44	0	4	0.0
EGAR00001420674_9002000001397670	0	LifeLinesDeep_2016	73.0	male	IlluminaHiSeq	Qiagen	37044910.0	0	86	0	11	0.0
EGAR00001420677_9002000001398120	0	LifeLinesDeep_2016	56.0	female	IlluminaHiSeq	Qiagen	30109522.0	0	37	0	6	0.0
EGAR00001420678_9002000001398693	0	LifeLinesDeep_2016	25.0	female	IlluminaHiSeq	Qiagen	41978881.0	0	67	0	10	0.0
EGAR00001420679_9002000001399430	0	LifeLinesDeep_2016	48.0	male	IlluminaHiSeq	Qiagen	38968643.0	1	115	1	10	0.0
EGAR00001420680_9002000001399449	0	LifeLinesDeep_2016	66.0	female	IlluminaHiSeq	Qiagen	35003561.0	1	130	1	15	0.0
EGAR00001420681_9002000001399800	0	LifeLinesDeep_2016	46.0	male	IlluminaHiSeq	Qiagen	30181999.0	1	138	1	20	0.0
EGAR00001420683_9002000001400540	0	LifeLinesDeep_2016	22.0	male	IlluminaHiSeq	Qiagen	21218455.0	0	107	0	9	0.0
EGAR00001420684_9002000001400764	0	LifeLinesDeep_2016	58.0	female	IlluminaHiSeq	Qiagen	23812603.0	1	103	1	12	0.0
EGAR00001420687_9002000001401140	0	LifeLinesDeep_2016	29.0	female	IlluminaHiSeq	Qiagen	39478378.0	0	62	0	8	0.0
EGAR00001420688_9002000001401313	0	LifeLinesDeep_2016	54.0	female	IlluminaHiSeq	Qiagen	32287911.0	0	43	0	3	0.0
EGAR00001420689_9002000001401430	0	LifeLinesDeep_2016	30.0	female	IlluminaHiSeq	Qiagen	34787907.0	1	46	1	7	0.0
EGAR00001420695_9002000001402970	0	LifeLinesDeep_2016	41.0	female	IlluminaHiSeq	Qiagen	23329896.0	1	97	1	10	0.0
EGAR00001420696_9002000001402983	0	LifeLinesDeep_2016	74.0	female	IlluminaHiSeq	Qiagen	48608526.0	1	69	1	6	0.0
EGAR00001420697_9002000001403309	0	LifeLinesDeep_2016	74.0	male	IlluminaHiSeq	Qiagen	89058295.0	1	98	1	13	0.0
EGAR00001420701_9002000001405018	0	LifeLinesDeep_2016	60.0	male	IlluminaHiSeq	Qiagen	23852935.0	1	152	1	19	0.0
EGAR00001420711_9002000001407774	0	LifeLinesDeep_2016	28.0	female	IlluminaHiSeq	Qiagen	36764604.0	1	93	1	11	0.0
EGAR00001420714_9002000001408388	0	LifeLinesDeep_2016	51.0	male	IlluminaHiSeq	Qiagen	39214518.0	0	65	0	8	0.0
EGAR00001420715_9002000001408575	0	LifeLinesDeep_2016	53.0	female	IlluminaHiSeq	Qiagen	52848191.0	1	149	2	14	0.0
EGAR00001420725_9002000001411196	0	LifeLinesDeep_2016	46.0	male	IlluminaHiSeq	Qiagen	67267139.0	1	130	1	16	0.0
EGAR00001420726_9002000001411392	0	LifeLinesDeep_2016	64.0	male	IlluminaHiSeq	Qiagen	35230544.0	1	29	1	5	0.0
EGAR00001420727_9002000001411679	0	LifeLinesDeep_2016	42.0	female	IlluminaHiSeq	Qiagen	22567298.0	1	82	1	7	0.0
EGAR00001420732_9002000001412872	0	LifeLinesDeep_2016	42.0	female	IlluminaHiSeq	Qiagen	37173974.0	1	61	1	4	0.0
EGAR00001420736_9002000001413760	0	LifeLinesDeep_2016	54.0	male	IlluminaHiSeq	Qiagen	23798621.0	1	149	1	15	0.0
EGAR00001420737_9002000001414035	0	LifeLinesDeep_2016	55.0	female	IlluminaHiSeq	Qiagen	24476024.0	1	50	1	5	0.0
EGAR00001420741_9002000001415560	0	LifeLinesDeep_2016	54.0	female	IlluminaHiSeq	Qiagen	48069456.0	0	111	0	13	0.0
EGAR00001420742_9002000001415730	0	LifeLinesDeep_2016	51.0	male	IlluminaHiSeq	Qiagen	41607714.0	1	114	1	14	0.0
EGAR00001420754_9002000001419720	0	LifeLinesDeep_2016	51.0	male	IlluminaHiSeq	Qiagen	31478276.0	0	50	0	8	0.0
EGAR00001420755_9002000001419730	0	LifeLinesDeep_2016	51.0	female	IlluminaHiSeq	Qiagen	39062711.0	0	51	0	5	0.0
EGAR00001420756_9002000001420140LL	0	LifeLinesDeep_2016	49.0	female	IlluminaHiSeq	Qiagen	17854810.0	1	144	1	13	0.0
EGAR00001420757_9002000001420408	0	LifeLinesDeep_2016	44.0	male	IlluminaHiSeq	Qiagen	30337663.0	0	130	0	13	0.0
EGAR00001420758_9002000001420800	0	LifeLinesDeep_2016	44.0	female	IlluminaHiSeq	Qiagen	57904372.0	1	91	1	9	0.0
EGAR00001420760_9002000001421030	0	LifeLinesDeep_2016	62.0	male	IlluminaHiSeq	Qiagen	29270955.0	0	80	0	7	0.0
EGAR00001420761_9002000001421399	0	LifeLinesDeep_2016	46.0	male	IlluminaHiSeq	Qiagen	32237172.0	0	107	0	12	0.0
EGAR00001420762_9002000001421675	0	LifeLinesDeep_2016	22.0	male	IlluminaHiSeq	Qiagen	16624647.0	1	112	1	14	0.0
EGAR00001420763_9002000001421826	0	LifeLinesDeep_2016	42.0	female	IlluminaHiSeq	Qiagen	25665848.0	1	58	1	10	0.0
EGAR00001420764_9002000001421850	0	LifeLinesDeep_2016	42.0	female	IlluminaHiSeq	Qiagen	47330767.0	1	83	1	13	0.0
EGAR00001420765_9002000001422117	0	LifeLinesDeep_2016	23.0	female	IlluminaHiSeq	Qiagen	66021549.0	0	121	0	15	0.0
EGAR00001420766_9002000001422322	0	LifeLinesDeep_2016	23.0	male	IlluminaHiSeq	Qiagen	31038149.0	0	76	0	7	0.0
EGAR00001420767_9002000001422370	0	LifeLinesDeep_2016	56.0	male	IlluminaHiSeq	Qiagen	28751689.0	1	78	1	10	0.0
EGAR00001420768_9002000001422430	0	LifeLinesDeep_2016	36.0	male	IlluminaHiSeq	Qiagen	27866112.0	0	106	0	13	0.0
EGAR00001420771_9002000001423590	0	LifeLinesDeep_2016	47.0	male	IlluminaHiSeq	Qiagen	33661609.0	0	119	0	16	0.0
EGAR00001420772_9002000001423894	0	LifeLinesDeep_2016	25.0	male	IlluminaHiSeq	Qiagen	26005221.0	0	91	0	7	0.0
EGAR00001420773_9002000001423910	0	LifeLinesDeep_2016	34.0	male	IlluminaHiSeq	Qiagen	30955188.0	0	84	0	9	0.0
EGAR00001420774_9002000001423970	0	LifeLinesDeep_2016	57.0	female	IlluminaHiSeq	Qiagen	38583216.0	0	25	0	3	0.0
EGAR00001420785_9002000001426370	0	LifeLinesDeep_2016	31.0	female	IlluminaHiSeq	Qiagen	54867403.0	0	62	0	5	0.0
EGAR00001420786_9002000001426386LL	0	LifeLinesDeep_2016	43.0	female	IlluminaHiSeq	Qiagen	36533836.0	1	67	1	6	0.0
EGAR00001420787_9002000001426640	0	LifeLinesDeep_2016	33.0	male	IlluminaHiSeq	Qiagen	33646665.0	1	75	1	10	0.0
EGAR00001420795_9002000001428569	0	LifeLinesDeep_2016	57.0	male	IlluminaHiSeq	Qiagen	50541032.0	0	69	0	7	0.0
EGAR00001420796_9002000001428590	0	LifeLinesDeep_2016	48.0	male	IlluminaHiSeq	Qiagen	27622530.0	1	104	1	12	0.0
EGAR00001420797_9002000001428792	0	LifeLinesDeep_2016	58.0	female	IlluminaHiSeq	Qiagen	38987940.0	1	66	1	9	0.0
EGAR00001420801_9002000001429889	0	LifeLinesDeep_2016	74.0	male	IlluminaHiSeq	Qiagen	25657602.0	0	58	0	7	0.0
EGAR00001420803_9002000001431018	0	LifeLinesDeep_2016	31.0	female	IlluminaHiSeq	Qiagen	36460057.0	1	74	2	9	0.0
EGAR00001420805_9002000001432202	0	LifeLinesDeep_2016	49.0	male	IlluminaHiSeq	Qiagen	23934069.0	0	65	0	5	0.0
EGAR00001420806_9002000001432310	0	LifeLinesDeep_2016	30.0	female	IlluminaHiSeq	Qiagen	30703997.0	1	105	1	9	0.0
EGAR00001420807_9002000001433255	0	LifeLinesDeep_2016	18.0	female	IlluminaHiSeq	Qiagen	30029792.0	0	51	0	7	0.0
EGAR00001420808_9002000001433400	0	LifeLinesDeep_2016	24.0	female	IlluminaHiSeq	Qiagen	25114309.0	0	60	0	6	0.0
EGAR00001420809_9002000001433620	0	LifeLinesDeep_2016	49.0	female	IlluminaHiSeq	Qiagen	67168475.0	1	98	1	11	0.0
EGAR00001420810_9002000001433630	0	LifeLinesDeep_2016	46.0	male	IlluminaHiSeq	Qiagen	72999231.0	0	78	0	9	0.0
EGAR00001420811_9002000001433694	0	LifeLinesDeep_2016	45.0	male	IlluminaHiSeq	Qiagen	17475603.0	0	46	0	5	0.0
EGAR00001420812_9002000001434163	0	LifeLinesDeep_2016	59.0	male	IlluminaHiSeq	Qiagen	19638140.0	0	127	0	15	0.0
EGAR00001420813_9002000001434314	0	LifeLinesDeep_2016	26.0	female	IlluminaHiSeq	Qiagen	51532760.0	1	86	1	7	0.0
EGAR00001420816_9002000001435296	0	LifeLinesDeep_2016	43.0	female	IlluminaHiSeq	Qiagen	34023082.0	1	119	1	14	0.0
EGAR00001420817_9002000001435550	0	LifeLinesDeep_2016	50.0	male	IlluminaHiSeq	Qiagen	17769295.0	0	95	0	11	0.0
EGAR00001420818_9002000001435670	0	LifeLinesDeep_2016	49.0	female	IlluminaHiSeq	Qiagen	67195851.0	0	100	0	14	0.0
EGAR00001420829_9002000001438430	0	LifeLinesDeep_2016	39.0	female	IlluminaHiSeq	Qiagen	17432801.0	1	84	1	12	0.0
EGAR00001420830_9002000001438470	0	LifeLinesDeep_2016	32.0	male	IlluminaHiSeq	Qiagen	35754727.0	0	69	0	8	0.0
EGAR00001420837_9002000001440133	0	LifeLinesDeep_2016	50.0	female	IlluminaHiSeq	Qiagen	41865617.0	0	48	1	5	0.0
EGAR00001420838_9002000001440550	0	LifeLinesDeep_2016	34.0	male	IlluminaHiSeq	Qiagen	24013567.0	0	100	0	15	0.0
EGAR00001420839_9002000001440607	0	LifeLinesDeep_2016	55.0	female	IlluminaHiSeq	Qiagen	38271442.0	1	107	1	15	0.0
EGAR00001420840_9002000001440650	0	LifeLinesDeep_2016	45.0	female	IlluminaHiSeq	Qiagen	32138586.0	0	127	0	14	0.0
EGAR00001420846_9002000001442595	0	LifeLinesDeep_2016	70.0	female	IlluminaHiSeq	Qiagen	43209283.0	0	8	0	2	0.0
EGAR00001420847_9002000001443070	0	LifeLinesDeep_2016	51.0	female	IlluminaHiSeq	Qiagen	25260538.0	0	73	0	7	0.0
EGAR00001420848_9002000001443171	0	LifeLinesDeep_2016	40.0	female	IlluminaHiSeq	Qiagen	28957028.0	0	81	0	9	0.0
EGAR00001420851_9002000001443799LL	0	LifeLinesDeep_2016	45.0	male	IlluminaHiSeq	Qiagen	23097131.0	0	73	0	6	0.0
EGAR00001420852_9002000001444007	0	LifeLinesDeep_2016	35.0	male	IlluminaHiSeq	Qiagen	30380164.0	1	99	1	9	0.0
EGAR00001420853_9002000001444366	0	LifeLinesDeep_2016	26.0	female	IlluminaHiSeq	Qiagen	32136090.0	1	78	1	6	0.0
EGAR00001420854_9002000001444393	0	LifeLinesDeep_2016	55.0	female	IlluminaHiSeq	Qiagen	26710216.0	0	121	0	12	0.0
EGAR00001420862_9002000001445837	0	LifeLinesDeep_2016	25.0	female	IlluminaHiSeq	Qiagen	36853416.0	1	62	1	8	0.0
EGAR00001420863_9002000001446502	0	LifeLinesDeep_2016	37.0	female	IlluminaHiSeq	Qiagen	30964294.0	1	60	1	9	0.0
EGAR00001420864_9002000001446520	0	LifeLinesDeep_2016	38.0	female	IlluminaHiSeq	Qiagen	32171715.0	1	83	1	9	0.0
EGAR00001420865_9002000001446594	0	LifeLinesDeep_2016	54.0	female	IlluminaHiSeq	Qiagen	44071685.0	1	115	1	17	0.0
EGAR00001420874_9002000001447950	0	LifeLinesDeep_2016	59.0	male	IlluminaHiSeq	Qiagen	47088763.0	0	109	0	19	0.0
EGAR00001420879_9002000001449415	0	LifeLinesDeep_2016	27.0	female	IlluminaHiSeq	Qiagen	24722841.0	0	47	0	4	0.0
EGAR00001420882_9002000001450416LL	0	LifeLinesDeep_2016	26.0	female	IlluminaHiSeq	Qiagen	23476198.0	1	83	1	9	0.0
EGAR00001420938_9002000001463423	0	LifeLinesDeep_2016	27.0	female	IlluminaHiSeq	Qiagen	37814125.0	1	134	1	13	0.0
EGAR00001420939_9002000001463497	0	LifeLinesDeep_2016	43.0	female	IlluminaHiSeq	Qiagen	42533457.0	1	101	1	14	0.0
EGAR00001420191_9002000001215390	0	LifeLinesDeep_2016	20.0	female	IlluminaHiSeq	Qiagen	22597510.0	1	103	1	14	0.0
EGAR00001420349_9002000001276538	0	LifeLinesDeep_2016	41.0	female	IlluminaHiSeq	Qiagen	38966499.0	1	106	1	11	0.0
EGAR00001420350_9002000001276556LL	0	LifeLinesDeep_2016	34.0	female	IlluminaHiSeq	Qiagen	24274363.0	1	96	1	8	0.0
EGAR00001420351_9002000001277188LL	0	LifeLinesDeep_2016	64.0	female	IlluminaHiSeq	Qiagen	32303262.0	1	71	1	8	0.0
EGAR00001420352_9002000001277357	0	LifeLinesDeep_2016	65.0	male	IlluminaHiSeq	Qiagen	37992197.0	1	104	1	11	0.0
EGAR00001420353_9002000001277446	0	LifeLinesDeep_2016	18.0	female	IlluminaHiSeq	Qiagen	23115916.0	1	30	1	4	0.0
EGAR00001420355_9002000001278158	0	LifeLinesDeep_2016	66.0	male	IlluminaHiSeq	Qiagen	16785170.0	1	58	1	6	0.0
EGAR00001420356_9002000001278443	0	LifeLinesDeep_2016	40.0	female	IlluminaHiSeq	Qiagen	45645268.0	0	67	0	13	0.0
EGAR00001420357_9002000001278828	0	LifeLinesDeep_2016	51.0	female	IlluminaHiSeq	Qiagen	45463314.0	0	69	0	9	0.0
EGAR00001420358_9002000001279253	0	LifeLinesDeep_2016	72.0	male	IlluminaHiSeq	Qiagen	55453506.0	0	45	0	3	0.0
EGAR00001420451_9002000001333895	0	LifeLinesDeep_2016	36.0	female	IlluminaHiSeq	Qiagen	35966057.0	1	95	1	6	0.0
EGAR00001420452_9002000001334014	0	LifeLinesDeep_2016	63.0	male	IlluminaHiSeq	Qiagen	33309799.0	0	167	0	14	0.0
EGAR00001420478_9002000001341467	0	LifeLinesDeep_2016	31.0	male	IlluminaHiSeq	Qiagen	43634848.0	0	94	0	13	0.0
EGAR00001420480_9002000001342061	0	LifeLinesDeep_2016	50.0	female	IlluminaHiSeq	Qiagen	30547093.0	1	65	1	8	0.0
EGAR00001420481_9002000001342203LL	0	LifeLinesDeep_2016	70.0	male	IlluminaHiSeq	Qiagen	46573495.0	1	100	1	13	0.0
EGAR00001420557_9002000001367051	0	LifeLinesDeep_2016	45.0	female	IlluminaHiSeq	Qiagen	23223960.0	0	92	0	12	0.0
EGAR00001420582_9002000001375980	0	LifeLinesDeep_2016	30.0	male	IlluminaHiSeq	Qiagen	39917759.0	0	143	0	13	0.0
EGAR00001420583_9002000001376337	0	LifeLinesDeep_2016	56.0	male	IlluminaHiSeq	Qiagen	41194113.0	0	49	0	4	0.0
EGAR00001420661_9002000001394602	0	LifeLinesDeep_2016	65.0	male	IlluminaHiSeq	Qiagen	23908720.0	0	77	0	11	0.0
EGAR00001420662_9002000001394740	0	LifeLinesDeep_2016	20.0	male	IlluminaHiSeq	Qiagen	39253848.0	1	81	1	8	0.0
EGAR00001420663_9002000001394840	0	LifeLinesDeep_2016	35.0	female	IlluminaHiSeq	Qiagen	20483217.0	0	34	0	4	0.0
EGAR00001420664_9002000001395154	0	LifeLinesDeep_2016	24.0	female	IlluminaHiSeq	Qiagen	32652418.0	1	81	1	11	0.0
EGAR00001420665_9002000001395216	0	LifeLinesDeep_2016	28.0	female	IlluminaHiSeq	Qiagen	21899650.0	0	107	0	11	0.0
EGAR00001420667_9002000001395490	0	LifeLinesDeep_2016	34.0	female	IlluminaHiSeq	Qiagen	40105813.0	1	52	1	6	0.0
EGAR00001420712_9002000001408172	0	LifeLinesDeep_2016	31.0	male	IlluminaHiSeq	Qiagen	33627949.0	1	64	1	8	0.0
EGAR00001420842_9002000001440886	0	LifeLinesDeep_2016	40.0	male	IlluminaHiSeq	Qiagen	54156504.0	1	83	1	8	0.0
EGAR00001420931_9002000001462284	0	LifeLinesDeep_2016	53.0	male	IlluminaHiSeq	Qiagen	69088803.0	1	142	1	19	0.0
EGAR00001421051_9002000001501838	0	LifeLinesDeep_2016	50.0	male	IlluminaHiSeq	Qiagen	23743518.0	0	92	0	12	0.0
EGAR00001421081_9002000001517364	0	LifeLinesDeep_2016	39.0	male	IlluminaHiSeq	Qiagen	29704742.0	0	59	0	7	0.0
EGAR00001421082_9002000001518521	0	LifeLinesDeep_2016	41.0	male	IlluminaHiSeq	Qiagen	23318939.0	1	127	1	18	0.0
EGAR00001421185_9002000001563080	0	LifeLinesDeep_2016	39.0	male	IlluminaHiSeq	Qiagen	26332366.0	0	71	0	8	0.0
EGAR00001420949_9002000001466194	0	LifeLinesDeep_2016	29.0	male	IlluminaHiSeq	Qiagen	30194161.0	0	55	0	9	0.0
EGAR00001420963_9002000001471766	0	LifeLinesDeep_2016	51.0	female	IlluminaHiSeq	Qiagen	31189197.0	0	42	0	9	0.0
EGAR00001421099_9002000001525016	0	LifeLinesDeep_2016	38.0	female	IlluminaHiSeq	Qiagen	36941370.0	0	69	0	7	0.0
EGAR00001421100_9002000001525624	0	LifeLinesDeep_2016	49.0	female	IlluminaHiSeq	Qiagen	42762557.0	0	103	0	11	0.0
EGAR00001421101_9002000001525642	0	LifeLinesDeep_2016	49.0	female	IlluminaHiSeq	Qiagen	25550576.0	0	128	0	15	0.0
EGAR00001421102_9002000001526040	0	LifeLinesDeep_2016	30.0	male	IlluminaHiSeq	Qiagen	41230287.0	1	51	1	4	0.0
EGAR00001421103_9002000001526416	0	LifeLinesDeep_2016	55.0	female	IlluminaHiSeq	Qiagen	32567085.0	0	114	0	11	0.0
EGAR00001421111_9002000001529614	0	LifeLinesDeep_2016	43.0	male	IlluminaHiSeq	Qiagen	23386912.0	0	73	0	9	0.0
EGAR00001421195_9002000001566660	0	LifeLinesDeep_2016	54.0	female	IlluminaHiSeq	Qiagen	31967886.0	0	154	0	13	0.0
EGAR00001421196_9002000001567720	0	LifeLinesDeep_2016	24.0	female	IlluminaHiSeq	Qiagen	28226847.0	1	49	1	4	0.0
EGAR00001421197_9002000001567974	0	LifeLinesDeep_2016	41.0	female	IlluminaHiSeq	Qiagen	22050891.0	0	124	1	13	0.0
EGAR00001420958_9002000001469937	0	LifeLinesDeep_2016	42.0	female	IlluminaHiSeq	Qiagen	27915918.0	1	96	1	12	0.0
EGAR00001420959_9002000001469950	0	LifeLinesDeep_2016	19.0	female	IlluminaHiSeq	Qiagen	33151449.0	1	130	1	12	0.0
EGAR00001420294_9002000001258647	0	LifeLinesDeep_2016	45.0	female	IlluminaHiSeq	Qiagen	30085241.0	0	107	0	11	0.0
EGAR00001420295_9002000001258923	0	LifeLinesDeep_2016	61.0	male	IlluminaHiSeq	Qiagen	41243734.0	1	135	1	15	0.0
EGAR00001420296_9002000001259288	0	LifeLinesDeep_2016	51.0	male	IlluminaHiSeq	Qiagen	33957643.0	1	121	1	18	0.0
EGAR00001420297_9002000001259312	0	LifeLinesDeep_2016	66.0	female	IlluminaHiSeq	Qiagen	29037800.0	0	150	0	19	0.0
EGAR00001420298_9002000001259671LL	0	LifeLinesDeep_2016	35.0	female	IlluminaHiSeq	Qiagen	29154525.0	1	86	1	11	0.0
EGAR00001420321_9002000001267207	0	LifeLinesDeep_2016	40.0	female	IlluminaHiSeq	Qiagen	61619076.0	0	139	0	15	0.0
EGAR00001420322_9002000001267477	0	LifeLinesDeep_2016	24.0	male	IlluminaHiSeq	Qiagen	45814776.0	1	22	1	5	0.0
EGAR00001420368_9002000001282876	0	LifeLinesDeep_2016	42.0	male	IlluminaHiSeq	Qiagen	56985384.0	1	114	1	14	0.0
EGAR00001420369_9002000001283292	0	LifeLinesDeep_2016	62.0	female	IlluminaHiSeq	Qiagen	29587829.0	1	74	1	10	0.0
EGAR00001420370_9002000001283416LL	0	LifeLinesDeep_2016	62.0	male	IlluminaHiSeq	Qiagen	29420883.0	0	165	0	15	0.0
EGAR00001420371_9002000001283701	0	LifeLinesDeep_2016	24.0	female	IlluminaHiSeq	Qiagen	43221897.0	0	68	0	11	0.0
EGAR00001420414_9002000001305350	0	LifeLinesDeep_2016	52.0	male	IlluminaHiSeq	Qiagen	24450683.0	0	97	0	14	0.0
EGAR00001420522_9002000001355604	0	LifeLinesDeep_2016	19.0	female	IlluminaHiSeq	Qiagen	49672823.0	0	50	0	4	0.0
EGAR00001420547_9002000001363357	0	LifeLinesDeep_2016	27.0	male	IlluminaHiSeq	Qiagen	57155135.0	0	84	0	9	0.0
EGAR00001420751_9002000001418974	0	LifeLinesDeep_2016	48.0	female	IlluminaHiSeq	Qiagen	36710208.0	1	150	1	15	0.0
EGAR00001420783_9002000001426018	0	LifeLinesDeep_2016	73.0	female	IlluminaHiSeq	Qiagen	63472616.0	1	169	1	21	0.0
EGAR00001420890_9002000001452878	0	LifeLinesDeep_2016	22.0	female	IlluminaHiSeq	Qiagen	24880375.0	1	23	1	3	0.0
EGAR00001421012_9002000001484586	0	LifeLinesDeep_2016	52.0	male	IlluminaHiSeq	Qiagen	21892322.0	1	90	1	13	0.0
EGAR00001421169_9002000001554813	0	LifeLinesDeep_2016	28.0	male	IlluminaHiSeq	Qiagen	29285441.0	1	25	1	2	0.0
EGAR00001420924_9002000001461090LL	0	LifeLinesDeep_2016	64.0	male	IlluminaHiSeq	Qiagen	23811099.0	0	118	0	15	0.0
EGAR00001420973_9002000001473840	0	LifeLinesDeep_2016	46.0	female	IlluminaHiSeq	Qiagen	25870662.0	0	164	0	20	0.0
EGAR00001420974_9002000001474089	0	LifeLinesDeep_2016	53.0	female	IlluminaHiSeq	Qiagen	25678219.0	0	82	0	12	0.0
EGAR00001421059_9002000001504910	0	LifeLinesDeep_2016	36.0	male	IlluminaHiSeq	Qiagen	18929186.0	1	101	1	11	0.0
EGAR00001421060_9002000001505022	0	LifeLinesDeep_2016	28.0	male	IlluminaHiSeq	Qiagen	54353696.0	1	105	1	12	0.0
EGAR00001421061_9002000001505185	0	LifeLinesDeep_2016	34.0	female	IlluminaHiSeq	Qiagen	33044782.0	0	110	0	16	0.0
EGAR00001421062_9002000001505530	0	LifeLinesDeep_2016	47.0	male	IlluminaHiSeq	Qiagen	37857748.0	1	78	1	9	0.0
EGAR00001421063_9002000001506048	0	LifeLinesDeep_2016	32.0	male	IlluminaHiSeq	Qiagen	64468260.0	1	69	1	8	0.0
EGAR00001421120_9002000001531610	0	LifeLinesDeep_2016	68.0	male	IlluminaHiSeq	Qiagen	37410874.0	1	49	1	3	0.0
EGAR00001421055_9002000001503823	0	LifeLinesDeep_2016	64.0	female	IlluminaHiSeq	Qiagen	31899335.0	1	152	1	16	0.0
EGAR00001421056_9002000001504132	0	LifeLinesDeep_2016	44.0	female	IlluminaHiSeq	Qiagen	56987564.0	1	35	1	4	0.0
EGAR00001420115_9002000001175080	0	LifeLinesDeep_2016	47.0	female	IlluminaHiSeq	Qiagen	27126007.0	1	130	1	14	0.0
EGAR00001420164_9002000001206364	0	LifeLinesDeep_2016	41.0	female	IlluminaHiSeq	Qiagen	18229875.0	0	5	0	0	0.0
EGAR00001420235_9002000001233100LL	0	LifeLinesDeep_2016	32.0	male	IlluminaHiSeq	Qiagen	35971523.0	0	125	0	14	0.0
EGAR00001420236_9002000001233352	0	LifeLinesDeep_2016	34.0	female	IlluminaHiSeq	Qiagen	49727050.0	1	112	1	14	0.0
EGAR00001420237_9002000001233610	0	LifeLinesDeep_2016	37.0	male	IlluminaHiSeq	Qiagen	31781727.0	0	109	0	13	0.0
EGAR00001420367_9002000001282722LL	0	LifeLinesDeep_2016	50.0	female	IlluminaHiSeq	Qiagen	20520952.0	0	178	0	18	0.0
EGAR00001420372_9002000001283757	0	LifeLinesDeep_2016	54.0	female	IlluminaHiSeq	Qiagen	32908067.0	0	80	0	8	0.0
EGAR00001420373_9002000001284235LL	0	LifeLinesDeep_2016	63.0	female	IlluminaHiSeq	Qiagen	27952274.0	0	71	0	7	0.0
EGAR00001420384_9002000001291552	0	LifeLinesDeep_2016	39.0	male	IlluminaHiSeq	Qiagen	41109950.0	1	65	1	7	0.0
EGAR00001420385_9002000001294330	0	LifeLinesDeep_2016	43.0	female	IlluminaHiSeq	Qiagen	33670230.0	1	69	1	12	0.0
EGAR00001420386_9002000001294380	0	LifeLinesDeep_2016	68.0	female	IlluminaHiSeq	Qiagen	59787764.0	1	60	2	8	0.0
EGAR00001420411_9002000001304042	0	LifeLinesDeep_2016	51.0	male	IlluminaHiSeq	Qiagen	61326171.0	0	38	0	4	0.0
EGAR00001420488_9002000001344389	0	LifeLinesDeep_2016	51.0	female	IlluminaHiSeq	Qiagen	57316863.0	1	104	1	15	0.0
EGAR00001420497_9002000001348664	0	LifeLinesDeep_2016	66.0	female	IlluminaHiSeq	Qiagen	46694431.0	1	64	1	8	0.0
EGAR00001420572_9002000001372130	0	LifeLinesDeep_2016	64.0	male	IlluminaHiSeq	Qiagen	52704951.0	1	109	1	11	0.0
EGAR00001420577_9002000001374280	0	LifeLinesDeep_2016	48.0	female	IlluminaHiSeq	Qiagen	20752235.0	0	33	0	4	0.0
EGAR00001420682_9002000001399940	0	LifeLinesDeep_2016	48.0	male	IlluminaHiSeq	Qiagen	30604762.0	1	78	1	9	0.0
EGAR00001420713_9002000001408181	0	LifeLinesDeep_2016	48.0	female	IlluminaHiSeq	Qiagen	66951849.0	0	60	0	8	0.0
EGAR00001420740_9002000001415020	0	LifeLinesDeep_2016	48.0	female	IlluminaHiSeq	Qiagen	31229954.0	0	82	0	9	0.0
EGAR00001420769_9002000001422663	0	LifeLinesDeep_2016	62.0	female	IlluminaHiSeq	Qiagen	36323842.0	1	127	1	14	0.0
EGAR00001420776_9002000001424416	0	LifeLinesDeep_2016	49.0	male	IlluminaHiSeq	Qiagen	57495140.0	0	67	0	6	0.0
EGAR00001420885_9002000001451692	0	LifeLinesDeep_2016	32.0	male	IlluminaHiSeq	Qiagen	38781730.0	0	51	0	4	0.0
EGAR00001420989_9002000001477859LL	0	LifeLinesDeep_2016	40.0	male	IlluminaHiSeq	Qiagen	29102860.0	0	54	0	8	0.0
EGAR00001420117_9002000001177010	0	LifeLinesDeep_2016	21.0	female	IlluminaHiSeq	Qiagen	35746187.0	1	118	1	13	0.0
EGAR00001420118_9002000001177763	0	LifeLinesDeep_2016	41.0	male	IlluminaHiSeq	Qiagen	43264936.0	0	162	0	17	0.0
EGAR00001420179_9002000001211391	0	LifeLinesDeep_2016	18.0	male	IlluminaHiSeq	Qiagen	28335939.0	1	59	1	5	0.0
EGAR00001420187_9002000001214562	0	LifeLinesDeep_2016	65.0	female	IlluminaHiSeq	Qiagen	27977113.0	1	133	1	13	0.0
EGAR00001420188_9002000001214606	0	LifeLinesDeep_2016	63.0	female	IlluminaHiSeq	Qiagen	32719221.0	1	120	1	12	0.0
EGAR00001420189_9002000001214947	0	LifeLinesDeep_2016	62.0	male	IlluminaHiSeq	Qiagen	26118479.0	0	65	0	12	0.0
EGAR00001420203_9002000001223042	0	LifeLinesDeep_2016	48.0	female	IlluminaHiSeq	Qiagen	34577391.0	0	130	0	17	0.0
EGAR00001420207_9002000001224907	0	LifeLinesDeep_2016	37.0	female	IlluminaHiSeq	Qiagen	36028332.0	0	49	0	8	0.0
EGAR00001420263_9002000001244632	0	LifeLinesDeep_2016	35.0	male	IlluminaHiSeq	Qiagen	39884657.0	0	37	0	4	0.0
EGAR00001420328_9002000001269749	0	LifeLinesDeep_2016	33.0	male	IlluminaHiSeq	Qiagen	42082434.0	0	63	0	6	0.0
EGAR00001420329_9002000001270196	0	LifeLinesDeep_2016	46.0	male	IlluminaHiSeq	Qiagen	34670713.0	1	38	1	2	0.0
EGAR00001420348_9002000001276037	0	LifeLinesDeep_2016	44.0	female	IlluminaHiSeq	Qiagen	26829589.0	0	133	0	16	0.0
EGAR00001420375_9002000001285546	0	LifeLinesDeep_2016	49.0	male	IlluminaHiSeq	Qiagen	40691359.0	1	83	1	8	0.0
EGAR00001420429_9002000001319297	0	LifeLinesDeep_2016	33.0	female	IlluminaHiSeq	Qiagen	40234202.0	1	57	1	7	0.0
EGAR00001420433_9002000001322390	0	LifeLinesDeep_2016	52.0	female	IlluminaHiSeq	Qiagen	31751234.0	0	114	0	14	0.0
EGAR00001420436_9002000001323502	0	LifeLinesDeep_2016	57.0	male	IlluminaHiSeq	Qiagen	32496622.0	1	94	1	13	0.0
EGAR00001420479_9002000001341879	0	LifeLinesDeep_2016	37.0	female	IlluminaHiSeq	Qiagen	19569399.0	1	37	1	4	0.0
EGAR00001420535_9002000001359819	0	LifeLinesDeep_2016	46.0	female	IlluminaHiSeq	Qiagen	31583166.0	0	108	0	19	0.0
EGAR00001420544_9002000001361915	0	LifeLinesDeep_2016	35.0	male	IlluminaHiSeq	Qiagen	20082060.0	0	54	0	5	0.0
EGAR00001420548_9002000001364603	0	LifeLinesDeep_2016	41.0	male	IlluminaHiSeq	Qiagen	64265063.0	0	112	0	16	0.0
EGAR00001420549_9002000001364710	0	LifeLinesDeep_2016	44.0	male	IlluminaHiSeq	Qiagen	29547851.0	0	51	0	6	0.0
EGAR00001420550_9002000001365253	0	LifeLinesDeep_2016	53.0	male	IlluminaHiSeq	Qiagen	37023408.0	0	129	0	18	0.0
EGAR00001420551_9002000001365670	0	LifeLinesDeep_2016	33.0	male	IlluminaHiSeq	Qiagen	23993115.0	0	123	0	15	0.0
EGAR00001420552_9002000001366054	0	LifeLinesDeep_2016	62.0	female	IlluminaHiSeq	Qiagen	24926280.0	0	90	0	10	0.0
EGAR00001420556_9002000001366850	0	LifeLinesDeep_2016	35.0	male	IlluminaHiSeq	Qiagen	18573010.0	1	30	1	2	0.0
EGAR00001420586_9002000001377460	0	LifeLinesDeep_2016	72.0	female	IlluminaHiSeq	Qiagen	26620000.0	1	107	1	13	0.0
EGAR00001420604_9002000001382110	0	LifeLinesDeep_2016	63.0	male	IlluminaHiSeq	Qiagen	35708411.0	0	36	0	4	0.0
EGAR00001420656_9002000001393857	0	LifeLinesDeep_2016	59.0	female	IlluminaHiSeq	Qiagen	44149355.0	1	65	1	7	0.0
EGAR00001420657_9002000001394021	0	LifeLinesDeep_2016	56.0	female	IlluminaHiSeq	Qiagen	37362335.0	0	81	0	7	0.0
EGAR00001420658_9002000001394077	0	LifeLinesDeep_2016	36.0	male	IlluminaHiSeq	Qiagen	25104556.0	0	95	0	9	0.0
EGAR00001420673_9002000001397660	0	LifeLinesDeep_2016	45.0	female	IlluminaHiSeq	Qiagen	18405937.0	1	133	1	18	0.0
EGAR00001420700_9002000001404594	0	LifeLinesDeep_2016	31.0	male	IlluminaHiSeq	Qiagen	70115245.0	0	85	0	12	0.0
EGAR00001420719_9002000001410009LL	0	LifeLinesDeep_2016	67.0	male	IlluminaHiSeq	Qiagen	30076960.0	1	61	1	9	0.0
EGAR00001420733_9002000001413397	0	LifeLinesDeep_2016	42.0	male	IlluminaHiSeq	Qiagen	24892982.0	0	92	0	13	0.0
EGAR00001420814_9002000001434682	0	LifeLinesDeep_2016	40.0	female	IlluminaHiSeq	Qiagen	17968875.0	0	64	0	6	0.0
EGAR00001420849_9002000001443600	0	LifeLinesDeep_2016	35.0	female	IlluminaHiSeq	Qiagen	29859891.0	0	136	0	16	0.0
EGAR00001420850_9002000001443716	0	LifeLinesDeep_2016	41.0	female	IlluminaHiSeq	Qiagen	33092335.0	1	122	1	14	0.0
EGAR00001420858_9002000001445194	0	LifeLinesDeep_2016	37.0	female	IlluminaHiSeq	Qiagen	25384745.0	1	118	1	19	0.0
EGAR00001420859_9002000001445318	0	LifeLinesDeep_2016	31.0	female	IlluminaHiSeq	Qiagen	45557093.0	1	91	1	10	0.0
EGAR00001420860_9002000001445425	0	LifeLinesDeep_2016	49.0	male	IlluminaHiSeq	Qiagen	41259997.0	1	37	1	3	0.0
EGAR00001420976_9002000001475729LL	0	LifeLinesDeep_2016	53.0	male	IlluminaHiSeq	Qiagen	24499072.0	0	78	0	8	0.0
EGAR00001420977_9002000001475747	0	LifeLinesDeep_2016	39.0	male	IlluminaHiSeq	Qiagen	65398288.0	1	45	1	4	0.0
EGAR00001421085_9002000001519968	0	LifeLinesDeep_2016	38.0	male	IlluminaHiSeq	Qiagen	19356333.0	0	95	0	12	0.0
EGAR00001421086_9002000001520388	0	LifeLinesDeep_2016	47.0	male	IlluminaHiSeq	Qiagen	33873553.0	0	87	0	9	0.0
EGAR00001421087_9002000001521222LL	0	LifeLinesDeep_2016	31.0	male	IlluminaHiSeq	Qiagen	26195859.0	1	74	1	5	0.0
EGAR00001420104_9002000001161852	0	LifeLinesDeep_2016	44.0	female	IlluminaHiSeq	Qiagen	34784023.0	1	92	1	13	0.0
EGAR00001420143_9002000001193373	0	LifeLinesDeep_2016	54.0	male	IlluminaHiSeq	Qiagen	32672729.0	1	118	1	17	0.0
EGAR00001420145_9002000001193909	0	LifeLinesDeep_2016	70.0	male	IlluminaHiSeq	Qiagen	19793882.0	1	82	1	6	0.0
EGAR00001420146_9002000001194325	0	LifeLinesDeep_2016	71.0	female	IlluminaHiSeq	Qiagen	46779528.0	0	151	0	12	0.0
EGAR00001420158_9002000001202875	0	LifeLinesDeep_2016	58.0	female	IlluminaHiSeq	Qiagen	29122565.0	0	72	0	11	0.0
EGAR00001420231_9002000001232275	0	LifeLinesDeep_2016	43.0	female	IlluminaHiSeq	Qiagen	26775924.0	0	119	0	15	0.0
EGAR00001420232_9002000001232570LL	0	LifeLinesDeep_2016	69.0	male	IlluminaHiSeq	Qiagen	27380247.0	1	110	1	15	0.0
EGAR00001420276_9002000001250317	0	LifeLinesDeep_2016	21.0	male	IlluminaHiSeq	Qiagen	17314154.0	0	54	0	6	0.0
EGAR00001420277_9002000001250513	0	LifeLinesDeep_2016	46.0	female	IlluminaHiSeq	Qiagen	30411398.0	1	99	1	14	0.0
EGAR00001420278_9002000001250738	0	LifeLinesDeep_2016	57.0	male	IlluminaHiSeq	Qiagen	36943141.0	0	75	0	10	0.0
EGAR00001420292_9002000001256590	0	LifeLinesDeep_2016	46.0	female	IlluminaHiSeq	Qiagen	90019920.0	1	88	1	16	0.0
EGAR00001420293_9002000001257031	0	LifeLinesDeep_2016	33.0	female	IlluminaHiSeq	Qiagen	21824267.0	0	130	0	14	0.0
EGAR00001420405_9002000001302692	0	LifeLinesDeep_2016	58.0	male	IlluminaHiSeq	Qiagen	37735621.0	1	133	1	13	0.0
EGAR00001420406_9002000001302932	0	LifeLinesDeep_2016	54.0	female	IlluminaHiSeq	Qiagen	40714052.0	1	77	1	13	0.0
EGAR00001420419_9002000001310371LL	0	LifeLinesDeep_2016	18.0	female	IlluminaHiSeq	Qiagen	41267818.0	1	47	1	4	0.0
EGAR00001420476_9002000001340370	0	LifeLinesDeep_2016	44.0	female	IlluminaHiSeq	Qiagen	18981464.0	1	33	1	7	0.0
EGAR00001420558_9002000001367560	0	LifeLinesDeep_2016	32.0	male	IlluminaHiSeq	Qiagen	32004820.0	0	94	0	7	0.0
EGAR00001420595_9002000001379740	0	LifeLinesDeep_2016	56.0	male	IlluminaHiSeq	Qiagen	48272250.0	0	57	0	5	0.0
EGAR00001420639_9002000001391220	0	LifeLinesDeep_2016	60.0	male	IlluminaHiSeq	Qiagen	22805938.0	1	104	1	14	0.0
EGAR00001420660_9002000001394578	0	LifeLinesDeep_2016	18.0	male	IlluminaHiSeq	Qiagen	47963030.0	1	72	1	8	0.0
EGAR00001420698_9002000001403452	0	LifeLinesDeep_2016	63.0	male	IlluminaHiSeq	Qiagen	29954071.0	1	182	1	24	0.0
EGAR00001420699_9002000001404066	0	LifeLinesDeep_2016	50.0	male	IlluminaHiSeq	Qiagen	27452636.0	1	108	1	13	0.0
EGAR00001420706_9002000001406680	0	LifeLinesDeep_2016	43.0	male	IlluminaHiSeq	Qiagen	54168735.0	0	54	0	6	0.0
EGAR00001420707_9002000001406700	0	LifeLinesDeep_2016	43.0	female	IlluminaHiSeq	Qiagen	46640646.0	1	76	1	9	0.0
EGAR00001420708_9002000001406893	0	LifeLinesDeep_2016	70.0	female	IlluminaHiSeq	Qiagen	29272921.0	1	35	1	5	0.0
EGAR00001420709_9002000001407430	0	LifeLinesDeep_2016	46.0	female	IlluminaHiSeq	Qiagen	42053380.0	1	136	2	15	0.0
EGAR00001420710_9002000001407620	0	LifeLinesDeep_2016	31.0	male	IlluminaHiSeq	Qiagen	26758072.0	1	94	1	11	0.0
EGAR00001420738_9002000001414420	0	LifeLinesDeep_2016	61.0	female	IlluminaHiSeq	Qiagen	20120215.0	0	38	0	5	0.0
EGAR00001420739_9002000001414966	0	LifeLinesDeep_2016	21.0	male	IlluminaHiSeq	Qiagen	29981256.0	1	130	1	13	0.0
EGAR00001420759_9002000001420847	0	LifeLinesDeep_2016	79.0	female	IlluminaHiSeq	Qiagen	46167165.0	0	141	0	15	0.0
EGAR00001420782_9002000001425650	0	LifeLinesDeep_2016	41.0	female	IlluminaHiSeq	Qiagen	36071742.0	1	89	2	12	0.0
EGAR00001420784_9002000001426090	0	LifeLinesDeep_2016	26.0	female	IlluminaHiSeq	Qiagen	41253818.0	0	42	0	4	0.0
EGAR00001420821_9002000001436220	0	LifeLinesDeep_2016	41.0	male	IlluminaHiSeq	Qiagen	33866909.0	0	64	0	6	0.0
EGAR00001420822_9002000001436794	0	LifeLinesDeep_2016	28.0	male	IlluminaHiSeq	Qiagen	22994734.0	0	47	0	5	0.0
EGAR00001420823_9002000001437192	0	LifeLinesDeep_2016	26.0	female	IlluminaHiSeq	Qiagen	25613653.0	1	63	1	8	0.0
EGAR00001420827_9002000001438055	0	LifeLinesDeep_2016	57.0	female	IlluminaHiSeq	Qiagen	43323296.0	1	131	1	17	0.0
EGAR00001420828_9002000001438180	0	LifeLinesDeep_2016	45.0	male	IlluminaHiSeq	Qiagen	24491824.0	1	133	1	14	0.0
EGAR00001420993_9002000001478767	0	LifeLinesDeep_2016	43.0	female	IlluminaHiSeq	Qiagen	43099630.0	1	74	1	9	0.0
EGAR00001421083_9002000001518970	0	LifeLinesDeep_2016	37.0	female	IlluminaHiSeq	Qiagen	24784739.0	0	87	0	11	0.0
EGAR00001421084_9002000001519681	0	LifeLinesDeep_2016	31.0	male	IlluminaHiSeq	Qiagen	27826108.0	1	46	1	4	0.0
EGAR00001421118_9002000001531238	0	LifeLinesDeep_2016	33.0	female	IlluminaHiSeq	Qiagen	30247267.0	0	120	0	13	0.0
EGAR00001421119_9002000001531363	0	LifeLinesDeep_2016	62.0	female	IlluminaHiSeq	Qiagen	26123919.0	1	50	1	8	0.0
EGAR00001421121_9002000001531940	0	LifeLinesDeep_2016	41.0	male	IlluminaHiSeq	Qiagen	28621973.0	1	39	1	4	0.0
EGAR00001421226_9002000001587485	0	LifeLinesDeep_2016	26.0	female	IlluminaHiSeq	Qiagen	27083192.0	0	39	0	3	0.0
EGAR00001421227_9002000001587770	0	LifeLinesDeep_2016	51.0	male	IlluminaHiSeq	Qiagen	32270555.0	1	78	1	10	0.0
EGAR00001421011_9002000001483622LL	0	LifeLinesDeep_2016	29.0	female	IlluminaHiSeq	Qiagen	34788473.0	1	19	2	4	0.0
EGAR00001421090_9002000001522382	0	LifeLinesDeep_2016	32.0	female	IlluminaHiSeq	Qiagen	47650416.0	0	134	1	15	0.0
EGAR00001421126_9002000001533288	0	LifeLinesDeep_2016	66.0	male	IlluminaHiSeq	Qiagen	38975130.0	1	100	1	13	0.0
EGAR00001421173_9002000001556570	0	LifeLinesDeep_2016	28.0	female	IlluminaHiSeq	Qiagen	22989543.0	0	108	0	13	0.0
EGAR00001421174_9002000001556710	0	LifeLinesDeep_2016	49.0	female	IlluminaHiSeq	Qiagen	28376964.0	0	112	0	12	0.0
EGAR00001421191_9002000001564560	0	LifeLinesDeep_2016	38.0	female	IlluminaHiSeq	Qiagen	43229308.0	0	84	0	8	0.0
EGAR00001421192_9002000001564945	0	LifeLinesDeep_2016	31.0	male	IlluminaHiSeq	Qiagen	43988854.0	0	104	0	14	0.0
EGAR00001421193_9002000001565405	0	LifeLinesDeep_2016	48.0	female	IlluminaHiSeq	Qiagen	22335359.0	1	34	1	5	0.0
EGAR00001421194_9002000001566360	0	LifeLinesDeep_2016	29.0	male	IlluminaHiSeq	Qiagen	36063466.0	1	51	1	5	0.0
EGAR00001420178_9002000001211023	0	LifeLinesDeep_2016	31.0	female	IlluminaHiSeq	Qiagen	38965204.0	0	107	0	8	0.0
EGAR00001420251_9002000001240419	0	LifeLinesDeep_2016	51.0	female	IlluminaHiSeq	Qiagen	47884233.0	1	102	1	11	0.0
EGAR00001420254_9002000001241111	0	LifeLinesDeep_2016	61.0	female	IlluminaHiSeq	Qiagen	34678156.0	0	116	0	13	0.0
EGAR00001420410_9002000001304015	0	LifeLinesDeep_2016	46.0	female	IlluminaHiSeq	Qiagen	27193762.0	0	51	0	7	0.0
EGAR00001420412_9002000001304937LL	0	LifeLinesDeep_2016	28.0	female	IlluminaHiSeq	Qiagen	22371600.0	0	88	0	10	0.0
EGAR00001420413_9002000001305237	0	LifeLinesDeep_2016	55.0	male	IlluminaHiSeq	Qiagen	63828856.0	0	165	0	19	0.0
EGAR00001420587_9002000001377630	0	LifeLinesDeep_2016	54.0	female	IlluminaHiSeq	Qiagen	38950890.0	1	115	2	13	0.0
EGAR00001420857_9002000001445087	0	LifeLinesDeep_2016	45.0	female	IlluminaHiSeq	Qiagen	33814692.0	0	161	0	15	0.0
EGAR00001420899_9002000001454587LL	0	LifeLinesDeep_2016	57.0	female	IlluminaHiSeq	Qiagen	36937921.0	1	59	1	9	0.0
EGAR00001421013_9002000001484871	0	LifeLinesDeep_2016	34.0	female	IlluminaHiSeq	Qiagen	50497763.0	1	133	1	14	0.0
EGAR00001421014_9002000001484933	0	LifeLinesDeep_2016	34.0	male	IlluminaHiSeq	Qiagen	20100683.0	1	94	1	8	0.0
EGAR00001421168_9002000001554537	0	LifeLinesDeep_2016	23.0	female	IlluminaHiSeq	Qiagen	40498113.0	1	107	1	12	0.0
EGAR00001421033_9002000001491867	0	LifeLinesDeep_2016	37.0	female	IlluminaHiSeq	Qiagen	27177477.0	0	38	0	3	0.0
EGAR00001420152_9002000001198001	0	LifeLinesDeep_2016	44.0	female	IlluminaHiSeq	Qiagen	43053960.0	0	95	0	12	0.0
EGAR00001420402_9002000001301588	0	LifeLinesDeep_2016	60.0	male	IlluminaHiSeq	Qiagen	101846912.0	1	103	1	16	0.0
EGAR00001420505_9002000001350789	0	LifeLinesDeep_2016	46.0	male	IlluminaHiSeq	Qiagen	37219354.0	0	61	0	9	0.0
EGAR00001420506_9002000001350920	0	LifeLinesDeep_2016	55.0	female	IlluminaHiSeq	Qiagen	56764605.0	1	76	1	6	0.0
EGAR00001420615_9002000001384880	0	LifeLinesDeep_2016	52.0	male	IlluminaHiSeq	Qiagen	41343606.0	0	69	0	10	0.0
EGAR00001420720_9002000001410321	0	LifeLinesDeep_2016	38.0	female	IlluminaHiSeq	Qiagen	90031369.0	0	119	0	16	0.0
EGAR00001420721_9002000001410650	0	LifeLinesDeep_2016	55.0	female	IlluminaHiSeq	Qiagen	30890694.0	1	167	1	20	0.0
EGAR00001420722_9002000001410920	0	LifeLinesDeep_2016	43.0	female	IlluminaHiSeq	Qiagen	29855714.0	0	64	0	8	0.0
EGAR00001420723_9002000001411006	0	LifeLinesDeep_2016	29.0	female	IlluminaHiSeq	Qiagen	24175913.0	1	67	1	10	0.0
EGAR00001420724_9002000001411015	0	LifeLinesDeep_2016	45.0	female	IlluminaHiSeq	Qiagen	36402590.0	0	106	0	11	0.0
EGAR00001420835_9002000001439526	0	LifeLinesDeep_2016	41.0	male	IlluminaHiSeq	Qiagen	43134219.0	1	140	1	17	0.0
EGAR00001420836_9002000001439850	0	LifeLinesDeep_2016	30.0	female	IlluminaHiSeq	Qiagen	33564276.0	1	128	1	16	0.0
EGAR00001420972_9002000001473742	0	LifeLinesDeep_2016	71.0	male	IlluminaHiSeq	Qiagen	39003367.0	1	109	1	14	0.0
EGAR00001421115_9002000001530580	0	LifeLinesDeep_2016	48.0	male	IlluminaHiSeq	Qiagen	28728079.0	0	151	0	19	0.0
EGAR00001421203_9002000001572150	0	LifeLinesDeep_2016	60.0	female	IlluminaHiSeq	Qiagen	30336950.0	0	102	0	11	0.0
EGAR00001421204_9002000001572713	0	LifeLinesDeep_2016	30.0	male	IlluminaHiSeq	Qiagen	75639445.0	1	111	1	14	0.0
EGAR00001421143_9002000001542302	0	LifeLinesDeep_2016	47.0	male	IlluminaHiSeq	Qiagen	36751807.0	0	95	0	14	0.0
EGAR00001421144_9002000001542350	0	LifeLinesDeep_2016	53.0	female	IlluminaHiSeq	Qiagen	35700889.0	0	138	0	13	0.0
EGAR00001421209_9002000001574290	0	LifeLinesDeep_2016	47.0	female	IlluminaHiSeq	Qiagen	32018370.0	1	113	1	17	0.0
EGAR00001421210_9002000001575199	0	LifeLinesDeep_2016	50.0	female	IlluminaHiSeq	Qiagen	34125935.0	0	128	0	14	0.0
EGAR00001421211_9002000001576552	0	LifeLinesDeep_2016	50.0	male	IlluminaHiSeq	Qiagen	24704844.0	0	109	0	14	0.0
EGAR00001421212_9002000001576820	0	LifeLinesDeep_2016	35.0	male	IlluminaHiSeq	Qiagen	31299679.0	1	170	1	21	0.0
EGAR00001421213_9002000001577190	0	LifeLinesDeep_2016	74.0	male	IlluminaHiSeq	Qiagen	45258274.0	1	128	2	14	0.0
EGAR00001421042_9002000001495848	0	LifeLinesDeep_2016	60.0	male	IlluminaHiSeq	Qiagen	23869223.0	1	129	1	16	0.0
EGAR00001421188_9002000001564060	0	LifeLinesDeep_2016	33.0	male	IlluminaHiSeq	Qiagen	36056950.0	1	85	1	10	0.0
EGAR00001420123_9002000001179490	0	LifeLinesDeep_2016	41.0	female	IlluminaHiSeq	Qiagen	27993519.0	1	159	1	24	0.0
EGAR00001420141_9002000001191860	0	LifeLinesDeep_2016	49.0	female	IlluminaHiSeq	Qiagen	41262891.0	0	68	0	6	0.0
EGAR00001420242_9002000001235670	0	LifeLinesDeep_2016	32.0	female	IlluminaHiSeq	Qiagen	79809914.0	1	68	1	5	0.0
EGAR00001420312_9002000001263816	0	LifeLinesDeep_2016	34.0	male	IlluminaHiSeq	Qiagen	33473007.0	0	36	0	4	0.0
EGAR00001420377_9002000001286534	0	LifeLinesDeep_2016	34.0	female	IlluminaHiSeq	Qiagen	30428135.0	0	61	0	8	0.0
EGAR00001420407_9002000001303134	0	LifeLinesDeep_2016	49.0	male	IlluminaHiSeq	Qiagen	22281284.0	0	126	0	16	0.0
EGAR00001420408_9002000001303377	0	LifeLinesDeep_2016	23.0	female	IlluminaHiSeq	Qiagen	30260847.0	1	43	1	6	0.0
EGAR00001420409_9002000001303715	0	LifeLinesDeep_2016	43.0	female	IlluminaHiSeq	Qiagen	39525801.0	0	63	0	7	0.0
EGAR00001420422_9002000001315331	0	LifeLinesDeep_2016	41.0	male	IlluminaHiSeq	Qiagen	29779436.0	1	55	1	7	0.0
EGAR00001420423_9002000001316034	0	LifeLinesDeep_2016	32.0	male	IlluminaHiSeq	Qiagen	33242888.0	1	50	2	5	0.0
EGAR00001420424_9002000001316393	0	LifeLinesDeep_2016	28.0	female	IlluminaHiSeq	Qiagen	40725746.0	1	62	1	6	0.0
EGAR00001420425_9002000001317069	0	LifeLinesDeep_2016	55.0	female	IlluminaHiSeq	Qiagen	32275144.0	1	83	1	10	0.0
EGAR00001420475_9002000001339905	0	LifeLinesDeep_2016	49.0	male	IlluminaHiSeq	Qiagen	24879075.0	0	58	0	6	0.0
EGAR00001420594_9002000001379650	0	LifeLinesDeep_2016	56.0	female	IlluminaHiSeq	Qiagen	26109717.0	1	83	1	11	0.0
EGAR00001420596_9002000001380210	0	LifeLinesDeep_2016	49.0	female	IlluminaHiSeq	Qiagen	45363049.0	1	90	1	11	0.0
EGAR00001420597_9002000001380545	0	LifeLinesDeep_2016	36.0	male	IlluminaHiSeq	Qiagen	75217158.0	0	84	0	11	0.0
EGAR00001420598_9002000001380625	0	LifeLinesDeep_2016	39.0	female	IlluminaHiSeq	Qiagen	35287383.0	0	64	0	7	0.0
EGAR00001420599_9002000001380900	0	LifeLinesDeep_2016	39.0	female	IlluminaHiSeq	Qiagen	33713157.0	0	196	0	19	0.0
EGAR00001420607_9002000001383108	0	LifeLinesDeep_2016	35.0	female	IlluminaHiSeq	Qiagen	23680259.0	1	102	1	9	0.0
EGAR00001420702_9002000001405564	0	LifeLinesDeep_2016	49.0	male	IlluminaHiSeq	Qiagen	38491116.0	0	35	0	6	0.0
EGAR00001420703_9002000001405958	0	LifeLinesDeep_2016	37.0	female	IlluminaHiSeq	Qiagen	27901651.0	0	115	0	13	0.0
EGAR00001420718_9002000001409895	0	LifeLinesDeep_2016	22.0	female	IlluminaHiSeq	Qiagen	30066908.0	1	104	1	11	0.0
EGAR00001420820_9002000001435877	0	LifeLinesDeep_2016	38.0	male	IlluminaHiSeq	Qiagen	26591913.0	0	43	0	3	0.0
EGAR00001420881_9002000001450040	0	LifeLinesDeep_2016	33.0	female	IlluminaHiSeq	Qiagen	32370224.0	1	116	2	13	0.0
EGAR00001420902_9002000001455207	0	LifeLinesDeep_2016	31.0	male	IlluminaHiSeq	Qiagen	29067295.0	0	61	0	6	0.0
EGAR00001420998_9002000001480326	0	LifeLinesDeep_2016	48.0	female	IlluminaHiSeq	Qiagen	45824495.0	0	56	0	6	0.0
EGAR00001421002_9002000001480999LL	0	LifeLinesDeep_2016	59.0	male	IlluminaHiSeq	Qiagen	22708033.0	1	135	1	8	0.0
EGAR00001421006_9002000001482536	0	LifeLinesDeep_2016	49.0	male	IlluminaHiSeq	Qiagen	43907757.0	1	66	1	8	0.0
EGAR00001421156_9002000001548763	0	LifeLinesDeep_2016	45.0	female	IlluminaHiSeq	Qiagen	25351646.0	1	34	1	4	0.0
EGAR00001421157_9002000001549564	0	LifeLinesDeep_2016	43.0	female	IlluminaHiSeq	Qiagen	37695598.0	1	53	1	10	0.0
EGAR00001421158_9002000001549896	0	LifeLinesDeep_2016	61.0	female	IlluminaHiSeq	Qiagen	49432885.0	1	177	2	17	0.0
EGAR00001421159_9002000001550654	0	LifeLinesDeep_2016	45.0	male	IlluminaHiSeq	Qiagen	42275887.0	0	38	0	6	0.0
EGAR00001421160_9002000001551016	0	LifeLinesDeep_2016	52.0	male	IlluminaHiSeq	Qiagen	44521754.0	0	171	0	17	0.0
EGAR00001421217_9002000001582170	0	LifeLinesDeep_2016	38.0	female	IlluminaHiSeq	Qiagen	51079260.0	1	110	1	14	0.0
EGAR00001420914_9002000001458156	0	LifeLinesDeep_2016	28.0	female	IlluminaHiSeq	Qiagen	33344567.0	1	76	1	7	0.0
EGAR00001420915_9002000001458530	0	LifeLinesDeep_2016	65.0	female	IlluminaHiSeq	Qiagen	39808992.0	0	137	0	17	0.0
EGAR00001420964_9002000001472324	0	LifeLinesDeep_2016	34.0	male	IlluminaHiSeq	Qiagen	34318888.0	1	107	1	11	0.0
EGAR00001420965_9002000001472585	0	LifeLinesDeep_2016	39.0	female	IlluminaHiSeq	Qiagen	26182489.0	0	104	0	14	0.0
EGAR00001420968_9002000001473072	0	LifeLinesDeep_2016	29.0	female	IlluminaHiSeq	Qiagen	35388108.0	1	58	1	5	0.0
EGAR00001421078_9002000001515593	0	LifeLinesDeep_2016	56.0	male	IlluminaHiSeq	Qiagen	34772926.0	1	49	1	3	0.0
EGAR00001421079_9002000001516607	0	LifeLinesDeep_2016	40.0	female	IlluminaHiSeq	Qiagen	26584802.0	0	151	0	16	0.0
EGAR00001421224_9002000001587270	0	LifeLinesDeep_2016	25.0	female	IlluminaHiSeq	Qiagen	42560810.0	0	115	0	15	0.0
EGAR00001421225_9002000001587322	0	LifeLinesDeep_2016	50.0	female	IlluminaHiSeq	Qiagen	67222115.0	1	31	1	3	0.0
EGAR00001420438_9002000001323816	0	LifeLinesDeep_2016	23.0	male	IlluminaHiSeq	Qiagen	51556378.0	1	104	1	13	0.0
EGAR00001420471_9002000001339001	0	LifeLinesDeep_2016	78.0	female	IlluminaHiSeq	Qiagen	42422026.0	1	49	1	6	0.0
EGAR00001420633_9002000001390280	0	LifeLinesDeep_2016	32.0	female	IlluminaHiSeq	Qiagen	44011312.0	0	66	0	10	0.0
EGAR00001420634_9002000001390345	0	LifeLinesDeep_2016	34.0	male	IlluminaHiSeq	Qiagen	30860422.0	1	43	1	5	0.0
EGAR00001420668_9002000001395539	0	LifeLinesDeep_2016	27.0	male	IlluminaHiSeq	Qiagen	61091353.0	1	144	1	16	0.0
EGAR00001420669_9002000001395575	0	LifeLinesDeep_2016	79.0	male	IlluminaHiSeq	Qiagen	31684884.0	1	135	1	18	0.0
EGAR00001420670_9002000001396360	0	LifeLinesDeep_2016	36.0	female	IlluminaHiSeq	Qiagen	28937792.0	0	112	0	8	0.0
EGAR00001420770_9002000001423517	0	LifeLinesDeep_2016	59.0	male	IlluminaHiSeq	Qiagen	24825705.0	0	49	0	8	0.0
EGAR00001420804_9002000001431520	0	LifeLinesDeep_2016	27.0	male	IlluminaHiSeq	Qiagen	29994347.0	0	97	1	11	0.0
EGAR00001420884_9002000001451540	0	LifeLinesDeep_2016	48.0	male	IlluminaHiSeq	Qiagen	20524521.0	0	151	0	18	0.0
EGAR00001420905_9002000001455931	0	LifeLinesDeep_2016	57.0	female	IlluminaHiSeq	Qiagen	53852831.0	1	121	1	12	0.0
EGAR00001421162_9002000001551947	0	LifeLinesDeep_2016	62.0	female	IlluminaHiSeq	Qiagen	38102517.0	0	75	0	11	0.0
EGAR00001421163_9002000001552480	0	LifeLinesDeep_2016	46.0	female	IlluminaHiSeq	Qiagen	35805662.0	1	72	1	7	0.0
EGAR00001420108_9002000001167186	0	LifeLinesDeep_2016	28.0	male	IlluminaHiSeq	Qiagen	34465398.0	0	62	0	12	0.0
EGAR00001420138_9002000001190077	0	LifeLinesDeep_2016	63.0	male	IlluminaHiSeq	Qiagen	35066780.0	1	42	1	3	0.0
EGAR00001420140_9002000001191584	0	LifeLinesDeep_2016	41.0	male	IlluminaHiSeq	Qiagen	42921923.0	1	176	2	22	0.0
EGAR00001420219_9002000001228094	0	LifeLinesDeep_2016	64.0	female	IlluminaHiSeq	Qiagen	71321083.0	0	41	0	5	0.0
EGAR00001420220_9002000001228174	0	LifeLinesDeep_2016	41.0	male	IlluminaHiSeq	Qiagen	37756687.0	0	33	0	4	0.0
EGAR00001420238_9002000001234064	0	LifeLinesDeep_2016	56.0	female	IlluminaHiSeq	Qiagen	16086419.0	0	64	0	8	0.0
EGAR00001420241_9002000001235221	0	LifeLinesDeep_2016	32.0	female	IlluminaHiSeq	Qiagen	28145778.0	0	57	1	6	0.0
EGAR00001420265_9002000001244866	0	LifeLinesDeep_2016	26.0	male	IlluminaHiSeq	Qiagen	67791910.0	0	31	0	4	0.0
EGAR00001420266_9002000001245890	0	LifeLinesDeep_2016	27.0	male	IlluminaHiSeq	Qiagen	60753431.0	1	119	1	14	0.0
EGAR00001420305_9002000001261704	0	LifeLinesDeep_2016	71.0	male	IlluminaHiSeq	Qiagen	20089692.0	0	111	0	12	0.0
EGAR00001420306_9002000001262004	0	LifeLinesDeep_2016	64.0	female	IlluminaHiSeq	Qiagen	27798526.0	1	71	1	8	0.0
EGAR00001420307_9002000001262158	0	LifeLinesDeep_2016	52.0	male	IlluminaHiSeq	Qiagen	32112546.0	1	108	1	15	0.0
EGAR00001420308_9002000001262194	0	LifeLinesDeep_2016	48.0	female	IlluminaHiSeq	Qiagen	34707085.0	1	132	1	10	0.0
EGAR00001420366_9002000001282052	0	LifeLinesDeep_2016	42.0	female	IlluminaHiSeq	Qiagen	39438401.0	1	123	1	12	0.0
EGAR00001420391_9002000001295785	0	LifeLinesDeep_2016	48.0	female	IlluminaHiSeq	Qiagen	31716554.0	1	142	1	13	0.0
EGAR00001420392_9002000001296209	0	LifeLinesDeep_2016	49.0	male	IlluminaHiSeq	Qiagen	48586148.0	0	98	1	12	0.0
EGAR00001420450_9002000001333492	0	LifeLinesDeep_2016	26.0	female	IlluminaHiSeq	Qiagen	55072459.0	1	92	1	5	0.0
EGAR00001420503_9002000001350303	0	LifeLinesDeep_2016	70.0	male	IlluminaHiSeq	Qiagen	33153868.0	0	150	0	19	0.0
EGAR00001420504_9002000001350528	0	LifeLinesDeep_2016	68.0	female	IlluminaHiSeq	Qiagen	66483936.0	1	137	1	16	0.0
EGAR00001420516_9002000001354198	0	LifeLinesDeep_2016	30.0	male	IlluminaHiSeq	Qiagen	26276410.0	1	69	1	9	0.0
EGAR00001420517_9002000001354400	0	LifeLinesDeep_2016	43.0	male	IlluminaHiSeq	Qiagen	31210674.0	1	146	1	13	0.0
EGAR00001420579_9002000001374735	0	LifeLinesDeep_2016	50.0	male	IlluminaHiSeq	Qiagen	27220116.0	0	79	0	10	0.0
EGAR00001420580_9002000001375110	0	LifeLinesDeep_2016	66.0	male	IlluminaHiSeq	Qiagen	29547037.0	0	151	0	16	0.0
EGAR00001420600_9002000001381370	0	LifeLinesDeep_2016	49.0	female	IlluminaHiSeq	Qiagen	29171457.0	1	117	1	11	0.0
EGAR00001420705_9002000001406340	0	LifeLinesDeep_2016	55.0	female	IlluminaHiSeq	Qiagen	25238710.0	0	75	0	12	0.0
EGAR00001420729_9002000001412150	0	LifeLinesDeep_2016	66.0	female	IlluminaHiSeq	Qiagen	31607522.0	0	97	0	7	0.0
EGAR00001420831_9002000001438940	0	LifeLinesDeep_2016	41.0	female	IlluminaHiSeq	Qiagen	54570193.0	0	123	0	13	0.0
EGAR00001420843_9002000001441150	0	LifeLinesDeep_2016	41.0	female	IlluminaHiSeq	Qiagen	29813098.0	1	165	1	18	0.0
EGAR00001420844_9002000001441266	0	LifeLinesDeep_2016	35.0	female	IlluminaHiSeq	Qiagen	25086012.0	0	141	0	11	0.0
EGAR00001420866_9002000001446807	0	LifeLinesDeep_2016	49.0	female	IlluminaHiSeq	Qiagen	29317737.0	0	108	0	10	0.0
EGAR00001420876_9002000001448427	0	LifeLinesDeep_2016	28.0	female	IlluminaHiSeq	Qiagen	46871990.0	0	80	0	4	0.0
EGAR00001420906_9002000001456320	0	LifeLinesDeep_2016	21.0	female	IlluminaHiSeq	Qiagen	33225418.0	0	95	0	13	0.0
EGAR00001420935_9002000001462829	0	LifeLinesDeep_2016	52.0	female	IlluminaHiSeq	Qiagen	31067734.0	0	142	0	15	0.0
EGAR00001421034_9002000001492917	0	LifeLinesDeep_2016	46.0	female	IlluminaHiSeq	Qiagen	36781277.0	1	65	1	7	0.0
EGAR00001421035_9002000001492953	0	LifeLinesDeep_2016	47.0	female	IlluminaHiSeq	Qiagen	30214004.0	0	70	0	10	0.0
EGAR00001420119_9002000001178386	0	LifeLinesDeep_2016	42.0	male	IlluminaHiSeq	Qiagen	45230287.0	0	62	0	7	0.0
EGAR00001420273_9002000001249076	0	LifeLinesDeep_2016	44.0	male	IlluminaHiSeq	Qiagen	48004663.0	1	124	1	11	0.0
EGAR00001420389_9002000001295079	0	LifeLinesDeep_2016	35.0	male	IlluminaHiSeq	Qiagen	48624834.0	1	145	1	16	0.0
EGAR00001420390_9002000001295598	0	LifeLinesDeep_2016	24.0	female	IlluminaHiSeq	Qiagen	42747948.0	0	100	0	10	0.0
EGAR00001420418_9002000001308622	0	LifeLinesDeep_2016	53.0	male	IlluminaHiSeq	Qiagen	29051912.0	1	65	1	11	0.0
EGAR00001420431_9002000001321910	0	LifeLinesDeep_2016	36.0	female	IlluminaHiSeq	Qiagen	22662459.0	1	58	1	6	0.0
EGAR00001420499_9002000001349142LL	0	LifeLinesDeep_2016	58.0	female	IlluminaHiSeq	Qiagen	43943972.0	0	159	0	18	0.0
EGAR00001420545_9002000001362020	0	LifeLinesDeep_2016	31.0	female	IlluminaHiSeq	Qiagen	54990975.0	1	23	1	3	0.0
EGAR00001420546_9002000001362500	0	LifeLinesDeep_2016	21.0	female	IlluminaHiSeq	Qiagen	35734988.0	0	88	0	8	0.0
EGAR00001420566_9002000001370100	0	LifeLinesDeep_2016	30.0	male	IlluminaHiSeq	Qiagen	25593314.0	1	64	1	8	0.0
EGAR00001420589_9002000001378270	0	LifeLinesDeep_2016	18.0	male	IlluminaHiSeq	Qiagen	49630582.0	1	57	1	4	0.0
EGAR00001420590_9002000001378550	0	LifeLinesDeep_2016	21.0	male	IlluminaHiSeq	Qiagen	81931044.0	0	78	0	8	0.0
EGAR00001420716_9002000001409509	0	LifeLinesDeep_2016	64.0	female	IlluminaHiSeq	Qiagen	30111499.0	0	48	0	8	0.0
EGAR00001420717_9002000001409625	0	LifeLinesDeep_2016	43.0	female	IlluminaHiSeq	Qiagen	37366840.0	1	35	1	4	0.0
EGAR00001420730_9002000001412424LL	0	LifeLinesDeep_2016	18.0	male	IlluminaHiSeq	Qiagen	17700856.0	0	115	0	10	0.0
EGAR00001420788_9002000001426789	0	LifeLinesDeep_2016	26.0	female	IlluminaHiSeq	Qiagen	31859070.0	0	65	0	6	0.0
EGAR00001420792_9002000001427580	0	LifeLinesDeep_2016	48.0	female	IlluminaHiSeq	Qiagen	54923049.0	1	136	1	18	0.0
EGAR00001420793_9002000001427900	0	LifeLinesDeep_2016	56.0	male	IlluminaHiSeq	Qiagen	36243556.0	1	70	1	6	0.0
EGAR00001420794_9002000001428390	0	LifeLinesDeep_2016	22.0	female	IlluminaHiSeq	Qiagen	42486573.0	1	159	1	20	0.0
EGAR00001420870_9002000001447564	0	LifeLinesDeep_2016	54.0	male	IlluminaHiSeq	Qiagen	27232904.0	0	111	0	17	0.0
EGAR00001420900_9002000001454910	0	LifeLinesDeep_2016	47.0	male	IlluminaHiSeq	Qiagen	53447564.0	1	106	1	16	0.0
EGAR00001420901_9002000001454943	0	LifeLinesDeep_2016	65.0	female	IlluminaHiSeq	Qiagen	37923265.0	1	198	1	18	0.0
EGAR00001420904_9002000001455922	0	LifeLinesDeep_2016	55.0	female	IlluminaHiSeq	Qiagen	27572263.0	0	69	0	9	0.0
EGAR00001420942_9002000001464340LL	0	LifeLinesDeep_2016	72.0	female	IlluminaHiSeq	Qiagen	33003325.0	0	123	0	13	0.0
EGAR00001420943_9002000001464387	0	LifeLinesDeep_2016	51.0	male	IlluminaHiSeq	Qiagen	36296839.0	0	121	0	16	0.0
EGAR00001420944_9002000001464609	0	LifeLinesDeep_2016	55.0	female	IlluminaHiSeq	Qiagen	43462325.0	1	5	1	3	0.0
EGAR00001420951_9002000001466505	0	LifeLinesDeep_2016	64.0	female	IlluminaHiSeq	Qiagen	27220130.0	0	75	0	7	0.0
EGAR00001420956_9002000001468813	0	LifeLinesDeep_2016	39.0	male	IlluminaHiSeq	Qiagen	49856199.0	1	31	1	3	0.0
EGAR00001420969_9002000001473223	0	LifeLinesDeep_2016	42.0	male	IlluminaHiSeq	Qiagen	71871992.0	0	161	0	17	0.0
EGAR00001420970_9002000001473241	0	LifeLinesDeep_2016	41.0	male	IlluminaHiSeq	Qiagen	26996416.0	0	66	0	7	0.0
EGAR00001420971_9002000001473555LL	0	LifeLinesDeep_2016	50.0	female	IlluminaHiSeq	Qiagen	27469262.0	1	63	1	10	0.0
EGAR00001420975_9002000001474580	0	LifeLinesDeep_2016	49.0	female	IlluminaHiSeq	Qiagen	29840241.0	1	86	1	10	0.0
EGAR00001420980_9002000001476074	0	LifeLinesDeep_2016	47.0	male	IlluminaHiSeq	Qiagen	43044329.0	0	140	0	18	0.0
EGAR00001420986_9002000001477160	0	LifeLinesDeep_2016	28.0	male	IlluminaHiSeq	Qiagen	39810405.0	1	75	1	8	0.0
EGAR00001420987_9002000001477438	0	LifeLinesDeep_2016	45.0	male	IlluminaHiSeq	Qiagen	43090635.0	0	39	0	3	0.0
EGAR00001420988_9002000001477607LL	0	LifeLinesDeep_2016	22.0	female	IlluminaHiSeq	Qiagen	21318216.0	0	104	0	13	0.0
EGAR00001420992_9002000001478103	0	LifeLinesDeep_2016	73.0	female	IlluminaHiSeq	Qiagen	30958559.0	0	54	0	9	0.0
EGAR00001421072_9002000001510962	0	LifeLinesDeep_2016	49.0	female	IlluminaHiSeq	Qiagen	51269784.0	0	36	0	3	0.0
EGAR00001421105_9002000001527093	0	LifeLinesDeep_2016	68.0	male	IlluminaHiSeq	Qiagen	35965077.0	0	179	0	21	0.0
EGAR00001421106_9002000001527262	0	LifeLinesDeep_2016	62.0	male	IlluminaHiSeq	Qiagen	62547075.0	1	99	1	11	0.0
EGAR00001421107_9002000001527647	0	LifeLinesDeep_2016	65.0	female	IlluminaHiSeq	Qiagen	35466668.0	0	91	0	9	0.0
EGAR00001421108_9002000001528090	0	LifeLinesDeep_2016	69.0	female	IlluminaHiSeq	Qiagen	32178612.0	1	65	1	8	0.0
EGAR00001421110_9002000001528789	0	LifeLinesDeep_2016	25.0	female	IlluminaHiSeq	Qiagen	53569784.0	1	66	1	6	0.0
EGAR00001421112_9002000001529991	0	LifeLinesDeep_2016	40.0	female	IlluminaHiSeq	Qiagen	31932980.0	0	139	0	14	0.0
EGAR00001421113_9002000001530437	0	LifeLinesDeep_2016	48.0	female	IlluminaHiSeq	Qiagen	34888139.0	1	180	1	21	0.0
EGAR00001421123_9002000001532389	0	LifeLinesDeep_2016	60.0	female	IlluminaHiSeq	Qiagen	27389139.0	0	115	0	13	0.0
EGAR00001421125_9002000001532830	0	LifeLinesDeep_2016	66.0	female	IlluminaHiSeq	Qiagen	36385956.0	0	118	0	10	0.0
EGAR00001421128_9002000001534285	0	LifeLinesDeep_2016	51.0	female	IlluminaHiSeq	Qiagen	31317889.0	1	84	1	11	0.0
EGAR00001421129_9002000001535130	0	LifeLinesDeep_2016	47.0	male	IlluminaHiSeq	Qiagen	26775717.0	1	100	1	15	0.0
EGAR00001421133_9002000001537035	0	LifeLinesDeep_2016	26.0	female	IlluminaHiSeq	Qiagen	33263317.0	0	24	0	4	0.0
EGAR00001421137_9002000001539090	0	LifeLinesDeep_2016	45.0	male	IlluminaHiSeq	Qiagen	37294693.0	0	57	0	10	0.0
EGAR00001421138_9002000001539129	0	LifeLinesDeep_2016	28.0	female	IlluminaHiSeq	Qiagen	79651396.0	1	73	1	9	0.0
EGAR00001421139_9002000001540676	0	LifeLinesDeep_2016	41.0	female	IlluminaHiSeq	Qiagen	33472768.0	1	159	1	19	0.0
EGAR00001421142_9002000001541930	0	LifeLinesDeep_2016	68.0	male	IlluminaHiSeq	Qiagen	27319688.0	0	109	0	14	0.0
EGAR00001421145_9002000001542732	0	LifeLinesDeep_2016	47.0	female	IlluminaHiSeq	Qiagen	37319735.0	0	96	0	10	0.0
EGAR00001421146_9002000001542895	0	LifeLinesDeep_2016	20.0	male	IlluminaHiSeq	Qiagen	32625601.0	1	106	1	11	0.0
EGAR00001421215_9002000001580090	0	LifeLinesDeep_2016	49.0	female	IlluminaHiSeq	Qiagen	47579172.0	1	193	1	19	0.0
EGAR00001421216_9002000001580537	0	LifeLinesDeep_2016	35.0	male	IlluminaHiSeq	Qiagen	44061564.0	0	121	0	13	0.0
EGAR00001421230_9002000001589069	0	LifeLinesDeep_2016	64.0	female	IlluminaHiSeq	Qiagen	20497236.0	0	79	0	11	0.0
EGAR00001421231_9002000001589140	0	LifeLinesDeep_2016	62.0	male	IlluminaHiSeq	Qiagen	31938274.0	1	80	1	14	0.0
EGAR00001420226_9002000001230646	0	LifeLinesDeep_2016	41.0	male	IlluminaHiSeq	Qiagen	44151139.0	1	117	1	14	0.0
EGAR00001420378_9002000001287012	0	LifeLinesDeep_2016	43.0	female	IlluminaHiSeq	Qiagen	25762308.0	1	37	1	7	0.0
EGAR00001420379_9002000001287540	0	LifeLinesDeep_2016	48.0	female	IlluminaHiSeq	Qiagen	39504018.0	1	117	1	16	0.0
EGAR00001420380_9002000001288118	0	LifeLinesDeep_2016	56.0	female	IlluminaHiSeq	Qiagen	28468919.0	1	78	1	5	0.0
EGAR00001420521_9002000001355328	0	LifeLinesDeep_2016	26.0	female	IlluminaHiSeq	Qiagen	31517173.0	0	67	0	7	0.0
EGAR00001420605_9002000001382817	0	LifeLinesDeep_2016	59.0	female	IlluminaHiSeq	Qiagen	36315879.0	0	91	0	7	0.0
EGAR00001420606_9002000001382835	0	LifeLinesDeep_2016	58.0	male	IlluminaHiSeq	Qiagen	30119321.0	1	89	1	11	0.0
EGAR00001420941_9002000001464171	0	LifeLinesDeep_2016	37.0	male	IlluminaHiSeq	Qiagen	36642079.0	1	108	1	14	0.0
EGAR00001420999_9002000001480470	0	LifeLinesDeep_2016	48.0	male	IlluminaHiSeq	Qiagen	26179518.0	1	149	1	18	0.0
EGAR00001421000_9002000001480836	0	LifeLinesDeep_2016	40.0	female	IlluminaHiSeq	Qiagen	21853010.0	1	81	1	12	0.0
EGAR00001421070_9002000001509470	0	LifeLinesDeep_2016	52.0	male	IlluminaHiSeq	Qiagen	25825520.0	1	31	1	4	0.0
EGAR00001421071_9002000001510130	0	LifeLinesDeep_2016	43.0	female	IlluminaHiSeq	Qiagen	22442947.0	0	67	0	8	0.0
EGAR00001421140_9002000001541243	0	LifeLinesDeep_2016	43.0	female	IlluminaHiSeq	Qiagen	40672334.0	1	61	1	7	0.0
EGAR00001421141_9002000001541299	0	LifeLinesDeep_2016	45.0	male	IlluminaHiSeq	Qiagen	40497998.0	1	130	1	12	0.0
EGAR00001420121_9002000001178680	0	LifeLinesDeep_2016	50.0	female	IlluminaHiSeq	Qiagen	29243555.0	1	48	1	8	0.0
EGAR00001420124_9002000001179937	0	LifeLinesDeep_2016	31.0	female	IlluminaHiSeq	Qiagen	25797979.0	1	144	1	15	0.0
EGAR00001420230_9002000001232168	0	LifeLinesDeep_2016	62.0	male	IlluminaHiSeq	Qiagen	27211754.0	1	125	2	16	0.0
EGAR00001420280_9002000001251520	0	LifeLinesDeep_2016	36.0	female	IlluminaHiSeq	Qiagen	26387196.0	1	98	1	16	0.0
EGAR00001420281_9002000001251593	0	LifeLinesDeep_2016	33.0	female	IlluminaHiSeq	Qiagen	41438107.0	0	90	0	12	0.0
EGAR00001420310_9002000001262962	0	LifeLinesDeep_2016	47.0	female	IlluminaHiSeq	Qiagen	36385978.0	1	186	1	20	0.0
EGAR00001420311_9002000001263235LL	0	LifeLinesDeep_2016	27.0	male	IlluminaHiSeq	Qiagen	35042561.0	1	119	1	12	0.0
EGAR00001420430_9002000001320130	0	LifeLinesDeep_2016	33.0	male	IlluminaHiSeq	Qiagen	33021717.0	1	108	1	13	0.0
EGAR00001420437_9002000001323736	0	LifeLinesDeep_2016	31.0	female	IlluminaHiSeq	Qiagen	61477311.0	0	118	0	12	0.0
EGAR00001420495_9002000001347611	0	LifeLinesDeep_2016	39.0	male	IlluminaHiSeq	Qiagen	20150106.0	1	109	1	16	0.0
EGAR00001420519_9002000001354750	0	LifeLinesDeep_2016	33.0	female	IlluminaHiSeq	Qiagen	36072639.0	0	112	0	14	0.0
EGAR00001420565_9002000001369978LL	0	LifeLinesDeep_2016	54.0	female	IlluminaHiSeq	Qiagen	32341248.0	1	111	1	7	0.0
EGAR00001420622_9002000001386790	0	LifeLinesDeep_2016	29.0	female	IlluminaHiSeq	Qiagen	20760033.0	1	64	1	12	0.0
EGAR00001420654_9002000001393561	0	LifeLinesDeep_2016	37.0	female	IlluminaHiSeq	Qiagen	44167113.0	1	52	1	6	0.0
EGAR00001420743_9002000001415940	0	LifeLinesDeep_2016	59.0	female	IlluminaHiSeq	Qiagen	51740978.0	1	55	1	8	0.0
EGAR00001420744_9002000001416640	0	LifeLinesDeep_2016	32.0	male	IlluminaHiSeq	Qiagen	36790747.0	1	57	1	8	0.0
EGAR00001420745_9002000001416675	0	LifeLinesDeep_2016	39.0	female	IlluminaHiSeq	Qiagen	30352387.0	1	130	1	16	0.0
EGAR00001420746_9002000001417270	0	LifeLinesDeep_2016	52.0	female	IlluminaHiSeq	Qiagen	23605550.0	1	30	1	5	0.0
EGAR00001420747_9002000001417970	0	LifeLinesDeep_2016	42.0	male	IlluminaHiSeq	Qiagen	62605234.0	1	74	1	6	0.0
EGAR00001420752_9002000001419370	0	LifeLinesDeep_2016	54.0	male	IlluminaHiSeq	Qiagen	93265657.0	1	47	1	3	0.0
EGAR00001420873_9002000001447911	0	LifeLinesDeep_2016	79.0	male	IlluminaHiSeq	Qiagen	32956767.0	1	131	1	12	0.0
EGAR00001420886_9002000001451807	0	LifeLinesDeep_2016	19.0	male	IlluminaHiSeq	Qiagen	30267160.0	1	58	1	7	0.0
EGAR00001420888_9002000001452653	0	LifeLinesDeep_2016	34.0	male	IlluminaHiSeq	Qiagen	23556383.0	0	53	0	6	0.0
EGAR00001420889_9002000001452789	0	LifeLinesDeep_2016	49.0	male	IlluminaHiSeq	Qiagen	28070515.0	0	127	0	15	0.0
EGAR00001420911_9002000001457408	0	LifeLinesDeep_2016	47.0	female	IlluminaHiSeq	Qiagen	30714150.0	1	35	1	4	0.0
EGAR00001420945_9002000001464743	0	LifeLinesDeep_2016	34.0	female	IlluminaHiSeq	Qiagen	59295280.0	0	81	0	9	0.0
EGAR00001420946_9002000001465025	0	LifeLinesDeep_2016	29.0	female	IlluminaHiSeq	Qiagen	22312351.0	0	76	0	6	0.0
EGAR00001420978_9002000001475980	0	LifeLinesDeep_2016	32.0	female	IlluminaHiSeq	Qiagen	30096305.0	0	118	0	16	0.0
EGAR00001421009_9002000001483041	0	LifeLinesDeep_2016	40.0	female	IlluminaHiSeq	Qiagen	27860197.0	0	67	0	12	0.0
EGAR00001421010_9002000001483515	0	LifeLinesDeep_2016	55.0	female	IlluminaHiSeq	Qiagen	32774323.0	0	137	0	20	0.0
EGAR00001421029_9002000001490968	0	LifeLinesDeep_2016	73.0	male	IlluminaHiSeq	Qiagen	33657178.0	1	104	1	14	0.0
EGAR00001421030_9002000001491114	0	LifeLinesDeep_2016	74.0	female	IlluminaHiSeq	Qiagen	26139203.0	0	41	0	4	0.0
EGAR00001421031_9002000001491437	0	LifeLinesDeep_2016	42.0	female	IlluminaHiSeq	Qiagen	30063609.0	1	92	1	12	0.0
EGAR00001421032_9002000001491778	0	LifeLinesDeep_2016	36.0	male	IlluminaHiSeq	Qiagen	40020039.0	1	69	1	9	0.0
EGAR00001421041_9002000001495507	0	LifeLinesDeep_2016	27.0	female	IlluminaHiSeq	Qiagen	25044362.0	1	126	1	14	0.0
EGAR00001421088_9002000001521670	0	LifeLinesDeep_2016	33.0	male	IlluminaHiSeq	Qiagen	27125031.0	0	157	0	15	0.0
EGAR00001421089_9002000001522195	0	LifeLinesDeep_2016	27.0	female	IlluminaHiSeq	Qiagen	33497030.0	0	75	0	5	0.0
EGAR00001421091_9002000001522730	0	LifeLinesDeep_2016	32.0	female	IlluminaHiSeq	Qiagen	25353308.0	0	97	0	13	0.0
EGAR00001421097_9002000001524270	0	LifeLinesDeep_2016	36.0	female	IlluminaHiSeq	Qiagen	24697279.0	1	81	1	10	0.0
EGAR00001421098_9002000001524672	0	LifeLinesDeep_2016	20.0	male	IlluminaHiSeq	Qiagen	26547502.0	0	79	0	7	0.0
EGAR00001421135_9002000001537690	0	LifeLinesDeep_2016	28.0	male	IlluminaHiSeq	Qiagen	34753244.0	0	115	0	14	0.0
EGAR00001421136_9002000001538954	0	LifeLinesDeep_2016	25.0	female	IlluminaHiSeq	Qiagen	29697301.0	0	159	0	13	0.0
EGAR00001421164_9002000001552710	0	LifeLinesDeep_2016	46.0	female	IlluminaHiSeq	Qiagen	24392005.0	0	77	0	4	0.0
EGAR00001421187_9002000001563859	0	LifeLinesDeep_2016	35.0	female	IlluminaHiSeq	Qiagen	26114438.0	1	46	1	7	0.0
EGAR00001421198_9002000001568185	0	LifeLinesDeep_2016	49.0	female	IlluminaHiSeq	Qiagen	33792210.0	1	71	1	7	0.0
EGAR00001421200_9002000001569080	0	LifeLinesDeep_2016	57.0	female	IlluminaHiSeq	Qiagen	33843136.0	0	75	0	6	0.0
EGAR00001421201_9002000001570129	0	LifeLinesDeep_2016	51.0	female	IlluminaHiSeq	Qiagen	42020434.0	0	94	0	14	0.0
EGAR00001421232_9002000001589560	0	LifeLinesDeep_2016	65.0	female	IlluminaHiSeq	Qiagen	50571441.0	0	132	0	15	0.0
EGAR00001420120_9002000001178410	0	LifeLinesDeep_2016	52.0	male	IlluminaHiSeq	Qiagen	31923915.0	0	77	0	7	0.0
EGAR00001420142_9002000001191969	0	LifeLinesDeep_2016	46.0	female	IlluminaHiSeq	Qiagen	35358823.0	0	67	0	7	0.0
EGAR00001420144_9002000001193560	0	LifeLinesDeep_2016	68.0	female	IlluminaHiSeq	Qiagen	42020973.0	1	80	1	12	0.0
EGAR00001420159_9002000001203460	0	LifeLinesDeep_2016	37.0	female	IlluminaHiSeq	Qiagen	40792670.0	0	84	0	10	0.0
EGAR00001420161_9002000001204691	0	LifeLinesDeep_2016	28.0	male	IlluminaHiSeq	Qiagen	44946284.0	1	51	1	7	0.0
EGAR00001420162_9002000001205607	0	LifeLinesDeep_2016	42.0	female	IlluminaHiSeq	Qiagen	22325014.0	1	58	1	11	0.0
EGAR00001420163_9002000001206023	0	LifeLinesDeep_2016	66.0	male	IlluminaHiSeq	Qiagen	38943503.0	0	61	1	8	0.0
EGAR00001420168_9002000001207989	0	LifeLinesDeep_2016	22.0	female	IlluminaHiSeq	Qiagen	26318930.0	0	58	0	7	0.0
EGAR00001420169_9002000001208028	0	LifeLinesDeep_2016	40.0	female	IlluminaHiSeq	Qiagen	25345484.0	0	77	0	12	0.0
EGAR00001420171_9002000001208583	0	LifeLinesDeep_2016	67.0	female	IlluminaHiSeq	Qiagen	37207145.0	0	127	0	15	0.0
EGAR00001420182_9002000001212011	0	LifeLinesDeep_2016	45.0	male	IlluminaHiSeq	Qiagen	36801446.0	0	79	0	11	0.0
EGAR00001420183_9002000001212423	0	LifeLinesDeep_2016	46.0	female	IlluminaHiSeq	Qiagen	44479111.0	0	41	0	4	0.0
EGAR00001420197_9002000001216790	0	LifeLinesDeep_2016	75.0	male	IlluminaHiSeq	Qiagen	33961859.0	0	71	0	11	0.0
EGAR00001420199_9002000001218033	0	LifeLinesDeep_2016	27.0	female	IlluminaHiSeq	Qiagen	34907279.0	0	34	1	4	0.0
EGAR00001420200_9002000001219863	0	LifeLinesDeep_2016	50.0	female	IlluminaHiSeq	Qiagen	21047358.0	0	125	0	13	0.0
EGAR00001420201_9002000001220031	0	LifeLinesDeep_2016	53.0	female	IlluminaHiSeq	Qiagen	31574301.0	0	108	1	11	0.0
EGAR00001420221_9002000001228512	0	LifeLinesDeep_2016	50.0	male	IlluminaHiSeq	Qiagen	31469922.0	0	111	0	15	0.0
EGAR00001420228_9002000001231625	0	LifeLinesDeep_2016	61.0	female	IlluminaHiSeq	Qiagen	23222778.0	1	76	1	10	0.0
EGAR00001420233_9002000001232622	0	LifeLinesDeep_2016	63.0	female	IlluminaHiSeq	Qiagen	36961637.0	1	154	1	20	0.0
EGAR00001420234_9002000001233030LL	0	LifeLinesDeep_2016	50.0	male	IlluminaHiSeq	Qiagen	32442488.0	0	102	0	8	0.0
EGAR00001420240_9002000001234897	0	LifeLinesDeep_2016	24.0	female	IlluminaHiSeq	Qiagen	46872476.0	1	72	1	9	0.0
EGAR00001420244_9002000001236274	0	LifeLinesDeep_2016	62.0	female	IlluminaHiSeq	Qiagen	25638529.0	0	58	0	8	0.0
EGAR00001420252_9002000001240722	0	LifeLinesDeep_2016	44.0	female	IlluminaHiSeq	Qiagen	35309683.0	0	33	0	4	0.0
EGAR00001420299_9002000001260215	0	LifeLinesDeep_2016	21.0	male	IlluminaHiSeq	Qiagen	29622503.0	1	90	1	10	0.0
EGAR00001420300_9002000001260467LL	0	LifeLinesDeep_2016	36.0	female	IlluminaHiSeq	Qiagen	45524635.0	0	36	0	8	0.0
EGAR00001420301_9002000001260707	0	LifeLinesDeep_2016	19.0	female	IlluminaHiSeq	Qiagen	34726651.0	1	135	1	15	0.0
EGAR00001420361_9002000001280218	0	LifeLinesDeep_2016	51.0	male	IlluminaHiSeq	Qiagen	58385194.0	1	177	1	17	0.0
EGAR00001420393_9002000001296441	0	LifeLinesDeep_2016	46.0	male	IlluminaHiSeq	Qiagen	24896665.0	0	55	0	8	0.0
EGAR00001420394_9002000001296521	0	LifeLinesDeep_2016	51.0	female	IlluminaHiSeq	Qiagen	25742430.0	0	102	0	13	0.0
EGAR00001420395_9002000001296684	0	LifeLinesDeep_2016	52.0	male	IlluminaHiSeq	Qiagen	18420300.0	1	98	1	12	0.0
EGAR00001420398_9002000001299550	0	LifeLinesDeep_2016	45.0	female	IlluminaHiSeq	Qiagen	44329401.0	1	133	1	14	0.0
EGAR00001420399_9002000001300277	0	LifeLinesDeep_2016	77.0	female	IlluminaHiSeq	Qiagen	28793649.0	1	129	1	16	0.0
EGAR00001420400_9002000001300660	0	LifeLinesDeep_2016	46.0	female	IlluminaHiSeq	Qiagen	29280755.0	0	114	0	12	0.0
EGAR00001420401_9002000001300820	0	LifeLinesDeep_2016	27.0	female	IlluminaHiSeq	Qiagen	33593569.0	0	94	0	10	0.0
EGAR00001420428_9002000001318923	0	LifeLinesDeep_2016	52.0	male	IlluminaHiSeq	Qiagen	23562329.0	0	157	1	15	0.0
EGAR00001420434_9002000001322425	0	LifeLinesDeep_2016	55.0	male	IlluminaHiSeq	Qiagen	37255583.0	0	96	0	10	0.0
EGAR00001420457_9002000001336000	0	LifeLinesDeep_2016	26.0	female	IlluminaHiSeq	Qiagen	26267615.0	1	84	1	11	0.0
EGAR00001420458_9002000001336082	0	LifeLinesDeep_2016	50.0	female	IlluminaHiSeq	Qiagen	49494070.0	1	35	1	4	0.0
EGAR00001420459_9002000001336350	0	LifeLinesDeep_2016	66.0	female	IlluminaHiSeq	Qiagen	27384224.0	0	72	0	5	0.0
EGAR00001420460_9002000001336500	0	LifeLinesDeep_2016	35.0	female	IlluminaHiSeq	Qiagen	42931234.0	0	124	0	14	0.0
EGAR00001420461_9002000001336618LL	0	LifeLinesDeep_2016	43.0	male	IlluminaHiSeq	Qiagen	25520546.0	0	108	0	9	0.0
EGAR00001420468_9002000001338480	0	LifeLinesDeep_2016	55.0	female	IlluminaHiSeq	Qiagen	28169383.0	1	117	1	11	0.0
EGAR00001420469_9002000001338659	0	LifeLinesDeep_2016	44.0	female	IlluminaHiSeq	Qiagen	27544318.0	1	83	1	7	0.0
EGAR00001420487_9002000001343962	0	LifeLinesDeep_2016	29.0	female	IlluminaHiSeq	Qiagen	36945999.0	0	100	0	8	0.0
EGAR00001420498_9002000001348870	0	LifeLinesDeep_2016	40.0	female	IlluminaHiSeq	Qiagen	40809672.0	0	47	0	4	0.0
EGAR00001420531_9002000001358811	0	LifeLinesDeep_2016	59.0	female	IlluminaHiSeq	Qiagen	28538366.0	0	134	0	18	0.0
EGAR00001420554_9002000001366232	0	LifeLinesDeep_2016	45.0	female	IlluminaHiSeq	Qiagen	23661760.0	1	80	1	12	0.0
EGAR00001420555_9002000001366751	0	LifeLinesDeep_2016	43.0	female	IlluminaHiSeq	Qiagen	22814826.0	1	120	1	14	0.0
EGAR00001420559_9002000001367982	0	LifeLinesDeep_2016	48.0	female	IlluminaHiSeq	Qiagen	39730124.0	1	122	1	13	0.0
EGAR00001420562_9002000001369109	0	LifeLinesDeep_2016	41.0	female	IlluminaHiSeq	Qiagen	22021113.0	1	97	1	9	0.0
EGAR00001420563_9002000001369486	0	LifeLinesDeep_2016	29.0	female	IlluminaHiSeq	Qiagen	48449619.0	1	159	2	19	0.0
EGAR00001420564_9002000001369744	0	LifeLinesDeep_2016	65.0	female	IlluminaHiSeq	Qiagen	34764299.0	0	86	0	12	0.0
EGAR00001420573_9002000001373175	0	LifeLinesDeep_2016	50.0	female	IlluminaHiSeq	Qiagen	47026596.0	0	151	0	16	0.0
EGAR00001420601_9002000001381480	0	LifeLinesDeep_2016	31.0	male	IlluminaHiSeq	Qiagen	24204290.0	0	128	0	16	0.0
EGAR00001420602_9002000001381678	0	LifeLinesDeep_2016	42.0	female	IlluminaHiSeq	Qiagen	23957236.0	1	162	1	20	0.0
EGAR00001420603_9002000001381790	0	LifeLinesDeep_2016	29.0	male	IlluminaHiSeq	Qiagen	37025191.0	0	120	0	15	0.0
EGAR00001420627_9002000001388024	0	LifeLinesDeep_2016	47.0	male	IlluminaHiSeq	Qiagen	22862828.0	1	148	2	16	0.0
EGAR00001420103_9002000001160621	0	LifeLinesDeep_2016	30.0	male	IlluminaHiSeq	Qiagen	20956032.0	0	54	1	8	0.0
EGAR00001420116_9002000001175938	0	LifeLinesDeep_2016	73.0	male	IlluminaHiSeq	Qiagen	57273597.0	1	152	1	21	0.0
EGAR00001420133_9002000001186593	0	LifeLinesDeep_2016	26.0	male	IlluminaHiSeq	Qiagen	22852326.0	0	61	0	6	0.0
EGAR00001420134_9002000001186744	0	LifeLinesDeep_2016	55.0	female	IlluminaHiSeq	Qiagen	65103853.0	1	139	1	18	0.0
EGAR00001420135_9002000001187358	0	LifeLinesDeep_2016	45.0	female	IlluminaHiSeq	Qiagen	33284400.0	1	99	1	11	0.0
EGAR00001420136_9002000001187760	0	LifeLinesDeep_2016	45.0	male	IlluminaHiSeq	Qiagen	61736611.0	1	52	1	9	0.0
EGAR00001420137_9002000001189871	0	LifeLinesDeep_2016	57.0	female	IlluminaHiSeq	Qiagen	27608783.0	0	94	0	12	0.0
EGAR00001420147_9002000001195037	0	LifeLinesDeep_2016	53.0	female	IlluminaHiSeq	Qiagen	22429700.0	0	127	0	16	0.0
EGAR00001420156_9002000001202507	0	LifeLinesDeep_2016	50.0	female	IlluminaHiSeq	Qiagen	23779029.0	0	71	0	8	0.0
EGAR00001420157_9002000001202660	0	LifeLinesDeep_2016	18.0	male	IlluminaHiSeq	Qiagen	31447698.0	0	86	0	11	0.0
EGAR00001420180_9002000001211604	0	LifeLinesDeep_2016	40.0	male	IlluminaHiSeq	Qiagen	27275089.0	0	117	0	13	0.0
EGAR00001420202_9002000001222690	0	LifeLinesDeep_2016	57.0	female	IlluminaHiSeq	Qiagen	28641818.0	1	81	1	13	0.0
EGAR00001420211_9002000001226278LL	0	LifeLinesDeep_2016	43.0	female	IlluminaHiSeq	Qiagen	26902371.0	1	84	1	8	0.0
EGAR00001420215_9002000001227800	0	LifeLinesDeep_2016	71.0	male	IlluminaHiSeq	Qiagen	30119489.0	1	140	1	16	0.0
EGAR00001420216_9002000001227810	0	LifeLinesDeep_2016	69.0	female	IlluminaHiSeq	Qiagen	29338839.0	0	98	0	9	0.0
EGAR00001420217_9002000001227892	0	LifeLinesDeep_2016	48.0	male	IlluminaHiSeq	Qiagen	29632230.0	0	72	1	8	0.0
EGAR00001420247_9002000001238804	0	LifeLinesDeep_2016	49.0	female	IlluminaHiSeq	Qiagen	55257059.0	1	154	1	18	0.0
EGAR00001420248_9002000001239202	0	LifeLinesDeep_2016	60.0	female	IlluminaHiSeq	Qiagen	20715344.0	1	107	1	10	0.0
EGAR00001420249_9002000001239599	0	LifeLinesDeep_2016	51.0	female	IlluminaHiSeq	Qiagen	24724475.0	0	89	0	9	0.0
EGAR00001420250_9002000001240080	0	LifeLinesDeep_2016	52.0	female	IlluminaHiSeq	Qiagen	23681367.0	0	72	0	7	0.0
EGAR00001420274_9002000001249639	0	LifeLinesDeep_2016	45.0	male	IlluminaHiSeq	Qiagen	27788924.0	1	53	1	5	0.0
EGAR00001420275_9002000001250148	0	LifeLinesDeep_2016	48.0	male	IlluminaHiSeq	Qiagen	26055688.0	1	85	1	9	0.0
EGAR00001420286_9002000001254835	0	LifeLinesDeep_2016	43.0	female	IlluminaHiSeq	Qiagen	35800269.0	1	80	2	10	0.0
EGAR00001420289_9002000001256043LL	0	LifeLinesDeep_2016	28.0	female	IlluminaHiSeq	Qiagen	29582597.0	1	87	1	10	0.0
EGAR00001420290_9002000001256080	0	LifeLinesDeep_2016	37.0	female	IlluminaHiSeq	Qiagen	37078129.0	0	77	0	9	0.0
EGAR00001420309_9002000001262229	0	LifeLinesDeep_2016	43.0	male	IlluminaHiSeq	Qiagen	52646370.0	0	66	0	6	0.0
EGAR00001420324_9002000001268330	0	LifeLinesDeep_2016	37.0	male	IlluminaHiSeq	Qiagen	37717632.0	0	79	0	8	0.0
EGAR00001420326_9002000001269112	0	LifeLinesDeep_2016	42.0	male	IlluminaHiSeq	Qiagen	70433960.0	0	82	0	6	0.0
EGAR00001420327_9002000001269702	0	LifeLinesDeep_2016	42.0	female	IlluminaHiSeq	Qiagen	38947018.0	1	47	1	6	0.0
EGAR00001420330_9002000001270534	0	LifeLinesDeep_2016	57.0	male	IlluminaHiSeq	Qiagen	27205713.0	0	167	0	12	0.0
EGAR00001420333_9002000001271522	0	LifeLinesDeep_2016	69.0	male	IlluminaHiSeq	Qiagen	37002386.0	1	79	1	7	0.0
EGAR00001420336_9002000001272430	0	LifeLinesDeep_2016	47.0	female	IlluminaHiSeq	Qiagen	16544405.0	1	53	1	5	0.0
EGAR00001420337_9002000001273035	0	LifeLinesDeep_2016	48.0	female	IlluminaHiSeq	Qiagen	18523119.0	0	93	1	13	0.0
EGAR00001420338_9002000001273483	0	LifeLinesDeep_2016	50.0	female	IlluminaHiSeq	Qiagen	27152635.0	0	88	0	11	0.0
EGAR00001420339_9002000001273812	0	LifeLinesDeep_2016	58.0	male	IlluminaHiSeq	Qiagen	42076874.0	0	132	0	14	0.0
EGAR00001420340_9002000001273877	0	LifeLinesDeep_2016	26.0	male	IlluminaHiSeq	Qiagen	27299661.0	0	49	0	6	0.0
EGAR00001420342_9002000001274471	0	LifeLinesDeep_2016	68.0	female	IlluminaHiSeq	Qiagen	37678683.0	0	107	1	10	0.0
EGAR00001420343_9002000001274506	0	LifeLinesDeep_2016	39.0	male	IlluminaHiSeq	Qiagen	24448749.0	0	73	0	7	0.0
EGAR00001420344_9002000001274847	0	LifeLinesDeep_2016	19.0	female	IlluminaHiSeq	Qiagen	30252666.0	1	48	1	6	0.0
EGAR00001420345_9002000001275049	0	LifeLinesDeep_2016	53.0	female	IlluminaHiSeq	Qiagen	31762585.0	0	51	0	6	0.0
EGAR00001420346_9002000001275441	0	LifeLinesDeep_2016	40.0	female	IlluminaHiSeq	Qiagen	38741433.0	0	113	0	14	0.0
EGAR00001420347_9002000001275760	0	LifeLinesDeep_2016	52.0	female	IlluminaHiSeq	Qiagen	36127432.0	1	94	1	10	0.0
EGAR00001420387_9002000001294410	0	LifeLinesDeep_2016	18.0	female	IlluminaHiSeq	Qiagen	29428584.0	0	77	0	10	0.0
EGAR00001420396_9002000001297529	0	LifeLinesDeep_2016	41.0	female	IlluminaHiSeq	Qiagen	18770657.0	0	53	0	8	0.0
EGAR00001420403_9002000001301926	0	LifeLinesDeep_2016	47.0	male	IlluminaHiSeq	Qiagen	25533999.0	1	13	1	3	0.0
EGAR00001420404_9002000001302217	0	LifeLinesDeep_2016	48.0	female	IlluminaHiSeq	Qiagen	48340183.0	0	34	0	4	0.0
EGAR00001420435_9002000001323431	0	LifeLinesDeep_2016	51.0	female	IlluminaHiSeq	Qiagen	63896584.0	1	155	1	25	0.0
EGAR00001420448_9002000001331460	0	LifeLinesDeep_2016	64.0	female	IlluminaHiSeq	Qiagen	41471842.0	1	130	1	12	0.0
EGAR00001420453_9002000001334186	0	LifeLinesDeep_2016	43.0	male	IlluminaHiSeq	Qiagen	42936522.0	1	145	1	16	0.0
EGAR00001420454_9002000001334408	0	LifeLinesDeep_2016	60.0	female	IlluminaHiSeq	Qiagen	32770483.0	0	124	0	11	0.0
EGAR00001420455_9002000001335334	0	LifeLinesDeep_2016	69.0	female	IlluminaHiSeq	Qiagen	29661205.0	1	115	1	15	0.0
EGAR00001420482_9002000001342660	0	LifeLinesDeep_2016	70.0	female	IlluminaHiSeq	Qiagen	40667674.0	1	134	2	14	0.0
EGAR00001421038_9002000001493718	0	LifeLinesDeep_2016	44.0	female	IlluminaHiSeq	Qiagen	27208268.0	0	40	0	8	0.0
EGAR00001421039_9002000001494617	0	LifeLinesDeep_2016	51.0	female	IlluminaHiSeq	Qiagen	23865479.0	0	46	0	6	0.0
EGAR00001421040_9002000001494958	0	LifeLinesDeep_2016	34.0	male	IlluminaHiSeq	Qiagen	28358150.0	0	61	0	6	0.0
EGAR00001421043_9002000001496442	0	LifeLinesDeep_2016	26.0	female	IlluminaHiSeq	Qiagen	42541777.0	0	88	0	7	0.0
EGAR00001421044_9002000001496596	0	LifeLinesDeep_2016	31.0	male	IlluminaHiSeq	Qiagen	36075124.0	0	97	0	12	0.0
EGAR00001421045_9002000001496630	0	LifeLinesDeep_2016	64.0	female	IlluminaHiSeq	Qiagen	30985473.0	1	69	1	7	0.0
EGAR00001421046_9002000001497216	0	LifeLinesDeep_2016	39.0	female	IlluminaHiSeq	Qiagen	77439823.0	0	85	0	9	0.0
EGAR00001421047_9002000001498106	0	LifeLinesDeep_2016	53.0	female	IlluminaHiSeq	Qiagen	25908568.0	0	181	0	22	0.0
EGAR00001421048_9002000001498948	0	LifeLinesDeep_2016	36.0	male	IlluminaHiSeq	Qiagen	21993688.0	1	33	1	4	0.0
EGAR00001421049_9002000001501005	0	LifeLinesDeep_2016	29.0	female	IlluminaHiSeq	Qiagen	24424933.0	1	125	1	17	0.0
EGAR00001421050_9002000001501041	0	LifeLinesDeep_2016	44.0	male	IlluminaHiSeq	Qiagen	34673459.0	0	70	0	7	0.0
EGAR00001421052_9002000001501892	0	LifeLinesDeep_2016	49.0	male	IlluminaHiSeq	Qiagen	32720830.0	0	94	0	8	0.0
EGAR00001421053_9002000001503369	0	LifeLinesDeep_2016	21.0	female	IlluminaHiSeq	Qiagen	25486443.0	1	66	1	9	0.0
EGAR00001421054_9002000001503538	0	LifeLinesDeep_2016	57.0	male	IlluminaHiSeq	Qiagen	28600351.0	0	99	0	13	0.0
EGAR00001421057_9002000001504212	0	LifeLinesDeep_2016	68.0	female	IlluminaHiSeq	Qiagen	24613905.0	1	147	1	18	0.0
EGAR00001421058_9002000001504221	0	LifeLinesDeep_2016	53.0	male	IlluminaHiSeq	Qiagen	31766991.0	1	64	1	7	0.0
EGAR00001421064_9002000001506333	0	LifeLinesDeep_2016	47.0	male	IlluminaHiSeq	Qiagen	24196372.0	1	194	1	22	0.0
EGAR00001421065_9002000001506629	0	LifeLinesDeep_2016	36.0	male	IlluminaHiSeq	Qiagen	37399598.0	1	95	2	17	0.0
EGAR00001421066_9002000001506914	0	LifeLinesDeep_2016	31.0	male	IlluminaHiSeq	Qiagen	58163735.0	0	121	0	11	0.0
EGAR00001421067_9002000001507813	0	LifeLinesDeep_2016	40.0	female	IlluminaHiSeq	Qiagen	19553223.0	0	26	0	5	0.0
EGAR00001421068_9002000001508258	0	LifeLinesDeep_2016	56.0	female	IlluminaHiSeq	Qiagen	40538372.0	0	142	0	14	0.0
EGAR00001421069_9002000001508561	0	LifeLinesDeep_2016	64.0	female	IlluminaHiSeq	Qiagen	32669120.0	0	167	0	18	0.0
EGAR00001421073_9002000001511413	0	LifeLinesDeep_2016	48.0	female	IlluminaHiSeq	Qiagen	26542090.0	1	22	1	3	0.0
EGAR00001421074_9002000001512027	0	LifeLinesDeep_2016	41.0	male	IlluminaHiSeq	Qiagen	34152218.0	1	131	1	16	0.0
EGAR00001421075_9002000001512770	0	LifeLinesDeep_2016	48.0	male	IlluminaHiSeq	Qiagen	82404739.0	1	91	1	8	0.0
EGAR00001421076_9002000001514308	0	LifeLinesDeep_2016	69.0	male	IlluminaHiSeq	Qiagen	28376582.0	0	87	0	7	0.0
EGAR00001421077_9002000001515190	0	LifeLinesDeep_2016	28.0	female	IlluminaHiSeq	Qiagen	36232567.0	0	39	1	6	0.0
EGAR00001421092_9002000001523320	0	LifeLinesDeep_2016	50.0	female	IlluminaHiSeq	Qiagen	55880777.0	1	24	1	5	0.0
EGAR00001421093_9002000001523343	0	LifeLinesDeep_2016	46.0	female	IlluminaHiSeq	Qiagen	30966970.0	1	85	1	7	0.0
EGAR00001421094_9002000001523405	0	LifeLinesDeep_2016	53.0	male	IlluminaHiSeq	Qiagen	20335826.0	0	100	0	10	0.0
EGAR00001421095_9002000001523915	0	LifeLinesDeep_2016	28.0	female	IlluminaHiSeq	Qiagen	23880296.0	1	110	1	13	0.0
EGAR00001421096_9002000001524190	0	LifeLinesDeep_2016	30.0	female	IlluminaHiSeq	Qiagen	28514371.0	1	74	1	12	0.0
EGAR00001421104_9002000001526900	0	LifeLinesDeep_2016	56.0	male	IlluminaHiSeq	Qiagen	37802820.0	0	152	0	21	0.0
EGAR00001421109_9002000001528680	0	LifeLinesDeep_2016	37.0	female	IlluminaHiSeq	Qiagen	48413619.0	0	111	0	12	0.0
EGAR00001421114_9002000001530470	0	LifeLinesDeep_2016	29.0	female	IlluminaHiSeq	Qiagen	44640180.0	1	64	1	3	0.0
EGAR00001421116_9002000001530830	0	LifeLinesDeep_2016	50.0	female	IlluminaHiSeq	Qiagen	22600763.0	0	114	0	18	0.0
EGAR00001421117_9002000001530894	0	LifeLinesDeep_2016	53.0	male	IlluminaHiSeq	Qiagen	22983144.0	0	38	0	2	0.0
EGAR00001421122_9002000001532333	0	LifeLinesDeep_2016	58.0	male	IlluminaHiSeq	Qiagen	24280736.0	0	171	0	13	0.0
EGAR00001421124_9002000001532807	0	LifeLinesDeep_2016	41.0	female	IlluminaHiSeq	Qiagen	27261884.0	1	127	1	16	0.0
EGAR00001421127_9002000001534070	0	LifeLinesDeep_2016	50.0	female	IlluminaHiSeq	Qiagen	31122134.0	1	65	1	9	0.0
EGAR00001421130_9002000001536270	0	LifeLinesDeep_2016	52.0	female	IlluminaHiSeq	Qiagen	57313861.0	1	108	1	16	0.0
EGAR00001421132_9002000001536840	0	LifeLinesDeep_2016	21.0	female	IlluminaHiSeq	Qiagen	40245159.0	1	61	1	7	0.0
EGAR00001421134_9002000001537510	0	LifeLinesDeep_2016	49.0	male	IlluminaHiSeq	Qiagen	46171580.0	0	66	0	11	0.0
EGAR00001421147_9002000001543168	0	LifeLinesDeep_2016	61.0	female	IlluminaHiSeq	Qiagen	33711925.0	0	63	0	7	0.0
EGAR00001421148_9002000001543510	0	LifeLinesDeep_2016	61.0	female	IlluminaHiSeq	Qiagen	40193486.0	0	145	0	16	0.0
EGAR00001421149_9002000001545313	0	LifeLinesDeep_2016	34.0	female	IlluminaHiSeq	Qiagen	30400961.0	1	110	1	9	0.0
EGAR00001421150_9002000001546393	0	LifeLinesDeep_2016	64.0	female	IlluminaHiSeq	Qiagen	46476338.0	0	82	1	10	0.0
EGAR00001421151_9002000001547000	0	LifeLinesDeep_2016	46.0	female	IlluminaHiSeq	Qiagen	29996709.0	0	71	0	9	0.0
EGAR00001421152_9002000001547520	0	LifeLinesDeep_2016	49.0	male	IlluminaHiSeq	Qiagen	27500738.0	0	45	0	3	0.0
EGAR00001421153_9002000001547739	0	LifeLinesDeep_2016	50.0	male	IlluminaHiSeq	Qiagen	23487653.0	0	102	0	11	0.0
EGAR00001421154_9002000001548128	0	LifeLinesDeep_2016	31.0	female	IlluminaHiSeq	Qiagen	101247945.0	1	86	1	8	0.0
EGAR00001421155_9002000001548558	0	LifeLinesDeep_2016	43.0	male	IlluminaHiSeq	Qiagen	54227356.0	1	44	1	5	0.0
EGAR00001421161_9002000001551301	0	LifeLinesDeep_2016	40.0	female	IlluminaHiSeq	Qiagen	27695115.0	1	113	1	15	0.0
EGAR00001421165_9002000001553020	0	LifeLinesDeep_2016	25.0	male	IlluminaHiSeq	Qiagen	32555096.0	0	95	0	13	0.0
EGAR00001421166_9002000001554377	0	LifeLinesDeep_2016	44.0	male	IlluminaHiSeq	Qiagen	49560372.0	0	17	0	3	0.0
EGAR00001421167_9002000001554439	0	LifeLinesDeep_2016	41.0	female	IlluminaHiSeq	Qiagen	44830863.0	1	33	1	5	0.0
EGAR00001421170_9002000001555276	0	LifeLinesDeep_2016	64.0	male	IlluminaHiSeq	Qiagen	37002926.0	1	132	1	18	0.0
EGAR00001420111_9002000001171492	0	LifeLinesDeep_2016	41.0	male	IlluminaHiSeq	Qiagen	32647289.0	0	68	0	8	0.0
EGAR00001420193_9002000001215882	0	LifeLinesDeep_2016	65.0	male	IlluminaHiSeq	Qiagen	54081404.0	0	52	0	6	0.0
EGAR00001420255_9002000001241407	0	LifeLinesDeep_2016	43.0	male	IlluminaHiSeq	Qiagen	45563689.0	1	61	1	8	0.0
EGAR00001420256_9002000001242610	0	LifeLinesDeep_2016	32.0	male	IlluminaHiSeq	Qiagen	56776486.0	0	56	0	7	0.0
EGAR00001420257_9002000001242988	0	LifeLinesDeep_2016	42.0	male	IlluminaHiSeq	Qiagen	39879639.0	0	67	0	11	0.0
EGAR00001420258_9002000001243214	0	LifeLinesDeep_2016	58.0	female	IlluminaHiSeq	Qiagen	50578815.0	0	52	0	5	0.0
EGAR00001420318_9002000001266362	0	LifeLinesDeep_2016	47.0	female	IlluminaHiSeq	Qiagen	28466449.0	1	107	1	10	0.0
EGAR00001420417_9002000001307820	0	LifeLinesDeep_2016	75.0	female	IlluminaHiSeq	Qiagen	20556098.0	1	92	1	12	0.0
EGAR00001420441_9002000001326836	0	LifeLinesDeep_2016	61.0	male	IlluminaHiSeq	Qiagen	37947716.0	0	59	0	6	0.0
EGAR00001420444_9002000001328160	0	LifeLinesDeep_2016	38.0	male	IlluminaHiSeq	Qiagen	39450069.0	1	25	1	3	0.0
EGAR00001420518_9002000001354705	0	LifeLinesDeep_2016	33.0	female	IlluminaHiSeq	Qiagen	33778163.0	1	127	1	14	0.0
EGAR00001420571_9002000001371813	0	LifeLinesDeep_2016	30.0	female	IlluminaHiSeq	Qiagen	34926581.0	0	109	0	14	0.0
EGAR00001420616_9002000001385120	0	LifeLinesDeep_2016	60.0	female	IlluminaHiSeq	Qiagen	48620281.0	0	125	0	18	0.0
EGAR00001420617_9002000001385621	0	LifeLinesDeep_2016	42.0	female	IlluminaHiSeq	Qiagen	34357737.0	0	67	0	9	0.0
EGAR00001420618_9002000001385780	0	LifeLinesDeep_2016	44.0	female	IlluminaHiSeq	Qiagen	55836836.0	1	85	1	8	0.0
EGAR00001420619_9002000001386262	0	LifeLinesDeep_2016	32.0	male	IlluminaHiSeq	Qiagen	28922884.0	0	115	0	13	0.0
EGAR00001420620_9002000001386271	0	LifeLinesDeep_2016	63.0	female	IlluminaHiSeq	Qiagen	50510869.0	1	186	1	18	0.0
EGAR00001420629_9002000001388561	0	LifeLinesDeep_2016	27.0	male	IlluminaHiSeq	Qiagen	35732547.0	1	95	1	15	0.0
EGAR00001420630_9002000001388991	0	LifeLinesDeep_2016	65.0	male	IlluminaHiSeq	Qiagen	24791068.0	0	61	0	10	0.0
EGAR00001420631_9002000001389012LL	0	LifeLinesDeep_2016	60.0	female	IlluminaHiSeq	Qiagen	38238682.0	0	59	0	6	0.0
EGAR00001420632_9002000001390130	0	LifeLinesDeep_2016	43.0	female	IlluminaHiSeq	Qiagen	24930618.0	1	39	1	6	0.0
EGAR00001420645_9002000001392439	0	LifeLinesDeep_2016	59.0	female	IlluminaHiSeq	Qiagen	67632812.0	1	50	1	6	0.0
EGAR00001420686_9002000001400933	0	LifeLinesDeep_2016	28.0	female	IlluminaHiSeq	Qiagen	87330271.0	1	63	1	6	0.0
EGAR00001420704_9002000001406060	0	LifeLinesDeep_2016	47.0	female	IlluminaHiSeq	Qiagen	35737307.0	1	132	1	14	0.0
EGAR00001420728_9002000001411900	0	LifeLinesDeep_2016	67.0	male	IlluminaHiSeq	Qiagen	30828792.0	0	118	0	14	0.0
EGAR00001420753_9002000001419443	0	LifeLinesDeep_2016	57.0	female	IlluminaHiSeq	Qiagen	28910573.0	0	126	0	13	0.0
EGAR00001420777_9002000001424425	0	LifeLinesDeep_2016	49.0	male	IlluminaHiSeq	Qiagen	32512515.0	0	67	0	8	0.0
EGAR00001420778_9002000001424800	0	LifeLinesDeep_2016	66.0	female	IlluminaHiSeq	Qiagen	43116348.0	1	116	1	14	0.0
EGAR00001420798_9002000001429010LL	0	LifeLinesDeep_2016	24.0	female	IlluminaHiSeq	Qiagen	22976792.0	1	70	1	8	0.0
EGAR00001420799_9002000001429200	0	LifeLinesDeep_2016	47.0	female	IlluminaHiSeq	Qiagen	31822061.0	1	64	1	12	0.0
EGAR00001420800_9002000001429619	0	LifeLinesDeep_2016	32.0	male	IlluminaHiSeq	Qiagen	27620165.0	1	140	1	13	0.0
EGAR00001420802_9002000001430182	0	LifeLinesDeep_2016	26.0	female	IlluminaHiSeq	Qiagen	56883083.0	1	51	1	4	0.0
EGAR00001420824_9002000001437503	0	LifeLinesDeep_2016	44.0	female	IlluminaHiSeq	Qiagen	28276203.0	0	145	0	15	0.0
EGAR00001420825_9002000001437746	0	LifeLinesDeep_2016	33.0	male	IlluminaHiSeq	Qiagen	47710997.0	0	140	0	13	0.0
EGAR00001420826_9002000001437906	0	LifeLinesDeep_2016	21.0	female	IlluminaHiSeq	Qiagen	37639112.0	1	66	1	6	0.0
EGAR00001420832_9002000001439197	0	LifeLinesDeep_2016	41.0	male	IlluminaHiSeq	Qiagen	52600689.0	1	88	2	12	0.0
EGAR00001420833_9002000001439301	0	LifeLinesDeep_2016	49.0	male	IlluminaHiSeq	Qiagen	26465581.0	1	150	1	14	0.0
EGAR00001420834_9002000001439366	0	LifeLinesDeep_2016	38.0	male	IlluminaHiSeq	Qiagen	25268601.0	1	83	1	6	0.0
EGAR00001420841_9002000001440830	0	LifeLinesDeep_2016	35.0	female	IlluminaHiSeq	Qiagen	24558134.0	1	129	1	15	0.0
EGAR00001420855_9002000001444419	0	LifeLinesDeep_2016	27.0	male	IlluminaHiSeq	Qiagen	40710231.0	0	71	0	11	0.0
EGAR00001420856_9002000001444870	0	LifeLinesDeep_2016	49.0	female	IlluminaHiSeq	Qiagen	52122396.0	1	103	1	19	0.0
EGAR00001420867_9002000001447036	0	LifeLinesDeep_2016	46.0	female	IlluminaHiSeq	Qiagen	51755191.0	0	99	0	14	0.0
EGAR00001420875_9002000001448300	0	LifeLinesDeep_2016	39.0	female	IlluminaHiSeq	Qiagen	32506489.0	0	152	0	15	0.0
EGAR00001420877_9002000001448570	0	LifeLinesDeep_2016	37.0	male	IlluminaHiSeq	Qiagen	28711187.0	1	138	1	14	0.0
EGAR00001420878_9002000001448688	0	LifeLinesDeep_2016	58.0	female	IlluminaHiSeq	Qiagen	35518811.0	0	92	0	9	0.0
EGAR00001420883_9002000001450980	0	LifeLinesDeep_2016	54.0	male	IlluminaHiSeq	Qiagen	17275095.0	1	46	1	4	0.0
EGAR00001420903_9002000001455557	0	LifeLinesDeep_2016	40.0	female	IlluminaHiSeq	Qiagen	31629887.0	1	143	1	14	0.0
EGAR00001420927_9002000001461625	0	LifeLinesDeep_2016	45.0	female	IlluminaHiSeq	Qiagen	21809067.0	0	109	0	11	0.0
EGAR00001420928_9002000001461750	0	LifeLinesDeep_2016	29.0	male	IlluminaHiSeq	Qiagen	44560336.0	0	44	0	7	0.0
EGAR00001420929_9002000001462195	0	LifeLinesDeep_2016	55.0	female	IlluminaHiSeq	Qiagen	42286232.0	1	149	1	20	0.0
EGAR00001420930_9002000001462201	0	LifeLinesDeep_2016	42.0	male	IlluminaHiSeq	Qiagen	18988653.0	1	174	1	21	0.0
EGAR00001420932_9002000001462533	0	LifeLinesDeep_2016	65.0	male	IlluminaHiSeq	Qiagen	26808939.0	1	78	1	19	0.0
EGAR00001420933_9002000001462589	0	LifeLinesDeep_2016	37.0	female	IlluminaHiSeq	Qiagen	20040473.0	1	97	1	12	0.0
EGAR00001420934_9002000001462687	0	LifeLinesDeep_2016	49.0	male	IlluminaHiSeq	Qiagen	31025841.0	1	70	1	8	0.0
EGAR00001420936_9002000001463100	0	LifeLinesDeep_2016	51.0	male	IlluminaHiSeq	Qiagen	44125880.0	1	152	1	21	0.0
EGAR00001420937_9002000001463399	0	LifeLinesDeep_2016	49.0	male	IlluminaHiSeq	Qiagen	29503117.0	1	79	1	10	0.0
EGAR00001420940_9002000001464010	0	LifeLinesDeep_2016	49.0	male	IlluminaHiSeq	Qiagen	46399674.0	1	145	1	16	0.0
EGAR00001420947_9002000001465099	0	LifeLinesDeep_2016	47.0	female	IlluminaHiSeq	Qiagen	68828439.0	0	140	0	15	0.0
EGAR00001420948_9002000001465778	0	LifeLinesDeep_2016	41.0	female	IlluminaHiSeq	Qiagen	53486460.0	0	89	0	14	0.0
EGAR00001420950_9002000001466292	0	LifeLinesDeep_2016	48.0	male	IlluminaHiSeq	Qiagen	36730305.0	1	121	1	15	0.0
EGAR00001420952_9002000001467235	0	LifeLinesDeep_2016	71.0	male	IlluminaHiSeq	Qiagen	40518820.0	1	104	1	14	0.0
EGAR00001420953_9002000001467807	0	LifeLinesDeep_2016	48.0	female	IlluminaHiSeq	Qiagen	36245593.0	1	152	1	15	0.0
EGAR00001420954_9002000001467905	0	LifeLinesDeep_2016	47.0	male	IlluminaHiSeq	Qiagen	40428336.0	1	137	1	16	0.0
EGAR00001420957_9002000001468930	0	LifeLinesDeep_2016	35.0	female	IlluminaHiSeq	Qiagen	40955447.0	1	135	1	19	0.0
EGAR00001420960_9002000001470400	0	LifeLinesDeep_2016	51.0	male	IlluminaHiSeq	Qiagen	18039554.0	1	133	1	14	0.0
EGAR00001420961_9002000001470722	0	LifeLinesDeep_2016	76.0	female	IlluminaHiSeq	Qiagen	35468467.0	1	101	1	17	0.0
EGAR00001420962_9002000001471363LL	0	LifeLinesDeep_2016	54.0	male	IlluminaHiSeq	Qiagen	30241116.0	1	66	1	7	0.0
EGAR00001420966_9002000001472656	0	LifeLinesDeep_2016	31.0	female	IlluminaHiSeq	Qiagen	43840863.0	0	48	0	5	0.0
EGAR00001420967_9002000001472763	0	LifeLinesDeep_2016	33.0	male	IlluminaHiSeq	Qiagen	31222970.0	1	39	1	4	0.0
EGAR00001420979_9002000001476065	0	LifeLinesDeep_2016	49.0	female	IlluminaHiSeq	Qiagen	28038405.0	1	186	1	27	0.0
EGAR00001420981_9002000001476261LL	0	LifeLinesDeep_2016	40.0	female	IlluminaHiSeq	Qiagen	31193813.0	1	50	2	3	0.0
EGAR00001420982_9002000001476459	0	LifeLinesDeep_2016	36.0	female	IlluminaHiSeq	Qiagen	16325323.0	1	101	1	10	0.0
EGAR00001420983_9002000001476720	0	LifeLinesDeep_2016	20.0	female	IlluminaHiSeq	Qiagen	28245587.0	1	154	1	20	0.0
EGAR00001420984_9002000001476931	0	LifeLinesDeep_2016	63.0	male	IlluminaHiSeq	Qiagen	23022041.0	1	150	1	23	0.0
EGAR00001420985_9002000001477035LL	0	LifeLinesDeep_2016	63.0	male	IlluminaHiSeq	Qiagen	22732390.0	0	59	0	7	0.0
EGAR00001420990_9002000001477886	0	LifeLinesDeep_2016	64.0	female	IlluminaHiSeq	Qiagen	23320345.0	0	69	0	7	0.0
EGAR00001420991_9002000001478005ALL	0	LifeLinesDeep_2016	32.0	male	IlluminaHiSeq	Qiagen	17437869.0	0	73	0	5	0.0
EGAR00001420994_9002000001478776	0	LifeLinesDeep_2016	57.0	female	IlluminaHiSeq	Qiagen	35136835.0	0	111	0	14	0.0
EGAR00001420995_9002000001479129	0	LifeLinesDeep_2016	24.0	male	IlluminaHiSeq	Qiagen	36231890.0	1	40	1	6	0.0
EGAR00001420997_9002000001480184LL	0	LifeLinesDeep_2016	41.0	male	IlluminaHiSeq	Qiagen	34717682.0	0	163	0	17	0.0
EGAR00001421001_9002000001480980LL	0	LifeLinesDeep_2016	47.0	female	IlluminaHiSeq	Qiagen	30681619.0	1	27	1	4	0.0
EGAR00001421003_9002000001481486	0	LifeLinesDeep_2016	22.0	female	IlluminaHiSeq	Qiagen	49944484.0	1	36	1	2	0.0
EGAR00001421004_9002000001482133	0	LifeLinesDeep_2016	57.0	male	IlluminaHiSeq	Qiagen	19744735.0	0	58	0	6	0.0
EGAR00001421005_9002000001482222	0	LifeLinesDeep_2016	31.0	female	IlluminaHiSeq	Qiagen	24498646.0	0	52	0	6	0.0
EGAR00001421007_9002000001482920	0	LifeLinesDeep_2016	38.0	male	IlluminaHiSeq	Qiagen	43293441.0	1	118	1	13	0.0
EGAR00001421008_9002000001482939	0	LifeLinesDeep_2016	32.0	female	IlluminaHiSeq	Qiagen	56156488.0	1	172	1	20	0.0
EGAR00001421015_9002000001485725	0	LifeLinesDeep_2016	37.0	female	IlluminaHiSeq	Qiagen	25046138.0	0	119	0	14	0.0
EGAR00001421016_9002000001486348	0	LifeLinesDeep_2016	56.0	male	IlluminaHiSeq	Qiagen	44981266.0	0	112	0	14	0.0
EGAR00001421017_9002000001486419	0	LifeLinesDeep_2016	33.0	male	IlluminaHiSeq	Qiagen	29757539.0	1	135	1	16	0.0
EGAR00001421018_9002000001486491	0	LifeLinesDeep_2016	45.0	female	IlluminaHiSeq	Qiagen	26494281.0	1	95	1	11	0.0
EGAR00001421019_9002000001487499	0	LifeLinesDeep_2016	54.0	male	IlluminaHiSeq	Qiagen	18239988.0	0	81	0	11	0.0
EGAR00001421020_9002000001487873	0	LifeLinesDeep_2016	38.0	male	IlluminaHiSeq	Qiagen	30848069.0	0	163	0	20	0.0
EGAR00001421021_9002000001487891	0	LifeLinesDeep_2016	26.0	male	IlluminaHiSeq	Qiagen	32291506.0	1	82	1	9	0.0
EGAR00001421022_9002000001488502	0	LifeLinesDeep_2016	22.0	male	IlluminaHiSeq	Qiagen	22473272.0	0	83	0	5	0.0
EGAR00001421023_9002000001488665	0	LifeLinesDeep_2016	23.0	male	IlluminaHiSeq	Qiagen	77346441.0	0	165	0	16	0.0
EGAR00001421024_9002000001488899	0	LifeLinesDeep_2016	38.0	male	IlluminaHiSeq	Qiagen	27833356.0	1	105	1	14	0.0
EGAR00001421025_9002000001488941LL	0	LifeLinesDeep_2016	28.0	female	IlluminaHiSeq	Qiagen	29306880.0	0	17	0	2	0.0
EGAR00001421026_9002000001489152LL	0	LifeLinesDeep_2016	23.0	female	IlluminaHiSeq	Qiagen	21212076.0	1	102	1	10	0.0
EGAR00001421027_9002000001490171	0	LifeLinesDeep_2016	53.0	female	IlluminaHiSeq	Qiagen	45809406.0	1	52	1	8	0.0
EGAR00001421028_9002000001490396	0	LifeLinesDeep_2016	51.0	female	IlluminaHiSeq	Qiagen	39354557.0	0	109	0	14	0.0
EGAR00001421036_9002000001493342	0	LifeLinesDeep_2016	45.0	male	IlluminaHiSeq	Qiagen	44785221.0	0	134	0	12	0.0
EGAR00001421037_9002000001493674	0	LifeLinesDeep_2016	26.0	male	IlluminaHiSeq	Qiagen	34965030.0	1	93	1	9	0.0
EGAR00001420354_9002000001277992	0	LifeLinesDeep_2016	63.0	female	IlluminaHiSeq	Qiagen	38226978.0	0	170	0	16	0.0
EGAR00001420894_9002000001453937	0	LifeLinesDeep_2016	54.0	male	IlluminaHiSeq	Qiagen	33140695.0	0	101	0	11	0.0
EGAR00001420895_9002000001454080	0	LifeLinesDeep_2016	60.0	female	IlluminaHiSeq	Qiagen	54610916.0	0	58	0	8	0.0
EGAR00001420896_9002000001454184	0	LifeLinesDeep_2016	30.0	male	IlluminaHiSeq	Qiagen	20844449.0	0	50	0	4	0.0
EGAR00001420897_9002000001454470	0	LifeLinesDeep_2016	47.0	female	IlluminaHiSeq	Qiagen	37037888.0	0	88	0	9	0.0
EGAR00001420898_9002000001454504	0	LifeLinesDeep_2016	43.0	female	IlluminaHiSeq	Qiagen	64373068.0	0	126	0	15	0.0
EGAR00001420955_9002000001468260LL	0	LifeLinesDeep_2016	36.0	female	IlluminaHiSeq	Qiagen	33005683.0	1	10	1	1	0.0
EGAR00001420996_9002000001479951	0	LifeLinesDeep_2016	46.0	male	IlluminaHiSeq	Qiagen	43451721.0	0	121	0	12	0.0
EGAR00001421080_9002000001517041	0	LifeLinesDeep_2016	51.0	male	IlluminaHiSeq	Qiagen	28521079.0	1	133	1	19	0.0
EGAR00001421131_9002000001536628	0	LifeLinesDeep_2016	48.0	female	IlluminaHiSeq	Qiagen	35568333.0	1	25	1	3	0.0
EGAR00001421171_9002000001555356	0	LifeLinesDeep_2016	60.0	female	IlluminaHiSeq	Qiagen	51157395.0	1	117	1	24	0.0
EGAR00001421172_9002000001555800	0	LifeLinesDeep_2016	41.0	female	IlluminaHiSeq	Qiagen	32289235.0	1	70	1	8	0.0
EGAR00001421175_9002000001556980LL	0	LifeLinesDeep_2016	46.0	male	IlluminaHiSeq	Qiagen	27893404.0	0	74	0	8	0.0
EGAR00001421176_9002000001557110	0	LifeLinesDeep_2016	32.0	male	IlluminaHiSeq	Qiagen	29091432.0	1	179	1	22	0.0
EGAR00001421177_9002000001557420	0	LifeLinesDeep_2016	44.0	female	IlluminaHiSeq	Qiagen	29489849.0	1	74	1	9	0.0
EGAR00001421178_9002000001557655LL	0	LifeLinesDeep_2016	26.0	male	IlluminaHiSeq	Qiagen	22959548.0	0	67	0	9	0.0
EGAR00001421179_9002000001558115	0	LifeLinesDeep_2016	51.0	male	IlluminaHiSeq	Qiagen	31869940.0	1	119	1	15	0.0
EGAR00001421180_9002000001559275LL	0	LifeLinesDeep_2016	63.0	female	IlluminaHiSeq	Qiagen	31875557.0	0	91	0	11	0.0
EGAR00001421181_9002000001559794	0	LifeLinesDeep_2016	30.0	female	IlluminaHiSeq	Qiagen	29887874.0	1	129	1	11	0.0
EGAR00001421182_9002000001561424	0	LifeLinesDeep_2016	26.0	female	IlluminaHiSeq	Qiagen	24090815.0	1	103	1	12	0.0
EGAR00001421183_9002000001561934	0	LifeLinesDeep_2016	41.0	female	IlluminaHiSeq	Qiagen	37216597.0	0	65	0	5	0.0
EGAR00001421184_9002000001562708	0	LifeLinesDeep_2016	67.0	male	IlluminaHiSeq	Qiagen	26575351.0	0	92	0	9	0.0
EGAR00001421186_9002000001563269	0	LifeLinesDeep_2016	53.0	male	IlluminaHiSeq	Qiagen	33363590.0	0	42	0	6	0.0
EGAR00001421189_9002000001564180	0	LifeLinesDeep_2016	66.0	male	IlluminaHiSeq	Qiagen	58975825.0	1	153	1	17	0.0
EGAR00001421190_9002000001564382	0	LifeLinesDeep_2016	61.0	female	IlluminaHiSeq	Qiagen	29867547.0	1	155	1	14	0.0
EGAR00001421199_9002000001568750	0	LifeLinesDeep_2016	66.0	male	IlluminaHiSeq	Qiagen	40550589.0	1	82	1	10	0.0
EGAR00001421202_9002000001570648	0	LifeLinesDeep_2016	36.0	male	IlluminaHiSeq	Qiagen	20020686.0	1	74	1	10	0.0
EGAR00001421205_9002000001572920	0	LifeLinesDeep_2016	46.0	female	IlluminaHiSeq	Qiagen	26406123.0	1	113	1	12	0.0
EGAR00001421206_9002000001573176LL	0	LifeLinesDeep_2016	48.0	male	IlluminaHiSeq	Qiagen	35075902.0	1	102	1	12	0.0
EGAR00001421207_9002000001573560	0	LifeLinesDeep_2016	43.0	male	IlluminaHiSeq	Qiagen	24877533.0	0	35	0	2	0.0
EGAR00001421208_9002000001573971LL	0	LifeLinesDeep_2016	31.0	female	IlluminaHiSeq	Qiagen	28628041.0	1	140	1	18	0.0
EGAR00001421214_9002000001577850	0	LifeLinesDeep_2016	30.0	male	IlluminaHiSeq	Qiagen	28247721.0	1	173	1	16	0.0
EGAR00001421218_9002000001582780	0	LifeLinesDeep_2016	41.0	female	IlluminaHiSeq	Qiagen	33672120.0	0	94	0	15	0.0
EGAR00001421219_9002000001583127	0	LifeLinesDeep_2016	31.0	male	IlluminaHiSeq	Qiagen	61527519.0	1	119	1	10	0.0
EGAR00001421220_9002000001583340	0	LifeLinesDeep_2016	44.0	female	IlluminaHiSeq	Qiagen	45291542.0	1	128	2	20	0.0
EGAR00001421221_9002000001583619	0	LifeLinesDeep_2016	62.0	male	IlluminaHiSeq	Qiagen	48307958.0	1	124	1	13	0.0
EGAR00001421222_9002000001584779	0	LifeLinesDeep_2016	37.0	female	IlluminaHiSeq	Qiagen	30146103.0	1	69	1	8	0.0
EGAR00001421223_9002000001586835	0	LifeLinesDeep_2016	25.0	male	IlluminaHiSeq	Qiagen	66376939.0	1	72	1	9	0.0
EGAR00001421228_9002000001588212	0	LifeLinesDeep_2016	42.0	female	IlluminaHiSeq	Qiagen	39873818.0	0	130	0	15	0.0
EGAR00001421229_9002000001588517	0	LifeLinesDeep_2016	33.0	female	IlluminaHiSeq	Qiagen	41625878.0	1	94	1	11	0.0
EGAR00001421233_9002000001589917	0	LifeLinesDeep_2016	30.0	female	IlluminaHiSeq	Qiagen	34077435.0	0	16	0	3	0.0
EGAR00001421234_9005000001577950	0	LifeLinesDeep_2016	53.0	female	IlluminaHiSeq	Qiagen	68456224.0	0	123	0	10	0.0
EGAR00001420341_9002000001273957	0	LifeLinesDeep_2016	43.0	female	IlluminaHiSeq	Qiagen	37719322.0	0	60	0	9	0.0
EGAR00001420483_9002000001342983	0	LifeLinesDeep_2016	44.0	male	IlluminaHiSeq	Qiagen	53714096.0	1	24	1	4	0.0
EGAR00001420484_9002000001343004	0	LifeLinesDeep_2016	61.0	female	IlluminaHiSeq	Qiagen	36629709.0	1	178	1	18	0.0
EGAR00001420485_9002000001343407	0	LifeLinesDeep_2016	24.0	male	IlluminaHiSeq	Qiagen	62197988.0	0	132	0	16	0.0
EGAR00001420486_9002000001343701	0	LifeLinesDeep_2016	63.0	female	IlluminaHiSeq	Qiagen	70529091.0	1	201	1	18	0.0
EGAR00001420493_9002000001346540	0	LifeLinesDeep_2016	42.0	female	IlluminaHiSeq	Qiagen	25074312.0	0	60	0	6	0.0
EGAR00001420500_9002000001349429	0	LifeLinesDeep_2016	51.0	female	IlluminaHiSeq	Qiagen	24422501.0	1	151	1	28	0.0
EGAR00001420507_9002000001351070	0	LifeLinesDeep_2016	24.0	female	IlluminaHiSeq	Qiagen	28903339.0	1	89	1	12	0.0
EGAR00001420511_9002000001352578	0	LifeLinesDeep_2016	53.0	female	IlluminaHiSeq	Qiagen	39364640.0	0	137	0	12	0.0
EGAR00001420512_9002000001352980	0	LifeLinesDeep_2016	70.0	female	IlluminaHiSeq	Qiagen	44920711.0	0	153	0	18	0.0
EGAR00001420520_9002000001355177	0	LifeLinesDeep_2016	55.0	female	IlluminaHiSeq	Qiagen	45121186.0	1	95	1	12	0.0
EGAR00001420532_9002000001359210LL	0	LifeLinesDeep_2016	77.0	male	IlluminaHiSeq	Qiagen	25197496.0	1	120	1	14	0.0
EGAR00001420533_9002000001359327	0	LifeLinesDeep_2016	23.0	female	IlluminaHiSeq	Qiagen	38343883.0	1	37	1	3	0.0
EGAR00001420560_9002000001368095	0	LifeLinesDeep_2016	66.0	female	IlluminaHiSeq	Qiagen	39608331.0	0	93	0	14	0.0
EGAR00001420561_9002000001368870	0	LifeLinesDeep_2016	26.0	female	IlluminaHiSeq	Qiagen	24700409.0	1	112	1	10	0.0
EGAR00001420567_9002000001370370	0	LifeLinesDeep_2016	27.0	female	IlluminaHiSeq	Qiagen	34456108.0	0	136	0	15	0.0
EGAR00001420574_9002000001373308	0	LifeLinesDeep_2016	26.0	female	IlluminaHiSeq	Qiagen	36216878.0	1	131	1	15	0.0
EGAR00001420575_9002000001373550	0	LifeLinesDeep_2016	35.0	female	IlluminaHiSeq	Qiagen	39892069.0	1	111	1	10	0.0
EGAR00001420591_9002000001378600	0	LifeLinesDeep_2016	59.0	male	IlluminaHiSeq	Qiagen	36223533.0	0	120	0	18	0.0
EGAR00001420592_9002000001378910	0	LifeLinesDeep_2016	50.0	female	IlluminaHiSeq	Qiagen	22693925.0	0	130	0	14	0.0
EGAR00001420593_9002000001379150	0	LifeLinesDeep_2016	33.0	female	IlluminaHiSeq	Qiagen	30830576.0	1	50	1	7	0.0
EGAR00001420609_9002000001383360	0	LifeLinesDeep_2016	48.0	male	IlluminaHiSeq	Qiagen	36542878.0	0	80	0	11	0.0
EGAR00001420621_9002000001386478	0	LifeLinesDeep_2016	65.0	male	IlluminaHiSeq	Qiagen	22854615.0	0	88	0	10	0.0
EGAR00001420626_9002000001387830	0	LifeLinesDeep_2016	52.0	female	IlluminaHiSeq	Qiagen	24434856.0	1	17	1	4	0.0
EGAR00001420636_9002000001390837	0	LifeLinesDeep_2016	47.0	male	IlluminaHiSeq	Qiagen	61272956.0	0	53	0	7	0.0
EGAR00001420666_9002000001395260	0	LifeLinesDeep_2016	45.0	male	IlluminaHiSeq	Qiagen	41781774.0	0	156	0	16	0.0
EGAR00001420671_9002000001396723	0	LifeLinesDeep_2016	50.0	female	IlluminaHiSeq	Qiagen	40426408.0	1	100	1	12	0.0
EGAR00001420672_9002000001397355	0	LifeLinesDeep_2016	47.0	male	IlluminaHiSeq	Qiagen	45207951.0	0	80	0	8	0.0
EGAR00001420675_9002000001397990	0	LifeLinesDeep_2016	80.0	female	IlluminaHiSeq	Qiagen	50780371.0	1	132	1	9	0.0
EGAR00001420676_9002000001398110	0	LifeLinesDeep_2016	81.0	male	IlluminaHiSeq	Qiagen	24241789.0	1	147	1	16	0.0
EGAR00001420685_9002000001400826	0	LifeLinesDeep_2016	24.0	female	IlluminaHiSeq	Qiagen	30966016.0	1	27	1	3	0.0
EGAR00001420690_9002000001401450	0	LifeLinesDeep_2016	52.0	female	IlluminaHiSeq	Qiagen	16812665.0	0	67	0	6	0.0
EGAR00001420691_9002000001401743	0	LifeLinesDeep_2016	41.0	male	IlluminaHiSeq	Qiagen	33959366.0	1	55	1	5	0.0
EGAR00001420692_9002000001402221	0	LifeLinesDeep_2016	61.0	male	IlluminaHiSeq	Qiagen	34516469.0	1	103	1	12	0.0
EGAR00001420693_9002000001402491	0	LifeLinesDeep_2016	31.0	female	IlluminaHiSeq	Qiagen	51872012.0	1	54	1	4	0.0
EGAR00001420694_9002000001402624	0	LifeLinesDeep_2016	56.0	male	IlluminaHiSeq	Qiagen	36943892.0	1	113	1	13	0.0
EGAR00001420731_9002000001412522	0	LifeLinesDeep_2016	32.0	female	IlluminaHiSeq	Qiagen	36335907.0	1	43	1	6	0.0
EGAR00001420734_9002000001413539	0	LifeLinesDeep_2016	36.0	female	IlluminaHiSeq	Qiagen	34006625.0	0	81	0	8	0.0
EGAR00001420735_9002000001413750	0	LifeLinesDeep_2016	54.0	male	IlluminaHiSeq	Qiagen	95362670.0	1	80	1	12	0.0
EGAR00001420748_9002000001418010	0	LifeLinesDeep_2016	31.0	female	IlluminaHiSeq	Qiagen	28239008.0	1	159	1	17	0.0
EGAR00001420749_9002000001418633	0	LifeLinesDeep_2016	65.0	male	IlluminaHiSeq	Qiagen	42981140.0	1	144	1	15	0.0
EGAR00001420750_9002000001418830	0	LifeLinesDeep_2016	50.0	male	IlluminaHiSeq	Qiagen	47290242.0	0	129	0	12	0.0
EGAR00001420775_9002000001424256	0	LifeLinesDeep_2016	73.0	female	IlluminaHiSeq	Qiagen	23878683.0	0	79	0	8	0.0
EGAR00001420779_9002000001424962	0	LifeLinesDeep_2016	48.0	female	IlluminaHiSeq	Qiagen	27034194.0	1	62	1	7	0.0
EGAR00001420780_9002000001425146	0	LifeLinesDeep_2016	41.0	female	IlluminaHiSeq	Qiagen	79686964.0	1	52	1	3	0.0
EGAR00001420781_9002000001425244	0	LifeLinesDeep_2016	23.0	male	IlluminaHiSeq	Qiagen	31960257.0	1	71	1	9	0.0
EGAR00001420789_9002000001426896	0	LifeLinesDeep_2016	48.0	female	IlluminaHiSeq	Qiagen	63622272.0	0	56	0	7	0.0
EGAR00001420790_9002000001427211	0	LifeLinesDeep_2016	28.0	male	IlluminaHiSeq	Qiagen	25328603.0	0	55	0	4	0.0
EGAR00001420791_9002000001427400	0	LifeLinesDeep_2016	37.0	female	IlluminaHiSeq	Qiagen	18068432.0	1	97	1	13	0.0
EGAR00001420815_9002000001435151	0	LifeLinesDeep_2016	60.0	female	IlluminaHiSeq	Qiagen	50180068.0	0	147	0	16	0.0
EGAR00001420819_9002000001435740	0	LifeLinesDeep_2016	32.0	female	IlluminaHiSeq	Qiagen	27860500.0	0	85	0	12	0.0
EGAR00001420845_9002000001441533	0	LifeLinesDeep_2016	68.0	female	IlluminaHiSeq	Qiagen	24120439.0	0	41	0	3	0.0
EGAR00001420861_9002000001445668	0	LifeLinesDeep_2016	46.0	female	IlluminaHiSeq	Qiagen	33961392.0	1	82	1	15	0.0
EGAR00001420868_9002000001447100	0	LifeLinesDeep_2016	34.0	female	IlluminaHiSeq	Qiagen	26330536.0	1	42	1	7	0.0
EGAR00001420869_9002000001447386	0	LifeLinesDeep_2016	70.0	female	IlluminaHiSeq	Qiagen	37019333.0	0	120	0	14	0.0
EGAR00001420871_9002000001447626	0	LifeLinesDeep_2016	34.0	female	IlluminaHiSeq	Qiagen	29669108.0	0	78	0	8	0.0
EGAR00001420872_9002000001447662	0	LifeLinesDeep_2016	48.0	female	IlluminaHiSeq	Qiagen	40336568.0	1	157	2	18	0.0
EGAR00001420880_9002000001449540	0	LifeLinesDeep_2016	33.0	male	IlluminaHiSeq	Qiagen	49647674.0	1	29	1	3	0.0
EGAR00001420887_9002000001452386	0	LifeLinesDeep_2016	56.0	female	IlluminaHiSeq	Qiagen	29930581.0	0	151	0	15	0.0
EGAR00001420891_9002000001453220	0	LifeLinesDeep_2016	50.0	female	IlluminaHiSeq	Qiagen	24644311.0	0	54	0	3	0.0
EGAR00001420892_9002000001453703	0	LifeLinesDeep_2016	53.0	female	IlluminaHiSeq	Qiagen	43845466.0	0	58	0	5	0.0
EGAR00001420893_9002000001453721	0	LifeLinesDeep_2016	45.0	female	IlluminaHiSeq	Qiagen	45641190.0	1	43	1	3	0.0
EGAR00001420907_9002000001456330	0	LifeLinesDeep_2016	55.0	female	IlluminaHiSeq	Qiagen	54769339.0	1	107	1	16	0.0
EGAR00001420122_9002000001179481	0	LifeLinesDeep_2016	41.0	male	IlluminaHiSeq	Qiagen	20251116.0	0	92	0	33	0.0
EGAR00001420908_9002000001456509	0	LifeLinesDeep_2016	60.0	male	IlluminaHiSeq	Qiagen	35765899.0	1	62	1	5	0.0
EGAR00001420909_9002000001456625	0	LifeLinesDeep_2016	45.0	female	IlluminaHiSeq	Qiagen	41568395.0	1	49	1	7	0.0
EGAR00001420910_9002000001456920	0	LifeLinesDeep_2016	49.0	female	IlluminaHiSeq	Qiagen	41621217.0	1	87	1	11	0.0
EGAR00001420912_9002000001457530	0	LifeLinesDeep_2016	41.0	female	IlluminaHiSeq	Qiagen	35625741.0	0	73	0	8	0.0
EGAR00001420913_9002000001457730	0	LifeLinesDeep_2016	21.0	female	IlluminaHiSeq	Qiagen	37940340.0	1	165	1	18	0.0
EGAR00001420916_9002000001459378	0	LifeLinesDeep_2016	69.0	male	IlluminaHiSeq	Qiagen	37711442.0	1	42	1	5	0.0
EGAR00001420917_9002000001459681	0	LifeLinesDeep_2016	32.0	female	IlluminaHiSeq	Qiagen	25631743.0	1	153	1	23	0.0
EGAR00001420918_9002000001459770	0	LifeLinesDeep_2016	53.0	female	IlluminaHiSeq	Qiagen	29748680.0	1	115	1	12	0.0
EGAR00001420919_9002000001459832	0	LifeLinesDeep_2016	65.0	female	IlluminaHiSeq	Qiagen	41971488.0	1	124	1	14	0.0
EGAR00001420920_9002000001460056	0	LifeLinesDeep_2016	31.0	female	IlluminaHiSeq	Qiagen	24685016.0	1	108	1	10	0.0
EGAR00001420921_9002000001460323	0	LifeLinesDeep_2016	51.0	female	IlluminaHiSeq	Qiagen	42903903.0	1	104	1	10	0.0
EGAR00001420922_9002000001460332	0	LifeLinesDeep_2016	41.0	male	IlluminaHiSeq	Qiagen	48195518.0	1	154	1	20	0.0
EGAR00001420923_9002000001460717	0	LifeLinesDeep_2016	78.0	male	IlluminaHiSeq	Qiagen	43128624.0	1	151	1	18	0.0
EGAR00001420925_9002000001461142	0	LifeLinesDeep_2016	61.0	female	IlluminaHiSeq	Qiagen	67752272.0	0	66	0	10	0.0
EGAR00001420926_9002000001461438	0	LifeLinesDeep_2016	51.0	male	IlluminaHiSeq	Qiagen	66681155.0	1	132	1	13	0.0
S118	0	KarlssonFH_2013	70.0	female	IlluminaHiSeq	unknown	32745496.0	1	135	1	18	0.0
S121	0	KarlssonFH_2013	69.0	female	IlluminaHiSeq	unknown	24783600.0	1	125	1	16	0.0
S126	0	KarlssonFH_2013	69.0	female	IlluminaHiSeq	unknown	29518826.0	0	137	0	15	0.0
S127	0	KarlssonFH_2013	70.0	female	IlluminaHiSeq	unknown	24554634.0	0	152	0	16	0.0
S137	0	KarlssonFH_2013	70.0	female	IlluminaHiSeq	unknown	8310416.0	1	112	1	14	0.0
S141	0	KarlssonFH_2013	69.0	female	IlluminaHiSeq	unknown	19800586.0	1	90	1	9	0.0
S143	0	KarlssonFH_2013	69.0	female	IlluminaHiSeq	unknown	29845020.0	1	105	1	17	0.0
S146	0	KarlssonFH_2013	69.0	female	IlluminaHiSeq	unknown	23655754.0	1	66	1	12	0.0
S153	0	KarlssonFH_2013	70.0	female	IlluminaHiSeq	unknown	38903876.0	1	97	1	11	0.0
S155	0	KarlssonFH_2013	70.0	female	IlluminaHiSeq	unknown	38363260.0	1	137	1	16	0.0
S187	0	KarlssonFH_2013	70.0	female	IlluminaHiSeq	unknown	45176390.0	0	131	0	17	0.0
S193	0	KarlssonFH_2013	70.0	female	IlluminaHiSeq	unknown	49036084.0	0	154	0	17	0.0
S194	0	KarlssonFH_2013	70.0	female	IlluminaHiSeq	unknown	44043924.0	1	150	1	13	0.0
S195	0	KarlssonFH_2013	71.0	female	IlluminaHiSeq	unknown	38875356.0	0	84	0	7	0.0
S198	0	KarlssonFH_2013	69.0	female	IlluminaHiSeq	unknown	40382652.0	1	108	1	8	0.0
S224	0	KarlssonFH_2013	69.0	female	IlluminaHiSeq	unknown	19767240.0	1	169	1	16	0.0
S225	0	KarlssonFH_2013	70.0	female	IlluminaHiSeq	unknown	20784914.0	0	88	0	9	0.0
S231	0	KarlssonFH_2013	70.0	female	IlluminaHiSeq	unknown	24580092.0	1	98	1	13	0.0
S264	0	KarlssonFH_2013	69.0	female	IlluminaHiSeq	unknown	15859028.0	1	137	1	20	0.0
S268	0	KarlssonFH_2013	69.0	female	IlluminaHiSeq	unknown	22742796.0	1	74	1	8	0.0
S269	0	KarlssonFH_2013	70.0	female	IlluminaHiSeq	unknown	19204028.0	1	50	1	6	0.0
S288	0	KarlssonFH_2013	70.0	female	IlluminaHiSeq	unknown	24650958.0	1	49	1	3	0.0
S365	0	KarlssonFH_2013	71.0	female	IlluminaHiSeq	unknown	27938300.0	1	91	1	9	0.0
S381	0	KarlssonFH_2013	70.0	female	IlluminaHiSeq	unknown	27835062.0	1	131	1	16	0.0
S424	0	KarlssonFH_2013	70.0	female	IlluminaHiSeq	unknown	31866570.0	0	82	0	12	0.0
S451	0	KarlssonFH_2013	71.0	female	IlluminaHiSeq	unknown	30299038.0	1	57	1	3	0.0
S456	0	KarlssonFH_2013	70.0	female	IlluminaHiSeq	unknown	57713204.0	1	90	1	7	0.0
S463	0	KarlssonFH_2013	71.0	female	IlluminaHiSeq	unknown	31699834.0	1	118	1	13	0.0
S479	0	KarlssonFH_2013	71.0	female	IlluminaHiSeq	unknown	31942632.0	0	154	0	17	0.0
S53	0	KarlssonFH_2013	70.0	female	IlluminaHiSeq	unknown	27943736.0	0	106	0	11	0.0
S58	0	KarlssonFH_2013	70.0	female	IlluminaHiSeq	unknown	26426600.0	1	76	1	12	0.0
S584	0	KarlssonFH_2013	70.0	female	IlluminaHiSeq	unknown	29998756.0	0	144	0	18	0.0
S59	0	KarlssonFH_2013	69.0	female	IlluminaHiSeq	unknown	24920030.0	1	128	1	12	0.0
S614	0	KarlssonFH_2013	71.0	female	IlluminaHiSeq	unknown	15306548.0	1	79	1	7	0.0
S617	0	KarlssonFH_2013	71.0	female	IlluminaHiSeq	unknown	9698560.0	1	117	1	11	0.0
S618	0	KarlssonFH_2013	71.0	female	IlluminaHiSeq	unknown	16826714.0	0	78	0	12	0.0
S628	0	KarlssonFH_2013	71.0	female	IlluminaHiSeq	unknown	13839180.0	0	124	0	10	0.0
S643	0	KarlssonFH_2013	70.0	female	IlluminaHiSeq	unknown	15307646.0	1	118	1	14	0.0
S655	0	KarlssonFH_2013	71.0	female	IlluminaHiSeq	unknown	12535874.0	0	68	0	7	0.0
S77	0	KarlssonFH_2013	69.0	female	IlluminaHiSeq	unknown	27378948.0	0	131	0	13	0.0
S80	0	KarlssonFH_2013	70.0	female	IlluminaHiSeq	unknown	18620022.0	1	100	1	14	0.0
S88	0	KarlssonFH_2013	69.0	female	IlluminaHiSeq	unknown	27299226.0	0	114	0	21	0.0
S92	0	KarlssonFH_2013	69.0	female	IlluminaHiSeq	unknown	21940486.0	1	55	1	8	0.0
SAMEA4719776	1	LokmerA_2019	62.0	male	IlluminaHiSeq	Illuminakit	38631548.0	1	241	1	21	0.0
SAMEA4719777	1	LokmerA_2019	65.0	male	IlluminaHiSeq	Illuminakit	43416774.0	1	217	1	20	0.0
SAMEA4719778	1	LokmerA_2019	58.0	male	IlluminaHiSeq	Illuminakit	68206550.0	1	278	2	24	0.0
SAMEA4719779	1	LokmerA_2019	78.0	male	IlluminaHiSeq	Illuminakit	55128218.0	1	300	1	18	0.0
SAMEA4719780	1	LokmerA_2019	56.0	female	IlluminaHiSeq	Illuminakit	59833784.0	1	211	2	17	0.0
SAMEA4719781	1	LokmerA_2019	36.0	male	IlluminaHiSeq	Illuminakit	81479256.0	1	167	2	17	0.0
SAMEA4719782	1	LokmerA_2019	57.0	male	IlluminaHiSeq	Illuminakit	51647484.0	1	255	1	26	0.0
SAMEA4719783	1	LokmerA_2019	75.0	male	IlluminaHiSeq	Illuminakit	59184724.0	1	227	1	22	0.0
SAMEA4719784	1	LokmerA_2019	54.0	male	IlluminaHiSeq	Illuminakit	65833832.0	1	232	1	21	0.0
SAMEA4719785	1	LokmerA_2019	29.0	male	IlluminaHiSeq	Illuminakit	51223108.0	0	241	0	14	0.0
SAMEA4719786	1	LokmerA_2019	48.0	male	IlluminaHiSeq	Illuminakit	46013790.0	1	128	2	13	0.0
SAMEA4719787	1	LokmerA_2019	46.0	female	IlluminaHiSeq	Illuminakit	51183782.0	1	252	1	25	0.0
SAMEA4719788	1	LokmerA_2019	26.0	female	IlluminaHiSeq	Illuminakit	44053722.0	1	220	1	21	0.0
SAMEA4719789	1	LokmerA_2019	63.0	male	IlluminaHiSeq	Illuminakit	52860764.0	1	213	2	13	0.0
SAMEA4719790	1	LokmerA_2019	43.0	female	IlluminaHiSeq	Illuminakit	50536636.0	1	265	1	18	0.0
SAMEA4719791	1	LokmerA_2019	68.0	male	IlluminaHiSeq	Illuminakit	40071576.0	1	282	1	20	0.0
SAMEA4719792	1	LokmerA_2019	52.0	female	IlluminaHiSeq	Illuminakit	61339080.0	1	179	2	16	0.0
SAMEA4719793	1	LokmerA_2019	61.0	female	IlluminaHiSeq	Illuminakit	48801734.0	1	281	2	19	0.0
SAMEA4719794	1	LokmerA_2019	29.0	female	IlluminaHiSeq	Illuminakit	54012402.0	1	263	1	28	0.0
SAMEA4719795	1	LokmerA_2019	27.0	female	IlluminaHiSeq	Illuminakit	59714372.0	1	103	1	10	0.0
SAMEA4719796	1	LokmerA_2019	45.0	male	IlluminaHiSeq	Illuminakit	49263096.0	1	268	2	21	0.0
SAMEA4719797	1	LokmerA_2019	47.0	male	IlluminaHiSeq	Illuminakit	52228432.0	1	146	1	13	0.0
SAMEA4719798	1	LokmerA_2019	51.0	female	IlluminaHiSeq	Illuminakit	53978284.0	1	202	1	19	0.0
SAMEA4719799	1	LokmerA_2019	50.0	male	IlluminaHiSeq	Illuminakit	65690416.0	1	104	1	10	0.0
SAMEA4719800	1	LokmerA_2019	40.0	male	IlluminaHiSeq	Illuminakit	44429742.0	1	261	1	23	0.0
SAMEA4719801	1	LokmerA_2019	59.0	male	IlluminaHiSeq	Illuminakit	59764660.0	1	73	2	8	0.0
SAMEA4719802	1	LokmerA_2019	63.0	male	IlluminaHiSeq	Illuminakit	46550428.0	1	107	1	14	0.0
SAMEA4719803	1	LokmerA_2019	50.0	male	IlluminaHiSeq	Illuminakit	60117764.0	1	139	1	14	0.0
SAMEA4719804	1	LokmerA_2019	62.0	male	IlluminaHiSeq	Illuminakit	45777784.0	1	257	1	20	0.0
SAMEA4719805	1	LokmerA_2019	53.0	female	IlluminaHiSeq	Illuminakit	58164826.0	1	107	1	12	0.0
SAMEA4719806	1	LokmerA_2019	40.0	female	IlluminaHiSeq	Illuminakit	51492142.0	1	132	1	13	0.0
SAMEA4719807	1	LokmerA_2019	68.0	male	IlluminaHiSeq	Illuminakit	47966858.0	1	204	1	15	0.0
SAMEA4719808	1	LokmerA_2019	45.0	female	IlluminaHiSeq	Illuminakit	48135318.0	1	160	1	14	0.0
SAMEA4719809	1	LokmerA_2019	70.0	male	IlluminaHiSeq	Illuminakit	43881940.0	1	97	1	11	0.0
SAMEA4719810	1	LokmerA_2019	56.0	female	IlluminaHiSeq	Illuminakit	45925872.0	1	158	1	14	0.0
SAMEA4719811	1	LokmerA_2019	63.0	male	IlluminaHiSeq	Illuminakit	46949874.0	1	53	1	7	0.0
SAMEA4719812	1	LokmerA_2019	54.0	male	IlluminaHiSeq	Illuminakit	44977844.0	1	105	1	11	0.0
SAMEA4719813	1	LokmerA_2019	43.0	female	IlluminaHiSeq	Illuminakit	45499302.0	1	235	1	14	0.0
SAMEA4719814	1	LokmerA_2019	73.0	female	IlluminaHiSeq	Illuminakit	40735428.0	1	211	1	16	0.0
SAMEA4719815	1	LokmerA_2019	31.0	male	IlluminaHiSeq	Illuminakit	50390836.0	1	56	1	9	0.0
SAMEA4719816	1	LokmerA_2019	44.0	female	IlluminaHiSeq	Illuminakit	60055072.0	1	26	1	5	0.0
SAMEA4719760	1	LokmerA_2019	61.0	male	IlluminaHiSeq	Illuminakit	49129190.0	1	235	1	23	0.0
SAMEA4719761	1	LokmerA_2019	41.0	male	IlluminaHiSeq	Illuminakit	66957004.0	1	162	2	14	0.0
SAMEA4719762	1	LokmerA_2019	49.0	female	IlluminaHiSeq	Illuminakit	63561106.0	1	308	2	24	0.0
SAMEA4719763	1	LokmerA_2019	57.0	male	IlluminaHiSeq	Illuminakit	45612618.0	1	167	1	14	0.0
SAMEA4719764	1	LokmerA_2019	53.0	female	IlluminaHiSeq	Illuminakit	41694746.0	1	259	2	21	0.0
SAMEA4719765	1	LokmerA_2019	36.0	male	IlluminaHiSeq	Illuminakit	41783018.0	1	181	1	14	0.0
SAMEA4719766	1	LokmerA_2019	33.0	female	IlluminaHiSeq	Illuminakit	31917936.0	1	3	1	1	0.0
SAMEA4719767	1	LokmerA_2019	59.0	female	IlluminaHiSeq	Illuminakit	36155970.0	1	169	1	14	0.0
SAMEA4719768	1	LokmerA_2019	73.0	female	IlluminaHiSeq	Illuminakit	45484602.0	1	271	2	21	0.0
SAMEA4719769	1	LokmerA_2019	31.0	female	IlluminaHiSeq	Illuminakit	47240462.0	1	239	2	18	0.0
SAMEA4719770	1	LokmerA_2019	61.0	male	IlluminaHiSeq	Illuminakit	61883014.0	1	190	1	16	0.0
SAMEA4719771	1	LokmerA_2019	30.0	male	IlluminaHiSeq	Illuminakit	57795456.0	1	90	2	10	0.0
SAMEA4719772	1	LokmerA_2019	27.0	female	IlluminaHiSeq	Illuminakit	51811368.0	1	128	2	10	0.0
SAMEA4719773	1	LokmerA_2019	30.0	female	IlluminaHiSeq	Illuminakit	53021284.0	1	186	1	19	0.0
SAMEA4719774	1	LokmerA_2019	67.0	female	IlluminaHiSeq	Illuminakit	49610646.0	1	315	2	22	0.0
SAMEA4719775	1	LokmerA_2019	49.0	male	IlluminaHiSeq	Illuminakit	35549326.0	1	164	1	18	0.0
SRS021948	0	HMP_2012	27.0	female	IlluminaHiSeq	Qiagen	102234331.0	0	82	0	8	0.0
SRS012273	0	HMP_2012	22.0	female	IlluminaHiSeq	Qiagen	115148342.0	1	70	1	8	0.0
SRS022071	0	HMP_2012	22.0	female	IlluminaHiSeq	Qiagen	103039042.0	0	78	0	7	0.0
SRS011061	0	HMP_2012	30.0	female	IlluminaHiSeq	Qiagen	90085554.0	0	67	0	6	0.0
SRS011084	0	HMP_2012	28.0	male	IlluminaHiSeq	Qiagen	238641707.0	0	78	0	7	0.0
SRS021484	0	HMP_2012	28.0	male	IlluminaHiSeq	Qiagen	125074548.0	0	73	0	7	0.0
SRS022609	0	HMP_2012	25.0	male	IlluminaHiSeq	Qiagen	122234158.0	0	142	0	11	0.0
SRS011134	0	HMP_2012	25.0	male	IlluminaHiSeq	Qiagen	124345431.0	1	139	1	12	0.0
SRS011239	0	HMP_2012	27.0	female	IlluminaHiSeq	Qiagen	133237582.0	1	77	1	11	0.0
SRS023526	0	HMP_2012	27.0	male	IlluminaHiSeq	Qiagen	111858301.0	1	92	1	13	0.0
SRS011271	0	HMP_2012	27.0	male	IlluminaHiSeq	Qiagen	132460058.0	0	84	0	11	0.0
SRS012902	0	HMP_2012	29.0	female	IlluminaHiSeq	Qiagen	107161589.0	1	3	1	0	0.0
SRS023829	0	HMP_2012	29.0	female	IlluminaHiSeq	Qiagen	119161196.0	1	3	1	1	0.0
SRS075398	0	HMP_2012	29.0	female	IlluminaHiSeq	Qiagen	109430327.0	1	4	1	1	0.0
SRS011302	0	HMP_2012	24.0	female	IlluminaHiSeq	Qiagen	129846087.0	1	79	1	9	0.0
SRS024265	0	HMP_2012	24.0	female	IlluminaHiSeq	Qiagen	86568981.0	1	78	1	8	0.0
SRS023583	0	HMP_2012	20.0	female	IlluminaHiSeq	Qiagen	98928169.0	1	59	1	4	0.0
SRS011452	0	HMP_2012	28.0	male	IlluminaHiSeq	Qiagen	37700819.0	0	17	1	3	0.0
SRS011529	0	HMP_2012	23.0	male	IlluminaHiSeq	Qiagen	132566003.0	1	146	1	18	0.0
SRS024132	0	HMP_2012	27.0	male	IlluminaHiSeq	Qiagen	109866478.0	1	133	1	12	0.0
SRS013476	0	HMP_2012	27.0	male	IlluminaHiSeq	Qiagen	104987854.0	1	139	1	12	0.0
SRS078176	0	HMP_2012	22.0	female	IlluminaHiSeq	Qiagen	105629277.0	1	95	1	12	0.0
SRS049995	0	HMP_2012	22.0	female	IlluminaHiSeq	Qiagen	124069684.0	0	79	0	12	0.0
SRS013521	0	HMP_2012	22.0	female	IlluminaHiSeq	Qiagen	115013916.0	0	60	0	11	0.0
SRS024009	0	HMP_2012	27.0	female	IlluminaHiSeq	Qiagen	106311352.0	0	34	0	4	0.0
SRS011405	0	HMP_2012	27.0	female	IlluminaHiSeq	Qiagen	129418904.0	1	37	1	4	0.0
SRS023914	0	HMP_2012	27.0	male	IlluminaHiSeq	Qiagen	124938155.0	1	71	1	10	0.0
SRS013687	0	HMP_2012	27.0	male	IlluminaHiSeq	Qiagen	118239204.0	1	58	1	8	0.0
SRS013158	0	HMP_2012	22.0	male	IlluminaHiSeq	Qiagen	121750245.0	1	20	1	2	0.0
SRS023971	0	HMP_2012	22.0	male	IlluminaHiSeq	Qiagen	126732939.0	1	17	1	2	0.0
SRS016989	0	HMP_2012	28.0	male	IlluminaHiSeq	Qiagen	129145924.0	0	48	0	5	0.0
SRS052027	0	HMP_2012	28.0	male	IlluminaHiSeq	Qiagen	122067879.0	0	32	0	4	0.0
SRS017247	0	HMP_2012	26.0	male	IlluminaHiSeq	Qiagen	87173865.0	1	50	1	4	0.0
SRS024075	0	HMP_2012	26.0	male	IlluminaHiSeq	Qiagen	142090693.0	1	69	1	7	0.0
SRS017103	0	HMP_2012	26.0	male	IlluminaHiSeq	Qiagen	117409396.0	0	87	0	7	0.0
SRS024331	0	HMP_2012	26.0	male	IlluminaHiSeq	Qiagen	115172475.0	1	89	1	7	0.0
SRS013800	0	HMP_2012	38.0	male	IlluminaHiSeq	Qiagen	112980841.0	0	61	0	7	0.0
SRS024435	0	HMP_2012	38.0	male	IlluminaHiSeq	Qiagen	118861246.0	0	94	0	8	0.0
SRS013215	0	HMP_2012	27.0	male	IlluminaHiSeq	Qiagen	112618559.0	1	10	1	1	0.0
SRS024549	0	HMP_2012	27.0	male	IlluminaHiSeq	Qiagen	97726931.0	1	10	1	3	0.0
SRS016954	0	HMP_2012	23.0	male	IlluminaHiSeq	Qiagen	120438977.0	0	61	0	10	0.0
SRS024625	0	HMP_2012	23.0	male	IlluminaHiSeq	Qiagen	107803179.0	0	56	0	9	0.0
SRS017307	0	HMP_2012	27.0	male	IlluminaHiSeq	Qiagen	126675555.0	0	127	0	11	0.0
SRS024388	0	HMP_2012	27.0	female	IlluminaHiSeq	Qiagen	129924073.0	0	25	0	3	0.0
SRS011586	0	HMP_2012	24.0	female	IlluminaHiSeq	Qiagen	126027880.0	1	68	1	7	0.0
SRS016495	0	HMP_2012	23.0	female	IlluminaHiSeq	Qiagen	109497297.0	1	41	1	4	0.0
SRS077730	0	HMP_2012	23.0	female	IlluminaHiSeq	Qiagen	112079819.0	1	39	1	5	0.0
SRS053214	0	HMP_2012	23.0	female	IlluminaHiSeq	Qiagen	103639606.0	1	37	1	4	0.0
SRS043701	0	HMP_2012	29.0	male	IlluminaHiSeq	Qiagen	119648452.0	0	80	0	10	0.0
SRS017191	0	HMP_2012	29.0	male	IlluminaHiSeq	Qiagen	106894186.0	1	70	1	8	0.0
SRS016585	0	HMP_2012	31.0	female	IlluminaHiSeq	Qiagen	116571971.0	1	56	1	7	0.0
SRS058770	0	HMP_2012	26.0	male	IlluminaHiSeq	Qiagen	129329618.0	0	43	0	4	0.0
SRS018133	0	HMP_2012	26.0	male	IlluminaHiSeq	Qiagen	116735593.0	0	21	0	4	0.0
SRS018351	0	HMP_2012	24.0	male	IlluminaHiSeq	Qiagen	106408821.0	0	68	0	7	0.0
SRS018427	0	HMP_2012	25.0	male	IlluminaHiSeq	Qiagen	104002377.0	0	62	0	5	0.0
SRS017433	0	HMP_2012	19.0	female	IlluminaHiSeq	Qiagen	110584442.0	1	33	1	3	0.0
SRS018313	0	HMP_2012	23.0	male	IlluminaHiSeq	Qiagen	121731328.0	1	35	2	3	0.0
SRS020233	0	HMP_2012	24.0	male	IlluminaHiSeq	Qiagen	124316791.0	1	85	1	12	0.0
SRS016753	0	HMP_2012	21.0	male	IlluminaHiSeq	Qiagen	108979430.0	0	27	0	2	0.0
SRS017521	0	HMP_2012	26.0	female	IlluminaHiSeq	Qiagen	109077287.0	1	43	1	7	0.0
SRS017701	0	HMP_2012	30.0	female	IlluminaHiSeq	Qiagen	101596426.0	0	104	0	8	0.0
SRS017821	0	HMP_2012	29.0	male	IlluminaHiSeq	Qiagen	97958599.0	1	111	1	11	0.0
SRS019968	0	HMP_2012	24.0	female	IlluminaHiSeq	Qiagen	108450944.0	1	57	1	7	0.0
SRS020328	0	HMP_2012	32.0	female	IlluminaHiSeq	Qiagen	103939044.0	1	67	1	10	0.0
SRS020869	0	HMP_2012	31.0	male	IlluminaHiSeq	Qiagen	99624463.0	1	80	1	11	0.0
SRS023346	0	HMP_2012	38.0	female	IlluminaHiSeq	Qiagen	82433077.0	0	19	0	2	0.0
SRS057717	0	HMP_2012	38.0	female	IlluminaHiSeq	Qiagen	97521502.0	1	11	1	2	0.0
SRS054590	0	HMP_2012	19.0	female	IlluminaHiSeq	Qiagen	89327434.0	1	7	1	1	0.0
SRS022713	0	HMP_2012	22.0	female	IlluminaHiSeq	Qiagen	88734996.0	1	21	1	2	0.0
SRS057478	0	HMP_2012	22.0	female	IlluminaHiSeq	Qiagen	75465869.0	1	21	1	2	0.0
SRS045713	0	HMP_2012	25.0	male	IlluminaHiSeq	Qiagen	114972505.0	0	53	1	9	0.0
SRS053335	0	HMP_2012	24.0	female	IlluminaHiSeq	Qiagen	115714634.0	1	37	1	6	0.0
SRS043001	0	HMP_2012	27.0	female	IlluminaHiSeq	Qiagen	121405453.0	1	31	2	4	0.0
SRS045645	0	HMP_2012	29.0	male	IlluminaHiSeq	Qiagen	107201088.0	0	85	0	10	0.0
SRS045004	0	HMP_2012	29.0	male	IlluminaHiSeq	Qiagen	125759445.0	0	97	1	11	0.0
SRS022137	0	HMP_2012	27.0	female	IlluminaHiSeq	Qiagen	90157406.0	1	59	1	5	0.0
SRS055982	0	HMP_2012	27.0	female	IlluminaHiSeq	Qiagen	105672356.0	0	52	0	7	0.0
SRS053398	0	HMP_2012	23.0	female	IlluminaHiSeq	Qiagen	105657662.0	1	69	1	8	0.0
SRS064645	0	HMP_2012	28.0	male	IlluminaHiSeq	Qiagen	22173327.0	0	18	0	3	0.0
SRS049900	0	HMP_2012	28.0	male	IlluminaHiSeq	Qiagen	134822232.0	1	22	1	3	0.0
SRS052697	0	HMP_2012	36.0	female	IlluminaHiSeq	Qiagen	91770639.0	0	139	0	10	0.0
SRS054956	0	HMP_2012	18.0	female	IlluminaHiSeq	Qiagen	97162215.0	1	38	1	6	0.0
SRS015794	0	HMP_2012	21.0	male	IlluminaHiSeq	Qiagen	118863364.0	0	43	0	5	0.0
SRS013951	0	HMP_2012	33.0	male	IlluminaHiSeq	Qiagen	93449603.0	0	78	0	9	0.0
SRS019161	0	HMP_2012	33.0	male	IlluminaHiSeq	Qiagen	99693609.0	0	83	0	9	0.0
SRS062427	0	HMP_2012	35.0	male	IlluminaHiSeq	Qiagen	93863150.0	0	23	0	3	0.0
SRS014287	0	HMP_2012	35.0	male	IlluminaHiSeq	Qiagen	80513673.0	1	28	2	3	0.0
SRS050422	0	HMP_2012	35.0	male	IlluminaHiSeq	Qiagen	83614686.0	1	73	1	9	0.0
SRS015065	0	HMP_2012	28.0	female	IlluminaHiSeq	Qiagen	95551024.0	1	63	1	8	0.0
SRS014459	0	HMP_2012	28.0	female	IlluminaHiSeq	Qiagen	86362260.0	1	64	1	8	0.0
SRS019582	0	HMP_2012	37.0	male	IlluminaHiSeq	Qiagen	85374050.0	1	118	1	13	0.0
SRS014235	0	HMP_2012	25.0	male	IlluminaHiSeq	Qiagen	99987314.0	1	113	1	12	0.0
SRS019685	0	HMP_2012	25.0	male	IlluminaHiSeq	Qiagen	110483882.0	1	103	1	10	0.0
SRS043411	0	HMP_2012	23.0	female	IlluminaHiSeq	Qiagen	69774175.0	0	38	0	5	0.0
SRS015190	0	HMP_2012	23.0	female	IlluminaHiSeq	Qiagen	130411120.0	0	33	0	5	0.0
SRS058723	0	HMP_2012	25.0	female	IlluminaHiSeq	Qiagen	113339039.0	1	23	1	4	0.0
SRS014313	0	HMP_2012	25.0	female	IlluminaHiSeq	Qiagen	109805437.0	1	25	1	3	0.0
SRS064276	0	HMP_2012	38.0	female	IlluminaHiSeq	Qiagen	90461915.0	1	73	1	8	0.0
SRS014613	0	HMP_2012	38.0	female	IlluminaHiSeq	Qiagen	109953562.0	0	67	0	8	0.0
SRS050925	0	HMP_2012	33.0	male	IlluminaHiSeq	Qiagen	97872710.0	1	66	1	11	0.0
SRS014923	0	HMP_2012	33.0	male	IlluminaHiSeq	Qiagen	107721245.0	0	65	1	11	0.0
SRS015133	0	HMP_2012	28.0	female	IlluminaHiSeq	Qiagen	105068636.0	1	78	1	7	0.0
SRS063985	0	HMP_2012	28.0	female	IlluminaHiSeq	Qiagen	102261595.0	1	77	1	8	0.0
SRS019030	0	HMP_2012	23.0	male	IlluminaHiSeq	Qiagen	92800694.0	1	60	1	7	0.0
SRS014683	0	HMP_2012	23.0	male	IlluminaHiSeq	Qiagen	88986726.0	1	55	1	6	0.0
SRS015264	0	HMP_2012	37.0	male	IlluminaHiSeq	Qiagen	65564376.0	0	41	1	3	0.0
SRS050299	0	HMP_2012	37.0	male	IlluminaHiSeq	Qiagen	72347957.0	0	26	2	2	0.0
SRS015854	0	HMP_2012	39.0	male	IlluminaHiSeq	Qiagen	100887935.0	0	69	1	7	0.0
SRS015369	0	HMP_2012	27.0	female	IlluminaHiSeq	Qiagen	78605201.0	1	15	1	3	0.0
SRS064557	0	HMP_2012	27.0	female	IlluminaHiSeq	Qiagen	119404909.0	0	24	0	4	0.0
SRS014979	0	HMP_2012	20.0	female	IlluminaHiSeq	Qiagen	103342965.0	0	62	0	9	0.0
SRS065504	0	HMP_2012	20.0	female	IlluminaHiSeq	Qiagen	122445815.0	0	67	0	9	0.0
SRS051882	0	HMP_2012	26.0	female	IlluminaHiSeq	Qiagen	102453488.0	0	37	0	4	0.0
SRS015217	0	HMP_2012	26.0	female	IlluminaHiSeq	Qiagen	99801446.0	1	36	1	4	0.0
SRS048870	0	HMP_2012	23.0	female	IlluminaHiSeq	Qiagen	100107152.0	0	77	0	4	0.0
SRS047044	0	HMP_2012	26.0	male	IlluminaHiSeq	Qiagen	92764420.0	1	73	1	7	0.0
SRS015782	0	HMP_2012	26.0	male	IlluminaHiSeq	Qiagen	106738994.0	1	97	1	9	0.0
SRS015578	0	HMP_2012	18.0	male	IlluminaHiSeq	Qiagen	119603312.0	1	70	1	8	0.0
SRS015960	0	HMP_2012	22.0	male	IlluminaHiSeq	Qiagen	96367456.0	0	40	0	6	0.0
SRS056259	0	HMP_2012	22.0	male	IlluminaHiSeq	Qiagen	115754575.0	0	56	0	6	0.0
SRS042628	0	HMP_2012	27.0	male	IlluminaHiSeq	Qiagen	103123237.0	0	62	1	9	0.0
SRS016018	0	HMP_2012	27.0	male	IlluminaHiSeq	Qiagen	85308546.0	0	54	0	7	0.0
SRS015663	0	HMP_2012	26.0	male	IlluminaHiSeq	Qiagen	111505215.0	1	122	1	13	0.0
SRS051031	0	HMP_2012	26.0	male	IlluminaHiSeq	Qiagen	115228878.0	0	117	0	11	0.0
SRS016056	0	HMP_2012	21.0	male	IlluminaHiSeq	Qiagen	91909961.0	0	35	0	4	0.0
SRS016095	0	HMP_2012	21.0	female	IlluminaHiSeq	Qiagen	112935984.0	0	63	0	4	0.0
SRS016203	0	HMP_2012	23.0	female	IlluminaHiSeq	Qiagen	29559373.0	0	58	0	6	0.0
SRS016267	0	HMP_2012	29.0	male	IlluminaHiSeq	Qiagen	103068446.0	1	28	1	3	0.0
SRS019787	0	HMP_2012	29.0	male	IlluminaHiSeq	Qiagen	110457538.0	0	34	0	4	0.0
SRS042284	0	HMP_2012	21.0	female	IlluminaHiSeq	Qiagen	67237357.0	1	23	1	1	0.0
SRS019910	0	HMP_2012	23.0	male	IlluminaHiSeq	Qiagen	68306917.0	1	59	1	7	0.0
SRS018656	0	HMP_2012	21.0	female	IlluminaHiSeq	Qiagen	50514047.0	1	51	1	6	0.0
SRS019267	0	HMP_2012	27.0	female	IlluminaHiSeq	Qiagen	123791645.0	1	52	1	7	0.0
SRS016335	0	HMP_2012	20.0	male	IlluminaHiSeq	Qiagen	125043127.0	1	94	1	9	0.0
SRS047014	0	HMP_2012	20.0	male	IlluminaHiSeq	Qiagen	96899068.0	1	92	1	15	0.0
SRS049164	0	HMP_2012	20.0	male	IlluminaHiSeq	Qiagen	67233514.0	0	89	0	15	0.0
SRS056519	0	HMP_2012	19.0	male	IlluminaHiSeq	Qiagen	125076707.0	1	43	1	3	0.0
SRS018575	0	HMP_2012	19.0	male	IlluminaHiSeq	Qiagen	96622062.0	1	39	1	4	0.0
SRS018817	0	HMP_2012	27.0	male	IlluminaHiSeq	Qiagen	110204680.0	0	79	0	9	0.0
SRS019397	0	HMP_2012	21.0	male	IlluminaHiSeq	Qiagen	112797443.0	0	45	0	4	0.0
SRS019601	0	HMP_2012	21.0	female	IlluminaHiSeq	Qiagen	114089749.0	1	38	1	5	0.0
SRS050752	0	HMP_2012	39.0	female	IlluminaHiSeq	Qiagen	104180160.0	1	68	1	9	0.0
SRS049959	0	HMP_2012	39.0	male	IlluminaHiSeq	Qiagen	113707191.0	0	92	0	12	0.0
SRS063040	0	HMP_2012	26.0	female	IlluminaHiSeq	Qiagen	114055166.0	1	79	1	10	0.0
SRS022524	0	HMP_2012	26.0	female	IlluminaHiSeq	Qiagen	20749729.0	0	67	0	10	0.0
SRS049712	0	HMP_2012	27.0	male	IlluminaHiSeq	Qiagen	124809913.0	0	49	0	6	0.0
SRS048164	0	HMP_2012	21.0	male	IlluminaHiSeq	Qiagen	92759918.0	0	72	0	6	0.0
HMP2_J00835_M_ST_T0_B0_0120_ZLZQMEV-01_HA986ADXX	0	HMP_2019_t2d	61.0	female	IlluminaHiSeq	PowerSoil	4853840.0	0	50	0	6	0.0
HMP2_J00836_M_ST_T0_B0_0120_ZLZQMEV-03_HA986ADXX	0	HMP_2019_t2d	61.0	female	IlluminaHiSeq	PowerSoil	811392.0	0	29	0	6	0.0
HMP2_J00879_M_ST_T0_B0_0120_ZMBH10Z-01_AC9387ANXX	0	HMP_2019_t2d	54.0	female	IlluminaHiSeq	PowerSoil	23958684.0	0	87	0	10	0.0
HMP2_J00879_M_ST_T0_B0_0120_ZMBH10Z-01_C8GAAANXX	0	HMP_2019_t2d	54.0	female	IlluminaHiSeq	PowerSoil	18348526.0	0	86	0	9	0.0
HMP2_J00879_M_ST_T0_B0_0120_ZMBH10Z-01_HA986ADXX	0	HMP_2019_t2d	54.0	female	IlluminaHiSeq	PowerSoil	7146824.0	0	79	0	7	0.0
HMP2_J00880_M_ST_T0_B0_0120_ZMBH10Z-02_AC9387ANXX	0	HMP_2019_t2d	54.0	female	IlluminaHiSeq	PowerSoil	48987348.0	1	88	1	11	0.0
HMP2_J00880_M_ST_T0_B0_0120_ZMBH10Z-02_C8GAAANXX	0	HMP_2019_t2d	54.0	female	IlluminaHiSeq	PowerSoil	37900212.0	1	86	1	11	0.0
HMP2_J00880_M_ST_T0_B0_0120_ZMBH10Z-02_HA986ADXX	0	HMP_2019_t2d	54.0	female	IlluminaHiSeq	PowerSoil	3191166.0	0	52	0	7	0.0
HMP2_J00881_M_ST_T0_B0_0120_ZMBH10Z-03_C8GAAANXX	0	HMP_2019_t2d	54.0	female	IlluminaHiSeq	PowerSoil	13600868.0	0	80	0	10	0.0
HMP2_J00881_M_ST_T0_B0_0120_ZMBH10Z-03_HA986ADXX	0	HMP_2019_t2d	54.0	female	IlluminaHiSeq	PowerSoil	2690158.0	0	46	0	7	0.0
HMP2_J00882_M_ST_T0_B0_0120_ZM7JY3G-01_HA986ADXX	0	HMP_2019_t2d	60.0	male	IlluminaHiSeq	PowerSoil	14039524.0	1	67	1	7	0.0
HMP2_J00883_M_ST_T0_B0_0120_ZM7JY3G-02_HA986ADXX	0	HMP_2019_t2d	60.0	male	IlluminaHiSeq	PowerSoil	13959076.0	0	66	0	8	0.0
HMP2_J00884_M_ST_T0_B0_0120_ZM7JY3G-04_C8GAAANXX	0	HMP_2019_t2d	60.0	male	IlluminaHiSeq	PowerSoil	62715648.0	1	83	1	8	0.0
HMP2_J00884_M_ST_T0_B0_0120_ZM7JY3G-04_HA986ADXX	0	HMP_2019_t2d	60.0	male	IlluminaHiSeq	PowerSoil	6803752.0	0	63	0	8	0.0
HMP2_J00891_M_ST_T0_B0_0120_ZJTKAE3-01_C8GAAANXX	0	HMP_2019_t2d	58.0	female	IlluminaHiSeq	PowerSoil	56691094.0	1	35	1	2	0.0
HMP2_J00891_M_ST_T0_B0_0120_ZJTKAE3-01_HA986ADXX	0	HMP_2019_t2d	58.0	female	IlluminaHiSeq	PowerSoil	6554302.0	1	19	1	2	0.0
HMP2_J00892_M_ST_T0_B0_0120_ZJTKAE3-02_HA986ADXX	0	HMP_2019_t2d	58.0	female	IlluminaHiSeq	PowerSoil	25509138.0	1	27	1	4	0.0
HMP2_J00893_M_ST_T0_B0_0120_ZJTKAE3-04_HA986ADXX	0	HMP_2019_t2d	59.0	female	IlluminaHiSeq	PowerSoil	16104712.0	1	26	1	3	0.0
HMP2_J00896_M_ST_T0_B0_0120_ZLZQMEV-01X_HA986ADXX	0	HMP_2019_t2d	61.0	female	IlluminaHiSeq	PowerSoil	13463032.0	0	51	0	6	0.0
HMP2_J05409_M_ST_T0_B0_0120_ZMBH10Z-04_C8GAAANXX	0	HMP_2019_t2d	54.0	female	IlluminaHiSeq	PowerSoil	46661774.0	1	83	1	10	0.0
HMP2_J08167_M_ST_T0_B0_0120_ZVNCGHM-02_HCG2MBGXX_S20	0	HMP_2019_t2d	44.0	male	IlluminaHiSeq	PowerSoil	12471786.0	1	92	1	8	0.0
HMP2_J08168_M_ST_T0_B0_0120_ZVNCGHM-6012_HCG2MBGXX_S21	0	HMP_2019_t2d	44.0	male	IlluminaHiSeq	PowerSoil	16177366.0	1	74	1	8	0.0
HMP2_J08169_M_ST_T0_B0_0120_ZVNCGHM-6013_HCG2MBGXX_S22	0	HMP_2019_t2d	44.0	male	IlluminaHiSeq	PowerSoil	14059968.0	1	72	1	8	0.0
HMP2_J08170_M_ST_T0_B0_0120_ZVNCGHM-6014_HCG2MBGXX_S23	0	HMP_2019_t2d	44.0	male	IlluminaHiSeq	PowerSoil	11832300.0	1	57	1	6	0.0
HMP2_J08171_M_ST_T0_B0_0120_ZVNCGHM-6015_HCG2MBGXX_S24	0	HMP_2019_t2d	44.0	male	IlluminaHiSeq	PowerSoil	18822786.0	1	94	1	8	0.0
HMP2_J08172_M_ST_T0_B0_0120_ZVNCGHM-6016_HCG2MBGXX_S25	0	HMP_2019_t2d	44.0	male	IlluminaHiSeq	PowerSoil	15095028.0	0	86	0	8	0.0
HMP2_J09104_M_ST_T0_B0_0120_ZM7JY3G-05_C8GAAANXX	0	HMP_2019_t2d	60.0	male	IlluminaHiSeq	PowerSoil	29541756.0	1	80	1	8	0.0
HMP2_J09104_M_ST_T0_B0_0120_ZM7JY3G-05_H7FHFBGXX_S36	0	HMP_2019_t2d	60.0	male	IlluminaHiSeq	PowerSoil	3827490.0	1	60	1	8	0.0
HMP2_J09105_M_ST_T0_B0_0120_ZM7JY3G-07_C8GAAANXX	0	HMP_2019_t2d	61.0	male	IlluminaHiSeq	PowerSoil	29952870.0	1	76	1	9	0.0
HMP2_J09105_M_ST_T0_B0_0120_ZM7JY3G-07_H7FHFBGXX_S37	0	HMP_2019_t2d	61.0	male	IlluminaHiSeq	PowerSoil	5777918.0	1	55	1	8	0.0
HMP2_J15245_M_ST_T0_B0_0120_ZVGW5FI-01_BHLVVGADXX	0	HMP_2019_t2d	50.0	female	IlluminaHiSeq	PowerSoil	12927718.0	0	27	0	2	0.0
HMP2_J15245_M_ST_T0_B0_0120_ZVGW5FI-01_GES15-03640	0	HMP_2019_t2d	50.0	female	IlluminaHiSeq	PowerSoil	12927718.0	0	27	0	2	0.0
HMP2_J15246_M_ST_T0_B0_0120_ZVGW5FI-02_BHLVVGADXX	0	HMP_2019_t2d	51.0	female	IlluminaHiSeq	PowerSoil	11192202.0	1	28	1	2	0.0
HMP2_J15246_M_ST_T0_B0_0120_ZVGW5FI-02_GES15-03641	0	HMP_2019_t2d	51.0	female	IlluminaHiSeq	PowerSoil	11192202.0	1	28	1	2	0.0
HMP2_J16531_M_ST_T0_B0_0120_ZVGW5FI-03_HK3LNBGXX_S2	0	HMP_2019_t2d	51.0	female	IlluminaHiSeq	PowerSoil	32092530.0	0	30	0	2	0.0
HMP2_J35165_M_ST_T0_B0_0120_ZMBH10Z-04_HBB8WADXX	0	HMP_2019_t2d	54.0	female	IlluminaHiSeq	PowerSoil	1349872.0	0	37	0	7	0.0
HMP2_J43812_M_ST_T0_B0_0120_ZYLJ7R7-01_C93B2ANXX	0	HMP_2019_t2d	40.0	female	IlluminaHiSeq	PowerSoil	35727114.0	1	25	1	3	0.0
HMP2_J43813_M_ST_T0_B0_0120_ZYLJ7R7-02_C93B2ANXX	0	HMP_2019_t2d	41.0	female	IlluminaHiSeq	PowerSoil	34619196.0	0	40	0	3	0.0
HMP2_J43814_M_ST_T0_B0_0120_ZYLJ7R7-03_C93B2ANXX	0	HMP_2019_t2d	41.0	female	IlluminaHiSeq	PowerSoil	34662010.0	1	33	1	4	0.0
HMP2_J43815_M_ST_T0_B0_0120_ZYLJ7R7-06_C93B2ANXX	0	HMP_2019_t2d	42.0	female	IlluminaHiSeq	PowerSoil	41030882.0	1	42	1	3	0.0
G88690	0	SchirmerM_2016	23.0	female	IlluminaHiSeq	Illuminakit	31876870.0	1	108	1	10	0.0
G88691	0	SchirmerM_2016	23.0	male	IlluminaHiSeq	Illuminakit	26063474.0	0	95	0	13	0.0
G88692	0	SchirmerM_2016	24.0	female	IlluminaHiSeq	Illuminakit	27677269.0	1	138	1	14	0.0
G88693	0	SchirmerM_2016	22.0	male	IlluminaHiSeq	Illuminakit	29737497.0	0	60	0	6	0.0
G88700	0	SchirmerM_2016	23.0	female	IlluminaHiSeq	Illuminakit	37904183.0	1	70	1	13	0.0
G88701	0	SchirmerM_2016	25.0	male	IlluminaHiSeq	Illuminakit	40772604.0	1	33	1	3	0.0
G88703	0	SchirmerM_2016	45.0	male	IlluminaHiSeq	Illuminakit	29610392.0	1	102	1	12	0.0
G88704	0	SchirmerM_2016	26.0	male	IlluminaHiSeq	Illuminakit	30459851.0	1	176	1	17	0.0
G88705	0	SchirmerM_2016	33.0	female	IlluminaHiSeq	Illuminakit	33792768.0	1	90	1	9	0.0
G88707	0	SchirmerM_2016	19.0	female	IlluminaHiSeq	Illuminakit	24901095.0	0	122	0	14	0.0
G88708	0	SchirmerM_2016	19.0	female	IlluminaHiSeq	Illuminakit	25242633.0	1	22	1	3	0.0
G88709	0	SchirmerM_2016	19.0	female	IlluminaHiSeq	Illuminakit	18659942.0	1	68	1	7	0.0
G88710	0	SchirmerM_2016	22.0	female	IlluminaHiSeq	Illuminakit	28639467.0	0	133	0	14	0.0
G88711	0	SchirmerM_2016	22.0	male	IlluminaHiSeq	Illuminakit	24747295.0	1	69	1	6	0.0
G88712	0	SchirmerM_2016	32.0	male	IlluminaHiSeq	Illuminakit	26973968.0	0	126	0	13	0.0
G88713	0	SchirmerM_2016	23.0	female	IlluminaHiSeq	Illuminakit	15266184.0	0	90	0	12	0.0
G88716	0	SchirmerM_2016	19.0	male	IlluminaHiSeq	Illuminakit	23198250.0	1	54	1	9	0.0
G88718	0	SchirmerM_2016	22.0	male	IlluminaHiSeq	Illuminakit	21819712.0	1	162	1	21	0.0
G88720	0	SchirmerM_2016	20.0	male	IlluminaHiSeq	Illuminakit	26397917.0	0	48	0	5	0.0
G88721	0	SchirmerM_2016	27.0	male	IlluminaHiSeq	Illuminakit	21707156.0	0	90	0	9	0.0
G88722	0	SchirmerM_2016	22.0	female	IlluminaHiSeq	Illuminakit	25114719.0	1	72	1	5	0.0
G88723	0	SchirmerM_2016	61.0	male	IlluminaHiSeq	Illuminakit	24381561.0	0	128	0	15	0.0
G88724	0	SchirmerM_2016	20.0	female	IlluminaHiSeq	Illuminakit	20515193.0	0	130	0	12	0.0
G88725	0	SchirmerM_2016	22.0	female	IlluminaHiSeq	Illuminakit	26490662.0	1	92	1	10	0.0
G88726	0	SchirmerM_2016	20.0	male	IlluminaHiSeq	Illuminakit	18707912.0	0	57	0	8	0.0
G88727	0	SchirmerM_2016	19.0	female	IlluminaHiSeq	Illuminakit	24954932.0	1	73	1	5	0.0
G88728	0	SchirmerM_2016	26.0	male	IlluminaHiSeq	Illuminakit	23930770.0	1	74	1	6	0.0
G88729	0	SchirmerM_2016	23.0	male	IlluminaHiSeq	Illuminakit	19577339.0	1	72	1	8	0.0
G88731	0	SchirmerM_2016	27.0	female	IlluminaHiSeq	Illuminakit	29395706.0	0	73	0	4	0.0
G88732	0	SchirmerM_2016	20.0	female	IlluminaHiSeq	Illuminakit	23377558.0	0	130	0	15	0.0
G88733	0	SchirmerM_2016	19.0	female	IlluminaHiSeq	Illuminakit	27102022.0	0	117	0	16	0.0
G88734	0	SchirmerM_2016	23.0	female	IlluminaHiSeq	Illuminakit	23016407.0	0	53	0	8	0.0
G88735	0	SchirmerM_2016	19.0	male	IlluminaHiSeq	Illuminakit	22641478.0	0	78	0	6	0.0
G88736	0	SchirmerM_2016	21.0	female	IlluminaHiSeq	Illuminakit	24223019.0	1	79	1	12	0.0
G88737	0	SchirmerM_2016	20.0	female	IlluminaHiSeq	Illuminakit	24572264.0	0	34	0	5	0.0
G88738	0	SchirmerM_2016	26.0	female	IlluminaHiSeq	Illuminakit	21698228.0	0	77	0	7	0.0
G88740	0	SchirmerM_2016	21.0	male	IlluminaHiSeq	Illuminakit	25202115.0	1	46	1	4	0.0
G88741	0	SchirmerM_2016	19.0	female	IlluminaHiSeq	Illuminakit	33167678.0	1	64	1	8	0.0
G88743	0	SchirmerM_2016	19.0	male	IlluminaHiSeq	Illuminakit	21223883.0	0	81	0	11	0.0
G88744	0	SchirmerM_2016	19.0	female	IlluminaHiSeq	Illuminakit	24596741.0	1	70	1	7	0.0
G88745	0	SchirmerM_2016	19.0	female	IlluminaHiSeq	Illuminakit	36917768.0	1	33	1	3	0.0
G88746	0	SchirmerM_2016	23.0	male	IlluminaHiSeq	Illuminakit	35929006.0	0	137	0	14	0.0
G88748	0	SchirmerM_2016	25.0	female	IlluminaHiSeq	Illuminakit	27308409.0	1	57	1	7	0.0
G88749	0	SchirmerM_2016	21.0	female	IlluminaHiSeq	Illuminakit	34599084.0	0	62	0	7	0.0
G88751	0	SchirmerM_2016	64.0	female	IlluminaHiSeq	Illuminakit	29332178.0	1	89	1	9	0.0
G88753	0	SchirmerM_2016	18.0	male	IlluminaHiSeq	Illuminakit	21732545.0	1	76	1	7	0.0
G88755	0	SchirmerM_2016	20.0	female	IlluminaHiSeq	Illuminakit	28796803.0	1	126	1	12	0.0
G88757	0	SchirmerM_2016	24.0	female	IlluminaHiSeq	Illuminakit	30223648.0	0	124	0	12	0.0
G88759	0	SchirmerM_2016	24.0	female	IlluminaHiSeq	Illuminakit	32708984.0	1	56	1	3	0.0
G88760	0	SchirmerM_2016	20.0	male	IlluminaHiSeq	Illuminakit	27889302.0	1	29	1	1	0.0
G88761	0	SchirmerM_2016	27.0	male	IlluminaHiSeq	Illuminakit	23324340.0	0	160	0	18	0.0
G88762	0	SchirmerM_2016	26.0	male	IlluminaHiSeq	Illuminakit	24455697.0	0	30	0	4	0.0
G88763	0	SchirmerM_2016	24.0	female	IlluminaHiSeq	Illuminakit	24726550.0	1	93	1	8	0.0
G88764	0	SchirmerM_2016	20.0	female	IlluminaHiSeq	Illuminakit	33835337.0	0	46	0	8	0.0
G88765	0	SchirmerM_2016	24.0	female	IlluminaHiSeq	Illuminakit	35802272.0	1	79	1	5	0.0
G88766	0	SchirmerM_2016	25.0	male	IlluminaHiSeq	Illuminakit	26443001.0	1	35	1	3	0.0
G88767	0	SchirmerM_2016	23.0	male	IlluminaHiSeq	Illuminakit	27216792.0	0	43	0	4	0.0
G88768	0	SchirmerM_2016	22.0	female	IlluminaHiSeq	Illuminakit	27343974.0	1	80	1	12	0.0
G88769	0	SchirmerM_2016	22.0	female	IlluminaHiSeq	Illuminakit	30462893.0	1	96	1	13	0.0
G88770	0	SchirmerM_2016	26.0	male	IlluminaHiSeq	Illuminakit	26169835.0	1	88	1	10	0.0
G88771	0	SchirmerM_2016	23.0	female	IlluminaHiSeq	Illuminakit	25838938.0	1	115	1	13	0.0
G88772	0	SchirmerM_2016	69.0	male	IlluminaHiSeq	Illuminakit	30053862.0	1	194	1	19	0.0
G88773	0	SchirmerM_2016	27.0	female	IlluminaHiSeq	Illuminakit	35050454.0	1	181	1	16	0.0
G88774	0	SchirmerM_2016	30.0	male	IlluminaHiSeq	Illuminakit	40673508.0	0	116	0	13	0.0
G88776	0	SchirmerM_2016	25.0	female	IlluminaHiSeq	Illuminakit	30331567.0	1	115	1	15	0.0
G88778	0	SchirmerM_2016	21.0	female	IlluminaHiSeq	Illuminakit	31301134.0	0	103	0	14	0.0
G88779	0	SchirmerM_2016	24.0	female	IlluminaHiSeq	Illuminakit	35838059.0	1	49	1	6	0.0
G88780	0	SchirmerM_2016	32.0	female	IlluminaHiSeq	Illuminakit	32860448.0	1	11	1	1	0.0
G88781	0	SchirmerM_2016	63.0	male	IlluminaHiSeq	Illuminakit	28172752.0	0	99	0	9	0.0
G88782	0	SchirmerM_2016	28.0	male	IlluminaHiSeq	Illuminakit	29218063.0	0	113	0	13	0.0
G88783	0	SchirmerM_2016	56.0	male	IlluminaHiSeq	Illuminakit	21663858.0	1	165	1	14	0.0
G88784	0	SchirmerM_2016	53.0	female	IlluminaHiSeq	Illuminakit	28535696.0	0	72	0	7	0.0
G88785	0	SchirmerM_2016	29.0	female	IlluminaHiSeq	Illuminakit	21265456.0	0	142	0	18	0.0
G88786	0	SchirmerM_2016	23.0	male	IlluminaHiSeq	Illuminakit	22328566.0	0	72	0	8	0.0
G88787	0	SchirmerM_2016	25.0	male	IlluminaHiSeq	Illuminakit	30372337.0	1	43	1	4	0.0
G88788	0	SchirmerM_2016	23.0	female	IlluminaHiSeq	Illuminakit	28118310.0	0	75	0	6	0.0
G88789	0	SchirmerM_2016	27.0	male	IlluminaHiSeq	Illuminakit	32761431.0	0	132	0	14	0.0
G88790	0	SchirmerM_2016	22.0	male	IlluminaHiSeq	Illuminakit	45982553.0	0	148	0	16	0.0
G88791	0	SchirmerM_2016	31.0	male	IlluminaHiSeq	Illuminakit	23141063.0	0	103	0	12	0.0
G88792	0	SchirmerM_2016	25.0	female	IlluminaHiSeq	Illuminakit	24932726.0	0	101	0	11	0.0
G88793	0	SchirmerM_2016	22.0	female	IlluminaHiSeq	Illuminakit	23548328.0	0	70	0	13	0.0
G88794	0	SchirmerM_2016	24.0	male	IlluminaHiSeq	Illuminakit	31359888.0	0	98	0	10	0.0
G88795	0	SchirmerM_2016	26.0	male	IlluminaHiSeq	Illuminakit	32310196.0	0	60	0	4	0.0
G88796	0	SchirmerM_2016	21.0	female	IlluminaHiSeq	Illuminakit	44479166.0	0	155	0	16	0.0
G88797	0	SchirmerM_2016	30.0	male	IlluminaHiSeq	Illuminakit	31780010.0	1	127	1	13	0.0
G88798	0	SchirmerM_2016	27.0	male	IlluminaHiSeq	Illuminakit	61945917.0	0	114	0	10	0.0
G88801	0	SchirmerM_2016	23.0	male	IlluminaHiSeq	Illuminakit	54957251.0	0	200	0	22	0.0
G88802	0	SchirmerM_2016	49.0	female	IlluminaHiSeq	Illuminakit	21677447.0	0	98	0	13	0.0
G88804	0	SchirmerM_2016	69.0	male	IlluminaHiSeq	Illuminakit	29978607.0	0	59	0	6	0.0
G88806	0	SchirmerM_2016	23.0	female	IlluminaHiSeq	Illuminakit	22582718.0	1	97	1	11	0.0
G88807	0	SchirmerM_2016	18.0	male	IlluminaHiSeq	Illuminakit	28175430.0	1	125	1	11	0.0
G88808	0	SchirmerM_2016	27.0	female	IlluminaHiSeq	Illuminakit	24567102.0	1	69	1	6	0.0
G88809	0	SchirmerM_2016	19.0	female	IlluminaHiSeq	Illuminakit	21717966.0	0	107	0	12	0.0
G88810	0	SchirmerM_2016	26.0	male	IlluminaHiSeq	Illuminakit	28493629.0	1	38	1	7	0.0
G88811	0	SchirmerM_2016	24.0	female	IlluminaHiSeq	Illuminakit	27349490.0	1	133	1	18	0.0
G88812	0	SchirmerM_2016	22.0	male	IlluminaHiSeq	Illuminakit	23527904.0	0	115	0	14	0.0
G88813	0	SchirmerM_2016	23.0	male	IlluminaHiSeq	Illuminakit	32790736.0	1	120	1	14	0.0
G88814	0	SchirmerM_2016	20.0	female	IlluminaHiSeq	Illuminakit	27218119.0	1	77	1	4	0.0
G88815	0	SchirmerM_2016	19.0	female	IlluminaHiSeq	Illuminakit	17891218.0	0	82	0	9	0.0
G88816	0	SchirmerM_2016	23.0	male	IlluminaHiSeq	Illuminakit	30959244.0	0	51	0	7	0.0
G88818	0	SchirmerM_2016	19.0	female	IlluminaHiSeq	Illuminakit	20900136.0	0	97	0	8	0.0
G88819	0	SchirmerM_2016	22.0	male	IlluminaHiSeq	Illuminakit	31334000.0	0	37	0	5	0.0
G88820	0	SchirmerM_2016	21.0	male	IlluminaHiSeq	Illuminakit	26911431.0	1	102	1	14	0.0
G88821	0	SchirmerM_2016	23.0	male	IlluminaHiSeq	Illuminakit	31540929.0	0	122	0	18	0.0
G88822	0	SchirmerM_2016	19.0	male	IlluminaHiSeq	Illuminakit	58112738.0	0	41	0	4	0.0
G88823	0	SchirmerM_2016	26.0	female	IlluminaHiSeq	Illuminakit	27043077.0	0	68	0	3	0.0
G88825	0	SchirmerM_2016	50.0	female	IlluminaHiSeq	Illuminakit	33831751.0	0	107	0	13	0.0
G88826	0	SchirmerM_2016	21.0	female	IlluminaHiSeq	Illuminakit	22732438.0	0	130	0	17	0.0
G88827	0	SchirmerM_2016	19.0	female	IlluminaHiSeq	Illuminakit	26829185.0	0	130	0	13	0.0
G88828	0	SchirmerM_2016	31.0	female	IlluminaHiSeq	Illuminakit	23027042.0	0	200	0	15	0.0
G88829	0	SchirmerM_2016	19.0	female	IlluminaHiSeq	Illuminakit	31463341.0	1	88	1	13	0.0
G88830	0	SchirmerM_2016	22.0	female	IlluminaHiSeq	Illuminakit	46133500.0	0	116	0	14	0.0
G88831	0	SchirmerM_2016	20.0	female	IlluminaHiSeq	Illuminakit	24291593.0	0	99	0	9	0.0
G88832	0	SchirmerM_2016	19.0	female	IlluminaHiSeq	Illuminakit	25089350.0	0	81	0	8	0.0
G88834	0	SchirmerM_2016	20.0	male	IlluminaHiSeq	Illuminakit	22905030.0	1	68	1	9	0.0
G88835	0	SchirmerM_2016	27.0	male	IlluminaHiSeq	Illuminakit	29049175.0	1	111	1	13	0.0
G88836	0	SchirmerM_2016	21.0	female	IlluminaHiSeq	Illuminakit	37617182.0	1	77	1	8	0.0
G88837	0	SchirmerM_2016	20.0	female	IlluminaHiSeq	Illuminakit	26091781.0	1	59	1	7	0.0
G88838	0	SchirmerM_2016	22.0	female	IlluminaHiSeq	Illuminakit	32243948.0	0	129	0	11	0.0
G88839	0	SchirmerM_2016	21.0	male	IlluminaHiSeq	Illuminakit	26334135.0	1	107	1	9	0.0
G88840	0	SchirmerM_2016	21.0	female	IlluminaHiSeq	Illuminakit	27524850.0	0	153	0	14	0.0
G88842	0	SchirmerM_2016	33.0	male	IlluminaHiSeq	Illuminakit	24389082.0	0	56	0	7	0.0
G88843	0	SchirmerM_2016	19.0	female	IlluminaHiSeq	Illuminakit	24016487.0	0	112	0	11	0.0
G88844	0	SchirmerM_2016	21.0	male	IlluminaHiSeq	Illuminakit	36472046.0	1	39	1	5	0.0
G88845	0	SchirmerM_2016	20.0	female	IlluminaHiSeq	Illuminakit	31075384.0	0	94	0	10	0.0
G88846	0	SchirmerM_2016	23.0	male	IlluminaHiSeq	Illuminakit	29888325.0	0	113	0	9	0.0
G88847	0	SchirmerM_2016	29.0	male	IlluminaHiSeq	Illuminakit	31346888.0	1	127	1	12	0.0
G88848	0	SchirmerM_2016	26.0	female	IlluminaHiSeq	Illuminakit	20907634.0	1	156	1	17	0.0
G88849	0	SchirmerM_2016	24.0	female	IlluminaHiSeq	Illuminakit	36918191.0	1	87	1	10	0.0
G88850	0	SchirmerM_2016	18.0	male	IlluminaHiSeq	Illuminakit	23963360.0	0	105	0	10	0.0
G88851	0	SchirmerM_2016	24.0	female	IlluminaHiSeq	Illuminakit	26144454.0	0	100	0	13	0.0
G88852	0	SchirmerM_2016	24.0	male	IlluminaHiSeq	Illuminakit	23164515.0	1	100	1	12	0.0
G88853	0	SchirmerM_2016	28.0	female	IlluminaHiSeq	Illuminakit	31675025.0	0	163	0	20	0.0
G88854	0	SchirmerM_2016	20.0	male	IlluminaHiSeq	Illuminakit	23496785.0	0	29	0	4	0.0
G88855	0	SchirmerM_2016	24.0	male	IlluminaHiSeq	Illuminakit	32320321.0	1	57	1	7	0.0
G88856	0	SchirmerM_2016	24.0	female	IlluminaHiSeq	Illuminakit	33533125.0	0	21	0	1	0.0
G88857	0	SchirmerM_2016	22.0	male	IlluminaHiSeq	Illuminakit	17182459.0	0	43	0	4	0.0
G88858	0	SchirmerM_2016	26.0	male	IlluminaHiSeq	Illuminakit	24292149.0	0	95	0	12	0.0
G88859	0	SchirmerM_2016	23.0	female	IlluminaHiSeq	Illuminakit	27351089.0	0	91	0	10	0.0
G88861	0	SchirmerM_2016	23.0	male	IlluminaHiSeq	Illuminakit	26973555.0	0	136	0	11	0.0
G88862	0	SchirmerM_2016	23.0	female	IlluminaHiSeq	Illuminakit	23279829.0	0	105	0	13	0.0
G88863	0	SchirmerM_2016	24.0	male	IlluminaHiSeq	Illuminakit	26030203.0	1	129	1	14	0.0
G88864	0	SchirmerM_2016	23.0	female	IlluminaHiSeq	Illuminakit	19312125.0	0	155	0	18	0.0
G88866	0	SchirmerM_2016	22.0	male	IlluminaHiSeq	Illuminakit	25047309.0	1	50	1	9	0.0
G88867	0	SchirmerM_2016	20.0	female	IlluminaHiSeq	Illuminakit	20269719.0	1	77	1	7	0.0
G88869	0	SchirmerM_2016	65.0	female	IlluminaHiSeq	Illuminakit	23028373.0	1	148	1	20	0.0
G88870	0	SchirmerM_2016	36.0	male	IlluminaHiSeq	Illuminakit	28884005.0	0	48	0	5	0.0
G88871	0	SchirmerM_2016	23.0	female	IlluminaHiSeq	Illuminakit	30055683.0	1	150	1	18	0.0
G88872	0	SchirmerM_2016	65.0	male	IlluminaHiSeq	Illuminakit	33309975.0	0	142	0	14	0.0
G88873	0	SchirmerM_2016	50.0	female	IlluminaHiSeq	Illuminakit	22492353.0	0	119	0	15	0.0
G88874	0	SchirmerM_2016	19.0	male	IlluminaHiSeq	Illuminakit	36499234.0	1	55	1	6	0.0
G88875	0	SchirmerM_2016	68.0	male	IlluminaHiSeq	Illuminakit	39190991.0	1	112	1	10	0.0
G88876	0	SchirmerM_2016	21.0	female	IlluminaHiSeq	Illuminakit	25606391.0	0	28	0	5	0.0
G88877	0	SchirmerM_2016	26.0	male	IlluminaHiSeq	Illuminakit	33763269.0	0	113	0	11	0.0
G88878	0	SchirmerM_2016	21.0	female	IlluminaHiSeq	Illuminakit	26281467.0	1	58	1	6	0.0
G88879	0	SchirmerM_2016	24.0	male	IlluminaHiSeq	Illuminakit	26280127.0	1	119	1	14	0.0
G88880	0	SchirmerM_2016	24.0	male	IlluminaHiSeq	Illuminakit	27104611.0	1	69	1	5	0.0
G88881	0	SchirmerM_2016	23.0	female	IlluminaHiSeq	Illuminakit	28910482.0	0	43	0	9	0.0
G88882	0	SchirmerM_2016	25.0	male	IlluminaHiSeq	Illuminakit	41479914.0	1	10	1	0	0.0
G88883	0	SchirmerM_2016	21.0	female	IlluminaHiSeq	Illuminakit	25446384.0	0	69	0	9	0.0
G88884	0	SchirmerM_2016	25.0	female	IlluminaHiSeq	Illuminakit	35126311.0	0	107	0	10	0.0
G88885	0	SchirmerM_2016	21.0	male	IlluminaHiSeq	Illuminakit	29138784.0	0	87	0	12	0.0
G88886	0	SchirmerM_2016	23.0	male	IlluminaHiSeq	Illuminakit	25878273.0	1	9	1	0	0.0
G88887	0	SchirmerM_2016	19.0	female	IlluminaHiSeq	Illuminakit	26686987.0	1	23	1	4	0.0
G88888	0	SchirmerM_2016	21.0	female	IlluminaHiSeq	Illuminakit	32474348.0	1	74	1	5	0.0
G88889	0	SchirmerM_2016	22.0	female	IlluminaHiSeq	Illuminakit	23462747.0	1	138	1	16	0.0
G88890	0	SchirmerM_2016	22.0	female	IlluminaHiSeq	Illuminakit	22333778.0	1	88	1	9	0.0
G88891	0	SchirmerM_2016	23.0	female	IlluminaHiSeq	Illuminakit	27663413.0	0	91	0	12	0.0
G88892	0	SchirmerM_2016	25.0	female	IlluminaHiSeq	Illuminakit	23796120.0	0	141	0	16	0.0
G88893	0	SchirmerM_2016	20.0	female	IlluminaHiSeq	Illuminakit	26645399.0	1	123	1	14	0.0
G88894	0	SchirmerM_2016	27.0	female	IlluminaHiSeq	Illuminakit	31364374.0	1	126	1	12	0.0
G88895	0	SchirmerM_2016	25.0	male	IlluminaHiSeq	Illuminakit	45880280.0	1	92	1	8	0.0
G88896	0	SchirmerM_2016	24.0	female	IlluminaHiSeq	Illuminakit	33931937.0	1	62	1	4	0.0
G88897	0	SchirmerM_2016	21.0	female	IlluminaHiSeq	Illuminakit	19930713.0	1	93	1	9	0.0
G88898	0	SchirmerM_2016	39.0	female	IlluminaHiSeq	Illuminakit	33165367.0	1	69	1	11	0.0
G88899	0	SchirmerM_2016	57.0	female	IlluminaHiSeq	Illuminakit	27527780.0	0	170	0	16	0.0
G88900	0	SchirmerM_2016	58.0	female	IlluminaHiSeq	Illuminakit	35241950.0	1	135	1	14	0.0
G88902	0	SchirmerM_2016	62.0	female	IlluminaHiSeq	Illuminakit	29719392.0	0	82	0	9	0.0
G88903	0	SchirmerM_2016	66.0	male	IlluminaHiSeq	Illuminakit	29789957.0	0	41	0	5	0.0
G88904	0	SchirmerM_2016	20.0	male	IlluminaHiSeq	Illuminakit	30942801.0	0	79	0	8	0.0
G88905	0	SchirmerM_2016	24.0	female	IlluminaHiSeq	Illuminakit	30374116.0	1	42	1	8	0.0
G88906	0	SchirmerM_2016	21.0	female	IlluminaHiSeq	Illuminakit	31512398.0	0	99	0	13	0.0
G88908	0	SchirmerM_2016	63.0	male	IlluminaHiSeq	Illuminakit	61617930.0	0	31	0	3	0.0
G88909	0	SchirmerM_2016	28.0	female	IlluminaHiSeq	Illuminakit	33844485.0	0	6	0	1	0.0
G88910	0	SchirmerM_2016	22.0	female	IlluminaHiSeq	Illuminakit	30106715.0	1	61	1	9	0.0
G88911	0	SchirmerM_2016	22.0	female	IlluminaHiSeq	Illuminakit	51803481.0	1	46	1	5	0.0
G88912	0	SchirmerM_2016	24.0	male	IlluminaHiSeq	Illuminakit	28639164.0	0	13	0	2	0.0
G88913	0	SchirmerM_2016	27.0	female	IlluminaHiSeq	Illuminakit	28218216.0	1	148	1	12	0.0
G88914	0	SchirmerM_2016	20.0	female	IlluminaHiSeq	Illuminakit	34469835.0	1	90	1	9	0.0
G88915	0	SchirmerM_2016	28.0	female	IlluminaHiSeq	Illuminakit	29669276.0	1	155	1	17	0.0
G88916	0	SchirmerM_2016	20.0	female	IlluminaHiSeq	Illuminakit	26499844.0	1	64	1	7	0.0
G88917	0	SchirmerM_2016	30.0	female	IlluminaHiSeq	Illuminakit	40876421.0	0	61	0	7	0.0
G88918	0	SchirmerM_2016	21.0	female	IlluminaHiSeq	Illuminakit	30510111.0	1	97	1	12	0.0
G88919	0	SchirmerM_2016	20.0	female	IlluminaHiSeq	Illuminakit	25449372.0	0	82	0	12	0.0
G88920	0	SchirmerM_2016	40.0	male	IlluminaHiSeq	Illuminakit	22786109.0	0	116	0	11	0.0
G88921	0	SchirmerM_2016	18.0	female	IlluminaHiSeq	Illuminakit	19332935.0	0	112	0	11	0.0
G88922	0	SchirmerM_2016	26.0	female	IlluminaHiSeq	Illuminakit	44158503.0	0	28	0	3	0.0
G88923	0	SchirmerM_2016	20.0	female	IlluminaHiSeq	Illuminakit	27809049.0	1	81	1	14	0.0
G88924	0	SchirmerM_2016	60.0	male	IlluminaHiSeq	Illuminakit	48048484.0	1	56	1	6	0.0
G88925	0	SchirmerM_2016	18.0	male	IlluminaHiSeq	Illuminakit	31270008.0	1	103	1	9	0.0
G88926	0	SchirmerM_2016	23.0	male	IlluminaHiSeq	Illuminakit	30027916.0	1	16	1	4	0.0
G88927	0	SchirmerM_2016	20.0	female	IlluminaHiSeq	Illuminakit	48669584.0	0	39	0	5	0.0
G88928	0	SchirmerM_2016	19.0	male	IlluminaHiSeq	Illuminakit	27930496.0	1	96	1	9	0.0
G88929	0	SchirmerM_2016	47.0	female	IlluminaHiSeq	Illuminakit	30503133.0	0	110	0	11	0.0
G88930	0	SchirmerM_2016	26.0	female	IlluminaHiSeq	Illuminakit	20102414.0	1	56	1	8	0.0
G88931	0	SchirmerM_2016	22.0	male	IlluminaHiSeq	Illuminakit	18006965.0	0	16	0	2	0.0
G88932	0	SchirmerM_2016	20.0	male	IlluminaHiSeq	Illuminakit	36956481.0	1	114	1	13	0.0
G88933	0	SchirmerM_2016	25.0	female	IlluminaHiSeq	Illuminakit	63171572.0	0	48	0	4	0.0
G88934	0	SchirmerM_2016	26.0	male	IlluminaHiSeq	Illuminakit	41435439.0	0	134	0	14	0.0
G88935	0	SchirmerM_2016	23.0	female	IlluminaHiSeq	Illuminakit	28566971.0	0	118	0	14	0.0
G88936	0	SchirmerM_2016	19.0	female	IlluminaHiSeq	Illuminakit	30144555.0	1	132	1	17	0.0
G88937	0	SchirmerM_2016	26.0	female	IlluminaHiSeq	Illuminakit	29900659.0	1	35	1	3	0.0
G88938	0	SchirmerM_2016	26.0	female	IlluminaHiSeq	Illuminakit	28192840.0	0	186	0	18	0.0
G88939	0	SchirmerM_2016	20.0	female	IlluminaHiSeq	Illuminakit	46421129.0	1	89	1	11	0.0
G88940	0	SchirmerM_2016	22.0	male	IlluminaHiSeq	Illuminakit	29222815.0	0	82	0	12	0.0
G88941	0	SchirmerM_2016	75.0	male	IlluminaHiSeq	Illuminakit	28856016.0	0	39	0	5	0.0
G88942	0	SchirmerM_2016	21.0	male	IlluminaHiSeq	Illuminakit	31641892.0	1	39	1	5	0.0
G88943	0	SchirmerM_2016	22.0	female	IlluminaHiSeq	Illuminakit	24234537.0	0	54	0	4	0.0
G88944	0	SchirmerM_2016	19.0	female	IlluminaHiSeq	Illuminakit	22447549.0	1	77	1	9	0.0
G88948	0	SchirmerM_2016	19.0	female	IlluminaHiSeq	Illuminakit	22557360.0	0	77	0	5	0.0
G88949	0	SchirmerM_2016	22.0	male	IlluminaHiSeq	Illuminakit	24894707.0	0	82	0	10	0.0
G88950	0	SchirmerM_2016	20.0	male	IlluminaHiSeq	Illuminakit	27209065.0	0	107	0	16	0.0
G88951	0	SchirmerM_2016	21.0	female	IlluminaHiSeq	Illuminakit	21247580.0	1	97	1	15	0.0
G88952	0	SchirmerM_2016	25.0	female	IlluminaHiSeq	Illuminakit	26526783.0	0	101	0	11	0.0
G88953	0	SchirmerM_2016	43.0	female	IlluminaHiSeq	Illuminakit	18806772.0	0	105	0	10	0.0
G88954	0	SchirmerM_2016	19.0	female	IlluminaHiSeq	Illuminakit	39418788.0	1	120	1	12	0.0
G88955	0	SchirmerM_2016	27.0	male	IlluminaHiSeq	Illuminakit	22664036.0	1	86	1	8	0.0
G88958	0	SchirmerM_2016	22.0	female	IlluminaHiSeq	Illuminakit	31979773.0	1	82	1	7	0.0
G88959	0	SchirmerM_2016	26.0	female	IlluminaHiSeq	Illuminakit	23408664.0	0	90	0	7	0.0
G88960	0	SchirmerM_2016	63.0	male	IlluminaHiSeq	Illuminakit	30312279.0	1	179	1	18	0.0
G88961	0	SchirmerM_2016	28.0	female	IlluminaHiSeq	Illuminakit	32579462.0	0	67	0	7	0.0
G88962	0	SchirmerM_2016	25.0	male	IlluminaHiSeq	Illuminakit	28255684.0	0	83	0	11	0.0
G88963	0	SchirmerM_2016	18.0	male	IlluminaHiSeq	Illuminakit	23016251.0	0	67	0	5	0.0
G88964	0	SchirmerM_2016	54.0	male	IlluminaHiSeq	Illuminakit	20047631.0	1	92	1	11	0.0
G88965	0	SchirmerM_2016	22.0	female	IlluminaHiSeq	Illuminakit	29677166.0	1	78	1	10	0.0
G88966	0	SchirmerM_2016	20.0	female	IlluminaHiSeq	Illuminakit	30043652.0	1	165	1	18	0.0
G88967	0	SchirmerM_2016	20.0	female	IlluminaHiSeq	Illuminakit	19268563.0	1	89	1	10	0.0
G88968	0	SchirmerM_2016	48.0	female	IlluminaHiSeq	Illuminakit	25524876.0	1	101	1	14	0.0
G88970	0	SchirmerM_2016	40.0	male	IlluminaHiSeq	Illuminakit	32323841.0	0	47	0	8	0.0
G88971	0	SchirmerM_2016	19.0	male	IlluminaHiSeq	Illuminakit	25290840.0	0	113	0	9	0.0
G88972	0	SchirmerM_2016	21.0	female	IlluminaHiSeq	Illuminakit	26808331.0	1	77	1	8	0.0
G88973	0	SchirmerM_2016	25.0	female	IlluminaHiSeq	Illuminakit	34888078.0	1	168	1	15	0.0
G88974	0	SchirmerM_2016	19.0	female	IlluminaHiSeq	Illuminakit	24737284.0	1	105	1	10	0.0
G88975	0	SchirmerM_2016	22.0	female	IlluminaHiSeq	Illuminakit	31527485.0	0	85	0	10	0.0
G88976	0	SchirmerM_2016	19.0	male	IlluminaHiSeq	Illuminakit	25673511.0	1	55	1	5	0.0
G88977	0	SchirmerM_2016	24.0	female	IlluminaHiSeq	Illuminakit	22893968.0	0	124	0	15	0.0
G88978	0	SchirmerM_2016	23.0	female	IlluminaHiSeq	Illuminakit	25035393.0	0	31	0	6	0.0
G88979	0	SchirmerM_2016	18.0	male	IlluminaHiSeq	Illuminakit	36414907.0	1	123	1	15	0.0
G88980	0	SchirmerM_2016	24.0	female	IlluminaHiSeq	Illuminakit	30377252.0	1	137	1	22	0.0
G88981	0	SchirmerM_2016	21.0	female	IlluminaHiSeq	Illuminakit	21742372.0	1	77	1	12	0.0
G88982	0	SchirmerM_2016	18.0	male	IlluminaHiSeq	Illuminakit	24754995.0	1	70	1	8	0.0
G88983	0	SchirmerM_2016	21.0	female	IlluminaHiSeq	Illuminakit	28573644.0	1	80	1	5	0.0
G88984	0	SchirmerM_2016	32.0	male	IlluminaHiSeq	Illuminakit	20652352.0	0	63	0	8	0.0
G88985	0	SchirmerM_2016	23.0	male	IlluminaHiSeq	Illuminakit	27397501.0	0	54	0	7	0.0
G88986	0	SchirmerM_2016	20.0	female	IlluminaHiSeq	Illuminakit	20837847.0	1	85	1	11	0.0
G88987	0	SchirmerM_2016	20.0	male	IlluminaHiSeq	Illuminakit	26748707.0	0	84	0	11	0.0
G88988	0	SchirmerM_2016	22.0	female	IlluminaHiSeq	Illuminakit	18629246.0	0	23	0	3	0.0
G88989	0	SchirmerM_2016	50.0	female	IlluminaHiSeq	Illuminakit	24301807.0	0	62	0	7	0.0
G88990	0	SchirmerM_2016	23.0	female	IlluminaHiSeq	Illuminakit	30829380.0	0	163	0	15	0.0
G88992	0	SchirmerM_2016	21.0	male	IlluminaHiSeq	Illuminakit	29203854.0	1	112	1	12	0.0
G88993	0	SchirmerM_2016	20.0	male	IlluminaHiSeq	Illuminakit	26420979.0	1	120	1	13	0.0
G88994	0	SchirmerM_2016	28.0	male	IlluminaHiSeq	Illuminakit	62726282.0	0	172	0	14	0.0
G88995	0	SchirmerM_2016	18.0	male	IlluminaHiSeq	Illuminakit	47227817.0	1	86	1	6	0.0
G88997	0	SchirmerM_2016	22.0	female	IlluminaHiSeq	Illuminakit	24023680.0	0	101	0	10	0.0
G88998	0	SchirmerM_2016	23.0	male	IlluminaHiSeq	Illuminakit	30742651.0	0	54	0	7	0.0
G88999	0	SchirmerM_2016	28.0	female	IlluminaHiSeq	Illuminakit	31789881.0	0	53	0	10	0.0
G89000	0	SchirmerM_2016	21.0	female	IlluminaHiSeq	Illuminakit	59534693.0	1	36	1	5	0.0
G89001	0	SchirmerM_2016	20.0	male	IlluminaHiSeq	Illuminakit	29392874.0	0	51	0	7	0.0
G89002	0	SchirmerM_2016	33.0	male	IlluminaHiSeq	Illuminakit	39961820.0	0	126	0	15	0.0
G89004	0	SchirmerM_2016	48.0	female	IlluminaHiSeq	Illuminakit	35353975.0	0	57	0	4	0.0
G89005	0	SchirmerM_2016	19.0	male	IlluminaHiSeq	Illuminakit	24222828.0	1	90	1	11	0.0
G89006	0	SchirmerM_2016	61.0	female	IlluminaHiSeq	Illuminakit	32996852.0	0	175	0	21	0.0
G89007	0	SchirmerM_2016	21.0	female	IlluminaHiSeq	Illuminakit	24809968.0	1	79	1	10	0.0
G89008	0	SchirmerM_2016	48.0	male	IlluminaHiSeq	Illuminakit	27522825.0	0	116	0	14	0.0
G89009	0	SchirmerM_2016	23.0	male	IlluminaHiSeq	Illuminakit	28374065.0	1	77	1	10	0.0
G89010	0	SchirmerM_2016	21.0	female	IlluminaHiSeq	Illuminakit	37160588.0	0	93	0	10	0.0
G89011	0	SchirmerM_2016	24.0	female	IlluminaHiSeq	Illuminakit	29972058.0	0	75	0	6	0.0
G89012	0	SchirmerM_2016	26.0	male	IlluminaHiSeq	Illuminakit	28857034.0	1	74	1	8	0.0
G89013	0	SchirmerM_2016	26.0	female	IlluminaHiSeq	Illuminakit	31591120.0	1	58	1	7	0.0
G89014	0	SchirmerM_2016	27.0	male	IlluminaHiSeq	Illuminakit	24655683.0	0	104	0	10	0.0
G89016	0	SchirmerM_2016	38.0	female	IlluminaHiSeq	Illuminakit	4867543.0	0	8	0	4	0.0
G89017	0	SchirmerM_2016	22.0	male	IlluminaHiSeq	Illuminakit	33315596.0	1	54	1	6	0.0
G89018	0	SchirmerM_2016	20.0	male	IlluminaHiSeq	Illuminakit	52404630.0	1	57	1	5	0.0
G89019	0	SchirmerM_2016	25.0	female	IlluminaHiSeq	Illuminakit	32647331.0	0	125	0	18	0.0
G89020	0	SchirmerM_2016	22.0	male	IlluminaHiSeq	Illuminakit	29840417.0	0	96	0	10	0.0
G89021	0	SchirmerM_2016	21.0	female	IlluminaHiSeq	Illuminakit	62765538.0	0	56	0	4	0.0
G89022	0	SchirmerM_2016	25.0	male	IlluminaHiSeq	Illuminakit	24714122.0	0	64	0	7	0.0
G89023	0	SchirmerM_2016	20.0	female	IlluminaHiSeq	Illuminakit	49272096.0	0	40	0	3	0.0
G89024	0	SchirmerM_2016	24.0	female	IlluminaHiSeq	Illuminakit	40623887.0	0	122	0	13	0.0
G89025	0	SchirmerM_2016	19.0	male	IlluminaHiSeq	Illuminakit	25028273.0	0	69	0	8	0.0
G89026	0	SchirmerM_2016	27.0	male	IlluminaHiSeq	Illuminakit	33723248.0	1	59	1	7	0.0
G89027	0	SchirmerM_2016	26.0	female	IlluminaHiSeq	Illuminakit	41942887.0	0	112	0	15	0.0
G89028	0	SchirmerM_2016	24.0	male	IlluminaHiSeq	Illuminakit	30341551.0	1	52	1	4	0.0
G89029	0	SchirmerM_2016	23.0	male	IlluminaHiSeq	Illuminakit	35171798.0	1	33	1	5	0.0
G89030	0	SchirmerM_2016	24.0	male	IlluminaHiSeq	Illuminakit	68347052.0	1	147	1	16	0.0
G89031	0	SchirmerM_2016	32.0	male	IlluminaHiSeq	Illuminakit	44593890.0	1	110	1	11	0.0
G89033	0	SchirmerM_2016	21.0	female	IlluminaHiSeq	Illuminakit	19458058.0	1	51	1	5	0.0
G89034	0	SchirmerM_2016	26.0	male	IlluminaHiSeq	Illuminakit	36336580.0	1	40	1	3	0.0
G89035	0	SchirmerM_2016	24.0	male	IlluminaHiSeq	Illuminakit	27308263.0	0	87	0	6	0.0
G89036	0	SchirmerM_2016	24.0	male	IlluminaHiSeq	Illuminakit	37130780.0	0	79	0	11	0.0
G89037	0	SchirmerM_2016	21.0	female	IlluminaHiSeq	Illuminakit	29556647.0	1	67	1	8	0.0
G89038	0	SchirmerM_2016	22.0	male	IlluminaHiSeq	Illuminakit	28931051.0	1	70	1	6	0.0
G89039	0	SchirmerM_2016	25.0	male	IlluminaHiSeq	Illuminakit	28893864.0	0	45	0	4	0.0
G89040	0	SchirmerM_2016	70.0	female	IlluminaHiSeq	Illuminakit	29416566.0	1	161	1	19	0.0
G89042	0	SchirmerM_2016	22.0	male	IlluminaHiSeq	Illuminakit	21049912.0	0	140	0	11	0.0
G89043	0	SchirmerM_2016	25.0	male	IlluminaHiSeq	Illuminakit	29869303.0	1	156	1	14	0.0
G89044	0	SchirmerM_2016	21.0	female	IlluminaHiSeq	Illuminakit	29072653.0	0	106	0	11	0.0
G89045	0	SchirmerM_2016	26.0	female	IlluminaHiSeq	Illuminakit	27116468.0	0	58	0	5	0.0
G89046	0	SchirmerM_2016	29.0	male	IlluminaHiSeq	Illuminakit	33130918.0	0	92	0	14	0.0
G89047	0	SchirmerM_2016	21.0	female	IlluminaHiSeq	Illuminakit	28956360.0	1	74	1	8	0.0
G89048	0	SchirmerM_2016	39.0	female	IlluminaHiSeq	Illuminakit	27719926.0	0	41	0	6	0.0
G89049	0	SchirmerM_2016	23.0	female	IlluminaHiSeq	Illuminakit	32136834.0	0	78	0	10	0.0
G89050	0	SchirmerM_2016	24.0	female	IlluminaHiSeq	Illuminakit	29191928.0	1	120	1	11	0.0
G89051	0	SchirmerM_2016	24.0	male	IlluminaHiSeq	Illuminakit	29843236.0	1	110	1	13	0.0
G89052	0	SchirmerM_2016	28.0	male	IlluminaHiSeq	Illuminakit	46630524.0	0	32	0	6	0.0
G89053	0	SchirmerM_2016	21.0	male	IlluminaHiSeq	Illuminakit	34314096.0	0	59	0	4	0.0
G89054	0	SchirmerM_2016	29.0	female	IlluminaHiSeq	Illuminakit	34940372.0	0	54	0	4	0.0
G89055	0	SchirmerM_2016	22.0	female	IlluminaHiSeq	Illuminakit	27711515.0	1	103	1	14	0.0
G89056	0	SchirmerM_2016	25.0	male	IlluminaHiSeq	Illuminakit	27613958.0	0	132	0	14	0.0
G89057	0	SchirmerM_2016	21.0	female	IlluminaHiSeq	Illuminakit	40520938.0	0	121	0	10	0.0
G89058	0	SchirmerM_2016	52.0	female	IlluminaHiSeq	Illuminakit	45653336.0	1	43	1	6	0.0
G89059	0	SchirmerM_2016	25.0	male	IlluminaHiSeq	Illuminakit	51875844.0	1	50	1	5	0.0
G89060	0	SchirmerM_2016	21.0	female	IlluminaHiSeq	Illuminakit	35429632.0	1	126	1	13	0.0
G89061	0	SchirmerM_2016	23.0	female	IlluminaHiSeq	Illuminakit	23057684.0	1	69	1	12	0.0
G89062	0	SchirmerM_2016	18.0	male	IlluminaHiSeq	Illuminakit	33255828.0	1	107	1	10	0.0
G89063	0	SchirmerM_2016	20.0	male	IlluminaHiSeq	Illuminakit	47371100.0	1	90	1	13	0.0
G89064	0	SchirmerM_2016	32.0	male	IlluminaHiSeq	Illuminakit	27195715.0	0	79	0	9	0.0
G89065	0	SchirmerM_2016	52.0	female	IlluminaHiSeq	Illuminakit	45620370.0	1	205	1	29	0.0
G89067	0	SchirmerM_2016	33.0	female	IlluminaHiSeq	Illuminakit	34516716.0	0	86	0	10	0.0
G89068	0	SchirmerM_2016	33.0	female	IlluminaHiSeq	Illuminakit	24682370.0	0	48	0	7	0.0
G89069	0	SchirmerM_2016	61.0	female	IlluminaHiSeq	Illuminakit	32889626.0	1	94	1	11	0.0
G89070	0	SchirmerM_2016	26.0	male	IlluminaHiSeq	Illuminakit	37940138.0	0	58	0	5	0.0
G89071	0	SchirmerM_2016	23.0	female	IlluminaHiSeq	Illuminakit	43414645.0	0	69	0	12	0.0
G89072	0	SchirmerM_2016	21.0	female	IlluminaHiSeq	Illuminakit	35949060.0	1	110	1	14	0.0
G89073	0	SchirmerM_2016	29.0	male	IlluminaHiSeq	Illuminakit	38069121.0	1	23	1	1	0.0
G89074	0	SchirmerM_2016	26.0	male	IlluminaHiSeq	Illuminakit	44188062.0	1	22	1	4	0.0
G89076	0	SchirmerM_2016	28.0	female	IlluminaHiSeq	Illuminakit	27439242.0	1	134	1	11	0.0
G89077	0	SchirmerM_2016	21.0	female	IlluminaHiSeq	Illuminakit	23631689.0	1	65	1	7	0.0
G89078	0	SchirmerM_2016	19.0	male	IlluminaHiSeq	Illuminakit	38180638.0	0	44	0	6	0.0
G89079	0	SchirmerM_2016	25.0	male	IlluminaHiSeq	Illuminakit	31591993.0	0	98	0	14	0.0
G89080	0	SchirmerM_2016	27.0	female	IlluminaHiSeq	Illuminakit	26464748.0	1	74	1	5	0.0
G89081	0	SchirmerM_2016	18.0	male	IlluminaHiSeq	Illuminakit	25571321.0	0	40	0	11	0.0
G89082	0	SchirmerM_2016	25.0	male	IlluminaHiSeq	Illuminakit	34958097.0	0	92	0	9	0.0
G89083	0	SchirmerM_2016	68.0	female	IlluminaHiSeq	Illuminakit	28192677.0	0	124	0	11	0.0
G89084	0	SchirmerM_2016	21.0	female	IlluminaHiSeq	Illuminakit	28926743.0	1	76	1	10	0.0
G89085	0	SchirmerM_2016	56.0	female	IlluminaHiSeq	Illuminakit	31648082.0	1	120	1	13	0.0
G89087	0	SchirmerM_2016	24.0	male	IlluminaHiSeq	Illuminakit	26011967.0	1	26	1	3	0.0
G89088	0	SchirmerM_2016	59.0	female	IlluminaHiSeq	Illuminakit	28917983.0	0	131	0	12	0.0
G89089	0	SchirmerM_2016	20.0	female	IlluminaHiSeq	Illuminakit	39168184.0	0	19	0	1	0.0
G89091	0	SchirmerM_2016	69.0	female	IlluminaHiSeq	Illuminakit	28837276.0	0	86	0	7	0.0
G89092	0	SchirmerM_2016	58.0	male	IlluminaHiSeq	Illuminakit	31906936.0	0	140	0	12	0.0
G89093	0	SchirmerM_2016	30.0	female	IlluminaHiSeq	Illuminakit	35735936.0	1	153	1	17	0.0
G89094	0	SchirmerM_2016	23.0	male	IlluminaHiSeq	Illuminakit	25347113.0	0	70	0	7	0.0
G89095	0	SchirmerM_2016	51.0	female	IlluminaHiSeq	Illuminakit	27615500.0	1	99	1	11	0.0
G89096	0	SchirmerM_2016	62.0	male	IlluminaHiSeq	Illuminakit	29412926.0	0	146	0	15	0.0
G89097	0	SchirmerM_2016	19.0	female	IlluminaHiSeq	Illuminakit	28826740.0	0	107	0	10	0.0
G89098	0	SchirmerM_2016	70.0	male	IlluminaHiSeq	Illuminakit	29234679.0	1	158	1	15	0.0
G89100	0	SchirmerM_2016	24.0	female	IlluminaHiSeq	Illuminakit	40461234.0	0	94	0	9	0.0
G89101	0	SchirmerM_2016	23.0	female	IlluminaHiSeq	Illuminakit	26332791.0	1	127	1	15	0.0
G89103	0	SchirmerM_2016	19.0	male	IlluminaHiSeq	Illuminakit	28909201.0	0	111	0	11	0.0
G89106	0	SchirmerM_2016	23.0	female	IlluminaHiSeq	Illuminakit	34409232.0	1	61	1	8	0.0
G89107	0	SchirmerM_2016	23.0	female	IlluminaHiSeq	Illuminakit	25302021.0	1	92	1	13	0.0
G89108	0	SchirmerM_2016	20.0	female	IlluminaHiSeq	Illuminakit	34295373.0	1	87	1	8	0.0
G89109	0	SchirmerM_2016	23.0	male	IlluminaHiSeq	Illuminakit	47646048.0	0	99	0	9	0.0
G89111	0	SchirmerM_2016	18.0	female	IlluminaHiSeq	Illuminakit	23990456.0	0	123	0	13	0.0
G89112	0	SchirmerM_2016	22.0	female	IlluminaHiSeq	Illuminakit	22448643.0	1	86	1	7	0.0
G89113	0	SchirmerM_2016	24.0	female	IlluminaHiSeq	Illuminakit	25758360.0	0	158	0	16	0.0
G89114	0	SchirmerM_2016	58.0	female	IlluminaHiSeq	Illuminakit	59941528.0	1	37	1	5	0.0
G89116	0	SchirmerM_2016	18.0	female	IlluminaHiSeq	Illuminakit	25882627.0	1	102	1	10	0.0
G89117	0	SchirmerM_2016	27.0	female	IlluminaHiSeq	Illuminakit	30338194.0	1	107	1	10	0.0
G89118	0	SchirmerM_2016	21.0	female	IlluminaHiSeq	Illuminakit	27125188.0	0	107	0	11	0.0
G89119	0	SchirmerM_2016	19.0	female	IlluminaHiSeq	Illuminakit	39282162.0	0	164	0	21	0.0
G89120	0	SchirmerM_2016	22.0	female	IlluminaHiSeq	Illuminakit	42928449.0	0	83	0	11	0.0
G89121	0	SchirmerM_2016	23.0	female	IlluminaHiSeq	Illuminakit	46567428.0	1	64	1	7	0.0
G89122	0	SchirmerM_2016	22.0	female	IlluminaHiSeq	Illuminakit	34758720.0	1	137	1	17	0.0
G89123	0	SchirmerM_2016	55.0	female	IlluminaHiSeq	Illuminakit	29938104.0	0	89	0	12	0.0
G89124	0	SchirmerM_2016	22.0	female	IlluminaHiSeq	Illuminakit	38544640.0	0	114	0	13	0.0
G89125	0	SchirmerM_2016	67.0	male	IlluminaHiSeq	Illuminakit	29740586.0	0	178	0	22	0.0
G89126	0	SchirmerM_2016	26.0	female	IlluminaHiSeq	Illuminakit	28737210.0	0	70	0	10	0.0
G89127	0	SchirmerM_2016	20.0	female	IlluminaHiSeq	Illuminakit	28651103.0	0	82	0	9	0.0
G89128	0	SchirmerM_2016	20.0	male	IlluminaHiSeq	Illuminakit	32365266.0	0	67	0	10	0.0
G89129	0	SchirmerM_2016	28.0	male	IlluminaHiSeq	Illuminakit	22651567.0	1	61	1	10	0.0
G89130	0	SchirmerM_2016	21.0	female	IlluminaHiSeq	Illuminakit	30554958.0	1	63	1	8	0.0
G89132	0	SchirmerM_2016	25.0	female	IlluminaHiSeq	Illuminakit	28221393.0	0	47	0	7	0.0
G89133	0	SchirmerM_2016	19.0	female	IlluminaHiSeq	Illuminakit	34914048.0	0	93	0	14	0.0
G89134	0	SchirmerM_2016	21.0	male	IlluminaHiSeq	Illuminakit	44330352.0	0	62	0	6	0.0
G89135	0	SchirmerM_2016	29.0	male	IlluminaHiSeq	Illuminakit	33806906.0	0	52	0	8	0.0
G89136	0	SchirmerM_2016	21.0	male	IlluminaHiSeq	Illuminakit	33796710.0	1	52	1	4	0.0
G89138	0	SchirmerM_2016	22.0	female	IlluminaHiSeq	Illuminakit	33618897.0	0	76	0	10	0.0
G89139	0	SchirmerM_2016	21.0	female	IlluminaHiSeq	Illuminakit	26911648.0	1	63	1	8	0.0
G89140	0	SchirmerM_2016	18.0	male	IlluminaHiSeq	Illuminakit	22114474.0	0	74	0	7	0.0
G89141	0	SchirmerM_2016	23.0	male	IlluminaHiSeq	Illuminakit	27993579.0	0	71	0	9	0.0
G89143	0	SchirmerM_2016	20.0	male	IlluminaHiSeq	Illuminakit	26458013.0	1	117	1	13	0.0
G89144	0	SchirmerM_2016	20.0	female	IlluminaHiSeq	Illuminakit	25384317.0	1	114	1	11	0.0
G89145	0	SchirmerM_2016	25.0	male	IlluminaHiSeq	Illuminakit	39530056.0	0	72	0	10	0.0
G89146	0	SchirmerM_2016	60.0	male	IlluminaHiSeq	Illuminakit	35425813.0	0	97	0	10	0.0
G89147	0	SchirmerM_2016	20.0	female	IlluminaHiSeq	Illuminakit	36366824.0	0	62	0	5	0.0
G89148	0	SchirmerM_2016	22.0	female	IlluminaHiSeq	Illuminakit	29900358.0	1	84	1	13	0.0
G89149	0	SchirmerM_2016	22.0	female	IlluminaHiSeq	Illuminakit	23142726.0	0	133	0	13	0.0
G89150	0	SchirmerM_2016	24.0	female	IlluminaHiSeq	Illuminakit	24482793.0	0	114	0	13	0.0
G89151	0	SchirmerM_2016	21.0	male	IlluminaHiSeq	Illuminakit	30628512.0	1	126	1	14	0.0
G89152	0	SchirmerM_2016	19.0	female	IlluminaHiSeq	Illuminakit	18932878.0	1	105	1	14	0.0
G89153	0	SchirmerM_2016	22.0	male	IlluminaHiSeq	Illuminakit	31698802.0	0	124	0	14	0.0
G89154	0	SchirmerM_2016	25.0	female	IlluminaHiSeq	Illuminakit	27930660.0	0	103	0	13	0.0
G89155	0	SchirmerM_2016	23.0	female	IlluminaHiSeq	Illuminakit	39891521.0	1	58	1	7	0.0
G89156	0	SchirmerM_2016	24.0	female	IlluminaHiSeq	Illuminakit	29539171.0	0	120	0	14	0.0
G89157	0	SchirmerM_2016	33.0	female	IlluminaHiSeq	Illuminakit	41437248.0	1	91	1	13	0.0
G89158	0	SchirmerM_2016	24.0	female	IlluminaHiSeq	Illuminakit	35080781.0	0	133	0	14	0.0
G89159	0	SchirmerM_2016	24.0	female	IlluminaHiSeq	Illuminakit	27148560.0	1	69	1	10	0.0
G89161	0	SchirmerM_2016	65.0	male	IlluminaHiSeq	Illuminakit	27042059.0	0	106	0	10	0.0
G89162	0	SchirmerM_2016	24.0	male	IlluminaHiSeq	Illuminakit	34464831.0	1	151	1	15	0.0
G89163	0	SchirmerM_2016	19.0	female	IlluminaHiSeq	Illuminakit	37013500.0	1	117	1	12	0.0
G89164	0	SchirmerM_2016	33.0	male	IlluminaHiSeq	Illuminakit	50750842.0	0	132	0	13	0.0
G89165	0	SchirmerM_2016	23.0	female	IlluminaHiSeq	Illuminakit	35494402.0	0	65	0	6	0.0
G89166	0	SchirmerM_2016	37.0	male	IlluminaHiSeq	Illuminakit	23519632.0	1	33	1	5	0.0
G89167	0	SchirmerM_2016	34.0	female	IlluminaHiSeq	Illuminakit	25571150.0	0	115	0	17	0.0
G89171	0	SchirmerM_2016	25.0	male	IlluminaHiSeq	Illuminakit	27190013.0	0	65	0	5	0.0
G89172	0	SchirmerM_2016	19.0	female	IlluminaHiSeq	Illuminakit	29498978.0	1	61	1	7	0.0
G89173	0	SchirmerM_2016	26.0	male	IlluminaHiSeq	Illuminakit	13545968.0	0	53	0	5	0.0
G89174	0	SchirmerM_2016	24.0	male	IlluminaHiSeq	Illuminakit	29482743.0	0	87	0	12	0.0
G89175	0	SchirmerM_2016	20.0	male	IlluminaHiSeq	Illuminakit	24429792.0	1	91	1	10	0.0
G89176	0	SchirmerM_2016	23.0	female	IlluminaHiSeq	Illuminakit	28914670.0	1	94	1	8	0.0
G89177	0	SchirmerM_2016	22.0	male	IlluminaHiSeq	Illuminakit	24834620.0	0	121	0	12	0.0
G89178	0	SchirmerM_2016	21.0	female	IlluminaHiSeq	Illuminakit	33284846.0	1	83	1	8	0.0
G89179	0	SchirmerM_2016	21.0	male	IlluminaHiSeq	Illuminakit	24025158.0	1	60	1	5	0.0
G89180	0	SchirmerM_2016	23.0	male	IlluminaHiSeq	Illuminakit	33262234.0	0	105	0	10	0.0
G89181	0	SchirmerM_2016	19.0	female	IlluminaHiSeq	Illuminakit	25192195.0	1	143	1	18	0.0
G89182	0	SchirmerM_2016	21.0	female	IlluminaHiSeq	Illuminakit	40572224.0	0	81	0	5	0.0
G89184	0	SchirmerM_2016	19.0	female	IlluminaHiSeq	Illuminakit	23242629.0	0	127	0	14	0.0
G89185	0	SchirmerM_2016	21.0	female	IlluminaHiSeq	Illuminakit	27306978.0	0	138	0	11	0.0
G89186	0	SchirmerM_2016	47.0	male	IlluminaHiSeq	Illuminakit	27963219.0	1	38	1	4	0.0
G89187	0	SchirmerM_2016	27.0	female	IlluminaHiSeq	Illuminakit	48314233.0	1	78	1	11	0.0
G89189	0	SchirmerM_2016	24.0	male	IlluminaHiSeq	Illuminakit	18148269.0	0	117	0	16	0.0
G89190	0	SchirmerM_2016	20.0	female	IlluminaHiSeq	Illuminakit	27449470.0	1	96	1	12	0.0
G89192	0	SchirmerM_2016	19.0	male	IlluminaHiSeq	Illuminakit	24677341.0	0	170	0	18	0.0
G89195	0	SchirmerM_2016	24.0	female	IlluminaHiSeq	Illuminakit	22036845.0	1	98	1	14	0.0
G89196	0	SchirmerM_2016	21.0	male	IlluminaHiSeq	Illuminakit	25610286.0	0	83	0	9	0.0
G89197	0	SchirmerM_2016	24.0	female	IlluminaHiSeq	Illuminakit	31708686.0	0	130	0	16	0.0
G89198	0	SchirmerM_2016	49.0	female	IlluminaHiSeq	Illuminakit	39691239.0	0	78	0	10	0.0
G89199	0	SchirmerM_2016	57.0	female	IlluminaHiSeq	Illuminakit	28438680.0	1	200	1	21	0.0
G89200	0	SchirmerM_2016	69.0	male	IlluminaHiSeq	Illuminakit	33096539.0	1	108	1	18	0.0
G89250	0	SchirmerM_2016	22.0	female	IlluminaHiSeq	Illuminakit	44308244.0	0	94	0	13	0.0
G89251	0	SchirmerM_2016	64.0	female	IlluminaHiSeq	Illuminakit	18054612.0	0	107	0	12	0.0
G89252	0	SchirmerM_2016	19.0	female	IlluminaHiSeq	Illuminakit	30358134.0	1	84	1	9	0.0
G89253	0	SchirmerM_2016	55.0	male	IlluminaHiSeq	Illuminakit	31233678.0	1	104	1	11	0.0
G89255	0	SchirmerM_2016	19.0	female	IlluminaHiSeq	Illuminakit	32147488.0	0	46	0	3	0.0
G89259	0	SchirmerM_2016	64.0	female	IlluminaHiSeq	Illuminakit	37378098.0	1	119	1	10	0.0
G89260	0	SchirmerM_2016	21.0	female	IlluminaHiSeq	Illuminakit	35170298.0	1	77	1	9	0.0
G89261	0	SchirmerM_2016	18.0	female	IlluminaHiSeq	Illuminakit	26990492.0	0	127	0	12	0.0
G89262	0	SchirmerM_2016	66.0	female	IlluminaHiSeq	Illuminakit	35782824.0	1	79	1	10	0.0
G89263	0	SchirmerM_2016	48.0	male	IlluminaHiSeq	Illuminakit	35892158.0	1	51	1	4	0.0
G89265	0	SchirmerM_2016	28.0	male	IlluminaHiSeq	Illuminakit	35512280.0	0	65	0	11	0.0
G89267	0	SchirmerM_2016	25.0	female	IlluminaHiSeq	Illuminakit	20725838.0	0	65	0	6	0.0
G89268	0	SchirmerM_2016	54.0	male	IlluminaHiSeq	Illuminakit	37314266.0	0	132	0	15	0.0
G89269	0	SchirmerM_2016	22.0	female	IlluminaHiSeq	Illuminakit	25824811.0	1	79	1	14	0.0
G89271	0	SchirmerM_2016	24.0	male	IlluminaHiSeq	Illuminakit	16519772.0	0	41	0	2	0.0
G89272	0	SchirmerM_2016	23.0	male	IlluminaHiSeq	Illuminakit	24876412.0	1	132	1	11	0.0
G89273	0	SchirmerM_2016	20.0	female	IlluminaHiSeq	Illuminakit	37172406.0	1	138	1	13	0.0
G89274	0	SchirmerM_2016	20.0	female	IlluminaHiSeq	Illuminakit	26929021.0	1	175	1	17	0.0
G89275	0	SchirmerM_2016	20.0	male	IlluminaHiSeq	Illuminakit	43837576.0	0	42	0	4	0.0
G89276	0	SchirmerM_2016	20.0	male	IlluminaHiSeq	Illuminakit	25503608.0	1	130	1	14	0.0
G90573	0	SchirmerM_2016	27.0	male	IlluminaHiSeq	Illuminakit	22971201.0	0	53	0	7	0.0
G90575	0	SchirmerM_2016	22.0	male	IlluminaHiSeq	Illuminakit	27750314.0	0	79	0	9	0.0
G90576	0	SchirmerM_2016	21.0	female	IlluminaHiSeq	Illuminakit	14613947.0	0	83	0	10	0.0
G90578	0	SchirmerM_2016	19.0	male	IlluminaHiSeq	Illuminakit	21452430.0	0	64	0	5	0.0
mix1_N702-N505_CGTACTAG-GTAAGGAG	0	ThomasAM_2019_c	66.0	female	IlluminaHiSeq	unknown	56699592.0	1	13	1	2	0.0
mix3_N707-N505_CTCTCTAC-GTAAGGAG	0	ThomasAM_2019_c	77.0	female	IlluminaHiSeq	unknown	52466237.0	1	67	1	8	0.0
mix3_N706-N506_TAGGCATG-ACTGCATA	0	ThomasAM_2019_c	73.0	female	IlluminaHiSeq	unknown	52969206.0	1	17	1	3	0.0
mix2_N707-N503_CTCTCTAC-TATCCTCT	0	ThomasAM_2019_c	74.0	male	IlluminaHiSeq	unknown	54782874.0	1	7	1	2	0.0
mix2_N708-N504_CAGAGAGG-AGAGTAGA	0	ThomasAM_2019_c	70.0	male	IlluminaHiSeq	unknown	49237538.0	1	18	1	3	0.0
BHCNG3ADXX.N705-S502_GGACTCCT-CTCTCTAT	0	ThomasAM_2019_c	61.0	male	IlluminaHiSeq	unknown	63257761.0	0	36	0	5	0.0
HGKT5ADXX_PG0662_09A0202_H2	0	ThomasAM_2019_c	76.0	male	IlluminaHiSeq	unknown	39794462.0	0	15	0	4	0.0
mix20-N702-S501_CGTACTAG-TAGATCGC	0	ThomasAM_2019_c	71.0	female	IlluminaHiSeq	unknown	49830870.0	1	46	1	5	0.0
BHCNJJADXX.N708-S503_CAGAGAGG-TATCCTCT	0	ThomasAM_2019_c	73.0	male	IlluminaHiSeq	unknown	76551905.0	1	133	1	11	0.0
mix21_mix22-N705-S502_GGACTCCT-CTCTCTAT	0	ThomasAM_2019_c	66.0	male	IlluminaHiSeq	unknown	64394050.0	1	12	1	3	0.0
mix23_mix24-N703-S503_AGGCAGAA-TATCCTCT	0	ThomasAM_2019_c	64.0	female	IlluminaHiSeq	unknown	41531664.0	1	2	1	0	0.0
BHCTGKADXX.N707-S505_CTCTCTAC-GTAAGGAG	0	ThomasAM_2019_c	45.0	male	IlluminaHiSeq	unknown	27836202.0	1	7	1	0	0.0
BHCNK3ADXX.N711-S506_AAGAGGCA-ACTGCATA	0	ThomasAM_2019_c	64.0	male	IlluminaHiSeq	unknown	27181152.0	1	66	1	9	0.0
mix29_mix30-N710_CGAGGCTG	0	ThomasAM_2019_c	44.0	male	IlluminaHiSeq	unknown	36266354.0	1	8	1	1	0.0
BHCNK3ADXX.N706-S507_TAGGCATG-AAGGAGTA	0	ThomasAM_2019_c	59.0	female	IlluminaHiSeq	unknown	35607131.0	1	44	1	4	0.0
mix31_mix32-N702-S506_CGTACTAG-ACTGCATA	0	ThomasAM_2019_c	70.0	male	IlluminaHiSeq	unknown	43863913.0	1	27	1	4	0.0
AHCNMFADXX.N712-S507_GTAGAGGA-AAGGAGTA	0	ThomasAM_2019_c	72.0	male	IlluminaHiSeq	unknown	79164015.0	1	94	1	11	0.0
mix31_mix32-N705-S506_GGACTCCT-ACTGCATA	0	ThomasAM_2019_c	75.0	male	IlluminaHiSeq	unknown	50912373.0	1	15	1	1	0.0
BHCNM7ADXX.N712-S508_GTAGAGGA-CTAAGCCT	0	ThomasAM_2019_c	67.0	female	IlluminaHiSeq	unknown	98446369.0	0	64	0	6	0.0
BHCNM7ADXX.N701-S511_TAAGGCGA-TCTCTCCG	0	ThomasAM_2019_c	50.0	female	IlluminaHiSeq	unknown	41154961.0	1	17	1	5	0.0
mix33_mix34-N711-S506_AAGAGGCA-ACTGCATA	0	ThomasAM_2019_c	76.0	male	IlluminaHiSeq	unknown	51991567.0	0	103	0	10	0.0
mix33_mix34-N712-S506_GTAGAGGA-ACTGCATA	0	ThomasAM_2019_c	76.0	male	IlluminaHiSeq	unknown	47914270.0	0	74	0	9	0.0
HGKMWADXX_PG0662_95A0604_H3_L002	0	ThomasAM_2019_c	65.0	female	IlluminaHiSeq	unknown	49002817.0	0	60	0	3	0.0
HGKYVADXX_PG0662_98A0607_H3_L001	0	ThomasAM_2019_c	78.0	male	IlluminaHiSeq	unknown	45015592.0	0	56	0	6	0.0
HGKYVADXX_PG0662_104A0704_H3_L001	0	ThomasAM_2019_c	65.0	male	IlluminaHiSeq	unknown	40762782.0	1	10	1	2	0.0
HGKFCADXX_PG0662_168A0902_H3_L001	0	ThomasAM_2019_c	66.0	female	IlluminaHiSeq	unknown	31795549.0	1	14	1	2	0.0
HGKY7ADXX_PG0662_178A0104_H1_L002	0	ThomasAM_2019_c	76.0	female	IlluminaHiSeq	unknown	37365403.0	0	28	0	4	0.0
HGKY7ADXX_PG0662_179A0105_H1_L002	0	ThomasAM_2019_c	53.0	female	IlluminaHiSeq	unknown	33940061.0	1	114	1	12	0.0
HGKYWADXX_PG0662_249A0402_H1_L002	0	ThomasAM_2019_c	45.0	male	IlluminaHiSeq	unknown	34579923.0	1	4	1	0	0.0
HGKYVADXX_PG0662_320A0604_H1_L002	0	ThomasAM_2019_c	75.0	female	IlluminaHiSeq	unknown	40163977.0	1	63	1	7	0.0
HJKJJADXX_PG0783_14A0207_H1_L001	0	ThomasAM_2019_c	76.0	male	IlluminaHiSeq	unknown	36568983.0	1	43	1	7	0.0
HJKJ2ADXX_PG0783_19A0305_H1_L001	0	ThomasAM_2019_c	40.0	male	IlluminaHiSeq	unknown	42545246.0	0	7	0	0	0.0
HJK7MADXX_PG0783_24A0403_H1_L001	0	ThomasAM_2019_c	76.0	male	IlluminaHiSeq	unknown	41722902.0	1	34	1	4	0.0
HJK7VADXX_PG0783_31A0502_H1_L002	0	ThomasAM_2019_c	49.0	female	IlluminaHiSeq	unknown	40211990.0	1	75	1	9	0.0
HJKHTADXX_PG0783_55A0104_H1_L001	0	ThomasAM_2019_c	42.0	male	IlluminaHiSeq	unknown	42003632.0	0	17	0	0	0.0
HJKNLADXX_PG0783_67A0207_H1_L002	0	ThomasAM_2019_c	49.0	female	IlluminaHiSeq	unknown	41478685.0	0	18	0	2	0.0
HJKNLADXX_PG0783_82A0407_H1_L002	0	ThomasAM_2019_c	63.0	male	IlluminaHiSeq	unknown	60127551.0	1	33	1	3	0.0
HJK7NADXX_PG0783_110A0106_H1_L002	0	ThomasAM_2019_c	42.0	female	IlluminaHiSeq	unknown	70495315.0	1	25	1	4	0.0
HJKTNADXX_PG0783_113A0203_H1_L001	0	ThomasAM_2019_c	49.0	male	IlluminaHiSeq	unknown	48649739.0	1	8	1	0	0.0
HJKTNADXX_PG0783_147A0704_H1_L002	0	ThomasAM_2019_c	51.0	male	IlluminaHiSeq	unknown	43456246.0	1	15	1	2	0.0
H1	1	RampelliS_2015	43.0	female	IlluminaHiSeq	Qiagen	29669622.0	1	265	1	19	0.0
H10	1	RampelliS_2015	40.0	female	IlluminaHiSeq	Qiagen	63686272.0	1	334	1	29	0.0
H11	1	RampelliS_2015	29.0	female	IlluminaHiSeq	Qiagen	16543096.0	1	276	1	23	0.0
H13	1	RampelliS_2015	34.0	male	IlluminaHiSeq	Qiagen	28163582.0	0	272	0	18	0.0
H14	1	RampelliS_2015	30.0	male	IlluminaHiSeq	Qiagen	71290650.0	1	293	1	21	0.0
H16	1	RampelliS_2015	21.0	male	IlluminaHiSeq	Qiagen	30793236.0	1	246	1	19	0.0
H17	1	RampelliS_2015	23.0	male	IlluminaHiSeq	Qiagen	77841428.0	1	308	1	27	0.0
H18	1	RampelliS_2015	17.0	male	IlluminaHiSeq	Qiagen	30667466.0	1	176	1	15	0.0
H2	1	RampelliS_2015	37.0	male	IlluminaHiSeq	Qiagen	9826206.0	1	196	1	14	0.0
H21	1	RampelliS_2015	43.0	male	IlluminaHiSeq	Qiagen	26781422.0	1	278	1	20	0.0
H22	1	RampelliS_2015	38.0	male	IlluminaHiSeq	Qiagen	9859974.0	1	236	1	15	0.0
H23	1	RampelliS_2015	24.0	male	IlluminaHiSeq	Qiagen	16899772.0	1	143	1	14	0.0
H24	1	RampelliS_2015	65.0	male	IlluminaHiSeq	Qiagen	64739338.0	1	256	1	20	0.0
H25	1	RampelliS_2015	40.0	male	IlluminaHiSeq	Qiagen	10542544.0	1	238	1	15	0.0
H26	1	RampelliS_2015	48.0	male	IlluminaHiSeq	Qiagen	13207948.0	1	251	1	14	0.0
H27	1	RampelliS_2015	29.0	female	IlluminaHiSeq	Qiagen	10111438.0	1	185	1	16	0.0
H3	1	RampelliS_2015	22.0	male	IlluminaHiSeq	Qiagen	33390282.0	0	270	0	23	0.0
H4	1	RampelliS_2015	24.0	male	IlluminaHiSeq	Qiagen	26594484.0	0	229	0	20	0.0
H5	1	RampelliS_2015	70.0	female	IlluminaHiSeq	Qiagen	10487900.0	1	224	1	16	0.0
H6	1	RampelliS_2015	30.0	male	IlluminaHiSeq	Qiagen	11074784.0	1	97	1	11	0.0
H7	1	RampelliS_2015	38.0	female	IlluminaHiSeq	Qiagen	10494336.0	1	99	1	12	0.0
H8	1	RampelliS_2015	20.0	female	IlluminaHiSeq	Qiagen	8083202.0	0	155	0	16	0.0
H9	1	RampelliS_2015	47.0	female	IlluminaHiSeq	Qiagen	16013402.0	1	223	1	18	0.0
IT1	0	RampelliS_2015	38.0	male	IlluminaHiSeq	Qiagen	3880926.0	0	65	0	7	0.0
IT11	0	RampelliS_2015	40.0	female	IlluminaHiSeq	Qiagen	9662144.0	0	90	0	14	0.0
IT13	0	RampelliS_2015	30.0	female	IlluminaHiSeq	Qiagen	4809534.0	0	56	0	10	0.0
IT14	0	RampelliS_2015	21.0	female	IlluminaHiSeq	Qiagen	3740248.0	0	53	0	8	0.0
IT2	0	RampelliS_2015	34.0	female	IlluminaHiSeq	Qiagen	19948528.0	1	71	1	14	0.0
IT3	0	RampelliS_2015	29.0	female	IlluminaHiSeq	Qiagen	14373500.0	1	51	1	7	0.0
IT4	0	RampelliS_2015	27.0	male	IlluminaHiSeq	Qiagen	6270148.0	1	85	1	6	0.0
IT5	0	RampelliS_2015	30.0	male	IlluminaHiSeq	Qiagen	33488222.0	1	37	1	4	0.0
IT6	0	RampelliS_2015	32.0	female	IlluminaHiSeq	Qiagen	47834618.0	1	77	1	8	0.0
IT7	0	RampelliS_2015	25.0	female	IlluminaHiSeq	Qiagen	6461412.0	0	67	0	11	0.0
IT8	0	RampelliS_2015	34.0	male	IlluminaHiSeq	Qiagen	7602042.0	1	44	1	2	0.0
DHAK_HAK	0	DhakanDB_2019	29.0	female	IlluminaNextSeq	Qiagen	10655514.0	1	133	1	18	0.0
DHAK_HAJ	0	DhakanDB_2019	22.0	female	IlluminaNextSeq	Qiagen	6171104.0	1	23	1	4	0.0
DHAK_HAI	0	DhakanDB_2019	24.0	male	IlluminaNextSeq	Qiagen	17519102.0	1	36	1	9	0.0
DHAK_HAH	0	DhakanDB_2019	25.0	female	IlluminaNextSeq	Qiagen	10271966.0	1	29	1	8	0.0
DHAK_HAG	0	DhakanDB_2019	23.0	female	IlluminaNextSeq	Qiagen	8105478.0	1	46	1	9	0.0
DHAK_HAF	0	DhakanDB_2019	21.0	female	IlluminaNextSeq	Qiagen	10274980.0	1	28	1	7	0.0
DHAK_HAE	0	DhakanDB_2019	21.0	female	IlluminaNextSeq	Qiagen	12550928.0	1	20	1	5	0.0
DHAK_HAD	0	DhakanDB_2019	27.0	female	IlluminaNextSeq	Qiagen	14131842.0	1	142	1	19	0.0
DHAK_HAC	0	DhakanDB_2019	21.0	female	IlluminaNextSeq	Qiagen	11932130.0	1	33	1	6	0.0
DHAK_HAB	0	DhakanDB_2019	28.0	female	IlluminaNextSeq	Qiagen	10602732.0	0	100	0	17	0.0
DHAK_HAV	0	DhakanDB_2019	24.0	male	IlluminaNextSeq	Qiagen	5430416.0	1	37	1	5	0.0
DHAK_HAX	0	DhakanDB_2019	25.0	male	IlluminaNextSeq	Qiagen	6802474.0	1	69	1	15	0.0
DHAK_HAL	0	DhakanDB_2019	24.0	female	IlluminaNextSeq	Qiagen	9271322.0	1	101	1	20	0.0
DHAK_HAM	0	DhakanDB_2019	23.0	female	IlluminaNextSeq	Qiagen	12979624.0	1	110	1	18	0.0
DHAK_HAN	0	DhakanDB_2019	26.0	female	IlluminaNextSeq	Qiagen	13145190.0	1	25	1	6	0.0
DHAK_HAO	0	DhakanDB_2019	26.0	female	IlluminaNextSeq	Qiagen	16932172.0	1	45	1	6	0.0
DHAK_HAP	0	DhakanDB_2019	25.0	male	IlluminaNextSeq	Qiagen	12355776.0	1	40	1	10	0.0
DHAK_HAR	0	DhakanDB_2019	28.0	male	IlluminaNextSeq	Qiagen	10185816.0	1	15	1	6	0.0
DHAK_HAT	0	DhakanDB_2019	26.0	male	IlluminaNextSeq	Qiagen	5952458.0	1	46	1	15	0.0
DHAK_HAU	0	DhakanDB_2019	30.0	male	IlluminaNextSeq	Qiagen	6514780.0	1	58	1	8	0.0
DHAK_HA	0	DhakanDB_2019	26.0	male	IlluminaNextSeq	Qiagen	11001478.0	1	34	1	12	0.0
DHAK_HAA	0	DhakanDB_2019	27.0	female	IlluminaNextSeq	Qiagen	10597680.0	1	54	1	14	0.0
DHAK_HDF	0	DhakanDB_2019	58.0	female	IlluminaNextSeq	Qiagen	7376354.0	1	32	1	5	0.0
DHAK_HDE	0	DhakanDB_2019	30.0	female	IlluminaNextSeq	Qiagen	9890792.0	1	43	1	9	0.0
DHAK_HDB	0	DhakanDB_2019	50.0	female	IlluminaNextSeq	Qiagen	4717922.0	0	45	0	11	0.0
DHAK_HDA	0	DhakanDB_2019	52.0	male	IlluminaNextSeq	Qiagen	7599244.0	1	126	1	20	0.0
DHAK_HDD	0	DhakanDB_2019	30.0	male	IlluminaNextSeq	Qiagen	5755054.0	1	15	1	4	0.0
DHAK_HDC	0	DhakanDB_2019	27.0	female	IlluminaNextSeq	Qiagen	11899314.0	1	59	1	12	0.0
DHAK_HCY	0	DhakanDB_2019	53.0	female	IlluminaNextSeq	Qiagen	5247522.0	1	24	1	9	0.0
DHAK_HCW	0	DhakanDB_2019	21.0	male	IlluminaNextSeq	Qiagen	6845686.0	1	99	1	12	0.0
DHAK_HD	0	DhakanDB_2019	29.0	male	IlluminaNextSeq	Qiagen	12388600.0	1	28	1	8	0.0
DHAK_HCZ	0	DhakanDB_2019	25.0	male	IlluminaNextSeq	Qiagen	7865304.0	0	68	0	7	0.0
DHAK_HCD	0	DhakanDB_2019	56.0	male	IlluminaNextSeq	Qiagen	9520588.0	1	29	1	4	0.0
DHAK_HCB	0	DhakanDB_2019	50.0	female	IlluminaNextSeq	Qiagen	4822418.0	0	73	0	12	0.0
DHAK_HCA	0	DhakanDB_2019	50.0	female	IlluminaNextSeq	Qiagen	7624918.0	1	15	1	4	0.0
DHAK_HC	0	DhakanDB_2019	23.0	male	IlluminaNextSeq	Qiagen	12460232.0	1	41	1	9	0.0
DHAK_HCJ	0	DhakanDB_2019	60.0	male	IlluminaNextSeq	Qiagen	6775688.0	1	96	1	12	0.0
DHAK_HCI	0	DhakanDB_2019	53.0	male	IlluminaNextSeq	Qiagen	7378028.0	1	20	1	9	0.0
DHAK_HCH	0	DhakanDB_2019	53.0	male	IlluminaNextSeq	Qiagen	7275712.0	0	38	0	12	0.0
DHAK_HCF	0	DhakanDB_2019	58.0	male	IlluminaNextSeq	Qiagen	7922886.0	1	106	1	13	0.0
DHAK_HCL	0	DhakanDB_2019	64.0	female	IlluminaNextSeq	Qiagen	7355758.0	0	33	0	9	0.0
DHAK_HCK	0	DhakanDB_2019	53.0	male	IlluminaNextSeq	Qiagen	9823020.0	1	68	1	12	0.0
DHAK_HN	0	DhakanDB_2019	28.0	male	IlluminaNextSeq	Qiagen	6443596.0	1	20	1	8	0.0
DHAK_HO	0	DhakanDB_2019	26.0	male	IlluminaNextSeq	Qiagen	10964664.0	1	31	1	8	0.0
DHAK_HL	0	DhakanDB_2019	29.0	male	IlluminaNextSeq	Qiagen	7907190.0	1	86	1	14	0.0
DHAK_HM	0	DhakanDB_2019	30.0	male	IlluminaNextSeq	Qiagen	10346300.0	1	10	1	4	0.0
DHAK_HJ	0	DhakanDB_2019	23.0	male	IlluminaNextSeq	Qiagen	12432498.0	0	22	0	4	0.0
DHAK_HK	0	DhakanDB_2019	26.0	female	IlluminaNextSeq	Qiagen	7491564.0	1	29	1	7	0.0
DHAK_HG	0	DhakanDB_2019	30.0	male	IlluminaNextSeq	Qiagen	8561238.0	1	30	1	4	0.0
DHAK_HE	0	DhakanDB_2019	22.0	male	IlluminaNextSeq	Qiagen	8732016.0	1	65	1	13	0.0
DHAK_HF	0	DhakanDB_2019	30.0	male	IlluminaNextSeq	Qiagen	14384716.0	1	20	1	7	0.0
DHAK_HCU	0	DhakanDB_2019	61.0	male	IlluminaNextSeq	Qiagen	11104842.0	1	24	1	8	0.0
DHAK_HCV	0	DhakanDB_2019	58.0	female	IlluminaNextSeq	Qiagen	10996252.0	1	54	1	13	0.0
DHAK_HCQ	0	DhakanDB_2019	52.0	female	IlluminaNextSeq	Qiagen	5635222.0	0	84	0	12	0.0
DHAK_HCR	0	DhakanDB_2019	62.0	male	IlluminaNextSeq	Qiagen	6710528.0	1	98	1	11	0.0
DHAK_HCS	0	DhakanDB_2019	50.0	female	IlluminaNextSeq	Qiagen	5521326.0	0	103	0	10	0.0
DHAK_HCT	0	DhakanDB_2019	58.0	male	IlluminaNextSeq	Qiagen	9651384.0	1	11	1	9	0.0
DHAK_HCM	0	DhakanDB_2019	62.0	female	IlluminaNextSeq	Qiagen	7352590.0	1	77	1	12	0.0
DHAK_HCN	0	DhakanDB_2019	57.0	male	IlluminaNextSeq	Qiagen	10142394.0	1	115	1	13	0.0
DHAK_HCO	0	DhakanDB_2019	57.0	female	IlluminaNextSeq	Qiagen	9242932.0	1	48	1	13	0.0
DHAK_HCP	0	DhakanDB_2019	71.0	male	IlluminaNextSeq	Qiagen	6704578.0	1	122	1	11	0.0
DHAK_HBH	0	DhakanDB_2019	26.0	female	IlluminaNextSeq	Qiagen	10109830.0	1	6	1	1	0.0
DHAK_HBG	0	DhakanDB_2019	29.0	female	IlluminaNextSeq	Qiagen	7745366.0	1	59	1	9	0.0
DHAK_HB	0	DhakanDB_2019	23.0	male	IlluminaNextSeq	Qiagen	15548666.0	0	42	0	8	0.0
DHAK_HAZ	0	DhakanDB_2019	23.0	male	IlluminaNextSeq	Qiagen	7735790.0	1	13	1	7	0.0
DHAK_HBB	0	DhakanDB_2019	23.0	male	IlluminaNextSeq	Qiagen	7597964.0	1	66	1	13	0.0
DHAK_HBA	0	DhakanDB_2019	23.0	male	IlluminaNextSeq	Qiagen	6518376.0	0	22	0	11	0.0
DHAK_HBD	0	DhakanDB_2019	20.0	male	IlluminaNextSeq	Qiagen	9045854.0	1	33	1	10	0.0
DHAK_HBC	0	DhakanDB_2019	19.0	male	IlluminaNextSeq	Qiagen	4826170.0	0	37	0	7	0.0
DHAK_HBF	0	DhakanDB_2019	30.0	female	IlluminaNextSeq	Qiagen	6183924.0	1	51	1	8	0.0
DHAK_HBE	0	DhakanDB_2019	30.0	female	IlluminaNextSeq	Qiagen	13405694.0	1	5	1	4	0.0
DHAK_HZ	0	DhakanDB_2019	29.0	female	IlluminaNextSeq	Qiagen	9111352.0	0	16	0	11	0.0
DHAK_HU	0	DhakanDB_2019	28.0	female	IlluminaNextSeq	Qiagen	8625518.0	1	71	1	13	0.0
DHAK_HT	0	DhakanDB_2019	25.0	female	IlluminaNextSeq	Qiagen	6749366.0	1	80	1	12	0.0
DHAK_HQ	0	DhakanDB_2019	24.0	female	IlluminaNextSeq	Qiagen	15169950.0	1	52	1	10	0.0
DHAK_HP	0	DhakanDB_2019	30.0	male	IlluminaNextSeq	Qiagen	9276878.0	1	64	1	18	0.0
DHAK_HS	0	DhakanDB_2019	25.0	male	IlluminaNextSeq	Qiagen	13442182.0	1	107	1	17	0.0
DHAK_HR	0	DhakanDB_2019	26.0	male	IlluminaNextSeq	Qiagen	8951472.0	1	24	1	6	0.0
DHAK_HBY	0	DhakanDB_2019	60.0	female	IlluminaNextSeq	Qiagen	5296600.0	1	24	1	5	0.0
DHAK_HBZ	0	DhakanDB_2019	50.0	female	IlluminaNextSeq	Qiagen	5849870.0	0	79	0	13	0.0
DHAK_HBK	0	DhakanDB_2019	21.0	female	IlluminaNextSeq	Qiagen	6014096.0	1	79	1	11	0.0
DHAK_HBL	0	DhakanDB_2019	30.0	female	IlluminaNextSeq	Qiagen	7119698.0	1	45	1	11	0.0
DHAK_HBI	0	DhakanDB_2019	28.0	female	IlluminaNextSeq	Qiagen	7614366.0	1	31	1	6	0.0
DHAK_HBJ	0	DhakanDB_2019	27.0	female	IlluminaNextSeq	Qiagen	8011734.0	1	12	1	3	0.0
DHAK_HBV	0	DhakanDB_2019	55.0	female	IlluminaNextSeq	Qiagen	7062940.0	1	32	1	5	0.0
DHAK_HBW	0	DhakanDB_2019	55.0	female	IlluminaNextSeq	Qiagen	6347852.0	1	71	1	5	0.0
DHAK_HBM	0	DhakanDB_2019	23.0	female	IlluminaNextSeq	Qiagen	10155764.0	0	13	0	4	0.0
DHAK_HBR	0	DhakanDB_2019	50.0	female	IlluminaNextSeq	Qiagen	4251494.0	1	44	1	10	0.0
NCS-006-Stool-maternal3_microbiome	0	ChuDM_2017	36.0	female	IlluminaHiSeq	MoBio	23465188.0	1	58	1	8	0.0
NCS-012-Stool-maternal1_microbiome	0	ChuDM_2017	26.0	female	IlluminaHiSeq	MoBio	13402688.0	1	115	1	10	0.0
NCS-012-Stool-maternal3_microbiome	0	ChuDM_2017	26.0	female	IlluminaHiSeq	MoBio	14977132.0	1	136	1	12	0.0
NCS-023-Stool-maternal_microbiome	0	ChuDM_2017	32.0	female	IlluminaHiSeq	MoBio	27417754.0	1	135	1	14	0.0
NCS-049-Stool-maternal3_microbiome	0	ChuDM_2017	19.0	female	IlluminaHiSeq	MoBio	47666144.0	1	134	1	13	0.0
YSZC12003_35365	0	XieH_2016	62.0	female	IlluminaHiSeq	Qiagen	64334768.0	1	140	1	14	0.0
YSZC12003_35366	0	XieH_2016	62.0	female	IlluminaHiSeq	Qiagen	71251736.0	1	71	1	8	0.0
YSZC12003_35388	0	XieH_2016	50.0	female	IlluminaHiSeq	Qiagen	80104466.0	1	123	1	10	0.0
YSZC12003_35389R1	0	XieH_2016	65.0	female	IlluminaHiSeq	Qiagen	68291882.0	1	37	1	5	0.0
YSZC12003_35390	0	XieH_2016	65.0	female	IlluminaHiSeq	Qiagen	80038942.0	1	77	1	11	0.0
YSZC12003_35391	0	XieH_2016	65.0	female	IlluminaHiSeq	Qiagen	75225000.0	1	160	1	12	0.0
YSZC12003_35392	0	XieH_2016	65.0	female	IlluminaHiSeq	Qiagen	77741276.0	1	125	1	15	0.0
YSZC12003_35505	0	XieH_2016	42.0	female	IlluminaHiSeq	Qiagen	75150146.0	1	116	1	19	0.0
YSZC12003_35506	0	XieH_2016	42.0	female	IlluminaHiSeq	Qiagen	73280940.0	1	106	1	17	0.0
YSZC12003_35512	0	XieH_2016	67.0	female	IlluminaHiSeq	Qiagen	80235494.0	1	124	1	12	0.0
YSZC12003_35516	0	XieH_2016	56.0	female	IlluminaHiSeq	Qiagen	73863708.0	1	100	1	12	0.0
YSZC12003_35520	0	XieH_2016	72.0	female	IlluminaHiSeq	Qiagen	80692314.0	1	186	1	18	0.0
YSZC12003_35523	0	XieH_2016	53.0	female	IlluminaHiSeq	Qiagen	75026366.0	1	128	1	10	0.0
YSZC12003_35524	0	XieH_2016	53.0	female	IlluminaHiSeq	Qiagen	63950580.0	1	76	1	8	0.0
YSZC12003_35549	0	XieH_2016	73.0	female	IlluminaHiSeq	Qiagen	76076414.0	1	178	1	16	0.0
YSZC12003_35550	0	XieH_2016	73.0	female	IlluminaHiSeq	Qiagen	89621746.0	1	199	1	16	0.0
YSZC12003_35561	0	XieH_2016	68.0	female	IlluminaHiSeq	Qiagen	72963810.0	1	208	1	17	0.0
YSZC12003_35562	0	XieH_2016	68.0	female	IlluminaHiSeq	Qiagen	67134470.0	1	103	1	11	0.0
YSZC12003_35563	0	XieH_2016	61.0	female	IlluminaHiSeq	Qiagen	87970740.0	1	150	1	15	0.0
YSZC12003_35564	0	XieH_2016	61.0	female	IlluminaHiSeq	Qiagen	73253462.0	0	110	0	11	0.0
YSZC12003_35577	0	XieH_2016	59.0	female	IlluminaHiSeq	Qiagen	70809438.0	1	59	1	9	0.0
YSZC12003_35578	0	XieH_2016	59.0	female	IlluminaHiSeq	Qiagen	70955428.0	0	122	0	13	0.0
YSZC12003_35583	0	XieH_2016	60.0	female	IlluminaHiSeq	Qiagen	63859746.0	1	91	1	10	0.0
YSZC12003_35629	0	XieH_2016	63.0	female	IlluminaHiSeq	Qiagen	71246888.0	1	110	1	15	0.0
YSZC12003_35635	0	XieH_2016	66.0	female	IlluminaHiSeq	Qiagen	63173506.0	1	99	1	9	0.0
YSZC12003_35636	0	XieH_2016	66.0	female	IlluminaHiSeq	Qiagen	65559736.0	1	124	1	14	0.0
YSZC12003_35653	0	XieH_2016	54.0	female	IlluminaHiSeq	Qiagen	73127632.0	1	35	1	5	0.0
YSZC12003_35658	0	XieH_2016	73.0	female	IlluminaHiSeq	Qiagen	68218004.0	1	167	1	14	0.0
YSZC12003_35665	0	XieH_2016	64.0	female	IlluminaHiSeq	Qiagen	83021310.0	1	136	1	13	0.0
YSZC12003_35666	0	XieH_2016	64.0	female	IlluminaHiSeq	Qiagen	69371420.0	1	146	1	13	0.0
YSZC12003_35698	0	XieH_2016	69.0	female	IlluminaHiSeq	Qiagen	73413078.0	1	115	1	15	0.0
YSZC12003_35703	0	XieH_2016	63.0	female	IlluminaHiSeq	Qiagen	91244818.0	1	43	1	3	0.0
YSZC12003_35705	0	XieH_2016	68.0	female	IlluminaHiSeq	Qiagen	66991690.0	0	92	0	8	0.0
YSZC12003_35707	0	XieH_2016	69.0	female	IlluminaHiSeq	Qiagen	76771010.0	1	170	1	19	0.0
YSZC12003_35708	0	XieH_2016	69.0	female	IlluminaHiSeq	Qiagen	70950898.0	0	112	0	12	0.0
YSZC12003_35723	0	XieH_2016	64.0	female	IlluminaHiSeq	Qiagen	70298090.0	1	107	1	10	0.0
YSZC12003_35733	0	XieH_2016	68.0	female	IlluminaHiSeq	Qiagen	76985332.0	1	177	1	19	0.0
YSZC12003_35734	0	XieH_2016	68.0	female	IlluminaHiSeq	Qiagen	68749002.0	1	149	1	12	0.0
YSZC12003_35739	0	XieH_2016	68.0	female	IlluminaHiSeq	Qiagen	71003370.0	1	152	1	17	0.0
YSZC12003_35740	0	XieH_2016	68.0	female	IlluminaHiSeq	Qiagen	73660606.0	1	206	1	15	0.0
YSZC12003_35741	0	XieH_2016	48.0	female	IlluminaHiSeq	Qiagen	61090142.0	0	135	0	14	0.0
YSZC12003_35742	0	XieH_2016	48.0	female	IlluminaHiSeq	Qiagen	72956344.0	1	102	1	15	0.0
YSZC12003_35979	0	XieH_2016	54.0	female	IlluminaHiSeq	Qiagen	57277118.0	1	131	1	13	0.0
YSZC12003_35980	0	XieH_2016	54.0	female	IlluminaHiSeq	Qiagen	65705858.0	0	150	0	16	0.0
YSZC12003_35989	0	XieH_2016	50.0	female	IlluminaHiSeq	Qiagen	76105304.0	1	184	1	16	0.0
YSZC12003_35990	0	XieH_2016	50.0	female	IlluminaHiSeq	Qiagen	73446786.0	1	117	1	14	0.0
YSZC12003_35992	0	XieH_2016	57.0	female	IlluminaHiSeq	Qiagen	60875008.0	1	155	1	18	0.0
YSZC12003_36000	0	XieH_2016	56.0	female	IlluminaHiSeq	Qiagen	66708386.0	1	146	1	14	0.0
YSZC12003_36006	0	XieH_2016	73.0	female	IlluminaHiSeq	Qiagen	71384794.0	1	166	1	16	0.0
YSZC12003_36008	0	XieH_2016	51.0	female	IlluminaHiSeq	Qiagen	100697702.0	0	143	0	15	0.0
YSZC12003_36012	0	XieH_2016	71.0	female	IlluminaHiSeq	Qiagen	70984064.0	1	91	1	12	0.0
YSZC12003_36019	0	XieH_2016	70.0	female	IlluminaHiSeq	Qiagen	63907412.0	1	44	1	8	0.0
YSZC12003_36020	0	XieH_2016	70.0	female	IlluminaHiSeq	Qiagen	65737600.0	1	50	1	4	0.0
YSZC12003_36034	0	XieH_2016	69.0	female	IlluminaHiSeq	Qiagen	59531308.0	0	161	0	17	0.0
YSZC12003_36049	0	XieH_2016	70.0	female	IlluminaHiSeq	Qiagen	91536868.0	1	182	1	13	0.0
YSZC12003_36051	0	XieH_2016	61.0	female	IlluminaHiSeq	Qiagen	64996720.0	1	98	1	12	0.0
YSZC12003_36055	0	XieH_2016	42.0	female	IlluminaHiSeq	Qiagen	75800840.0	1	118	1	10	0.0
YSZC12003_36058	0	XieH_2016	69.0	female	IlluminaHiSeq	Qiagen	81859770.0	1	187	1	16	0.0
YSZC12003_36116	0	XieH_2016	56.0	female	IlluminaHiSeq	Qiagen	53972640.0	1	67	1	11	0.0
YSZC12003_36117	0	XieH_2016	56.0	female	IlluminaHiSeq	Qiagen	59831200.0	1	103	1	12	0.0
YSZC12003_36118	0	XieH_2016	77.0	female	IlluminaHiSeq	Qiagen	64998346.0	1	142	1	13	0.0
YSZC12003_36157	0	XieH_2016	80.0	female	IlluminaHiSeq	Qiagen	67442488.0	1	83	1	10	0.0
YSZC12003_36158	0	XieH_2016	80.0	female	IlluminaHiSeq	Qiagen	61356204.0	0	85	0	9	0.0
YSZC12003_36211	0	XieH_2016	63.0	female	IlluminaHiSeq	Qiagen	64536254.0	1	87	1	9	0.0
YSZC12003_36212	0	XieH_2016	63.0	female	IlluminaHiSeq	Qiagen	67783670.0	1	116	1	14	0.0
YSZC12003_36244	0	XieH_2016	76.0	female	IlluminaHiSeq	Qiagen	73480976.0	0	220	0	44	0.0
YSZC12003_36389	0	XieH_2016	61.0	female	IlluminaHiSeq	Qiagen	73736870.0	1	45	1	4	0.0
YSZC12003_36390	0	XieH_2016	61.0	female	IlluminaHiSeq	Qiagen	74832300.0	1	77	1	11	0.0
YSZC12003_36439	0	XieH_2016	72.0	female	IlluminaHiSeq	Qiagen	76916356.0	1	129	1	14	0.0
YSZC12003_36440	0	XieH_2016	72.0	female	IlluminaHiSeq	Qiagen	78673440.0	0	129	0	14	0.0
YSZC12003_36453	0	XieH_2016	60.0	female	IlluminaHiSeq	Qiagen	71912988.0	1	120	1	12	0.0
YSZC12003_36454	0	XieH_2016	60.0	female	IlluminaHiSeq	Qiagen	70843278.0	1	109	1	10	0.0
YSZC12003_36473	0	XieH_2016	36.0	female	IlluminaHiSeq	Qiagen	63539244.0	1	104	1	11	0.0
YSZC12003_36474	0	XieH_2016	36.0	female	IlluminaHiSeq	Qiagen	85346590.0	1	165	1	18	0.0
YSZC12003_36521	0	XieH_2016	73.0	female	IlluminaHiSeq	Qiagen	60242432.0	1	173	1	19	0.0
YSZC12003_36522	0	XieH_2016	73.0	female	IlluminaHiSeq	Qiagen	80183770.0	1	171	1	17	0.0
YSZC12003_36525	0	XieH_2016	65.0	female	IlluminaHiSeq	Qiagen	61469786.0	1	143	1	14	0.0
YSZC12003_36526	0	XieH_2016	65.0	female	IlluminaHiSeq	Qiagen	71747436.0	1	186	1	17	0.0
YSZC12003_36533	0	XieH_2016	52.0	female	IlluminaHiSeq	Qiagen	80640908.0	1	109	1	13	0.0
YSZC12003_36534	0	XieH_2016	52.0	female	IlluminaHiSeq	Qiagen	68939842.0	1	142	1	17	0.0
YSZC12003_36587	0	XieH_2016	62.0	female	IlluminaHiSeq	Qiagen	62820030.0	1	87	1	11	0.0
YSZC12003_36588	0	XieH_2016	62.0	female	IlluminaHiSeq	Qiagen	76726996.0	1	112	1	12	0.0
YSZC12003_36666	0	XieH_2016	56.0	female	IlluminaHiSeq	Qiagen	55144692.0	0	138	0	11	0.0
YSZC12003_36667	0	XieH_2016	56.0	female	IlluminaHiSeq	Qiagen	67218384.0	1	163	1	14	0.0
YSZC12003_36674	0	XieH_2016	78.0	female	IlluminaHiSeq	Qiagen	70013440.0	1	106	1	11	0.0
YSZC12003_36696	0	XieH_2016	71.0	female	IlluminaHiSeq	Qiagen	77338230.0	1	107	1	12	0.0
YSZC12003_36697	0	XieH_2016	71.0	female	IlluminaHiSeq	Qiagen	61427076.0	1	10	1	1	0.0
YSZC12003_36698	0	XieH_2016	50.0	female	IlluminaHiSeq	Qiagen	69609424.0	1	143	1	15	0.0
YSZC12003_36699	0	XieH_2016	50.0	female	IlluminaHiSeq	Qiagen	82420002.0	1	133	1	15	0.0
YSZC12003_36703	0	XieH_2016	62.0	female	IlluminaHiSeq	Qiagen	62082972.0	1	118	1	11	0.0
YSZC12003_36794	0	XieH_2016	56.0	female	IlluminaHiSeq	Qiagen	54487290.0	1	88	1	10	0.0
YSZC12003_36795	0	XieH_2016	56.0	female	IlluminaHiSeq	Qiagen	69159446.0	1	154	1	13	0.0
YSZC12003_36981	0	XieH_2016	50.0	female	IlluminaHiSeq	Qiagen	90552120.0	1	64	1	9	0.0
YSZC12003_37097	0	XieH_2016	64.0	female	IlluminaHiSeq	Qiagen	74526922.0	1	98	1	11	0.0
YSZC12003_37100	0	XieH_2016	63.0	female	IlluminaHiSeq	Qiagen	73428274.0	0	252	0	25	0.0
YSZC12003_37101	0	XieH_2016	63.0	female	IlluminaHiSeq	Qiagen	76045890.0	1	209	1	18	0.0
YSZC12003_37105	0	XieH_2016	65.0	female	IlluminaHiSeq	Qiagen	69512328.0	1	97	1	9	0.0
YSZC12003_37126	0	XieH_2016	47.0	female	IlluminaHiSeq	Qiagen	86000274.0	1	115	1	15	0.0
YSZC12003_37127	0	XieH_2016	47.0	female	IlluminaHiSeq	Qiagen	90083444.0	1	127	1	11	0.0
YSZC12003_37133	0	XieH_2016	62.0	female	IlluminaHiSeq	Qiagen	66603632.0	1	98	1	9	0.0
YSZC12003_37134	0	XieH_2016	62.0	female	IlluminaHiSeq	Qiagen	82796788.0	1	79	1	8	0.0
YSZC12003_37135	0	XieH_2016	38.0	female	IlluminaHiSeq	Qiagen	60465110.0	1	118	2	14	0.0
YSZC12003_37136	0	XieH_2016	38.0	female	IlluminaHiSeq	Qiagen	62567154.0	1	120	1	16	0.0
YSZC12003_37137	0	XieH_2016	51.0	female	IlluminaHiSeq	Qiagen	67175178.0	1	103	1	6	0.0
YSZC12003_37138	0	XieH_2016	51.0	female	IlluminaHiSeq	Qiagen	77251548.0	0	74	0	8	0.0
YSZC12003_37173	0	XieH_2016	54.0	female	IlluminaHiSeq	Qiagen	78689342.0	1	110	1	11	0.0
YSZC12003_37174	0	XieH_2016	54.0	female	IlluminaHiSeq	Qiagen	74145428.0	1	66	1	5	0.0
YSZC12003_37175	0	XieH_2016	55.0	female	IlluminaHiSeq	Qiagen	68182836.0	1	75	1	14	0.0
YSZC12003_37176	0	XieH_2016	55.0	female	IlluminaHiSeq	Qiagen	74791338.0	1	146	1	17	0.0
YSZC12003_37179	0	XieH_2016	60.0	female	IlluminaHiSeq	Qiagen	67292782.0	0	26	0	4	0.0
YSZC12003_37181R1	0	XieH_2016	64.0	female	IlluminaHiSeq	Qiagen	95908144.0	1	128	1	15	0.0
YSZC12003_37182R1	0	XieH_2016	64.0	female	IlluminaHiSeq	Qiagen	78597718.0	1	124	1	14	0.0
YSZC12003_37189R1	0	XieH_2016	49.0	female	IlluminaHiSeq	Qiagen	74724306.0	1	26	1	5	0.0
YSZC12003_37191R1	0	XieH_2016	61.0	female	IlluminaHiSeq	Qiagen	79055658.0	1	19	1	3	0.0
YSZC12003_37192R1	0	XieH_2016	61.0	female	IlluminaHiSeq	Qiagen	87288462.0	1	132	1	16	0.0
YSZC12003_37193R1	0	XieH_2016	70.0	female	IlluminaHiSeq	Qiagen	53836552.0	1	83	1	10	0.0
YSZC12003_37195	0	XieH_2016	60.0	female	IlluminaHiSeq	Qiagen	70273270.0	1	89	1	9	0.0
YSZC12003_37196	0	XieH_2016	60.0	female	IlluminaHiSeq	Qiagen	79916932.0	1	151	1	13	0.0
YSZC12003_37197R1	0	XieH_2016	58.0	female	IlluminaHiSeq	Qiagen	69838878.0	1	120	1	12	0.0
YSZC12003_37200R1	0	XieH_2016	59.0	female	IlluminaHiSeq	Qiagen	69959040.0	1	92	1	9	0.0
YSZC12003_37201	0	XieH_2016	46.0	female	IlluminaHiSeq	Qiagen	70529310.0	1	106	1	14	0.0
YSZC12003_37202R1	0	XieH_2016	46.0	female	IlluminaHiSeq	Qiagen	65434240.0	0	83	0	10	0.0
YSZC12003_37203	0	XieH_2016	61.0	female	IlluminaHiSeq	Qiagen	58800416.0	1	149	1	14	0.0
YSZC12003_37207R1	0	XieH_2016	65.0	female	IlluminaHiSeq	Qiagen	71720130.0	1	93	1	13	0.0
YSZC12003_37208R1	0	XieH_2016	65.0	female	IlluminaHiSeq	Qiagen	75777254.0	1	182	1	20	0.0
YSZC12003_37209	0	XieH_2016	47.0	female	IlluminaHiSeq	Qiagen	76680248.0	1	120	1	14	0.0
YSZC12003_37210	0	XieH_2016	47.0	female	IlluminaHiSeq	Qiagen	83665358.0	1	84	1	11	0.0
YSZC12003_37222	0	XieH_2016	56.0	female	IlluminaHiSeq	Qiagen	74516056.0	1	62	1	10	0.0
YSZC12003_37223	0	XieH_2016	56.0	female	IlluminaHiSeq	Qiagen	75368498.0	1	100	1	10	0.0
YSZC12003_37229	0	XieH_2016	55.0	female	IlluminaHiSeq	Qiagen	79154778.0	1	78	1	10	0.0
YSZC12003_37254	0	XieH_2016	67.0	female	IlluminaHiSeq	Qiagen	83182342.0	1	91	1	16	0.0
YSZC12003_37255	0	XieH_2016	67.0	female	IlluminaHiSeq	Qiagen	83300828.0	1	126	1	16	0.0
YSZC12003_37264	0	XieH_2016	52.0	female	IlluminaHiSeq	Qiagen	74338068.0	1	146	1	14	0.0
YSZC12003_37265R1	0	XieH_2016	52.0	female	IlluminaHiSeq	Qiagen	80839326.0	1	158	1	16	0.0
YSZC12003_37268R1	0	XieH_2016	62.0	female	IlluminaHiSeq	Qiagen	70670996.0	1	22	1	3	0.0
YSZC12003_37269	0	XieH_2016	62.0	female	IlluminaHiSeq	Qiagen	79122312.0	1	76	1	9	0.0
YSZC12003_37271R1	0	XieH_2016	65.0	female	IlluminaHiSeq	Qiagen	77642648.0	1	47	1	5	0.0
YSZC12003_37283	0	XieH_2016	62.0	female	IlluminaHiSeq	Qiagen	79007544.0	1	22	1	1	0.0
YSZC12003_37286	0	XieH_2016	64.0	female	IlluminaHiSeq	Qiagen	60658346.0	1	171	1	17	0.0
YSZC12003_37287	0	XieH_2016	64.0	female	IlluminaHiSeq	Qiagen	65648250.0	1	155	1	19	0.0
YSZC12003_37292	0	XieH_2016	57.0	female	IlluminaHiSeq	Qiagen	83550276.0	1	158	1	19	0.0
YSZC12003_37293	0	XieH_2016	57.0	female	IlluminaHiSeq	Qiagen	67105912.0	1	90	1	8	0.0
YSZC12003_37296R1	0	XieH_2016	63.0	female	IlluminaHiSeq	Qiagen	72512598.0	1	117	1	12	0.0
YSZC12003_37297R1	0	XieH_2016	63.0	female	IlluminaHiSeq	Qiagen	83003516.0	1	47	1	3	0.0
YSZC12003_37298R1	0	XieH_2016	57.0	female	IlluminaHiSeq	Qiagen	72024512.0	1	94	1	12	0.0
YSZC12003_37299R1	0	XieH_2016	57.0	female	IlluminaHiSeq	Qiagen	82965520.0	1	128	1	16	0.0
YSZC12003_37304R1	0	XieH_2016	64.0	female	IlluminaHiSeq	Qiagen	64273822.0	1	78	1	9	0.0
YSZC12003_37305R1	0	XieH_2016	64.0	female	IlluminaHiSeq	Qiagen	70285276.0	1	59	1	7	0.0
YSZC12003_37308R1	0	XieH_2016	62.0	female	IlluminaHiSeq	Qiagen	83181462.0	1	119	1	10	0.0
YSZC12003_37309R1	0	XieH_2016	62.0	female	IlluminaHiSeq	Qiagen	59201358.0	1	115	1	13	0.0
YSZC12003_37314	0	XieH_2016	69.0	female	IlluminaHiSeq	Qiagen	80020142.0	1	147	1	15	0.0
YSZC12003_37315	0	XieH_2016	69.0	female	IlluminaHiSeq	Qiagen	77615248.0	1	277	1	24	0.0
YSZC12003_37317	0	XieH_2016	69.0	female	IlluminaHiSeq	Qiagen	83208348.0	1	125	1	19	0.0
YSZC12003_37331	0	XieH_2016	66.0	female	IlluminaHiSeq	Qiagen	64541890.0	1	218	1	17	0.0
YSZC12003_37336	0	XieH_2016	65.0	female	IlluminaHiSeq	Qiagen	71323536.0	0	99	0	9	0.0
YSZC12003_37337	0	XieH_2016	65.0	female	IlluminaHiSeq	Qiagen	87724804.0	1	161	1	21	0.0
YSZC12003_37349	0	XieH_2016	51.0	female	IlluminaHiSeq	Qiagen	89197432.0	1	167	1	19	0.0
YSZC12003_37353	0	XieH_2016	65.0	female	IlluminaHiSeq	Qiagen	82672166.0	1	80	1	9	0.0
YSZC12003_37393	0	XieH_2016	67.0	female	IlluminaHiSeq	Qiagen	88450548.0	1	128	1	14	0.0
YSZC12003_37394	0	XieH_2016	67.0	female	IlluminaHiSeq	Qiagen	51948390.0	1	124	1	12	0.0
YSZC12003_37399	0	XieH_2016	52.0	female	IlluminaHiSeq	Qiagen	75338046.0	1	34	1	2	0.0
YSZC12003_37406	0	XieH_2016	62.0	female	IlluminaHiSeq	Qiagen	81960192.0	1	124	1	15	0.0
YSZC12003_37461	0	XieH_2016	79.0	female	IlluminaHiSeq	Qiagen	62844092.0	1	148	1	14	0.0
YSZC12003_37543	0	XieH_2016	65.0	female	IlluminaHiSeq	Qiagen	67012002.0	1	122	1	14	0.0
YSZC12003_37544	0	XieH_2016	65.0	female	IlluminaHiSeq	Qiagen	76286136.0	1	114	1	18	0.0
YSZC12003_37545	0	XieH_2016	66.0	female	IlluminaHiSeq	Qiagen	65110806.0	0	137	0	19	0.0
YSZC12003_37546	0	XieH_2016	66.0	female	IlluminaHiSeq	Qiagen	66633278.0	1	91	1	14	0.0
YSZC12003_37583	0	XieH_2016	73.0	female	IlluminaHiSeq	Qiagen	63373492.0	1	179	1	18	0.0
YSZC12003_37584	0	XieH_2016	73.0	female	IlluminaHiSeq	Qiagen	59965666.0	1	92	1	10	0.0
YSZC12003_37648	0	XieH_2016	65.0	female	IlluminaHiSeq	Qiagen	76952260.0	0	87	0	12	0.0
YSZC12003_37651	0	XieH_2016	65.0	female	IlluminaHiSeq	Qiagen	68758972.0	1	87	1	13	0.0
YSZC12003_37652	0	XieH_2016	65.0	female	IlluminaHiSeq	Qiagen	71971268.0	1	176	1	15	0.0
YSZC12003_37753	0	XieH_2016	59.0	female	IlluminaHiSeq	Qiagen	84827394.0	1	126	1	16	0.0
YSZC12003_37829	0	XieH_2016	72.0	female	IlluminaHiSeq	Qiagen	71109022.0	1	110	1	13	0.0
YSZC12003_37830	0	XieH_2016	72.0	female	IlluminaHiSeq	Qiagen	77603044.0	1	141	1	16	0.0
YSZC12003_37877	0	XieH_2016	47.0	female	IlluminaHiSeq	Qiagen	73824966.0	0	120	0	13	0.0
YSZC12003_37878	0	XieH_2016	47.0	female	IlluminaHiSeq	Qiagen	56909442.0	1	79	1	8	0.0
YEZ_N-48	0	YeZ_2018	42.0	female	IlluminaHiSeq	Qiagen	39872611.0	1	29	1	7	0.0
YEZ_N-47	0	YeZ_2018	54.0	male	IlluminaHiSeq	Qiagen	44623037.0	1	129	1	18	0.0
YEZ_N-10	0	YeZ_2018	27.0	male	IlluminaHiSeq	Qiagen	37218253.0	1	110	1	11	0.0
YEZ_N-9	0	YeZ_2018	48.0	male	IlluminaHiSeq	Qiagen	34466186.0	1	14	1	3	0.0
YEZ_N-8	0	YeZ_2018	32.0	male	IlluminaHiSeq	Qiagen	42123225.0	1	41	1	7	0.0
YEZ_N-1	0	YeZ_2018	27.0	male	IlluminaHiSeq	Qiagen	41932334.0	1	23	1	5	0.0
YEZ_N-14	0	YeZ_2018	38.0	male	IlluminaHiSeq	Qiagen	39383557.0	1	53	1	8	0.0
YEZ_N-13	0	YeZ_2018	27.0	male	IlluminaHiSeq	Qiagen	35893414.0	1	120	1	13	0.0
YEZ_N-12	0	YeZ_2018	36.0	male	IlluminaHiSeq	Qiagen	33174217.0	1	57	1	7	0.0
YEZ_N-11	0	YeZ_2018	33.0	male	IlluminaHiSeq	Qiagen	33480833.0	1	69	1	10	0.0
YEZ_N-15	0	YeZ_2018	35.0	male	IlluminaHiSeq	Qiagen	44695427.0	1	32	1	5	0.0
YEZ_N-2	0	YeZ_2018	46.0	male	IlluminaHiSeq	Qiagen	56254196.0	1	24	1	9	0.0
YEZ_N-17	0	YeZ_2018	26.0	male	IlluminaHiSeq	Qiagen	58838794.0	1	53	1	9	0.0
YEZ_N-16	0	YeZ_2018	34.0	male	IlluminaHiSeq	Qiagen	42525522.0	1	44	1	5	0.0
YEZ_N-19	0	YeZ_2018	27.0	male	IlluminaHiSeq	Qiagen	46901093.0	1	66	1	8	0.0
YEZ_N-18	0	YeZ_2018	25.0	male	IlluminaHiSeq	Qiagen	42176925.0	1	66	1	10	0.0
YEZ_N-21	0	YeZ_2018	28.0	female	IlluminaHiSeq	Qiagen	123037805.0	1	162	1	13	0.0
YEZ_N-20	0	YeZ_2018	28.0	male	IlluminaHiSeq	Qiagen	39999366.0	1	68	1	6	0.0
YEZ_N-23	0	YeZ_2018	46.0	female	IlluminaHiSeq	Qiagen	38102424.0	0	24	0	6	0.0
YEZ_N-22	0	YeZ_2018	36.0	male	IlluminaHiSeq	Qiagen	52357887.0	1	30	1	2	0.0
YEZ_N-3	0	YeZ_2018	70.0	male	IlluminaHiSeq	Qiagen	49842534.0	1	62	1	9	0.0
YEZ_N-24	0	YeZ_2018	45.0	male	IlluminaHiSeq	Qiagen	43955537.0	1	40	1	3	0.0
YEZ_N-36	0	YeZ_2018	48.0	female	IlluminaHiSeq	Qiagen	38581295.0	1	50	1	11	0.0
YEZ_N-35	0	YeZ_2018	46.0	male	IlluminaHiSeq	Qiagen	33440743.0	1	66	1	7	0.0
YEZ_N-42	0	YeZ_2018	36.0	male	IlluminaHiSeq	Qiagen	36725452.0	1	36	1	5	0.0
YEZ_N-41	0	YeZ_2018	75.0	male	IlluminaHiSeq	Qiagen	35710870.0	1	9	1	1	0.0
YEZ_N-40	0	YeZ_2018	60.0	male	IlluminaHiSeq	Qiagen	37252508.0	1	66	1	11	0.0
YEZ_N-39	0	YeZ_2018	34.0	female	IlluminaHiSeq	Qiagen	36241278.0	1	66	1	7	0.0
YEZ_N-44	0	YeZ_2018	26.0	male	IlluminaHiSeq	Qiagen	33917757.0	1	148	1	16	0.0
YEZ_N-43	0	YeZ_2018	63.0	male	IlluminaHiSeq	Qiagen	44299664.0	1	50	1	7	0.0
YEZ_N-29	0	YeZ_2018	31.0	female	IlluminaHiSeq	Qiagen	43459994.0	1	28	1	4	0.0
YEZ_N-30	0	YeZ_2018	38.0	male	IlluminaHiSeq	Qiagen	41627660.0	1	61	1	10	0.0
YEZ_N-31	0	YeZ_2018	48.0	female	IlluminaHiSeq	Qiagen	31558929.0	1	117	1	11	0.0
YEZ_N-32	0	YeZ_2018	25.0	female	IlluminaHiSeq	Qiagen	53380582.0	1	37	1	8	0.0
YEZ_N-25	0	YeZ_2018	51.0	male	IlluminaHiSeq	Qiagen	29597024.0	1	24	1	2	0.0
YEZ_N-26	0	YeZ_2018	40.0	male	IlluminaHiSeq	Qiagen	55674906.0	1	87	1	10	0.0
YEZ_N-27	0	YeZ_2018	48.0	male	IlluminaHiSeq	Qiagen	38035017.0	1	117	1	10	0.0
YEZ_N-28	0	YeZ_2018	19.0	male	IlluminaHiSeq	Qiagen	32093546.0	1	42	1	7	0.0
YEZ_N-4	0	YeZ_2018	70.0	male	IlluminaHiSeq	Qiagen	44475130.0	1	87	1	11	0.0
YEZ_N-33	0	YeZ_2018	59.0	female	IlluminaHiSeq	Qiagen	46022360.0	1	46	1	7	0.0
YEZ_N-34	0	YeZ_2018	34.0	female	IlluminaHiSeq	Qiagen	44015019.0	1	14	1	2	0.0
YEZ_N-45	0	YeZ_2018	44.0	male	IlluminaHiSeq	Qiagen	45520769.0	1	45	1	6	0.0
YEZ_N-46	0	YeZ_2018	21.0	male	IlluminaHiSeq	Qiagen	46286473.0	1	80	1	13	0.0
YEZ_N-38	0	YeZ_2018	38.0	female	IlluminaHiSeq	Qiagen	82717990.0	1	107	1	12	0.0
YEZ_N-37	0	YeZ_2018	46.0	male	IlluminaHiSeq	Qiagen	42759239.0	1	50	1	10	0.0
GupDM_HAK	0	GuptaA_2019	29.0	female	IlluminaNextSeq	Qiagen	10655514.0	1	133	1	18	0.0
GupDM_HAJ	0	GuptaA_2019	22.0	female	IlluminaNextSeq	Qiagen	6171104.0	1	23	1	4	0.0
GupDM_HAI	0	GuptaA_2019	24.0	male	IlluminaNextSeq	Qiagen	17519102.0	1	36	1	9	0.0
GupDM_HAH	0	GuptaA_2019	25.0	female	IlluminaNextSeq	Qiagen	10271966.0	1	29	1	8	0.0
GupDM_HAG	0	GuptaA_2019	23.0	female	IlluminaNextSeq	Qiagen	8105478.0	1	46	1	9	0.0
GupDM_HAL	0	GuptaA_2019	24.0	female	IlluminaNextSeq	Qiagen	9271322.0	1	101	1	20	0.0
GupDM_HAM	0	GuptaA_2019	23.0	female	IlluminaNextSeq	Qiagen	12979624.0	1	110	1	18	0.0
GupDM_HAN	0	GuptaA_2019	26.0	female	IlluminaNextSeq	Qiagen	13145190.0	1	25	1	6	0.0
GupDM_HAO	0	GuptaA_2019	26.0	female	IlluminaNextSeq	Qiagen	16932172.0	1	45	1	6	0.0
GupDM_HAP	0	GuptaA_2019	25.0	male	IlluminaNextSeq	Qiagen	12355776.0	1	40	1	10	0.0
GupDM_HAR	0	GuptaA_2019	28.0	male	IlluminaNextSeq	Qiagen	10185816.0	1	15	1	6	0.0
GupDM_HAT	0	GuptaA_2019	26.0	male	IlluminaNextSeq	Qiagen	5952458.0	1	46	1	15	0.0
GupDM_HDF	0	GuptaA_2019	58.0	female	IlluminaNextSeq	Qiagen	7376354.0	1	32	1	5	0.0
GupDM_HDB	0	GuptaA_2019	50.0	female	IlluminaNextSeq	Qiagen	4717922.0	0	45	0	11	0.0
GupDM_HCY	0	GuptaA_2019	53.0	female	IlluminaNextSeq	Qiagen	5247522.0	1	24	1	9	0.0
GupDM_HCL	0	GuptaA_2019	64.0	female	IlluminaNextSeq	Qiagen	7355758.0	0	33	0	9	0.0
GupDM_HCU	0	GuptaA_2019	61.0	male	IlluminaNextSeq	Qiagen	11104842.0	1	24	1	8	0.0
GupDM_HCV	0	GuptaA_2019	58.0	female	IlluminaNextSeq	Qiagen	10996252.0	1	54	1	13	0.0
GupDM_HCQ	0	GuptaA_2019	52.0	female	IlluminaNextSeq	Qiagen	5635222.0	0	84	0	12	0.0
GupDM_HCR	0	GuptaA_2019	62.0	male	IlluminaNextSeq	Qiagen	6710528.0	1	98	1	11	0.0
GupDM_HCS	0	GuptaA_2019	50.0	female	IlluminaNextSeq	Qiagen	5521326.0	0	103	0	10	0.0
GupDM_HCT	0	GuptaA_2019	58.0	male	IlluminaNextSeq	Qiagen	9651384.0	1	11	1	9	0.0
GupDM_HCM	0	GuptaA_2019	62.0	female	IlluminaNextSeq	Qiagen	7352590.0	1	77	1	12	0.0
GupDM_HCN	0	GuptaA_2019	57.0	male	IlluminaNextSeq	Qiagen	10142394.0	1	115	1	13	0.0
GupDM_HCO	0	GuptaA_2019	57.0	female	IlluminaNextSeq	Qiagen	9242932.0	1	48	1	13	0.0
GupDM_HCP	0	GuptaA_2019	71.0	male	IlluminaNextSeq	Qiagen	6704578.0	1	122	1	11	0.0
GupDM_HP	0	GuptaA_2019	30.0	male	IlluminaNextSeq	Qiagen	9276878.0	1	64	1	18	0.0
GupDM_HS	0	GuptaA_2019	25.0	male	IlluminaNextSeq	Qiagen	13442182.0	1	107	1	17	0.0
GupDM_HR	0	GuptaA_2019	26.0	male	IlluminaNextSeq	Qiagen	8951472.0	1	24	1	6	0.0
GupDM_HBR	0	GuptaA_2019	50.0	female	IlluminaNextSeq	Qiagen	4251494.0	1	44	1	10	0.0
TRAVELRES13	0	BengtssonPalmeJ_2015	23.0	female	IlluminaHiSeq	Qiagen	233971282.0	0	86	0	14	0.0
TRAVELRES35	0	BengtssonPalmeJ_2015	25.0	male	IlluminaHiSeq	Qiagen	141934656.0	1	167	1	18	0.0
TRAVELRES37	0	BengtssonPalmeJ_2015	28.0	male	IlluminaHiSeq	Qiagen	205724324.0	1	71	1	9	0.0
TRAVELRES39	0	BengtssonPalmeJ_2015	23.0	female	IlluminaHiSeq	Qiagen	258076764.0	0	163	0	17	0.0
TRAVELRES57	0	BengtssonPalmeJ_2015	24.0	female	IlluminaHiSeq	Qiagen	169536970.0	0	64	0	6	0.0
TRAVELRES59	0	BengtssonPalmeJ_2015	25.0	female	IlluminaHiSeq	Qiagen	192676610.0	1	82	1	8	0.0
TRAVELRES63	0	BengtssonPalmeJ_2015	25.0	female	IlluminaHiSeq	Qiagen	173419070.0	1	182	1	16	0.0
TRAVELRES65	0	BengtssonPalmeJ_2015	28.0	female	IlluminaHiSeq	Qiagen	53597772.0	1	77	1	12	0.0
TRAVELRES67	0	BengtssonPalmeJ_2015	25.0	male	IlluminaHiSeq	Qiagen	160578082.0	1	133	1	10	0.0
TRAVELRES47	0	BengtssonPalmeJ_2015	28.0	female	IlluminaHiSeq	Qiagen	214195050.0	1	151	1	11	0.0
TRAVELRES23	0	BengtssonPalmeJ_2015	24.0	female	IlluminaHiSeq	Qiagen	188188370.0	1	66	1	6	0.0
TRAVELRES70	0	BengtssonPalmeJ_2015	28.0	female	IlluminaHiSeq	Qiagen	286857862.0	0	111	0	12	0.0
TRAVELRES21	0	BengtssonPalmeJ_2015	24.0	female	IlluminaHiSeq	Qiagen	182408648.0	1	78	1	6	0.0
TRAVELRES27	0	BengtssonPalmeJ_2015	25.0	male	IlluminaHiSeq	Qiagen	356009214.0	0	155	0	15	0.0
TRAVELRES1	0	BengtssonPalmeJ_2015	25.0	female	IlluminaHiSeq	Qiagen	147984098.0	1	142	1	18	0.0
TRAVELRES3	0	BengtssonPalmeJ_2015	25.0	female	IlluminaHiSeq	Qiagen	113377860.0	1	118	1	11	0.0
TRAVELRES5	0	BengtssonPalmeJ_2015	26.0	female	IlluminaHiSeq	Qiagen	224437174.0	0	110	0	15	0.0
TRAVELRES17	0	BengtssonPalmeJ_2015	24.0	male	IlluminaHiSeq	Qiagen	173451850.0	0	159	0	16	0.0
TRAVELRES19	0	BengtssonPalmeJ_2015	26.0	female	IlluminaHiSeq	Qiagen	240987672.0	1	86	1	10	0.0
TRAVELRES25	0	BengtssonPalmeJ_2015	25.0	female	IlluminaHiSeq	Qiagen	155592346.0	0	169	0	13	0.0
TRAVELRES41	0	BengtssonPalmeJ_2015	25.0	female	IlluminaHiSeq	Qiagen	199797130.0	0	93	0	11	0.0
TRAVELRES43	0	BengtssonPalmeJ_2015	23.0	male	IlluminaHiSeq	Qiagen	131473024.0	0	64	0	6	0.0
TRAVELRES45	0	BengtssonPalmeJ_2015	29.0	female	IlluminaHiSeq	Qiagen	234713530.0	1	177	1	18	0.0
TRAVELRES55	0	BengtssonPalmeJ_2015	23.0	female	IlluminaHiSeq	Qiagen	221683292.0	1	130	1	13	0.0
TRAVELRES7	0	BengtssonPalmeJ_2015	23.0	female	IlluminaHiSeq	Qiagen	201010060.0	1	153	1	17	0.0
TRAVELRES11	0	BengtssonPalmeJ_2015	22.0	female	IlluminaHiSeq	Qiagen	168352376.0	1	169	1	11	0.0
TRAVELRES15	0	BengtssonPalmeJ_2015	23.0	female	IlluminaHiSeq	Qiagen	195145886.0	1	107	1	13	0.0
TRAVELRES29	0	BengtssonPalmeJ_2015	24.0	male	IlluminaHiSeq	Qiagen	222913068.0	1	142	1	18	0.0
TRAVELRES31	0	BengtssonPalmeJ_2015	27.0	female	IlluminaHiSeq	Qiagen	204235228.0	1	121	1	17	0.0
TRAVELRES33	0	BengtssonPalmeJ_2015	28.0	female	IlluminaHiSeq	Qiagen	197507338.0	1	87	1	8	0.0
TRAVELRES61	0	BengtssonPalmeJ_2015	26.0	male	IlluminaHiSeq	Qiagen	222599268.0	1	89	1	8	0.0
TRAVELRES9	0	BengtssonPalmeJ_2015	34.0	female	IlluminaHiSeq	Qiagen	194849272.0	1	158	1	18	0.0
TRAVELRES53	0	BengtssonPalmeJ_2015	24.0	female	IlluminaHiSeq	Qiagen	337157882.0	1	32	1	5	0.0
TRAVELRES49	0	BengtssonPalmeJ_2015	28.0	male	IlluminaHiSeq	Qiagen	150534486.0	0	165	0	18	0.0
TRAVELRES51	0	BengtssonPalmeJ_2015	29.0	female	IlluminaHiSeq	Qiagen	182053822.0	1	81	1	11	0.0
TRAVELRES14	0	BengtssonPalmeJ_2015	23.0	female	IlluminaHiSeq	Qiagen	129734170.0	1	124	1	18	0.0
TRAVELRES36	0	BengtssonPalmeJ_2015	25.0	male	IlluminaHiSeq	Qiagen	170271930.0	0	176	0	17	0.0
TRAVELRES38	0	BengtssonPalmeJ_2015	28.0	male	IlluminaHiSeq	Qiagen	161675760.0	1	84	1	10	0.0
TRAVELRES40	0	BengtssonPalmeJ_2015	23.0	female	IlluminaHiSeq	Qiagen	209350240.0	1	176	1	18	0.0
TRAVELRES58	0	BengtssonPalmeJ_2015	24.0	female	IlluminaHiSeq	Qiagen	211975946.0	1	78	1	7	0.0
TRAVELRES60	0	BengtssonPalmeJ_2015	25.0	female	IlluminaHiSeq	Qiagen	211307660.0	1	168	1	15	0.0
TRAVELRES64	0	BengtssonPalmeJ_2015	25.0	female	IlluminaHiSeq	Qiagen	66072614.0	1	156	1	17	0.0
TRAVELRES66	0	BengtssonPalmeJ_2015	28.0	female	IlluminaHiSeq	Qiagen	239483092.0	1	85	1	10	0.0
TRAVELRES68	0	BengtssonPalmeJ_2015	25.0	male	IlluminaHiSeq	Qiagen	248995670.0	1	118	1	9	0.0
TRAVELRES48	0	BengtssonPalmeJ_2015	28.0	female	IlluminaHiSeq	Qiagen	279021086.0	1	202	1	11	0.0
TRAVELRES24	0	BengtssonPalmeJ_2015	24.0	female	IlluminaHiSeq	Qiagen	155502422.0	1	76	1	9	0.0
TRAVELRES69	0	BengtssonPalmeJ_2015	28.0	female	IlluminaHiSeq	Qiagen	221068190.0	1	111	1	14	0.0
TRAVELRES22	0	BengtssonPalmeJ_2015	24.0	female	IlluminaHiSeq	Qiagen	255430132.0	1	81	1	7	0.0
TRAVELRES28	0	BengtssonPalmeJ_2015	25.0	male	IlluminaHiSeq	Qiagen	109975282.0	1	171	1	14	0.0
TRAVELRES2	0	BengtssonPalmeJ_2015	25.0	female	IlluminaHiSeq	Qiagen	254471784.0	1	128	1	15	0.0
TRAVELRES4	0	BengtssonPalmeJ_2015	25.0	female	IlluminaHiSeq	Qiagen	184603796.0	1	125	1	12	0.0
TRAVELRES6	0	BengtssonPalmeJ_2015	26.0	female	IlluminaHiSeq	Qiagen	206293040.0	1	114	1	13	0.0
TRAVELRES18	0	BengtssonPalmeJ_2015	24.0	male	IlluminaHiSeq	Qiagen	328342060.0	1	167	1	16	0.0
TRAVELRES20	0	BengtssonPalmeJ_2015	26.0	female	IlluminaHiSeq	Qiagen	184138820.0	1	102	1	12	0.0
TRAVELRES26	0	BengtssonPalmeJ_2015	25.0	female	IlluminaHiSeq	Qiagen	279539812.0	1	182	1	18	0.0
TRAVELRES42	0	BengtssonPalmeJ_2015	25.0	female	IlluminaHiSeq	Qiagen	155602906.0	1	95	1	14	0.0
TRAVELRES44	0	BengtssonPalmeJ_2015	23.0	male	IlluminaHiSeq	Qiagen	190599596.0	1	70	1	5	0.0
TRAVELRES46	0	BengtssonPalmeJ_2015	29.0	female	IlluminaHiSeq	Qiagen	222875304.0	1	179	1	16	0.0
TRAVELRES56	0	BengtssonPalmeJ_2015	23.0	female	IlluminaHiSeq	Qiagen	149499716.0	1	116	1	12	0.0
TRAVELRES8	0	BengtssonPalmeJ_2015	23.0	female	IlluminaHiSeq	Qiagen	160774976.0	1	140	1	20	0.0
TRAVELRES12	0	BengtssonPalmeJ_2015	22.0	female	IlluminaHiSeq	Qiagen	150106114.0	1	162	1	15	0.0
TRAVELRES16	0	BengtssonPalmeJ_2015	23.0	female	IlluminaHiSeq	Qiagen	189041654.0	1	128	1	13	0.0
TRAVELRES30	0	BengtssonPalmeJ_2015	24.0	male	IlluminaHiSeq	Qiagen	205684656.0	1	121	1	16	0.0
TRAVELRES32	0	BengtssonPalmeJ_2015	27.0	female	IlluminaHiSeq	Qiagen	137333440.0	1	45	1	3	0.0
TRAVELRES34	0	BengtssonPalmeJ_2015	28.0	female	IlluminaHiSeq	Qiagen	151740678.0	1	14	1	3	0.0
TRAVELRES62	0	BengtssonPalmeJ_2015	26.0	male	IlluminaHiSeq	Qiagen	178808848.0	1	89	1	9	0.0
TRAVELRES10	0	BengtssonPalmeJ_2015	34.0	female	IlluminaHiSeq	Qiagen	195459508.0	1	166	1	19	0.0
TRAVELRES54	0	BengtssonPalmeJ_2015	24.0	female	IlluminaHiSeq	Qiagen	163268324.0	1	32	1	6	0.0
TRAVELRES50	0	BengtssonPalmeJ_2015	28.0	male	IlluminaHiSeq	Qiagen	251408826.0	1	175	1	17	0.0
TRAVELRES52	0	BengtssonPalmeJ_2015	29.0	female	IlluminaHiSeq	Qiagen	103411914.0	1	59	1	5	0.0
alien-11-877-0	0	CosteaPI_2017	48.0	male	IlluminaHiSeq	Gnome	60617950.0	1	50	1	8	0.0
alien-11-881-0	0	CosteaPI_2017	48.0	male	IlluminaHiSeq	Gnome	64611563.0	1	27	1	1	0.0
alien-11-883-0	0	CosteaPI_2017	48.0	male	IlluminaHiSeq	Gnome	49383622.0	1	43	1	1	0.0
alien-11-895-0	0	CosteaPI_2017	48.0	male	IlluminaHiSeq	Gnome	59812849.0	1	63	1	9	0.0
alien-11-898-0	0	CosteaPI_2017	48.0	male	IlluminaHiSeq	Gnome	46432637.0	1	60	1	7	0.0
alien-11-902-0	0	CosteaPI_2017	48.0	male	IlluminaHiSeq	Gnome	48878239.0	0	59	0	7	0.0
alien-11-904-0	0	CosteaPI_2017	48.0	male	IlluminaHiSeq	Gnome	60083008.0	0	62	0	9	0.0
alien-11-918-0	0	CosteaPI_2017	48.0	male	IlluminaHiSeq	Gnome	56621255.0	1	65	1	8	0.0
alien2-11-0-0	0	CosteaPI_2017	49.0	female	IlluminaHiSeq	Gnome	70090321.0	1	191	1	16	0.0
alien3-11-0-0	0	CosteaPI_2017	19.0	male	IlluminaHiSeq	Gnome	65787246.0	0	88	0	7	0.0
donald1-11-0-0	0	CosteaPI_2017	36.0	male	IlluminaHiSeq	Gnome	69870373.0	0	87	0	9	0.0
donald1-11-30-0	0	CosteaPI_2017	36.0	male	IlluminaHiSeq	Gnome	69429971.0	0	82	0	9	0.0
donald1-11-7-0	0	CosteaPI_2017	36.0	male	IlluminaHiSeq	Gnome	44351426.0	1	94	1	11	0.0
donald2-11-0-0	0	CosteaPI_2017	36.0	female	IlluminaHiSeq	Gnome	42583262.0	1	77	1	6	0.0
donald2-11-30-0	0	CosteaPI_2017	36.0	female	IlluminaHiSeq	Gnome	54923030.0	1	74	1	7	0.0
donald2-11-7-0	0	CosteaPI_2017	36.0	female	IlluminaHiSeq	Gnome	34470146.0	0	81	0	9	0.0
mickey1-11-0-0	0	CosteaPI_2017	38.0	male	IlluminaHiSeq	Gnome	44030558.0	1	170	1	18	0.0
mickey1-11-30-0	0	CosteaPI_2017	38.0	male	IlluminaHiSeq	Gnome	39538422.0	1	174	1	19	0.0
mickey1-11-7-0	0	CosteaPI_2017	38.0	male	IlluminaHiSeq	Gnome	36380119.0	0	167	0	17	0.0
mickey2-11-0-0	0	CosteaPI_2017	38.0	female	IlluminaHiSeq	Gnome	67112234.0	1	130	1	16	0.0
mickey2-11-30-0	0	CosteaPI_2017	38.0	female	IlluminaHiSeq	Gnome	58665083.0	1	116	1	15	0.0
mickey2-11-7-0	0	CosteaPI_2017	38.0	female	IlluminaHiSeq	Gnome	61447145.0	1	124	1	16	0.0
peacemaker-11-0-0	0	CosteaPI_2017	36.0	male	IlluminaHiSeq	Gnome	144169338.0	0	57	0	5	0.0
peacemaker-11-2-0	0	CosteaPI_2017	36.0	male	IlluminaHiSeq	Gnome	109271877.0	0	52	0	5	0.0
peacemaker-11-60-0	0	CosteaPI_2017	36.0	male	IlluminaHiSeq	Gnome	86626511.0	0	52	1	5	0.0
peacemaker-11-600-0	0	CosteaPI_2017	38.0	male	IlluminaHiSeq	Gnome	55889586.0	0	57	0	6	0.0
peacemaker-11-7-0	0	CosteaPI_2017	36.0	male	IlluminaHiSeq	Gnome	147843603.0	1	62	2	5	0.0
peacemaker2-11-0-0	0	CosteaPI_2017	38.0	female	IlluminaHiSeq	Gnome	59667512.0	1	85	1	11	0.0
pluto1-11-0-0	0	CosteaPI_2017	40.0	male	IlluminaHiSeq	Gnome	72683691.0	1	139	1	12	0.0
pluto1-11-30-0	0	CosteaPI_2017	40.0	male	IlluminaHiSeq	Gnome	83970689.0	1	148	1	14	0.0
pluto1-11-7-0	0	CosteaPI_2017	40.0	male	IlluminaHiSeq	Gnome	67938607.0	1	149	1	15	0.0
thistle1-11-0-0	0	CosteaPI_2017	46.0	male	IlluminaHiSeq	Gnome	54696829.0	1	96	1	9	0.0
thistle2-11-0-0	0	CosteaPI_2017	46.0	female	IlluminaHiSeq	Gnome	64567295.0	0	69	0	6	0.0
SID713A002-11-0-0	0	CosteaPI_2017	29.0	female	IlluminaHiSeq	Gnome	64042204.0	1	67	1	10	0.0
SID713A002-11-90-0	0	CosteaPI_2017	29.0	female	IlluminaHiSeq	Gnome	66220757.0	1	66	1	11	0.0
SID713A004-11-0-0	0	CosteaPI_2017	48.0	female	IlluminaHiSeq	Gnome	77659790.0	1	155	1	16	0.0
SID713A004-11-90-0	0	CosteaPI_2017	48.0	female	IlluminaHiSeq	Gnome	76404572.0	1	183	1	15	0.0
SID713A005-11-0-0	0	CosteaPI_2017	29.0	female	IlluminaHiSeq	Gnome	65200086.0	1	166	1	16	0.0
SID713A005-11-90-0	0	CosteaPI_2017	29.0	female	IlluminaHiSeq	Gnome	57738406.0	1	142	1	11	0.0
SID713A009-11-0-0	0	CosteaPI_2017	46.0	male	IlluminaHiSeq	Gnome	68891341.0	1	121	1	12	0.0
SID713A009-11-90-0	0	CosteaPI_2017	46.0	male	IlluminaHiSeq	Gnome	75825039.0	1	118	1	10	0.0
SID713A010-11-0-0	0	CosteaPI_2017	48.0	female	IlluminaHiSeq	Gnome	82434640.0	1	94	1	12	0.0
SID713A010-11-90-0	0	CosteaPI_2017	48.0	female	IlluminaHiSeq	Gnome	69229357.0	1	101	1	10	0.0
SID713A012-11-0-0	0	CosteaPI_2017	40.0	male	IlluminaHiSeq	Gnome	63241657.0	1	76	1	7	0.0
SID713A012-11-90-0	0	CosteaPI_2017	40.0	male	IlluminaHiSeq	Gnome	15592566.0	1	11	1	2	0.0
SID713A013-11-0-0	0	CosteaPI_2017	41.0	female	IlluminaHiSeq	Gnome	90902363.0	1	189	1	15	0.0
SID713A013-11-90-0	0	CosteaPI_2017	41.0	female	IlluminaHiSeq	Gnome	54831368.0	1	144	1	8	0.0
SID713A014-11-0-0	0	CosteaPI_2017	41.0	female	IlluminaHiSeq	Gnome	60285441.0	1	211	1	21	0.0
SID713A014-11-90-0	0	CosteaPI_2017	41.0	female	IlluminaHiSeq	Gnome	60554093.0	1	221	1	22	0.0
SID713A015-11-0-0	0	CosteaPI_2017	45.0	female	IlluminaHiSeq	Gnome	50171025.0	1	12	1	3	0.0
SID713A015-11-90-0	0	CosteaPI_2017	45.0	female	IlluminaHiSeq	Gnome	67742062.0	1	61	1	5	0.0
SID713A021-11-0-0	0	CosteaPI_2017	45.0	male	IlluminaHiSeq	Gnome	69765547.0	1	154	1	20	0.0
SID713A021-11-90-0	0	CosteaPI_2017	45.0	male	IlluminaHiSeq	Gnome	68132529.0	1	183	1	21	0.0
SID713A023-11-0-0	0	CosteaPI_2017	60.0	male	IlluminaHiSeq	Gnome	57279262.0	1	167	1	12	0.0
SID713A023-11-90-0	0	CosteaPI_2017	60.0	male	IlluminaHiSeq	Gnome	71605408.0	1	194	1	20	0.0
SID713A026-11-0-0	0	CosteaPI_2017	42.0	male	IlluminaHiSeq	Gnome	71972888.0	1	174	1	17	0.0
SID713A026-11-90-0	0	CosteaPI_2017	42.0	male	IlluminaHiSeq	Gnome	60555656.0	1	167	1	16	0.0
SID713A028-11-0-0	0	CosteaPI_2017	54.0	female	IlluminaHiSeq	Gnome	65019084.0	1	211	1	20	0.0
SID713A028-11-90-0	0	CosteaPI_2017	54.0	female	IlluminaHiSeq	Gnome	64399343.0	1	233	1	19	0.0
SID713A029-11-0-0	0	CosteaPI_2017	39.0	male	IlluminaHiSeq	Gnome	64542851.0	1	131	1	12	0.0
SID713A029-11-90-0	0	CosteaPI_2017	39.0	male	IlluminaHiSeq	Gnome	59062002.0	1	122	1	10	0.0
SID713A030-11-0-0	0	CosteaPI_2017	33.0	male	IlluminaHiSeq	Gnome	56131508.0	1	111	1	11	0.0
SID713A030-11-90-0	0	CosteaPI_2017	33.0	male	IlluminaHiSeq	Gnome	63503996.0	1	57	1	5	0.0
SID713A033-11-0-0	0	CosteaPI_2017	53.0	male	IlluminaHiSeq	Gnome	20012028.0	1	81	1	10	0.0
SID713A033-11-90-0	0	CosteaPI_2017	53.0	male	IlluminaHiSeq	Gnome	57742321.0	1	147	1	16	0.0
SID713A037-11-0-0	0	CosteaPI_2017	58.0	female	IlluminaHiSeq	Gnome	79260947.0	1	59	1	7	0.0
SID713A037-11-90-0	0	CosteaPI_2017	58.0	female	IlluminaHiSeq	Gnome	76432043.0	1	50	1	4	0.0
SID713A038-11-0-0	0	CosteaPI_2017	48.0	male	IlluminaHiSeq	Gnome	43770391.0	1	153	1	13	0.0
SID713A038-11-90-0	0	CosteaPI_2017	48.0	male	IlluminaHiSeq	Gnome	94079955.0	1	207	1	19	0.0
SID713A039-11-0-0	0	CosteaPI_2017	53.0	female	IlluminaHiSeq	Gnome	69216850.0	1	192	1	19	0.0
SID713A039-11-90-0	0	CosteaPI_2017	53.0	female	IlluminaHiSeq	Gnome	79001752.0	1	116	1	12	0.0
SID713A040-11-0-0	0	CosteaPI_2017	47.0	male	IlluminaHiSeq	Gnome	73008150.0	1	186	1	20	0.0
SID713A040-11-90-0	0	CosteaPI_2017	47.0	male	IlluminaHiSeq	Gnome	70188673.0	1	216	1	24	0.0
SID713A045-11-0-0	0	CosteaPI_2017	48.0	male	IlluminaHiSeq	Gnome	61553350.0	1	62	1	10	0.0
SID713A045-11-90-0	0	CosteaPI_2017	48.0	male	IlluminaHiSeq	Gnome	75129058.0	1	158	1	28	0.0
SID713A046-11-0-0	0	CosteaPI_2017	47.0	female	IlluminaHiSeq	Gnome	63538225.0	1	124	1	13	0.0
SID713A046-11-90-0	0	CosteaPI_2017	47.0	female	IlluminaHiSeq	Gnome	42819798.0	1	109	1	8	0.0
SID713A049-11-0-0	0	CosteaPI_2017	63.0	female	IlluminaHiSeq	Gnome	59295643.0	1	133	1	9	0.0
SID713A049-11-90-0	0	CosteaPI_2017	63.0	female	IlluminaHiSeq	Gnome	58772406.0	1	125	1	10	0.0
SID713A051-11-0-0	0	CosteaPI_2017	36.0	female	IlluminaHiSeq	Gnome	79008831.0	0	140	0	11	0.0
SID713A051-11-90-0	0	CosteaPI_2017	36.0	female	IlluminaHiSeq	Gnome	64473643.0	1	142	1	12	0.0
SID713A052-11-0-0	0	CosteaPI_2017	62.0	female	IlluminaHiSeq	Gnome	68879528.0	1	149	1	15	0.0
SID713A052-11-90-0	0	CosteaPI_2017	62.0	female	IlluminaHiSeq	Gnome	74541971.0	1	96	1	10	0.0
SID713A053-11-0-0	0	CosteaPI_2017	54.0	female	IlluminaHiSeq	Gnome	68006761.0	1	233	1	27	0.0
SID713A053-11-90-0	0	CosteaPI_2017	54.0	female	IlluminaHiSeq	Gnome	66885258.0	1	222	1	23	0.0
SID713A055-11-0-0	0	CosteaPI_2017	55.0	female	IlluminaHiSeq	Gnome	65950425.0	1	196	1	17	0.0
SID713A055-11-90-0	0	CosteaPI_2017	55.0	female	IlluminaHiSeq	Gnome	58704191.0	1	204	1	19	0.0
SID713A056-11-0-0	0	CosteaPI_2017	40.0	female	IlluminaHiSeq	Gnome	59964304.0	1	191	1	20	0.0
SID713A056-11-90-0	0	CosteaPI_2017	40.0	female	IlluminaHiSeq	Gnome	69379866.0	1	194	1	21	0.0
SID713A057-11-0-0	0	CosteaPI_2017	57.0	male	IlluminaHiSeq	Gnome	76132179.0	1	151	1	13	0.0
SID713A057-11-90-0	0	CosteaPI_2017	57.0	male	IlluminaHiSeq	Gnome	71286573.0	1	149	1	13	0.0
SID713A058-11-0-0	0	CosteaPI_2017	53.0	female	IlluminaHiSeq	Gnome	61022620.0	1	143	1	16	0.0
SID713A058-11-90-0	0	CosteaPI_2017	53.0	female	IlluminaHiSeq	Gnome	73347232.0	1	148	1	13	0.0
SID713A062-11-0-0	0	CosteaPI_2017	51.0	female	IlluminaHiSeq	Gnome	57494102.0	1	168	1	19	0.0
SID713A062-11-90-0	0	CosteaPI_2017	51.0	female	IlluminaHiSeq	Gnome	65692216.0	1	116	1	12	0.0
SID713A066-11-0-0	0	CosteaPI_2017	41.0	female	IlluminaHiSeq	Gnome	74614648.0	1	137	1	14	0.0
SID713A066-11-90-0	0	CosteaPI_2017	41.0	female	IlluminaHiSeq	Gnome	76825217.0	1	119	1	12	0.0
SID713A068-11-0-0	0	CosteaPI_2017	64.0	male	IlluminaHiSeq	Gnome	66840332.0	1	45	1	2	0.0
SID713A068-11-90-0	0	CosteaPI_2017	64.0	male	IlluminaHiSeq	Gnome	62726216.0	1	35	1	4	0.0
SID713A073-11-0-0	0	CosteaPI_2017	47.0	male	IlluminaHiSeq	Gnome	63945386.0	1	104	1	10	0.0
SID713A073-11-90-0	0	CosteaPI_2017	47.0	male	IlluminaHiSeq	Gnome	54547906.0	1	100	1	13	0.0
SID713A074-11-0-0	0	CosteaPI_2017	50.0	female	IlluminaHiSeq	Gnome	66344417.0	1	194	1	21	0.0
SID713A074-11-90-0	0	CosteaPI_2017	50.0	female	IlluminaHiSeq	Gnome	78164085.0	1	189	1	18	0.0
SID713A076-11-0-0	0	CosteaPI_2017	70.0	male	IlluminaHiSeq	Gnome	62124989.0	1	193	1	19	0.0
SID713A076-11-90-0	0	CosteaPI_2017	70.0	male	IlluminaHiSeq	Gnome	56748810.0	1	213	1	21	0.0
SID713A077-11-0-0	0	CosteaPI_2017	54.0	male	IlluminaHiSeq	Gnome	67572924.0	1	97	1	16	0.0
SID713A077-11-90-0	0	CosteaPI_2017	54.0	male	IlluminaHiSeq	Gnome	56540523.0	1	42	1	5	0.0
SID713A078-11-0-0	0	CosteaPI_2017	66.0	female	IlluminaHiSeq	Gnome	61391791.0	1	168	1	20	0.0
SID713A078-11-90-0	0	CosteaPI_2017	66.0	female	IlluminaHiSeq	Gnome	36984256.0	1	189	1	19	0.0
SID713A081-11-0-0	0	CosteaPI_2017	73.0	female	IlluminaHiSeq	Gnome	70069516.0	1	168	1	15	0.0
SID713A081-11-90-0	0	CosteaPI_2017	73.0	female	IlluminaHiSeq	Gnome	73827222.0	1	170	1	14	0.0
SID713A084-11-0-0	0	CosteaPI_2017	75.0	male	IlluminaHiSeq	Gnome	57453695.0	1	174	1	25	0.0
SID713A084-11-90-0	0	CosteaPI_2017	75.0	male	IlluminaHiSeq	Gnome	83798310.0	1	177	1	24	0.0
SID713A087-11-0-0	0	CosteaPI_2017	40.0	female	IlluminaHiSeq	Gnome	58387979.0	1	212	1	24	0.0
SID713A087-11-90-0	0	CosteaPI_2017	40.0	female	IlluminaHiSeq	Gnome	73137079.0	1	225	1	25	0.0
SID713A088-11-0-0	0	CosteaPI_2017	47.0	male	IlluminaHiSeq	Gnome	52698876.0	1	110	1	10	0.0
SID713A088-11-90-0	0	CosteaPI_2017	47.0	male	IlluminaHiSeq	Gnome	65305815.0	1	88	1	8	0.0
SID713A089-11-0-0	0	CosteaPI_2017	42.0	female	IlluminaHiSeq	Gnome	56206151.0	1	155	1	11	0.0
SID713A089-11-90-0	0	CosteaPI_2017	42.0	female	IlluminaHiSeq	Gnome	62671029.0	1	138	1	10	0.0
SID713B002-11-0-0	0	CosteaPI_2017	59.0	female	IlluminaHiSeq	Gnome	48986572.0	1	163	1	11	0.0
SID713B002-11-90-0	0	CosteaPI_2017	59.0	female	IlluminaHiSeq	Gnome	79700265.0	1	158	1	16	0.0
SID713B003-11-0-0	0	CosteaPI_2017	55.0	female	IlluminaHiSeq	Gnome	70012922.0	1	101	1	16	0.0
SID713B003-11-90-0	0	CosteaPI_2017	55.0	female	IlluminaHiSeq	Gnome	83531145.0	1	116	1	16	0.0
SID713B004-11-0-0	0	CosteaPI_2017	42.0	female	IlluminaHiSeq	Gnome	70363770.0	1	115	1	16	0.0
SID713B004-11-90-0	0	CosteaPI_2017	42.0	female	IlluminaHiSeq	Gnome	69079705.0	1	132	1	13	0.0
SID713B005-11-0-0	0	CosteaPI_2017	49.0	female	IlluminaHiSeq	Gnome	68097146.0	1	161	1	16	0.0
SID713B005-11-90-0	0	CosteaPI_2017	49.0	female	IlluminaHiSeq	Gnome	71478566.0	1	203	1	22	0.0
SID713B007-11-0-0	0	CosteaPI_2017	44.0	female	IlluminaHiSeq	Gnome	76553274.0	1	158	1	13	0.0
SID713B007-11-90-0	0	CosteaPI_2017	44.0	female	IlluminaHiSeq	Gnome	76540447.0	1	132	1	12	0.0
SID713B012-11-0-0	0	CosteaPI_2017	58.0	female	IlluminaHiSeq	Gnome	82685962.0	1	171	1	17	0.0
SID713B012-11-90-0	0	CosteaPI_2017	58.0	female	IlluminaHiSeq	Gnome	84418431.0	0	124	0	11	0.0
SID713B014-11-0-0	0	CosteaPI_2017	45.0	female	IlluminaHiSeq	Gnome	74499265.0	1	232	1	26	0.0
SID713B014-11-90-0	0	CosteaPI_2017	45.0	female	IlluminaHiSeq	Gnome	61405852.0	1	216	1	24	0.0
SID713B015-11-0-0	0	CosteaPI_2017	51.0	female	IlluminaHiSeq	Gnome	40890056.0	0	117	0	8	0.0
SID713B015-11-90-0	0	CosteaPI_2017	51.0	female	IlluminaHiSeq	Gnome	70234810.0	1	114	1	14	0.0
SID713B016-11-0-0	0	CosteaPI_2017	42.0	female	IlluminaHiSeq	Gnome	72335333.0	1	116	1	14	0.0
SID713B016-11-90-0	0	CosteaPI_2017	42.0	female	IlluminaHiSeq	Gnome	92320487.0	1	142	1	19	0.0
SID713B020-11-0-0	0	CosteaPI_2017	55.0	female	IlluminaHiSeq	Gnome	68317431.0	1	112	1	9	0.0
SID713B020-11-90-0	0	CosteaPI_2017	55.0	female	IlluminaHiSeq	Gnome	80615372.0	1	118	1	13	0.0
SID713B025-11-0-0	0	CosteaPI_2017	37.0	female	IlluminaHiSeq	Gnome	64683112.0	1	43	1	7	0.0
SID713B025-11-90-0	0	CosteaPI_2017	37.0	female	IlluminaHiSeq	Gnome	67879847.0	1	58	1	7	0.0
SID713B029-11-0-0	0	CosteaPI_2017	50.0	male	IlluminaHiSeq	Gnome	63616875.0	1	54	1	3	0.0
SID713B029-11-90-0	0	CosteaPI_2017	50.0	male	IlluminaHiSeq	Gnome	54324403.0	1	52	1	5	0.0
SID713B030-11-0-0	0	CosteaPI_2017	33.0	female	IlluminaHiSeq	Gnome	41500942.0	1	144	1	20	0.0
SID713B030-11-90-0	0	CosteaPI_2017	33.0	female	IlluminaHiSeq	Gnome	43091128.0	0	107	0	15	0.0
SID713B032-11-0-0	0	CosteaPI_2017	40.0	female	IlluminaHiSeq	Gnome	90750031.0	1	139	1	16	0.0
SID713B032-11-90-0	0	CosteaPI_2017	40.0	female	IlluminaHiSeq	Gnome	95880365.0	1	157	1	17	0.0
SID713B033-11-0-0	0	CosteaPI_2017	53.0	female	IlluminaHiSeq	Gnome	87493022.0	1	166	1	15	0.0
SID713B033-11-90-0	0	CosteaPI_2017	53.0	female	IlluminaHiSeq	Gnome	61412230.0	1	110	1	9	0.0
SID713B035-11-0-0	0	CosteaPI_2017	45.0	male	IlluminaHiSeq	Gnome	80585582.0	1	100	1	10	0.0
SID713B035-11-90-0	0	CosteaPI_2017	45.0	male	IlluminaHiSeq	Gnome	74049678.0	1	123	1	13	0.0
SID713B037-11-0-0	0	CosteaPI_2017	55.0	female	IlluminaHiSeq	Gnome	79419677.0	1	111	1	9	0.0
SID713B037-11-90-0	0	CosteaPI_2017	55.0	female	IlluminaHiSeq	Gnome	62020549.0	1	166	1	11	0.0
SID713B040-11-0-0	0	CosteaPI_2017	40.0	male	IlluminaHiSeq	Gnome	59003361.0	1	223	1	28	0.0
SID713B040-11-90-0	0	CosteaPI_2017	40.0	male	IlluminaHiSeq	Gnome	84968259.0	1	226	1	27	0.0
SID713B041-11-0-0	0	CosteaPI_2017	54.0	female	IlluminaHiSeq	Gnome	73882231.0	1	179	1	22	0.0
SID713B041-11-90-0	0	CosteaPI_2017	54.0	female	IlluminaHiSeq	Gnome	50966269.0	1	108	1	11	0.0
SID713B042-11-0-0	0	CosteaPI_2017	63.0	male	IlluminaHiSeq	Gnome	66455843.0	1	181	1	17	0.0
SID713B042-11-90-0	0	CosteaPI_2017	63.0	male	IlluminaHiSeq	Gnome	61481756.0	1	175	1	17	0.0
SID713B043-11-0-0	0	CosteaPI_2017	63.0	female	IlluminaHiSeq	Gnome	66967457.0	1	129	1	18	0.0
SID713B043-11-90-0	0	CosteaPI_2017	63.0	female	IlluminaHiSeq	Gnome	61871670.0	1	147	1	16	0.0
SID713B044-11-0-0	0	CosteaPI_2017	33.0	female	IlluminaHiSeq	Gnome	61886309.0	1	228	1	24	0.0
SID713B044-11-90-0	0	CosteaPI_2017	33.0	female	IlluminaHiSeq	Gnome	82231848.0	1	225	1	23	0.0
SID713B046-11-0-0	0	CosteaPI_2017	58.0	female	IlluminaHiSeq	Gnome	62926578.0	1	263	1	27	0.0
SID713B046-11-90-0	0	CosteaPI_2017	58.0	female	IlluminaHiSeq	Gnome	58183184.0	1	190	1	17	0.0
SID713B049-11-0-0	0	CosteaPI_2017	58.0	male	IlluminaHiSeq	Gnome	58587412.0	1	135	1	18	0.0
SID713B049-11-90-0	0	CosteaPI_2017	58.0	male	IlluminaHiSeq	Gnome	58176509.0	1	130	1	19	0.0
SID713B051-11-0-0	0	CosteaPI_2017	55.0	female	IlluminaHiSeq	Gnome	70986845.0	1	198	1	20	0.0
SID713B051-11-90-0	0	CosteaPI_2017	55.0	female	IlluminaHiSeq	Gnome	65060708.0	1	188	1	22	0.0
SID713B052-11-0-0	0	CosteaPI_2017	43.0	female	IlluminaHiSeq	Gnome	57441464.0	1	125	1	12	0.0
SID713B052-11-90-0	0	CosteaPI_2017	43.0	female	IlluminaHiSeq	Gnome	77505683.0	1	97	1	11	0.0
SID713B053-11-0-0	0	CosteaPI_2017	34.0	female	IlluminaHiSeq	Gnome	58477398.0	1	64	1	9	0.0
SID713B053-11-90-0	0	CosteaPI_2017	34.0	female	IlluminaHiSeq	Gnome	75484817.0	1	122	1	14	0.0
SID713B055-11-0-0	0	CosteaPI_2017	70.0	male	IlluminaHiSeq	Gnome	87417525.0	1	157	1	17	0.0
SID713B055-11-90-0	0	CosteaPI_2017	70.0	male	IlluminaHiSeq	Gnome	49489305.0	1	152	1	18	0.0
SID713B056-11-0-0	0	CosteaPI_2017	67.0	female	IlluminaHiSeq	Gnome	55538932.0	1	157	1	15	0.0
SID713B056-11-90-0	0	CosteaPI_2017	67.0	female	IlluminaHiSeq	Gnome	30730780.0	1	190	1	21	0.0
SID713B057-11-0-0	0	CosteaPI_2017	55.0	female	IlluminaHiSeq	Gnome	56615113.0	1	121	1	13	0.0
SID713B057-11-90-0	0	CosteaPI_2017	55.0	female	IlluminaHiSeq	Gnome	31800396.0	1	110	1	14	0.0
SID713B058-11-0-0	0	CosteaPI_2017	71.0	male	IlluminaHiSeq	Gnome	72389919.0	1	170	1	19	0.0
SID713B058-11-90-0	0	CosteaPI_2017	71.0	male	IlluminaHiSeq	Gnome	69984466.0	1	184	1	20	0.0
SID713B061-11-0-0	0	CosteaPI_2017	37.0	male	IlluminaHiSeq	Gnome	62631642.0	1	152	1	17	0.0
SID713B061-11-90-0	0	CosteaPI_2017	37.0	male	IlluminaHiSeq	Gnome	69247831.0	1	160	1	20	0.0
SID713B063-11-0-0	0	CosteaPI_2017	50.0	female	IlluminaHiSeq	Gnome	58426748.0	1	213	1	21	0.0
SID713B063-11-90-0	0	CosteaPI_2017	50.0	female	IlluminaHiSeq	Gnome	67562973.0	1	203	1	25	0.0
SID713B064-11-0-0	0	CosteaPI_2017	45.0	female	IlluminaHiSeq	Gnome	75981024.0	1	98	1	10	0.0
SID713B064-11-90-0	0	CosteaPI_2017	45.0	female	IlluminaHiSeq	Gnome	53225016.0	0	93	0	10	0.0
SID713B065-11-0-0	0	CosteaPI_2017	66.0	male	IlluminaHiSeq	Gnome	53394613.0	1	109	1	9	0.0
SID713B065-11-90-0	0	CosteaPI_2017	66.0	male	IlluminaHiSeq	Gnome	38063013.0	1	133	1	11	0.0
SID713B066-11-0-0	0	CosteaPI_2017	68.0	male	IlluminaHiSeq	Gnome	68087313.0	1	194	1	19	0.0
SID713B066-11-90-0	0	CosteaPI_2017	68.0	male	IlluminaHiSeq	Gnome	58828317.0	1	217	1	20	0.0
SID713B069-11-0-0	0	CosteaPI_2017	49.0	male	IlluminaHiSeq	Gnome	71304139.0	1	134	1	13	0.0
SID713B069-11-90-0	0	CosteaPI_2017	49.0	male	IlluminaHiSeq	Gnome	55460789.0	1	143	1	14	0.0
SID713B072-11-0-0	0	CosteaPI_2017	65.0	female	IlluminaHiSeq	Gnome	81210128.0	1	248	1	17	0.0
SID713B072-11-90-0	0	CosteaPI_2017	65.0	female	IlluminaHiSeq	Gnome	62523476.0	0	229	0	19	0.0
SID713B073-11-0-0	0	CosteaPI_2017	35.0	male	IlluminaHiSeq	Gnome	61880572.0	1	72	1	7	0.0
SID713B073-11-90-0	0	CosteaPI_2017	35.0	male	IlluminaHiSeq	Gnome	72312642.0	1	72	1	5	0.0
SID713B074-11-0-0	0	CosteaPI_2017	71.0	female	IlluminaHiSeq	Gnome	64174469.0	1	117	1	15	0.0
SID713B074-11-90-0	0	CosteaPI_2017	71.0	female	IlluminaHiSeq	Gnome	56335787.0	1	110	1	16	0.0
SID713B076-11-0-0	0	CosteaPI_2017	36.0	female	IlluminaHiSeq	Gnome	57257323.0	1	136	1	13	0.0
SID713B076-11-90-0	0	CosteaPI_2017	36.0	female	IlluminaHiSeq	Gnome	82419811.0	1	130	1	15	0.0
S153_a_WGS	0	IjazUZ_2017	40.0	female	IlluminaHiSeq	unknown	5519747.0	0	52	0	5	0.0
S18_a_WGS	0	IjazUZ_2017	40.0	male	IlluminaHiSeq	unknown	2716070.0	0	55	0	6	0.0
S26_a_WGS	0	IjazUZ_2017	37.0	female	IlluminaHiSeq	unknown	1477688.0	1	49	1	5	0.0
S43_a_WGS	0	IjazUZ_2017	39.0	female	IlluminaHiSeq	unknown	4338764.0	1	51	1	5	0.0
S50_a_WGS	0	IjazUZ_2017	36.0	female	IlluminaHiSeq	unknown	3034746.0	0	32	0	5	0.0
S67_a_WGS	0	IjazUZ_2017	43.0	male	IlluminaHiSeq	unknown	3531316.0	1	68	1	7	0.0
S6_a_WGS	0	IjazUZ_2017	45.0	female	IlluminaHiSeq	unknown	10443417.0	0	49	1	5	0.0
S72_a_WGS	0	IjazUZ_2017	45.0	male	IlluminaHiSeq	unknown	4285750.0	0	43	0	4	0.0
S79_a_WGS	0	IjazUZ_2017	51.0	male	IlluminaHiSeq	unknown	5393460.0	0	76	0	7	0.0
S84_a_WGS	0	IjazUZ_2017	42.0	female	IlluminaHiSeq	unknown	882620.0	0	27	0	5	0.0
S87_a_WGS	0	IjazUZ_2017	45.0	male	IlluminaHiSeq	unknown	3999646.0	1	54	1	4	0.0
MMRS11288076ST-27-0-0	0	VogtmannE_2016	65.0	male	IlluminaHiSeq	Gnome	67924141.0	1	97	1	10	0.0
MMRS11932626ST-27-0-0	0	VogtmannE_2016	65.0	male	IlluminaHiSeq	Gnome	44412536.0	1	133	1	15	0.0
MMRS17603756ST-27-0-0	0	VogtmannE_2016	63.0	female	IlluminaHiSeq	Gnome	73088108.0	0	37	0	5	0.0
MMRS17963147ST-27-0-0	0	VogtmannE_2016	69.0	male	IlluminaHiSeq	Gnome	67350332.0	0	46	0	6	0.0
MMRS20257302ST-27-0-0	0	VogtmannE_2016	62.0	female	IlluminaHiSeq	Gnome	54403239.0	1	168	1	18	0.0
MMRS21365932ST-27-0-0	0	VogtmannE_2016	56.0	male	IlluminaHiSeq	Gnome	72103979.0	0	91	0	10	0.0
MMRS25211151ST-27-0-0	0	VogtmannE_2016	60.0	female	IlluminaHiSeq	Gnome	63464027.0	1	63	1	9	0.0
MMRS29805707ST-27-0-0	0	VogtmannE_2016	49.0	male	IlluminaHiSeq	Gnome	71948103.0	1	88	1	8	0.0
MMRS32573774ST-27-0-0	0	VogtmannE_2016	82.0	male	IlluminaHiSeq	Gnome	73643733.0	1	130	1	14	0.0
MMRS33294861ST-27-0-0	0	VogtmannE_2016	48.0	male	IlluminaHiSeq	Gnome	61747617.0	1	137	1	11	0.0
MMRS34569532ST-27-0-0	0	VogtmannE_2016	72.0	male	IlluminaHiSeq	Gnome	63114287.0	1	157	1	17	0.0
MMRS35808664ST-27-0-0	0	VogtmannE_2016	63.0	male	IlluminaHiSeq	Gnome	80491711.0	1	118	1	13	0.0
MMRS36405092ST-27-0-0	0	VogtmannE_2016	48.0	male	IlluminaHiSeq	Gnome	55086587.0	1	52	1	6	0.0
MMRS38861560ST-27-0-0	0	VogtmannE_2016	76.0	female	IlluminaHiSeq	Gnome	74602745.0	1	99	1	10	0.0
MMRS38954404ST-27-0-0	0	VogtmannE_2016	55.0	female	IlluminaHiSeq	Gnome	76618106.0	1	98	1	11	0.0
MMRS39415781ST-27-0-0	0	VogtmannE_2016	70.0	female	IlluminaHiSeq	Gnome	75955648.0	0	45	0	7	0.0
MMRS39582183ST-27-0-0	0	VogtmannE_2016	39.0	male	IlluminaHiSeq	Gnome	60689081.0	0	151	0	20	0.0
MMRS40913371ST-27-0-0	0	VogtmannE_2016	76.0	female	IlluminaHiSeq	Gnome	74921012.0	0	19	0	5	0.0
MMRS51307502ST-27-0-0	0	VogtmannE_2016	45.0	female	IlluminaHiSeq	Gnome	54790854.0	0	137	0	15	0.0
MMRS51737257ST-27-0-0	0	VogtmannE_2016	63.0	male	IlluminaHiSeq	Gnome	91314946.0	1	98	1	11	0.0
MMRS54246132ST-27-0-0	0	VogtmannE_2016	63.0	male	IlluminaHiSeq	Gnome	73146538.0	1	127	1	12	0.0
MMRS56137463ST-27-0-0	0	VogtmannE_2016	51.0	male	IlluminaHiSeq	Gnome	74022262.0	1	46	1	5	0.0
MMRS57276462ST-27-0-0	0	VogtmannE_2016	67.0	male	IlluminaHiSeq	Gnome	67962913.0	1	178	1	16	0.0
MMRS57569834ST-27-0-0	0	VogtmannE_2016	58.0	male	IlluminaHiSeq	Gnome	64453684.0	0	20	0	3	0.0
MMRS61683006ST-27-0-0	0	VogtmannE_2016	62.0	female	IlluminaHiSeq	Gnome	103681940.0	0	55	0	6	0.0
MMRS62192467ST-27-0-0	0	VogtmannE_2016	70.0	female	IlluminaHiSeq	Gnome	65000414.0	1	9	1	2	0.0
MMRS62666492ST-27-0-0	0	VogtmannE_2016	60.0	male	IlluminaHiSeq	Gnome	53874212.0	1	138	1	14	0.0
MMRS64281551ST-27-0-0	0	VogtmannE_2016	63.0	female	IlluminaHiSeq	Gnome	63172677.0	1	96	1	8	0.0
MMRS65742083ST-27-0-0	0	VogtmannE_2016	63.0	male	IlluminaHiSeq	Gnome	74418717.0	0	201	0	21	0.0
MMRS65862658ST-27-0-0	0	VogtmannE_2016	72.0	male	IlluminaHiSeq	Gnome	70153826.0	1	108	1	10	0.0
MMRS66868025ST-27-0-0	0	VogtmannE_2016	58.0	male	IlluminaHiSeq	Gnome	62429661.0	1	110	1	10	0.0
MMRS67096717ST-27-0-0	0	VogtmannE_2016	79.0	male	IlluminaHiSeq	Gnome	46356517.0	1	102	1	12	0.0
MMRS68630931ST-27-0-0	0	VogtmannE_2016	59.0	male	IlluminaHiSeq	Gnome	65907709.0	1	72	1	8	0.0
MMRS73787048ST-27-0-0	0	VogtmannE_2016	47.0	male	IlluminaHiSeq	Gnome	75215034.0	1	88	1	9	0.0
MMRS79893829ST-27-0-0	0	VogtmannE_2016	66.0	male	IlluminaHiSeq	Gnome	50521344.0	1	74	1	10	0.0
MMRS81130264ST-27-0-0	0	VogtmannE_2016	64.0	male	IlluminaHiSeq	Gnome	69352349.0	1	41	1	5	0.0
MMRS81135225ST-27-0-0	0	VogtmannE_2016	57.0	male	IlluminaHiSeq	Gnome	76074265.0	0	95	0	15	0.0
MMRS84085284ST-27-0-0	0	VogtmannE_2016	68.0	male	IlluminaHiSeq	Gnome	66511048.0	1	38	1	6	0.0
MMRS84159866ST-27-0-0	0	VogtmannE_2016	67.0	female	IlluminaHiSeq	Gnome	70787136.0	0	152	0	15	0.0
MMRS85438660ST-27-0-0	0	VogtmannE_2016	68.0	male	IlluminaHiSeq	Gnome	69808730.0	0	2	0	1	0.0
MMRS85548821ST-27-0-0	0	VogtmannE_2016	71.0	male	IlluminaHiSeq	Gnome	63845256.0	0	58	0	12	0.0
MMRS86168210ST-27-0-0	0	VogtmannE_2016	79.0	male	IlluminaHiSeq	Gnome	53381849.0	1	193	1	15	0.0
MMRS87723283ST-27-0-0	0	VogtmannE_2016	42.0	male	IlluminaHiSeq	Gnome	76214251.0	0	46	0	9	0.0
MMRS88581325ST-27-0-0	0	VogtmannE_2016	73.0	female	IlluminaHiSeq	Gnome	63842935.0	1	103	1	15	0.0
MMRS91297590ST-27-0-0	0	VogtmannE_2016	36.0	male	IlluminaHiSeq	Gnome	53750027.0	1	39	1	5	0.0
MMRS92546335ST-27-0-0	0	VogtmannE_2016	42.0	female	IlluminaHiSeq	Gnome	46608524.0	1	47	1	6	0.0
MMRS93621581ST-27-0-0	0	VogtmannE_2016	60.0	male	IlluminaHiSeq	Gnome	84120338.0	1	102	1	13	0.0
MMRS94549160ST-27-0-0	0	VogtmannE_2016	76.0	male	IlluminaHiSeq	Gnome	70772737.0	1	178	1	18	0.0
MMRS95277876ST-27-0-0	0	VogtmannE_2016	48.0	male	IlluminaHiSeq	Gnome	40050229.0	1	156	1	19	0.0
MMRS95479054ST-27-0-0	0	VogtmannE_2016	45.0	male	IlluminaHiSeq	Gnome	71670402.0	0	127	0	17	0.0
MMRS95674036ST-27-0-0	0	VogtmannE_2016	68.0	female	IlluminaHiSeq	Gnome	45900502.0	0	13	0	1	0.0
MMRS97307143ST-27-0-0	0	VogtmannE_2016	56.0	male	IlluminaHiSeq	Gnome	63476444.0	0	96	0	8	0.0
SID5420-2	0	HansenLBS_2018	45.0	male	IlluminaHiSeq	unknown	20433170.0	1	58	1	8	0.0
SID5420-1	0	HansenLBS_2018	45.0	male	IlluminaHiSeq	unknown	61024948.0	1	71	1	7	0.0
SID5419-1	0	HansenLBS_2018	38.0	male	IlluminaHiSeq	unknown	62157630.0	1	103	1	12	0.0
SID5418-1	0	HansenLBS_2018	45.0	male	IlluminaHiSeq	unknown	49298346.0	1	47	1	2	0.0
SID5452-1	0	HansenLBS_2018	62.0	male	IlluminaHiSeq	unknown	55595452.0	0	35	0	9	0.0
SID5426-1	0	HansenLBS_2018	26.0	female	IlluminaHiSeq	unknown	71785732.0	1	101	1	13	0.0
SID5420-3	0	HansenLBS_2018	45.0	male	IlluminaHiSeq	unknown	17403804.0	1	58	1	6	0.0
SID5465-1	0	HansenLBS_2018	34.0	female	IlluminaHiSeq	unknown	73252946.0	1	58	1	8	0.0
SID5459-1	0	HansenLBS_2018	56.0	male	IlluminaHiSeq	unknown	60549832.0	0	218	0	23	0.0
SID5429-4	0	HansenLBS_2018	51.0	female	IlluminaHiSeq	unknown	68069810.0	1	127	1	14	0.0
SID5429-3	0	HansenLBS_2018	51.0	female	IlluminaHiSeq	unknown	79579230.0	1	127	1	14	0.0
SID5428-2	0	HansenLBS_2018	53.0	female	IlluminaHiSeq	unknown	53793538.0	1	132	1	14	0.0
SID5428-1	0	HansenLBS_2018	53.0	female	IlluminaHiSeq	unknown	75961892.0	1	152	1	14	0.0
SID5427-4	0	HansenLBS_2018	49.0	male	IlluminaHiSeq	unknown	43403878.0	1	70	1	7	0.0
SID5427-3	0	HansenLBS_2018	49.0	male	IlluminaHiSeq	unknown	45956008.0	1	71	1	7	0.0
SID5429-2	0	HansenLBS_2018	51.0	female	IlluminaHiSeq	unknown	77886700.0	1	131	1	13	0.0
SID5429-1	0	HansenLBS_2018	51.0	female	IlluminaHiSeq	unknown	111915876.0	1	133	1	14	0.0
SID5428-4	0	HansenLBS_2018	53.0	female	IlluminaHiSeq	unknown	56942692.0	1	150	1	12	0.0
SID5428-3	0	HansenLBS_2018	53.0	female	IlluminaHiSeq	unknown	48639704.0	1	149	1	14	0.0
SID5444-2	0	HansenLBS_2018	27.0	male	IlluminaHiSeq	unknown	62940620.0	1	53	1	8	0.0
SID5458-3	0	HansenLBS_2018	64.0	female	IlluminaHiSeq	unknown	68260600.0	1	129	1	13	0.0
SID5458-4	0	HansenLBS_2018	64.0	female	IlluminaHiSeq	unknown	122121708.0	1	75	1	11	0.0
SID5458-1	0	HansenLBS_2018	64.0	female	IlluminaHiSeq	unknown	76904090.0	0	127	0	13	0.0
SID5458-2	0	HansenLBS_2018	64.0	female	IlluminaHiSeq	unknown	135428466.0	1	134	1	13	0.0
SID5460-3	0	HansenLBS_2018	55.0	female	IlluminaHiSeq	unknown	141031056.0	1	112	1	10	0.0
SID5460-4	0	HansenLBS_2018	55.0	female	IlluminaHiSeq	unknown	146151296.0	1	115	1	10	0.0
SID5460-1	0	HansenLBS_2018	55.0	female	IlluminaHiSeq	unknown	147405836.0	1	116	1	11	0.0
SID5460-2	0	HansenLBS_2018	55.0	female	IlluminaHiSeq	unknown	112220940.0	1	108	1	11	0.0
SID5461-1	0	HansenLBS_2018	52.0	female	IlluminaHiSeq	unknown	90870838.0	1	107	1	11	0.0
SID5461-2	0	HansenLBS_2018	52.0	female	IlluminaHiSeq	unknown	139638930.0	0	107	0	10	0.0
SID5467-1	0	HansenLBS_2018	63.0	female	IlluminaHiSeq	unknown	55720456.0	1	26	1	4	0.0
SID5467-2	0	HansenLBS_2018	63.0	female	IlluminaHiSeq	unknown	56875950.0	1	20	1	4	0.0
SID5467-3	0	HansenLBS_2018	63.0	female	IlluminaHiSeq	unknown	1415926.0	0	1	0	0	0.0
SID5467-4	0	HansenLBS_2018	63.0	female	IlluminaHiSeq	unknown	60846814.0	1	27	1	4	0.0
SID5411-1	0	HansenLBS_2018	59.0	male	IlluminaHiSeq	unknown	37138442.0	1	126	1	16	0.0
SID5411-2	0	HansenLBS_2018	59.0	male	IlluminaHiSeq	unknown	104623436.0	1	139	1	15	0.0
SID5466-3	0	HansenLBS_2018	61.0	male	IlluminaHiSeq	unknown	53246556.0	0	183	0	13	0.0
SID5466-4	0	HansenLBS_2018	61.0	male	IlluminaHiSeq	unknown	58640260.0	1	194	1	16	0.0
SID5468-1	0	HansenLBS_2018	54.0	male	IlluminaHiSeq	unknown	55799802.0	1	158	1	15	0.0
SID5468-2	0	HansenLBS_2018	54.0	male	IlluminaHiSeq	unknown	46386194.0	0	151	0	15	0.0
SID5434-1	0	HansenLBS_2018	22.0	female	IlluminaHiSeq	unknown	66613248.0	0	135	0	15	0.0
SID5434-2	0	HansenLBS_2018	22.0	female	IlluminaHiSeq	unknown	54863000.0	0	129	0	14	0.0
SID5434-3	0	HansenLBS_2018	22.0	female	IlluminaHiSeq	unknown	65885718.0	0	114	0	11	0.0
SID5434-4	0	HansenLBS_2018	22.0	female	IlluminaHiSeq	unknown	81340452.0	1	134	1	13	0.0
SID5433-1	0	HansenLBS_2018	60.0	female	IlluminaHiSeq	unknown	82012814.0	1	36	1	4	0.0
SID5433-2	0	HansenLBS_2018	60.0	female	IlluminaHiSeq	unknown	91058048.0	1	37	1	3	0.0
SID5433-3	0	HansenLBS_2018	60.0	female	IlluminaHiSeq	unknown	79501570.0	1	44	1	3	0.0
SID5433-4	0	HansenLBS_2018	60.0	female	IlluminaHiSeq	unknown	58339590.0	1	33	1	2	0.0
SID5435-1	0	HansenLBS_2018	65.0	male	IlluminaHiSeq	unknown	73350972.0	1	68	1	12	0.0
SID5435-2	0	HansenLBS_2018	65.0	male	IlluminaHiSeq	unknown	19869176.0	0	59	0	10	0.0
SID5442-4	0	HansenLBS_2018	54.0	female	IlluminaHiSeq	unknown	50956832.0	1	121	1	13	0.0
SID5454-4	0	HansenLBS_2018	54.0	female	IlluminaHiSeq	unknown	87655830.0	1	49	1	5	0.0
SID5454-3	0	HansenLBS_2018	54.0	female	IlluminaHiSeq	unknown	82567190.0	1	49	1	6	0.0
SID5455-2	0	HansenLBS_2018	52.0	female	IlluminaHiSeq	unknown	68427690.0	0	114	0	12	0.0
SID5455-1	0	HansenLBS_2018	52.0	female	IlluminaHiSeq	unknown	116652534.0	1	119	1	13	0.0
SID5455-4	0	HansenLBS_2018	52.0	female	IlluminaHiSeq	unknown	76233262.0	1	121	1	10	0.0
SID5455-3	0	HansenLBS_2018	52.0	female	IlluminaHiSeq	unknown	103401366.0	1	120	1	11	0.0
SID5457-2	0	HansenLBS_2018	30.0	female	IlluminaHiSeq	unknown	117906292.0	0	144	0	14	0.0
SID5457-1	0	HansenLBS_2018	30.0	female	IlluminaHiSeq	unknown	89565918.0	1	133	1	14	0.0
SID5457-4	0	HansenLBS_2018	30.0	female	IlluminaHiSeq	unknown	140955558.0	1	134	1	12	0.0
SID5457-3	0	HansenLBS_2018	30.0	female	IlluminaHiSeq	unknown	99629514.0	1	138	1	15	0.0
SID5443-3	0	HansenLBS_2018	42.0	male	IlluminaHiSeq	unknown	65030748.0	0	199	0	20	0.0
SID5462-2	0	HansenLBS_2018	38.0	female	IlluminaHiSeq	unknown	109600658.0	1	198	1	20	0.0
SID5462-1	0	HansenLBS_2018	38.0	female	IlluminaHiSeq	unknown	70858704.0	0	192	0	20	0.0
SID5461-4	0	HansenLBS_2018	52.0	female	IlluminaHiSeq	unknown	86047736.0	0	108	0	11	0.0
SID5461-3	0	HansenLBS_2018	52.0	female	IlluminaHiSeq	unknown	80203384.0	1	109	1	12	0.0
SID5463-2	0	HansenLBS_2018	52.0	female	IlluminaHiSeq	unknown	48114298.0	1	135	1	17	0.0
SID5463-1	0	HansenLBS_2018	52.0	female	IlluminaHiSeq	unknown	90508874.0	1	157	1	19	0.0
SID5462-4	0	HansenLBS_2018	38.0	female	IlluminaHiSeq	unknown	117806264.0	1	193	1	19	0.0
SID5462-3	0	HansenLBS_2018	38.0	female	IlluminaHiSeq	unknown	78315592.0	1	187	1	18	0.0
SID5463-4	0	HansenLBS_2018	52.0	female	IlluminaHiSeq	unknown	43181968.0	1	142	1	18	0.0
SID5463-3	0	HansenLBS_2018	52.0	female	IlluminaHiSeq	unknown	39460190.0	1	143	1	17	0.0
SID5435-4	0	HansenLBS_2018	65.0	male	IlluminaHiSeq	unknown	93811182.0	0	74	0	10	0.0
SID5435-3	0	HansenLBS_2018	65.0	male	IlluminaHiSeq	unknown	91833880.0	1	78	1	12	0.0
SID5438-2	0	HansenLBS_2018	46.0	female	IlluminaHiSeq	unknown	67106862.0	1	125	1	12	0.0
SID5438-1	0	HansenLBS_2018	46.0	female	IlluminaHiSeq	unknown	78741976.0	1	124	1	12	0.0
SID5438-4	0	HansenLBS_2018	46.0	female	IlluminaHiSeq	unknown	61214178.0	0	129	0	11	0.0
SID5438-3	0	HansenLBS_2018	46.0	female	IlluminaHiSeq	unknown	96789856.0	1	136	1	11	0.0
SID5439-2	0	HansenLBS_2018	53.0	female	IlluminaHiSeq	unknown	65364884.0	0	89	0	9	0.0
SID5439-1	0	HansenLBS_2018	53.0	female	IlluminaHiSeq	unknown	87930658.0	1	95	1	10	0.0
SID5439-4	0	HansenLBS_2018	53.0	female	IlluminaHiSeq	unknown	45808680.0	0	91	0	8	0.0
SID5439-3	0	HansenLBS_2018	53.0	female	IlluminaHiSeq	unknown	81373326.0	0	83	0	10	0.0
SID5440-3	0	HansenLBS_2018	50.0	male	IlluminaHiSeq	unknown	84646532.0	0	118	0	15	0.0
SID5440-4	0	HansenLBS_2018	50.0	male	IlluminaHiSeq	unknown	75668508.0	1	124	1	14	0.0
SID5440-1	0	HansenLBS_2018	50.0	male	IlluminaHiSeq	unknown	923824.0	0	27	0	4	0.0
SID5440-2	0	HansenLBS_2018	50.0	male	IlluminaHiSeq	unknown	94385312.0	0	109	0	13	0.0
SID5441-3	0	HansenLBS_2018	46.0	female	IlluminaHiSeq	unknown	25203988.0	1	168	1	13	0.0
SID5441-4	0	HansenLBS_2018	46.0	female	IlluminaHiSeq	unknown	76212178.0	1	163	1	15	0.0
SID5441-1	0	HansenLBS_2018	46.0	female	IlluminaHiSeq	unknown	68838030.0	0	174	0	14	0.0
SID5441-2	0	HansenLBS_2018	46.0	female	IlluminaHiSeq	unknown	76320332.0	1	180	1	15	0.0
SID5442-1	0	HansenLBS_2018	54.0	female	IlluminaHiSeq	unknown	46545412.0	1	134	1	18	0.0
SID5442-2	0	HansenLBS_2018	54.0	female	IlluminaHiSeq	unknown	69379418.0	1	135	1	17	0.0
SID5445-3	0	HansenLBS_2018	43.0	male	IlluminaHiSeq	unknown	68369530.0	1	80	1	9	0.0
SID5445-4	0	HansenLBS_2018	43.0	male	IlluminaHiSeq	unknown	75528432.0	1	86	1	9	0.0
SID5446-1	0	HansenLBS_2018	55.0	female	IlluminaHiSeq	unknown	83718280.0	1	53	1	6	0.0
SID5446-2	0	HansenLBS_2018	55.0	female	IlluminaHiSeq	unknown	64203018.0	0	64	0	8	0.0
SID5442-3	0	HansenLBS_2018	54.0	female	IlluminaHiSeq	unknown	65758338.0	1	139	1	16	0.0
SID5446-3	0	HansenLBS_2018	55.0	female	IlluminaHiSeq	unknown	72965642.0	1	62	1	8	0.0
SID5446-4	0	HansenLBS_2018	55.0	female	IlluminaHiSeq	unknown	95752344.0	1	133	1	13	0.0
SID5443-4	0	HansenLBS_2018	42.0	male	IlluminaHiSeq	unknown	66461394.0	0	189	0	17	0.0
SID5477-1	0	HansenLBS_2018	48.0	female	IlluminaHiSeq	unknown	85301892.0	1	164	1	15	0.0
SID5477-2	0	HansenLBS_2018	48.0	female	IlluminaHiSeq	unknown	80264742.0	1	160	1	16	0.0
SID5476-3	0	HansenLBS_2018	23.0	female	IlluminaHiSeq	unknown	93522284.0	1	134	2	20	0.0
SID5476-4	0	HansenLBS_2018	23.0	female	IlluminaHiSeq	unknown	98959424.0	1	128	1	21	0.0
SID5476-1	0	HansenLBS_2018	23.0	female	IlluminaHiSeq	unknown	93877366.0	0	138	0	18	0.0
SID5476-2	0	HansenLBS_2018	23.0	female	IlluminaHiSeq	unknown	83443080.0	1	126	1	18	0.0
SID5474-3	0	HansenLBS_2018	65.0	female	IlluminaHiSeq	unknown	60959596.0	0	169	0	22	0.0
SID5474-4	0	HansenLBS_2018	65.0	female	IlluminaHiSeq	unknown	49286312.0	1	171	1	19	0.0
SID5473-3	0	HansenLBS_2018	48.0	male	IlluminaHiSeq	unknown	67051730.0	1	210	1	23	0.0
SID5473-4	0	HansenLBS_2018	48.0	male	IlluminaHiSeq	unknown	53061522.0	0	194	0	25	0.0
SID5444-4	0	HansenLBS_2018	27.0	male	IlluminaHiSeq	unknown	73374096.0	1	63	1	5	0.0
SID5444-3	0	HansenLBS_2018	27.0	male	IlluminaHiSeq	unknown	71081330.0	1	61	1	5	0.0
SID5480-1	0	HansenLBS_2018	32.0	female	IlluminaHiSeq	unknown	88086934.0	1	21	1	3	0.0
SID5480-2	0	HansenLBS_2018	32.0	female	IlluminaHiSeq	unknown	116800132.0	1	24	1	4	0.0
SID5480-3	0	HansenLBS_2018	32.0	female	IlluminaHiSeq	unknown	90073842.0	1	23	1	2	0.0
SID5480-4	0	HansenLBS_2018	32.0	female	IlluminaHiSeq	unknown	94891280.0	1	30	1	4	0.0
SID5481-1	0	HansenLBS_2018	46.0	male	IlluminaHiSeq	unknown	91828594.0	1	162	1	19	0.0
SID5481-2	0	HansenLBS_2018	46.0	male	IlluminaHiSeq	unknown	94835676.0	1	156	1	19	0.0
SID5481-3	0	HansenLBS_2018	46.0	male	IlluminaHiSeq	unknown	60296704.0	1	135	1	16	0.0
SID5481-4	0	HansenLBS_2018	46.0	male	IlluminaHiSeq	unknown	99118334.0	1	148	1	17	0.0
SID5412-2	0	HansenLBS_2018	50.0	male	IlluminaHiSeq	unknown	63272720.0	1	21	1	4	0.0
SID5444-1	0	HansenLBS_2018	27.0	male	IlluminaHiSeq	unknown	72762624.0	1	57	1	8	0.0
SID5413-3	0	HansenLBS_2018	59.0	male	IlluminaHiSeq	unknown	64317182.0	1	94	1	10	0.0
SID5413-4	0	HansenLBS_2018	59.0	male	IlluminaHiSeq	unknown	41597792.0	1	94	1	9	0.0
SID5414-1	0	HansenLBS_2018	64.0	male	IlluminaHiSeq	unknown	79555112.0	1	100	1	14	0.0
SID5414-2	0	HansenLBS_2018	64.0	male	IlluminaHiSeq	unknown	65919230.0	0	99	0	16	0.0
SID5414-3	0	HansenLBS_2018	64.0	male	IlluminaHiSeq	unknown	60183784.0	0	100	0	15	0.0
SID5414-4	0	HansenLBS_2018	64.0	male	IlluminaHiSeq	unknown	80915840.0	1	108	1	16	0.0
SID5415-1	0	HansenLBS_2018	59.0	male	IlluminaHiSeq	unknown	51197166.0	1	119	1	13	0.0
SID5415-2	0	HansenLBS_2018	59.0	male	IlluminaHiSeq	unknown	52176218.0	0	118	0	13	0.0
SID5415-3	0	HansenLBS_2018	59.0	male	IlluminaHiSeq	unknown	59028002.0	1	113	1	12	0.0
SID5415-4	0	HansenLBS_2018	59.0	male	IlluminaHiSeq	unknown	74602870.0	1	105	1	12	0.0
SID5443-2	0	HansenLBS_2018	42.0	male	IlluminaHiSeq	unknown	76458122.0	0	189	0	20	0.0
SID5448-1	0	HansenLBS_2018	45.0	male	IlluminaHiSeq	unknown	92026088.0	0	53	0	4	0.0
SID5448-2	0	HansenLBS_2018	45.0	male	IlluminaHiSeq	unknown	96135630.0	1	46	1	3	0.0
SID5443-1	0	HansenLBS_2018	42.0	male	IlluminaHiSeq	unknown	29958992.0	1	174	1	20	0.0
SID5473-2	0	HansenLBS_2018	48.0	male	IlluminaHiSeq	unknown	67408888.0	1	212	1	23	0.0
SID5473-1	0	HansenLBS_2018	48.0	male	IlluminaHiSeq	unknown	55717346.0	1	205	1	25	0.0
SID5469-4	0	HansenLBS_2018	64.0	male	IlluminaHiSeq	unknown	52918152.0	1	87	1	10	0.0
SID5469-3	0	HansenLBS_2018	64.0	male	IlluminaHiSeq	unknown	61983062.0	1	103	1	11	0.0
SID5470-4	0	HansenLBS_2018	54.0	male	IlluminaHiSeq	unknown	49978742.0	1	187	1	18	0.0
SID5470-3	0	HansenLBS_2018	54.0	male	IlluminaHiSeq	unknown	59648184.0	0	184	0	21	0.0
SID5468-4	0	HansenLBS_2018	54.0	male	IlluminaHiSeq	unknown	39962762.0	0	152	0	15	0.0
SID5468-3	0	HansenLBS_2018	54.0	male	IlluminaHiSeq	unknown	38030588.0	0	163	0	21	0.0
SID5469-2	0	HansenLBS_2018	64.0	male	IlluminaHiSeq	unknown	89826996.0	1	100	1	11	0.0
SID5469-1	0	HansenLBS_2018	64.0	male	IlluminaHiSeq	unknown	73871224.0	1	108	1	11	0.0
SID5412-1	0	HansenLBS_2018	50.0	male	IlluminaHiSeq	unknown	41744932.0	1	20	1	3	0.0
SID5479-4	0	HansenLBS_2018	65.0	male	IlluminaHiSeq	unknown	85593736.0	1	227	1	27	0.0
SID5479-3	0	HansenLBS_2018	65.0	male	IlluminaHiSeq	unknown	107110298.0	0	208	0	24	0.0
SID5479-2	0	HansenLBS_2018	65.0	male	IlluminaHiSeq	unknown	106512712.0	1	220	1	24	0.0
SID5479-1	0	HansenLBS_2018	65.0	male	IlluminaHiSeq	unknown	103604994.0	1	224	1	23	0.0
SID5478-4	0	HansenLBS_2018	27.0	female	IlluminaHiSeq	unknown	83985062.0	1	87	1	9	0.0
SID5478-3	0	HansenLBS_2018	27.0	female	IlluminaHiSeq	unknown	91084270.0	1	84	1	9	0.0
SID5478-2	0	HansenLBS_2018	27.0	female	IlluminaHiSeq	unknown	104713226.0	1	80	1	8	0.0
SID5478-1	0	HansenLBS_2018	27.0	female	IlluminaHiSeq	unknown	83935094.0	1	79	1	7	0.0
SID5477-4	0	HansenLBS_2018	48.0	female	IlluminaHiSeq	unknown	83013374.0	0	227	0	27	0.0
SID5477-3	0	HansenLBS_2018	48.0	female	IlluminaHiSeq	unknown	85631238.0	1	158	1	18	0.0
SID5412-3	0	HansenLBS_2018	50.0	male	IlluminaHiSeq	unknown	60479452.0	1	24	1	4	0.0
SID5421-4	0	HansenLBS_2018	51.0	male	IlluminaHiSeq	unknown	39867648.0	1	109	1	16	0.0
SID5421-3	0	HansenLBS_2018	51.0	male	IlluminaHiSeq	unknown	70672238.0	1	96	1	15	0.0
SID5412-4	0	HansenLBS_2018	50.0	male	IlluminaHiSeq	unknown	37110320.0	1	33	1	5	0.0
SID5417-4	0	HansenLBS_2018	46.0	female	IlluminaHiSeq	unknown	52830800.0	0	11	0	1	0.0
SID5417-3	0	HansenLBS_2018	46.0	female	IlluminaHiSeq	unknown	140742654.0	0	41	0	4	0.0
SID5421-2	0	HansenLBS_2018	51.0	male	IlluminaHiSeq	unknown	64699304.0	0	86	0	12	0.0
SID5421-1	0	HansenLBS_2018	51.0	male	IlluminaHiSeq	unknown	47057980.0	0	86	0	13	0.0
SID5466-1	0	HansenLBS_2018	61.0	male	IlluminaHiSeq	unknown	54233644.0	0	198	0	16	0.0
SID5416-1	0	HansenLBS_2018	40.0	male	IlluminaHiSeq	unknown	136480918.0	1	116	1	14	0.0
SID5417-2	0	HansenLBS_2018	46.0	female	IlluminaHiSeq	unknown	51465960.0	0	34	0	4	0.0
SID5417-1	0	HansenLBS_2018	46.0	female	IlluminaHiSeq	unknown	48708940.0	0	31	0	4	0.0
SID5466-2	0	HansenLBS_2018	61.0	male	IlluminaHiSeq	unknown	56182928.0	1	171	1	15	0.0
SID5411-3	0	HansenLBS_2018	59.0	male	IlluminaHiSeq	unknown	42646086.0	1	134	1	18	0.0
SID5416-2	0	HansenLBS_2018	40.0	male	IlluminaHiSeq	unknown	67914776.0	1	115	1	12	0.0
SID5411-4	0	HansenLBS_2018	59.0	male	IlluminaHiSeq	unknown	86629592.0	1	141	1	18	0.0
SID5454-1	0	HansenLBS_2018	54.0	female	IlluminaHiSeq	unknown	102196666.0	0	54	0	7	0.0
SID5454-2	0	HansenLBS_2018	54.0	female	IlluminaHiSeq	unknown	85154226.0	0	52	0	7	0.0
SID5445-1	0	HansenLBS_2018	43.0	male	IlluminaHiSeq	unknown	78522176.0	1	76	1	10	0.0
SID5451-1	0	HansenLBS_2018	57.0	female	IlluminaHiSeq	unknown	64334660.0	1	210	1	21	0.0
SID5451-2	0	HansenLBS_2018	57.0	female	IlluminaHiSeq	unknown	88351176.0	1	214	1	20	0.0
SID5451-3	0	HansenLBS_2018	57.0	female	IlluminaHiSeq	unknown	68968880.0	1	211	1	21	0.0
SID5451-4	0	HansenLBS_2018	57.0	female	IlluminaHiSeq	unknown	63647600.0	1	216	1	22	0.0
SID5453-1	0	HansenLBS_2018	51.0	female	IlluminaHiSeq	unknown	72304230.0	1	123	1	12	0.0
SID5453-2	0	HansenLBS_2018	51.0	female	IlluminaHiSeq	unknown	89127210.0	1	127	1	15	0.0
SID5453-3	0	HansenLBS_2018	51.0	female	IlluminaHiSeq	unknown	92041872.0	1	140	1	16	0.0
SID5453-4	0	HansenLBS_2018	51.0	female	IlluminaHiSeq	unknown	95042558.0	1	147	1	16	0.0
SID5413-1	0	HansenLBS_2018	59.0	male	IlluminaHiSeq	unknown	59436144.0	1	94	1	10	0.0
SID5445-2	0	HansenLBS_2018	43.0	male	IlluminaHiSeq	unknown	64021356.0	1	69	1	9	0.0
SID5413-2	0	HansenLBS_2018	59.0	male	IlluminaHiSeq	unknown	49738404.0	1	91	1	10	0.0
SID5427-1	0	HansenLBS_2018	49.0	male	IlluminaHiSeq	unknown	70790144.0	1	71	1	6	0.0
SID5427-2	0	HansenLBS_2018	49.0	male	IlluminaHiSeq	unknown	63008822.0	1	75	1	7	0.0
SID5425-3	0	HansenLBS_2018	41.0	female	IlluminaHiSeq	unknown	72307484.0	0	153	0	17	0.0
SID5425-4	0	HansenLBS_2018	41.0	female	IlluminaHiSeq	unknown	62242612.0	0	140	0	13	0.0
SID5425-1	0	HansenLBS_2018	41.0	female	IlluminaHiSeq	unknown	78589248.0	0	154	0	16	0.0
SID5425-2	0	HansenLBS_2018	41.0	female	IlluminaHiSeq	unknown	59823226.0	1	143	1	14	0.0
SID5423-3	0	HansenLBS_2018	42.0	male	IlluminaHiSeq	unknown	61665696.0	1	106	1	15	0.0
SID5423-4	0	HansenLBS_2018	42.0	male	IlluminaHiSeq	unknown	66916324.0	1	111	1	18	0.0
SID5423-1	0	HansenLBS_2018	42.0	male	IlluminaHiSeq	unknown	85010400.0	1	100	1	14	0.0
SID5423-2	0	HansenLBS_2018	42.0	male	IlluminaHiSeq	unknown	66898102.0	1	108	1	15	0.0
SID5450-2	0	HansenLBS_2018	57.0	female	IlluminaHiSeq	unknown	63446028.0	0	37	0	3	0.0
SID5450-1	0	HansenLBS_2018	57.0	female	IlluminaHiSeq	unknown	67753218.0	1	39	1	3	0.0
SID5449-4	0	HansenLBS_2018	54.0	female	IlluminaHiSeq	unknown	57856384.0	0	82	0	8	0.0
SID5449-3	0	HansenLBS_2018	54.0	female	IlluminaHiSeq	unknown	92988962.0	1	84	1	8	0.0
SID5449-2	0	HansenLBS_2018	54.0	female	IlluminaHiSeq	unknown	90000524.0	1	83	1	7	0.0
SID5449-1	0	HansenLBS_2018	54.0	female	IlluminaHiSeq	unknown	74872992.0	0	81	0	7	0.0
SID5448-4	0	HansenLBS_2018	45.0	male	IlluminaHiSeq	unknown	46422326.0	1	26	1	2	0.0
SID5448-3	0	HansenLBS_2018	45.0	male	IlluminaHiSeq	unknown	71451034.0	0	26	0	2	0.0
SID5450-4	0	HansenLBS_2018	57.0	female	IlluminaHiSeq	unknown	70571540.0	1	41	1	2	0.0
SID5450-3	0	HansenLBS_2018	57.0	female	IlluminaHiSeq	unknown	65834008.0	1	39	1	2	0.0
HD-1	0	QinN_2014	40.0	female	IlluminaHiSeq	unknown	60726168.0	1	35	1	5	0.0
HD-10	0	QinN_2014	40.0	female	IlluminaHiSeq	unknown	41162464.0	1	48	1	5	0.0
HD-11	0	QinN_2014	38.0	female	IlluminaHiSeq	unknown	47852664.0	1	72	1	8	0.0
HD-12	0	QinN_2014	40.0	male	IlluminaHiSeq	unknown	42500814.0	1	73	1	8	0.0
HD-13	0	QinN_2014	56.0	female	IlluminaHiSeq	unknown	41610770.0	1	34	1	6	0.0
HD-14	0	QinN_2014	51.0	male	IlluminaHiSeq	unknown	52828938.0	1	32	1	5	0.0
HD-15	0	QinN_2014	56.0	male	IlluminaHiSeq	unknown	83452056.0	1	119	1	10	0.0
HD-16	0	QinN_2014	41.0	female	IlluminaHiSeq	unknown	48363024.0	1	74	1	8	0.0
HD-17	0	QinN_2014	46.0	male	IlluminaHiSeq	unknown	42639042.0	1	34	1	6	0.0
HD-18	0	QinN_2014	43.0	male	IlluminaHiSeq	unknown	38306954.0	1	117	1	14	0.0
HD-19	0	QinN_2014	57.0	male	IlluminaHiSeq	unknown	53123420.0	1	45	1	4	0.0
HD-2	0	QinN_2014	46.0	female	IlluminaHiSeq	unknown	29340068.0	1	86	1	9	0.0
HD-20	0	QinN_2014	45.0	male	IlluminaHiSeq	unknown	56486348.0	1	36	1	5	0.0
HD-21	0	QinN_2014	37.0	male	IlluminaHiSeq	unknown	51623474.0	1	35	1	4	0.0
HD-22	0	QinN_2014	41.0	female	IlluminaHiSeq	unknown	46862922.0	1	75	1	8	0.0
HD-23	0	QinN_2014	35.0	female	IlluminaHiSeq	unknown	52184770.0	1	66	1	6	0.0
HD-24	0	QinN_2014	36.0	male	IlluminaHiSeq	unknown	34499188.0	1	46	1	5	0.0
HD-25	0	QinN_2014	49.0	female	IlluminaHiSeq	unknown	36928836.0	1	12	1	3	0.0
HD-26	0	QinN_2014	40.0	female	IlluminaHiSeq	unknown	39296662.0	1	68	1	7	0.0
HD-27	0	QinN_2014	45.0	male	IlluminaHiSeq	unknown	50308570.0	1	108	1	10	0.0
HD-28	0	QinN_2014	33.0	male	IlluminaHiSeq	unknown	79290558.0	1	72	1	6	0.0
HD-29	0	QinN_2014	33.0	female	IlluminaHiSeq	unknown	108865910.0	1	123	1	14	0.0
HD-3	0	QinN_2014	45.0	male	IlluminaHiSeq	unknown	38246256.0	1	35	1	5	0.0
HD-30	0	QinN_2014	54.0	female	IlluminaHiSeq	unknown	77274526.0	1	67	1	5	0.0
HD-31	0	QinN_2014	43.0	male	IlluminaHiSeq	unknown	94726356.0	1	48	1	6	0.0
HD-32	0	QinN_2014	54.0	female	IlluminaHiSeq	unknown	45079628.0	0	80	0	7	0.0
HD-33	0	QinN_2014	34.0	female	IlluminaHiSeq	unknown	81142398.0	1	225	1	17	0.0
HD-34	0	QinN_2014	40.0	female	IlluminaHiSeq	unknown	35924302.0	1	77	1	6	0.0
HD-35	0	QinN_2014	48.0	male	IlluminaHiSeq	unknown	52356890.0	1	149	1	14	0.0
HD-36	0	QinN_2014	32.0	female	IlluminaHiSeq	unknown	30738818.0	1	89	1	8	0.0
HD-37	0	QinN_2014	45.0	female	IlluminaHiSeq	unknown	55187734.0	1	99	1	11	0.0
HD-38	0	QinN_2014	40.0	male	IlluminaHiSeq	unknown	25331020.0	1	65	1	8	0.0
HD-39	0	QinN_2014	51.0	female	IlluminaHiSeq	unknown	39159122.0	1	62	1	6	0.0
HD-4	0	QinN_2014	38.0	male	IlluminaHiSeq	unknown	51629990.0	0	56	0	7	0.0
HD-40	0	QinN_2014	41.0	male	IlluminaHiSeq	unknown	71450274.0	1	159	1	13	0.0
HD-41	0	QinN_2014	52.0	male	IlluminaHiSeq	unknown	43591040.0	1	147	1	12	0.0
HD-42	0	QinN_2014	50.0	male	IlluminaHiSeq	unknown	41978882.0	1	125	1	12	0.0
HD-43	0	QinN_2014	36.0	male	IlluminaHiSeq	unknown	50973986.0	1	83	1	10	0.0
HD-44	0	QinN_2014	41.0	male	IlluminaHiSeq	unknown	33964114.0	1	31	1	4	0.0
HD-45	0	QinN_2014	37.0	male	IlluminaHiSeq	unknown	39631926.0	1	19	1	4	0.0
HD-46	0	QinN_2014	35.0	male	IlluminaHiSeq	unknown	29660774.0	1	66	1	7	0.0
HD-47	0	QinN_2014	58.0	male	IlluminaHiSeq	unknown	43056410.0	1	60	1	6	0.0
HD-48	0	QinN_2014	31.0	male	IlluminaHiSeq	unknown	53411084.0	1	82	1	9	0.0
HD-49	0	QinN_2014	41.0	female	IlluminaHiSeq	unknown	65160712.0	1	43	1	8	0.0
HD-5	0	QinN_2014	43.0	female	IlluminaHiSeq	unknown	31658258.0	1	103	1	11	0.0
HD-50	0	QinN_2014	50.0	female	IlluminaHiSeq	unknown	65034592.0	1	39	1	4	0.0
HD-51	0	QinN_2014	37.0	male	IlluminaHiSeq	unknown	38551094.0	1	91	1	9	0.0
HD-52	0	QinN_2014	50.0	female	IlluminaHiSeq	unknown	110871872.0	1	68	1	8	0.0
HD-53	0	QinN_2014	50.0	female	IlluminaHiSeq	unknown	72734030.0	1	143	1	14	0.0
HD-54	0	QinN_2014	47.0	male	IlluminaHiSeq	unknown	39344970.0	1	90	1	10	0.0
HD-55	0	QinN_2014	37.0	male	IlluminaHiSeq	unknown	95203944.0	1	92	1	12	0.0
HD-56	0	QinN_2014	31.0	male	IlluminaHiSeq	unknown	28146814.0	1	87	1	9	0.0
HD-57	0	QinN_2014	32.0	male	IlluminaHiSeq	unknown	30187954.0	1	79	1	7	0.0
HD-58	0	QinN_2014	52.0	male	IlluminaHiSeq	unknown	51419228.0	1	46	1	7	0.0
HD-59	0	QinN_2014	23.0	female	IlluminaHiSeq	unknown	49695512.0	1	94	1	11	0.0
HD-6	0	QinN_2014	38.0	female	IlluminaHiSeq	unknown	71449782.0	0	66	0	6	0.0
HD-60	0	QinN_2014	34.0	male	IlluminaHiSeq	unknown	93865534.0	1	156	1	14	0.0
HD-61	0	QinN_2014	31.0	male	IlluminaHiSeq	unknown	39525306.0	1	43	1	4	0.0
HD-62	0	QinN_2014	62.0	male	IlluminaHiSeq	unknown	55613486.0	1	171	1	14	0.0
HD-63	0	QinN_2014	42.0	female	IlluminaHiSeq	unknown	45238358.0	1	111	1	10	0.0
HD-64	0	QinN_2014	29.0	female	IlluminaHiSeq	unknown	31361754.0	1	21	1	5	0.0
HD-65	0	QinN_2014	43.0	female	IlluminaHiSeq	unknown	61195352.0	1	42	1	5	0.0
HD-66	0	QinN_2014	42.0	male	IlluminaHiSeq	unknown	44515410.0	1	117	1	13	0.0
HD-67	0	QinN_2014	32.0	male	IlluminaHiSeq	unknown	52399336.0	1	98	1	7	0.0
HD-68	0	QinN_2014	33.0	male	IlluminaHiSeq	unknown	52091294.0	1	41	1	8	0.0
HD-69	0	QinN_2014	26.0	male	IlluminaHiSeq	unknown	49858238.0	1	55	1	8	0.0
HD-7	0	QinN_2014	37.0	female	IlluminaHiSeq	unknown	54778534.0	1	55	1	7	0.0
HD-70	0	QinN_2014	52.0	male	IlluminaHiSeq	unknown	36087620.0	1	28	1	6	0.0
HD-71	0	QinN_2014	36.0	female	IlluminaHiSeq	unknown	49402710.0	1	105	1	9	0.0
HD-72	0	QinN_2014	47.0	male	IlluminaHiSeq	unknown	46353990.0	1	109	1	9	0.0
HD-73	0	QinN_2014	45.0	female	IlluminaHiSeq	unknown	35704122.0	1	63	1	8	0.0
HD-74	0	QinN_2014	40.0	female	IlluminaHiSeq	unknown	52206418.0	1	50	1	11	0.0
HD-75	0	QinN_2014	35.0	male	IlluminaHiSeq	unknown	79495518.0	1	54	1	7	0.0
HD-76	0	QinN_2014	54.0	female	IlluminaHiSeq	unknown	32443656.0	1	27	1	5	0.0
HD-77	0	QinN_2014	35.0	male	IlluminaHiSeq	unknown	43040226.0	1	47	1	11	0.0
HD-78	0	QinN_2014	32.0	male	IlluminaHiSeq	unknown	34865102.0	1	86	1	7	0.0
HD-79	0	QinN_2014	25.0	male	IlluminaHiSeq	unknown	62236450.0	1	55	1	9	0.0
HD-8	0	QinN_2014	60.0	female	IlluminaHiSeq	unknown	98148348.0	1	137	1	15	0.0
HD-80	0	QinN_2014	43.0	male	IlluminaHiSeq	unknown	36589128.0	1	48	1	6	0.0
HD-81	0	QinN_2014	45.0	male	IlluminaHiSeq	unknown	96383488.0	1	139	1	15	0.0
HD-82	0	QinN_2014	58.0	male	IlluminaHiSeq	unknown	35655800.0	1	24	1	3	0.0
HD-83	0	QinN_2014	42.0	male	IlluminaHiSeq	unknown	47589374.0	1	92	1	11	0.0
HD-9	0	QinN_2014	39.0	female	IlluminaHiSeq	unknown	70584572.0	1	102	1	10	0.0
HV-1	0	QinN_2014	43.0	male	IlluminaHiSeq	unknown	16980314.0	0	45	0	5	0.0
HV-10	0	QinN_2014	45.0	female	IlluminaHiSeq	unknown	18710430.0	0	77	0	8	0.0
HV-11	0	QinN_2014	34.0	male	IlluminaHiSeq	unknown	20163492.0	1	47	1	7	0.0
HV-12	0	QinN_2014	60.0	male	IlluminaHiSeq	unknown	27883860.0	1	47	1	5	0.0
HV-13	0	QinN_2014	70.0	male	IlluminaHiSeq	unknown	22186152.0	0	42	0	6	0.0
HV-14	0	QinN_2014	35.0	male	IlluminaHiSeq	unknown	19843568.0	1	56	1	8	0.0
HV-15	0	QinN_2014	52.0	male	IlluminaHiSeq	unknown	24424112.0	1	47	1	5	0.0
HV-16	0	QinN_2014	34.0	female	IlluminaHiSeq	unknown	20671956.0	1	52	1	6	0.0
HV-17	0	QinN_2014	45.0	female	IlluminaHiSeq	unknown	22756254.0	1	65	1	7	0.0
HV-18	0	QinN_2014	56.0	male	IlluminaHiSeq	unknown	16195430.0	1	32	1	6	0.0
HV-19	0	QinN_2014	49.0	male	IlluminaHiSeq	unknown	15893410.0	0	37	0	4	0.0
HV-2	0	QinN_2014	58.0	male	IlluminaHiSeq	unknown	17287966.0	1	23	1	4	0.0
HV-20	0	QinN_2014	30.0	male	IlluminaHiSeq	unknown	17497650.0	1	99	1	10	0.0
HV-21	0	QinN_2014	27.0	male	IlluminaHiSeq	unknown	17952094.0	1	69	1	7	0.0
HV-22	0	QinN_2014	32.0	male	IlluminaHiSeq	unknown	19674292.0	1	38	1	6	0.0
HV-23	0	QinN_2014	38.0	male	IlluminaHiSeq	unknown	19510786.0	1	118	1	14	0.0
HV-24	0	QinN_2014	49.0	male	IlluminaHiSeq	unknown	15215534.0	1	76	1	10	0.0
HV-25	0	QinN_2014	32.0	male	IlluminaHiSeq	unknown	23052644.0	1	90	1	11	0.0
HV-26	0	QinN_2014	32.0	female	IlluminaHiSeq	unknown	27678826.0	1	151	1	14	0.0
HV-27	0	QinN_2014	35.0	male	IlluminaHiSeq	unknown	20322714.0	1	22	1	5	0.0
HV-28	0	QinN_2014	51.0	male	IlluminaHiSeq	unknown	18764362.0	1	75	1	8	0.0
HV-29	0	QinN_2014	54.0	male	IlluminaHiSeq	unknown	27632770.0	1	69	1	9	0.0
HV-3	0	QinN_2014	46.0	female	IlluminaHiSeq	unknown	24721126.0	1	26	1	1	0.0
HV-30	0	QinN_2014	39.0	male	IlluminaHiSeq	unknown	22204002.0	1	105	1	9	0.0
HV-31	0	QinN_2014	47.0	male	IlluminaHiSeq	unknown	26973734.0	1	94	1	8	0.0
HV-4	0	QinN_2014	42.0	female	IlluminaHiSeq	unknown	20963184.0	1	81	1	9	0.0
HV-5	0	QinN_2014	53.0	male	IlluminaHiSeq	unknown	16373096.0	1	16	1	0	0.0
HV-6	0	QinN_2014	45.0	male	IlluminaHiSeq	unknown	22731358.0	1	71	1	9	0.0
HV-7	0	QinN_2014	69.0	male	IlluminaHiSeq	unknown	23440476.0	1	62	1	7	0.0
HV-8	0	QinN_2014	34.0	female	IlluminaHiSeq	unknown	15586518.0	1	174	1	11	0.0
HV-9	0	QinN_2014	37.0	male	IlluminaHiSeq	unknown	29209746.0	1	54	1	5	0.0
ESS-0542	0	NagySzakalD_2017	51.0	female	IlluminaHiSeq	KAMA_Hyper_Prep	31075458.0	1	127	1	10	0.0
ESS-0184	0	NagySzakalD_2017	51.0	female	IlluminaHiSeq	KAMA_Hyper_Prep	108052297.0	0	86	0	9	0.0
ESS-0513	0	NagySzakalD_2017	51.0	female	IlluminaHiSeq	KAMA_Hyper_Prep	24569154.0	1	126	1	15	0.0
ESS-0359	0	NagySzakalD_2017	51.0	female	IlluminaHiSeq	KAMA_Hyper_Prep	15977083.0	0	25	0	4	0.0
ESS-0335	0	NagySzakalD_2017	51.0	female	IlluminaHiSeq	KAMA_Hyper_Prep	21987547.0	0	79	0	8	0.0
ESS-0165	0	NagySzakalD_2017	51.0	female	IlluminaHiSeq	KAMA_Hyper_Prep	28090584.0	0	72	0	8	0.0
ESS-0603	0	NagySzakalD_2017	51.0	male	IlluminaHiSeq	KAMA_Hyper_Prep	117348345.0	1	59	1	10	0.0
ESS-0596	0	NagySzakalD_2017	51.0	female	IlluminaHiSeq	KAMA_Hyper_Prep	67004081.0	1	57	1	10	0.0
ESS-0590	0	NagySzakalD_2017	51.0	male	IlluminaHiSeq	KAMA_Hyper_Prep	206709501.0	1	167	1	17	0.0
ESS-0586	0	NagySzakalD_2017	51.0	female	IlluminaHiSeq	KAMA_Hyper_Prep	52767756.0	1	49	1	3	0.0
ESS-0569	0	NagySzakalD_2017	51.0	female	IlluminaHiSeq	KAMA_Hyper_Prep	35683075.0	1	104	1	12	0.0
ESS-0561	0	NagySzakalD_2017	51.0	male	IlluminaHiSeq	KAMA_Hyper_Prep	37531019.0	0	48	0	5	0.0
ESS-0550	0	NagySzakalD_2017	51.0	female	IlluminaHiSeq	KAMA_Hyper_Prep	90311244.0	1	85	1	8	0.0
ESS-0506	0	NagySzakalD_2017	51.0	female	IlluminaHiSeq	KAMA_Hyper_Prep	71505138.0	1	98	1	9	0.0
ESS-0501	0	NagySzakalD_2017	51.0	female	IlluminaHiSeq	KAMA_Hyper_Prep	110998182.0	1	57	1	7	0.0
ESS-0496	0	NagySzakalD_2017	51.0	male	IlluminaHiSeq	KAMA_Hyper_Prep	64947608.0	1	39	1	4	0.0
ESS-0489	0	NagySzakalD_2017	51.0	female	IlluminaHiSeq	KAMA_Hyper_Prep	122303890.0	1	130	1	10	0.0
ESS-0473	0	NagySzakalD_2017	51.0	female	IlluminaHiSeq	KAMA_Hyper_Prep	49175157.0	1	31	2	3	0.0
ESS-0467	0	NagySzakalD_2017	51.0	female	IlluminaHiSeq	KAMA_Hyper_Prep	55126826.0	1	86	1	8	0.0
ESS-0447	0	NagySzakalD_2017	51.0	female	IlluminaHiSeq	KAMA_Hyper_Prep	76186321.0	1	71	1	10	0.0
ESS-0430	0	NagySzakalD_2017	51.0	female	IlluminaHiSeq	KAMA_Hyper_Prep	83662701.0	1	181	1	15	0.0
ESS-0425	0	NagySzakalD_2017	51.0	female	IlluminaHiSeq	KAMA_Hyper_Prep	46399865.0	1	63	1	6	0.0
ESS-0394	0	NagySzakalD_2017	51.0	female	IlluminaHiSeq	KAMA_Hyper_Prep	58808691.0	1	51	1	6	0.0
ESS-0386	0	NagySzakalD_2017	51.0	female	IlluminaHiSeq	KAMA_Hyper_Prep	58824796.0	1	45	2	7	0.0
ESS-0364	0	NagySzakalD_2017	51.0	female	IlluminaHiSeq	KAMA_Hyper_Prep	31889266.0	0	50	0	5	0.0
ESS-0338	0	NagySzakalD_2017	51.0	male	IlluminaHiSeq	KAMA_Hyper_Prep	52415140.0	1	98	1	10	0.0
ESS-0308	0	NagySzakalD_2017	51.0	female	IlluminaHiSeq	KAMA_Hyper_Prep	42812396.0	1	77	1	9	0.0
ESS-0290	0	NagySzakalD_2017	51.0	male	IlluminaHiSeq	KAMA_Hyper_Prep	215120558.0	1	114	1	11	0.0
ESS-0286	0	NagySzakalD_2017	51.0	female	IlluminaHiSeq	KAMA_Hyper_Prep	14761881.0	1	61	1	5	0.0
ESS-0268	0	NagySzakalD_2017	51.0	female	IlluminaHiSeq	KAMA_Hyper_Prep	133779591.0	1	70	1	9	0.0
ESS-0254	0	NagySzakalD_2017	51.0	female	IlluminaHiSeq	KAMA_Hyper_Prep	44503164.0	0	88	0	14	0.0
ESS-0251	0	NagySzakalD_2017	51.0	male	IlluminaHiSeq	KAMA_Hyper_Prep	39313540.0	1	125	1	15	0.0
ESS-0243	0	NagySzakalD_2017	51.0	female	IlluminaHiSeq	KAMA_Hyper_Prep	80897843.0	1	69	1	8	0.0
ESS-0219	0	NagySzakalD_2017	51.0	female	IlluminaHiSeq	KAMA_Hyper_Prep	33208389.0	0	38	0	4	0.0
ESS-0208	0	NagySzakalD_2017	51.0	female	IlluminaHiSeq	KAMA_Hyper_Prep	180072555.0	1	98	1	13	0.0
ESS-0202	0	NagySzakalD_2017	51.0	female	IlluminaHiSeq	KAMA_Hyper_Prep	55242421.0	0	107	0	13	0.0
ESS-0188	0	NagySzakalD_2017	51.0	female	IlluminaHiSeq	KAMA_Hyper_Prep	36199323.0	1	128	1	13	0.0
ESS-0177	0	NagySzakalD_2017	51.0	female	IlluminaHiSeq	KAMA_Hyper_Prep	53652556.0	1	103	1	10	0.0
ESS-0172	0	NagySzakalD_2017	51.0	female	IlluminaHiSeq	KAMA_Hyper_Prep	29241595.0	1	52	1	6	0.0
ESS-0147	0	NagySzakalD_2017	51.0	female	IlluminaHiSeq	KAMA_Hyper_Prep	102147226.0	1	62	1	7	0.0
ESS-0136	0	NagySzakalD_2017	51.0	female	IlluminaHiSeq	KAMA_Hyper_Prep	145419241.0	1	97	1	15	0.0
ESS-0123	0	NagySzakalD_2017	51.0	female	IlluminaHiSeq	KAMA_Hyper_Prep	94005571.0	1	70	1	10	0.0
ESS-0119	0	NagySzakalD_2017	51.0	female	IlluminaHiSeq	KAMA_Hyper_Prep	90389121.0	1	79	1	10	0.0
ESS-0093	0	NagySzakalD_2017	51.0	female	IlluminaHiSeq	KAMA_Hyper_Prep	97955089.0	1	90	1	10	0.0
ESS-0080	0	NagySzakalD_2017	51.0	female	IlluminaHiSeq	KAMA_Hyper_Prep	35297161.0	0	62	0	13	0.0
ESS-0077	0	NagySzakalD_2017	51.0	male	IlluminaHiSeq	KAMA_Hyper_Prep	103772195.0	1	84	1	11	0.0
ESS-0068	0	NagySzakalD_2017	51.0	male	IlluminaHiSeq	KAMA_Hyper_Prep	52229490.0	0	117	0	13	0.0
ESS-0053	0	NagySzakalD_2017	51.0	female	IlluminaHiSeq	KAMA_Hyper_Prep	85009033.0	1	57	1	8	0.0
ESS-0044	0	NagySzakalD_2017	51.0	female	IlluminaHiSeq	KAMA_Hyper_Prep	84035665.0	0	92	0	7	0.0
ESS-0026	0	NagySzakalD_2017	51.0	female	IlluminaHiSeq	KAMA_Hyper_Prep	37291012.0	1	79	1	7	0.0
CCIS00146684ST-4-0	0	ZellerG_2014	72.0	female	IlluminaHiSeq	Gnome	76003628.0	1	141	1	12	0.0
CCIS00281083ST-3-0	0	ZellerG_2014	53.0	male	IlluminaHiSeq	Gnome	47190574.0	0	60	0	9	0.0
CCIS02124300ST-4-0	0	ZellerG_2014	35.0	male	IlluminaHiSeq	Gnome	87631061.0	1	106	2	15	0.0
CCIS02856720ST-4-0	0	ZellerG_2014	74.0	male	IlluminaHiSeq	Gnome	73567419.0	1	116	1	10	0.0
CCIS03473770ST-4-0	0	ZellerG_2014	29.0	male	IlluminaHiSeq	Gnome	46217866.0	1	137	1	16	0.0
CCIS03857607ST-4-0	0	ZellerG_2014	61.0	male	IlluminaHiSeq	Gnome	63911163.0	1	200	1	20	0.0
CCIS05314658ST-4-0	0	ZellerG_2014	65.0	female	IlluminaHiSeq	Gnome	61688036.0	1	167	1	12	0.0
CCIS07277498ST-4-0	0	ZellerG_2014	63.0	male	IlluminaHiSeq	Gnome	66936604.0	0	123	0	10	0.0
CCIS07539127ST-4-0	0	ZellerG_2014	77.0	female	IlluminaHiSeq	Gnome	68406226.0	1	108	1	16	0.0
CCIS07648107ST-4-0	0	ZellerG_2014	62.0	female	IlluminaHiSeq	Gnome	66245949.0	0	70	0	5	0.0
CCIS09568613ST-4-0	0	ZellerG_2014	67.0	male	IlluminaHiSeq	Gnome	75876874.0	1	176	1	18	0.0
CCIS10706551ST-3-0	0	ZellerG_2014	25.0	male	IlluminaHiSeq	Gnome	65983849.0	0	92	0	8	0.0
CCIS11354283ST-4-0	0	ZellerG_2014	67.0	male	IlluminaHiSeq	Gnome	62234037.0	1	65	2	8	0.0
CCIS11362406ST-4-0	0	ZellerG_2014	44.0	female	IlluminaHiSeq	Gnome	103363989.0	1	108	1	16	0.0
CCIS11558985ST-4-0	0	ZellerG_2014	56.0	female	IlluminaHiSeq	Gnome	37988049.0	0	93	0	7	0.0
CCIS13047523ST-4-0	0	ZellerG_2014	70.0	male	IlluminaHiSeq	Gnome	62891719.0	1	35	1	17	0.0
CCIS15794887ST-4-0	0	ZellerG_2014	37.0	female	IlluminaHiSeq	Gnome	45764894.0	1	122	1	14	0.0
CCIS16326685ST-4-0	0	ZellerG_2014	46.0	female	IlluminaHiSeq	Gnome	53344597.0	0	92	0	10	0.0
CCIS16383318ST-4-0	0	ZellerG_2014	61.0	female	IlluminaHiSeq	Gnome	78085760.0	1	118	1	25	0.0
CCIS16561622ST-4-0	0	ZellerG_2014	54.0	male	IlluminaHiSeq	Gnome	87807063.0	0	96	0	7	0.0
CCIS20795251ST-4-0	0	ZellerG_2014	71.0	female	IlluminaHiSeq	Gnome	55286215.0	1	159	1	14	0.0
CCIS21126322ST-4-0	0	ZellerG_2014	59.0	male	IlluminaHiSeq	Gnome	82207625.0	0	138	0	13	0.0
CCIS23164343ST-4-0	0	ZellerG_2014	62.0	male	IlluminaHiSeq	Gnome	68712649.0	1	117	1	14	0.0
CCIS27304052ST-3-0	0	ZellerG_2014	52.0	female	IlluminaHiSeq	Gnome	48552680.0	1	149	1	20	0.0
CCIS27927933ST-4-0	0	ZellerG_2014	72.0	male	IlluminaHiSeq	Gnome	97043260.0	1	48	1	8	0.0
CCIS29210128ST-4-0	0	ZellerG_2014	64.0	male	IlluminaHiSeq	Gnome	48275455.0	1	22	1	5	0.0
CCIS29688262ST-20-0	0	ZellerG_2014	50.0	male	IlluminaHiSeq	Gnome	81666867.0	1	63	1	5	0.0
CCIS32452666ST-4-0	0	ZellerG_2014	68.0	male	IlluminaHiSeq	Gnome	53858804.0	1	126	1	13	0.0
CCIS34604008ST-4-0	0	ZellerG_2014	63.0	female	IlluminaHiSeq	Gnome	71147118.0	1	86	1	9	0.0
CCIS36699628ST-4-0	0	ZellerG_2014	68.0	female	IlluminaHiSeq	Gnome	66456701.0	1	44	1	4	0.0
CCIS36797902ST-4-0	0	ZellerG_2014	63.0	male	IlluminaHiSeq	Gnome	43056463.0	1	130	1	14	0.0
CCIS41692898ST-4-0	0	ZellerG_2014	67.0	female	IlluminaHiSeq	Gnome	75046271.0	1	95	1	7	0.0
CCIS44093303ST-4-0	0	ZellerG_2014	62.0	female	IlluminaHiSeq	Gnome	73343518.0	1	23	1	12	0.0
CCIS45571137ST-3-0	0	ZellerG_2014	55.0	female	IlluminaHiSeq	Gnome	37805003.0	1	122	1	11	0.0
CCIS45793747ST-4-0	0	ZellerG_2014	67.0	male	IlluminaHiSeq	Gnome	84805529.0	1	87	1	10	0.0
CCIS48174381ST-4-0	0	ZellerG_2014	66.0	male	IlluminaHiSeq	Gnome	51253211.0	1	52	1	3	0.0
CCIS50003399ST-4-0	0	ZellerG_2014	66.0	female	IlluminaHiSeq	Gnome	63416533.0	0	43	0	7	0.0
CCIS50471204ST-4-0	0	ZellerG_2014	61.0	female	IlluminaHiSeq	Gnome	81465089.0	1	56	1	7	0.0
CCIS51595129ST-4-0	0	ZellerG_2014	63.0	female	IlluminaHiSeq	Gnome	59350393.0	1	163	1	18	0.0
CCIS63448910ST-4-0	0	ZellerG_2014	61.0	female	IlluminaHiSeq	Gnome	61901654.0	1	31	1	3	0.0
CCIS63468405ST-4-0	0	ZellerG_2014	69.0	female	IlluminaHiSeq	Gnome	67395395.0	1	104	1	12	0.0
CCIS63910149ST-4-0	0	ZellerG_2014	49.0	female	IlluminaHiSeq	Gnome	24843993.0	0	120	0	12	0.0
CCIS64773582ST-4-0	0	ZellerG_2014	63.0	female	IlluminaHiSeq	Gnome	91118209.0	1	101	1	10	0.0
CCIS64785924ST-20-0	0	ZellerG_2014	59.0	female	IlluminaHiSeq	Gnome	12636839.0	0	80	0	8	0.0
CCIS71578391ST-4-0	0	ZellerG_2014	70.0	male	IlluminaHiSeq	Gnome	74021867.0	1	118	1	15	0.0
CCIS74239020ST-4-0	0	ZellerG_2014	62.0	male	IlluminaHiSeq	Gnome	60489281.0	1	183	2	17	0.0
CCIS78100604ST-4-0	0	ZellerG_2014	64.0	female	IlluminaHiSeq	Gnome	78150540.0	1	39	1	4	0.0
CCIS79210440ST-3-0	0	ZellerG_2014	65.0	male	IlluminaHiSeq	Gnome	44022141.0	1	123	1	19	0.0
CCIS80834637ST-4-0	0	ZellerG_2014	60.0	female	IlluminaHiSeq	Gnome	95462023.0	1	44	1	2	0.0
CCIS81139242ST-4-0	0	ZellerG_2014	64.0	female	IlluminaHiSeq	Gnome	66773170.0	0	27	0	6	0.0
CCIS82507866ST-3-0	0	ZellerG_2014	57.0	male	IlluminaHiSeq	Gnome	45388199.0	1	142	1	15	0.0
CCIS82944710ST-20-0	0	ZellerG_2014	38.0	female	IlluminaHiSeq	Gnome	8890877.0	0	51	0	8	0.0
CCIS88007743ST-4-0	0	ZellerG_2014	67.0	female	IlluminaHiSeq	Gnome	62698501.0	1	31	1	7	0.0
CCIS88317640ST-4-0	0	ZellerG_2014	74.0	male	IlluminaHiSeq	Gnome	72027798.0	1	100	1	12	0.0
CCIS90164298ST-4-0	0	ZellerG_2014	84.0	male	IlluminaHiSeq	Gnome	64903644.0	1	197	1	43	0.0
CCIS93040568ST-20-0	0	ZellerG_2014	65.0	male	IlluminaHiSeq	Gnome	13523536.0	0	14	0	1	0.0
CCIS94417875ST-3-0	0	ZellerG_2014	59.0	female	IlluminaHiSeq	Gnome	44052987.0	0	145	0	16	0.0
CCIS94603952ST-4-0	0	ZellerG_2014	80.0	female	IlluminaHiSeq	Gnome	69804753.0	1	118	1	12	0.0
CCIS95097901ST-4-0	0	ZellerG_2014	52.0	male	IlluminaHiSeq	Gnome	51567166.0	1	75	1	9	0.0
CCIS95409808ST-4-0	0	ZellerG_2014	63.0	female	IlluminaHiSeq	Gnome	66865743.0	1	139	1	15	0.0
CCIS98482370ST-3-0	0	ZellerG_2014	53.0	female	IlluminaHiSeq	Gnome	45190917.0	0	112	0	10	0.0
CRC_MR_SBJ03H_17	0	ThomasAM_2019_b	52.0	male	IlluminaHiSeq	Gnome	62248461.0	1	23	1	5	0.0
CRC_MR_SBJ16H_17	0	ThomasAM_2019_b	56.0	male	IlluminaHiSeq	Gnome	44260518.0	1	88	1	9	0.0
CRC_MR_SBJ17H_17	0	ThomasAM_2019_b	50.0	male	IlluminaHiSeq	Gnome	73496867.0	1	17	1	3	0.0
CRC_MR_SBJ18H_17	0	ThomasAM_2019_b	54.0	male	IlluminaHiSeq	Gnome	27453968.0	0	46	0	6	0.0
CRC_MR_SBJ21H_17	0	ThomasAM_2019_b	67.0	female	IlluminaHiSeq	Gnome	36494066.0	1	85	1	8	0.0
CRC_MR_SBJ24H_17	0	ThomasAM_2019_b	66.0	male	IlluminaHiSeq	Gnome	36804377.0	1	110	1	11	0.0
CRC_MR_SBJ34H_17	0	ThomasAM_2019_b	58.0	female	IlluminaHiSeq	Gnome	38425974.0	0	151	0	14	0.0
CRC_MR_SBJ37H_17	0	ThomasAM_2019_b	58.0	female	IlluminaHiSeq	Gnome	10456845.0	1	85	1	10	0.0
CRC_MR_SBJ45H_17	0	ThomasAM_2019_b	54.0	male	IlluminaHiSeq	Gnome	92522014.0	1	82	1	11	0.0
CRC_MR_SBJ46H_17	0	ThomasAM_2019_b	66.0	male	IlluminaHiSeq	Gnome	45756759.0	1	107	1	13	0.0
CRC_MR_SBJ57H_17	0	ThomasAM_2019_b	66.0	female	IlluminaHiSeq	Gnome	43890117.0	0	85	0	9	0.0
CRC_MR_SBJ60H_17	0	ThomasAM_2019_b	56.0	male	IlluminaHiSeq	Gnome	107211531.0	0	87	0	9	0.0
CRC_MR_SBJ65H_17	0	ThomasAM_2019_b	53.0	male	IlluminaHiSeq	Gnome	41052376.0	1	97	1	14	0.0
CRC_MR_SBJ67H_17	0	ThomasAM_2019_b	46.0	male	IlluminaHiSeq	Gnome	40868929.0	1	99	1	20	0.0
CRC_MR_SBJ68H_17	0	ThomasAM_2019_b	60.0	female	IlluminaHiSeq	Gnome	22066831.0	1	78	1	9	0.0
CRC_MR_SBJ69H_17	0	ThomasAM_2019_b	62.0	male	IlluminaHiSeq	Gnome	33651354.0	0	40	0	1	0.0
CRC_MR_SBJ73H_17	0	ThomasAM_2019_b	61.0	female	IlluminaHiSeq	Gnome	48210550.0	1	95	1	9	0.0
CRC_MR_SBJ74H_17	0	ThomasAM_2019_b	69.0	female	IlluminaHiSeq	Gnome	30312297.0	0	85	0	11	0.0
CRC_MR_SBJ75H_17	0	ThomasAM_2019_b	65.0	female	IlluminaHiSeq	Gnome	24018036.0	1	38	1	7	0.0
CRC_MR_SBJ77H_17	0	ThomasAM_2019_b	64.0	female	IlluminaHiSeq	Gnome	27868520.0	0	41	0	4	0.0
CRC_MR_SBJ78H_17	0	ThomasAM_2019_b	54.0	male	IlluminaHiSeq	Gnome	23707897.0	0	65	0	8	0.0
CRC_MR_SBJ79H_17	0	ThomasAM_2019_b	67.0	male	IlluminaHiSeq	Gnome	35362694.0	1	45	1	7	0.0
CRC_MR_SBJ80H_17	0	ThomasAM_2019_b	40.0	male	IlluminaHiSeq	Gnome	26117282.0	0	48	0	5	0.0
CRC_MR_SBJ81H_17	0	ThomasAM_2019_b	60.0	female	IlluminaHiSeq	Gnome	57480181.0	1	23	1	3	0.0
CRC_MR_SBJ82H_17	0	ThomasAM_2019_b	69.0	female	IlluminaHiSeq	Gnome	37993796.0	0	39	0	3	0.0
CRC_MR_SBJ83H_17	0	ThomasAM_2019_b	47.0	male	IlluminaHiSeq	Gnome	25118095.0	1	73	1	11	0.0
CRC_MR_SBJ84H_17	0	ThomasAM_2019_b	41.0	male	IlluminaHiSeq	Gnome	39194253.0	0	66	0	4	0.0
wHAXPI032581-18	0	ZhuF_2020	25.0	female	IlluminaHiSeq	unknown	58697930.0	1	125	1	15	0.0
wHAXPI032582-19	0	ZhuF_2020	31.0	male	IlluminaHiSeq	unknown	54521068.0	1	19	1	4	0.0
wHAXPI032595-39	0	ZhuF_2020	24.0	male	IlluminaHiSeq	unknown	62172000.0	1	40	1	8	0.0
wHAXPI032596-40	0	ZhuF_2020	26.0	female	IlluminaHiSeq	unknown	79508214.0	1	81	1	8	0.0
wHAXPI032597-41	0	ZhuF_2020	36.0	male	IlluminaHiSeq	unknown	68049314.0	1	80	1	8	0.0
wHAXPI032598-42	0	ZhuF_2020	26.0	female	IlluminaHiSeq	unknown	79575620.0	1	94	1	11	0.0
wHAXPI032599-45	0	ZhuF_2020	48.0	female	IlluminaHiSeq	unknown	71558178.0	1	75	1	9	0.0
wHAXPI032600-47	0	ZhuF_2020	44.0	female	IlluminaHiSeq	unknown	77714778.0	1	127	1	12	0.0
wHAXPI032616-26	0	ZhuF_2020	25.0	female	IlluminaHiSeq	unknown	75331904.0	1	174	1	16	0.0
wHAXPI032617-27	0	ZhuF_2020	24.0	female	IlluminaHiSeq	unknown	76757416.0	1	158	1	18	0.0
wHAXPI032618-28	0	ZhuF_2020	24.0	female	IlluminaHiSeq	unknown	81216784.0	1	76	1	11	0.0
wHAXPI032619-29	0	ZhuF_2020	24.0	female	IlluminaHiSeq	unknown	74784836.0	1	94	1	12	0.0
wHAXPI032620-32	0	ZhuF_2020	25.0	female	IlluminaHiSeq	unknown	82869510.0	1	116	1	13	0.0
wHAXPI032621-34	0	ZhuF_2020	25.0	female	IlluminaHiSeq	unknown	69362092.0	1	78	1	10	0.0
wHAXPI032622-36	0	ZhuF_2020	38.0	male	IlluminaHiSeq	unknown	71886732.0	1	53	1	6	0.0
wHAXPI032659-39	0	ZhuF_2020	35.0	male	IlluminaHiSeq	unknown	68502888.0	1	52	1	7	0.0
wHAXPI032660-40	0	ZhuF_2020	26.0	female	IlluminaHiSeq	unknown	66796032.0	1	50	1	8	0.0
wHAXPI032661-41	0	ZhuF_2020	45.0	female	IlluminaHiSeq	unknown	86691054.0	1	46	1	8	0.0
wHAXPI032662-42	0	ZhuF_2020	24.0	male	IlluminaHiSeq	unknown	74263494.0	1	35	1	6	0.0
wHAXPI032663-45	0	ZhuF_2020	37.0	female	IlluminaHiSeq	unknown	66130778.0	1	83	1	11	0.0
wHAXPI032696-31	0	ZhuF_2020	26.0	male	IlluminaHiSeq	unknown	91499416.0	1	78	1	10	0.0
wHAXPI032780-47	0	ZhuF_2020	37.0	male	IlluminaHiSeq	unknown	94968120.0	1	59	1	6	0.0
wHAXPI032781-50	0	ZhuF_2020	37.0	female	IlluminaHiSeq	unknown	101650098.0	1	34	1	6	0.0
wHAXPI032782-54	0	ZhuF_2020	33.0	female	IlluminaHiSeq	unknown	101109440.0	1	63	1	7	0.0
wHAXPI032783-63	0	ZhuF_2020	28.0	male	IlluminaHiSeq	unknown	82825592.0	1	46	1	6	0.0
wHAXPI032784-74	0	ZhuF_2020	40.0	male	IlluminaHiSeq	unknown	94858206.0	1	67	1	9	0.0
wHAXPI032785-75	0	ZhuF_2020	50.0	female	IlluminaHiSeq	unknown	78598416.0	1	77	1	9	0.0
wHAXPI032786-80	0	ZhuF_2020	47.0	female	IlluminaHiSeq	unknown	72381496.0	1	170	1	15	0.0
wHAXPI032787-89	0	ZhuF_2020	58.0	female	IlluminaHiSeq	unknown	72725384.0	1	58	1	10	0.0
wHAXPI032788-111	0	ZhuF_2020	49.0	female	IlluminaHiSeq	unknown	75868944.0	1	80	1	10	0.0
wHAXPI032789-18	0	ZhuF_2020	59.0	male	IlluminaHiSeq	unknown	92671554.0	1	55	1	9	0.0
wHAXPI032790-19	0	ZhuF_2020	54.0	male	IlluminaHiSeq	unknown	84600106.0	1	54	1	8	0.0
wHAXPI032791-21	0	ZhuF_2020	49.0	female	IlluminaHiSeq	unknown	86542376.0	1	49	1	8	0.0
wHAXPI032792-22	0	ZhuF_2020	47.0	male	IlluminaHiSeq	unknown	84262352.0	1	50	1	7	0.0
wHAXPI032793-23	0	ZhuF_2020	64.0	male	IlluminaHiSeq	unknown	71780760.0	1	123	1	13	0.0
wHAXPI032794-24	0	ZhuF_2020	49.0	male	IlluminaHiSeq	unknown	92123396.0	1	69	1	10	0.0
wHAXPI032795-25	0	ZhuF_2020	60.0	male	IlluminaHiSeq	unknown	73716296.0	1	71	1	8	0.0
wHAXPI032796-26	0	ZhuF_2020	52.0	male	IlluminaHiSeq	unknown	83159966.0	1	104	1	14	0.0
wHAXPI032797-27	0	ZhuF_2020	59.0	female	IlluminaHiSeq	unknown	89920904.0	1	107	1	13	0.0
wHAXPI032798-28	0	ZhuF_2020	47.0	female	IlluminaHiSeq	unknown	86230282.0	1	62	1	9	0.0
wHAXPI032799-29	0	ZhuF_2020	55.0	female	IlluminaHiSeq	unknown	81707758.0	1	164	1	16	0.0
wHAXPI032800-31	0	ZhuF_2020	48.0	male	IlluminaHiSeq	unknown	89075774.0	1	65	1	11	0.0
wHAXPI032801-32	0	ZhuF_2020	50.0	female	IlluminaHiSeq	unknown	81381390.0	1	136	1	19	0.0
wHAXPI032802-34	0	ZhuF_2020	30.0	female	IlluminaHiSeq	unknown	77466672.0	1	39	1	9	0.0
wHAXPI032803-36	0	ZhuF_2020	36.0	female	IlluminaHiSeq	unknown	73306604.0	1	35	1	9	0.0
wHAXPI033635-78	0	ZhuF_2020	36.0	female	IlluminaHiSeq	unknown	65049374.0	1	71	2	11	0.0
wHAXPI033788-13	0	ZhuF_2020	27.0	female	IlluminaHiSeq	unknown	71669636.0	1	66	1	8	0.0
wHAXPI033789-15	0	ZhuF_2020	27.0	female	IlluminaHiSeq	unknown	65682408.0	1	49	1	5	0.0
wHAXPI033832-61	0	ZhuF_2020	31.0	male	IlluminaHiSeq	unknown	86678482.0	1	33	1	4	0.0
wHAXPI033833-63	0	ZhuF_2020	26.0	male	IlluminaHiSeq	unknown	92793624.0	1	79	1	11	0.0
wHAXPI034447-36	0	ZhuF_2020	25.0	female	IlluminaHiSeq	unknown	54033198.0	1	86	1	8	0.0
wHAXPI034448-37	0	ZhuF_2020	27.0	female	IlluminaHiSeq	unknown	51498426.0	1	110	1	7	0.0
wHAXPI034449-39	0	ZhuF_2020	42.0	female	IlluminaHiSeq	unknown	58421612.0	1	110	1	10	0.0
wHAXPI034450-40	0	ZhuF_2020	24.0	male	IlluminaHiSeq	unknown	55120694.0	1	59	1	6	0.0
wHAXPI034451-47	0	ZhuF_2020	22.0	male	IlluminaHiSeq	unknown	71518692.0	1	78	1	12	0.0
wHAXPI034452-50	0	ZhuF_2020	24.0	male	IlluminaHiSeq	unknown	71426812.0	1	52	1	7	0.0
wHAXPI034453-52	0	ZhuF_2020	23.0	female	IlluminaHiSeq	unknown	72322372.0	1	67	1	8	0.0
wHAXPI034454-53	0	ZhuF_2020	22.0	male	IlluminaHiSeq	unknown	81808600.0	1	108	1	14	0.0
wHAXPI034455-54	0	ZhuF_2020	23.0	male	IlluminaHiSeq	unknown	81188606.0	1	70	1	8	0.0
wHAXPI034459-60	0	ZhuF_2020	22.0	male	IlluminaHiSeq	unknown	73048330.0	1	96	1	10	0.0
wHAXPI034460-61	0	ZhuF_2020	22.0	male	IlluminaHiSeq	unknown	100823752.0	1	133	1	12	0.0
wHAXPI034461-62	0	ZhuF_2020	23.0	male	IlluminaHiSeq	unknown	101176560.0	1	49	1	9	0.0
wHAXPI034462-63	0	ZhuF_2020	21.0	male	IlluminaHiSeq	unknown	68578482.0	1	28	1	3	0.0
wHAXPI034463-68	0	ZhuF_2020	21.0	male	IlluminaHiSeq	unknown	52099644.0	1	14	1	3	0.0
wHAXPI034464-70	0	ZhuF_2020	20.0	male	IlluminaHiSeq	unknown	59637094.0	1	41	1	4	0.0
wHAXPI034465-71	0	ZhuF_2020	18.0	male	IlluminaHiSeq	unknown	64236114.0	1	47	1	9	0.0
wHAXPI034466-72	0	ZhuF_2020	18.0	male	IlluminaHiSeq	unknown	37163456.0	1	63	1	8	0.0
wHAXPI034467-73	0	ZhuF_2020	25.0	female	IlluminaHiSeq	unknown	39294906.0	1	80	1	11	0.0
wHAXPI034468-74	0	ZhuF_2020	22.0	female	IlluminaHiSeq	unknown	93168664.0	1	150	1	17	0.0
wHAXPI034918-16	0	ZhuF_2020	24.0	female	IlluminaHiSeq	unknown	69291720.0	1	133	1	16	0.0
wHAXPI034919-17	0	ZhuF_2020	21.0	male	IlluminaHiSeq	unknown	81578056.0	1	35	1	6	0.0
wHAXPI034920-8	0	ZhuF_2020	21.0	male	IlluminaHiSeq	unknown	77771106.0	1	27	1	6	0.0
wHAXPI034921-9	0	ZhuF_2020	23.0	male	IlluminaHiSeq	unknown	72638656.0	1	79	1	8	0.0
wHAXPI034922-11	0	ZhuF_2020	21.0	male	IlluminaHiSeq	unknown	88897676.0	1	17	1	5	0.0
wHAXPI034923-12	0	ZhuF_2020	22.0	male	IlluminaHiSeq	unknown	100560086.0	1	57	1	10	0.0
wHAXPI034926-15	0	ZhuF_2020	22.0	male	IlluminaHiSeq	unknown	83810834.0	1	44	1	7	0.0
JAS_1	1	KaurK_2020	32.0	male	IlluminaHiSeq	ZR_Fecal_DNA_MiniPrep	53559856.0	1	239	1	23	0.0
JAS_10	1	KaurK_2020	20.0	male	IlluminaHiSeq	ZR_Fecal_DNA_MiniPrep	53978578.0	0	67	0	7	0.0
JAS_2	1	KaurK_2020	35.0	male	IlluminaHiSeq	ZR_Fecal_DNA_MiniPrep	48485646.0	0	262	0	28	0.0
JAS_3	1	KaurK_2020	58.0	male	IlluminaHiSeq	ZR_Fecal_DNA_MiniPrep	53913514.0	1	111	1	15	0.0
JAS_4	1	KaurK_2020	55.0	female	IlluminaHiSeq	ZR_Fecal_DNA_MiniPrep	48417708.0	1	167	1	17	0.0
JAS_5	1	KaurK_2020	32.0	male	IlluminaHiSeq	ZR_Fecal_DNA_MiniPrep	42421876.0	1	133	1	15	0.0
JAS_6	1	KaurK_2020	18.0	male	IlluminaHiSeq	ZR_Fecal_DNA_MiniPrep	72629096.0	1	192	1	16	0.0
JAS_7	1	KaurK_2020	22.0	male	IlluminaHiSeq	ZR_Fecal_DNA_MiniPrep	47917980.0	1	110	1	14	0.0
JAS_8	1	KaurK_2020	37.0	female	IlluminaHiSeq	ZR_Fecal_DNA_MiniPrep	43755314.0	0	186	0	19	0.0
JAS_9	1	KaurK_2020	20.0	male	IlluminaHiSeq	ZR_Fecal_DNA_MiniPrep	45393268.0	1	136	1	15	0.0
KHG_1	1	KaurK_2020	31.0	male	IlluminaHiSeq	ZR_Fecal_DNA_MiniPrep	62066730.0	1	62	1	14	0.0
KHG_10	1	KaurK_2020	33.0	male	IlluminaHiSeq	ZR_Fecal_DNA_MiniPrep	45252840.0	1	108	1	16	0.0
KHG_11	1	KaurK_2020	35.0	male	IlluminaHiSeq	ZR_Fecal_DNA_MiniPrep	46905144.0	1	85	1	16	0.0
KHG_12	1	KaurK_2020	24.0	male	IlluminaHiSeq	ZR_Fecal_DNA_MiniPrep	52883420.0	1	98	1	18	0.0
KHG_2	1	KaurK_2020	33.0	male	IlluminaHiSeq	ZR_Fecal_DNA_MiniPrep	52756946.0	1	83	1	13	0.0
KHG_3	1	KaurK_2020	45.0	male	IlluminaHiSeq	ZR_Fecal_DNA_MiniPrep	43027624.0	1	74	1	9	0.0
KHG_4	1	KaurK_2020	22.0	male	IlluminaHiSeq	ZR_Fecal_DNA_MiniPrep	43189440.0	1	86	1	12	0.0
KHG_5	1	KaurK_2020	28.0	male	IlluminaHiSeq	ZR_Fecal_DNA_MiniPrep	46989968.0	1	143	1	21	0.0
KHG_6	1	KaurK_2020	19.0	male	IlluminaHiSeq	ZR_Fecal_DNA_MiniPrep	50880608.0	1	171	1	17	0.0
KHG_7	1	KaurK_2020	35.0	male	IlluminaHiSeq	ZR_Fecal_DNA_MiniPrep	44877082.0	1	178	1	29	0.0
KHG_8	1	KaurK_2020	27.0	male	IlluminaHiSeq	ZR_Fecal_DNA_MiniPrep	47332252.0	1	53	1	12	0.0
KHG_9	1	KaurK_2020	29.0	male	IlluminaHiSeq	ZR_Fecal_DNA_MiniPrep	50423330.0	1	135	1	20	0.0
LDK_1-2	1	KaurK_2020	56.0	female	IlluminaHiSeq	ZR_Fecal_DNA_MiniPrep	72741228.0	1	200	2	20	0.0
LDK_2	1	KaurK_2020	23.0	male	IlluminaHiSeq	ZR_Fecal_DNA_MiniPrep	64479818.0	1	189	1	18	0.0
LDK_3	1	KaurK_2020	50.0	male	IlluminaHiSeq	ZR_Fecal_DNA_MiniPrep	73723530.0	0	161	0	19	0.0
LDK_4	1	KaurK_2020	36.0	male	IlluminaHiSeq	ZR_Fecal_DNA_MiniPrep	99095190.0	1	155	1	21	0.0
LDK_5	1	KaurK_2020	31.0	male	IlluminaHiSeq	ZR_Fecal_DNA_MiniPrep	74234536.0	1	160	1	20	0.0
LDK_6	1	KaurK_2020	46.0	male	IlluminaHiSeq	ZR_Fecal_DNA_MiniPrep	79901130.0	1	175	1	18	0.0
LDK_7	1	KaurK_2020	44.0	male	IlluminaHiSeq	ZR_Fecal_DNA_MiniPrep	78154746.0	0	234	0	27	0.0
LDK_8	1	KaurK_2020	29.0	male	IlluminaHiSeq	ZR_Fecal_DNA_MiniPrep	66379172.0	1	130	1	13	0.0
LDK_9	1	KaurK_2020	40.0	male	IlluminaHiSeq	ZR_Fecal_DNA_MiniPrep	64011220.0	1	127	1	16	0.0
SID01B_221	1	PehrssonE_2016	64.0	male	IlluminaNextSeq	unknown	2056260.0	0	28	0	3	0.0
SID01A_220	1	PehrssonE_2016	57.0	female	IlluminaNextSeq	unknown	1949860.0	1	50	1	6	0.0
SID09B_516	1	PehrssonE_2016	37.0	female	IlluminaHiSeq	unknown	15081788.0	1	113	1	10	0.0
SID09A_515	1	PehrssonE_2016	40.0	male	IlluminaHiSeq	unknown	13284850.0	1	123	1	10	0.0
SID08I_545	1	PehrssonE_2016	27.0	female	IlluminaHiSeq	unknown	6311282.0	1	84	1	11	0.0
SID08D_572	1	PehrssonE_2016	20.0	male	IlluminaHiSeq	unknown	6128663.0	1	154	1	16	0.0
SID07C_541	1	PehrssonE_2016	44.0	male	IlluminaHiSeq	unknown	9905057.0	1	125	1	15	0.0
SID07A_558	1	PehrssonE_2016	41.0	female	IlluminaHiSeq	unknown	11091375.0	1	152	1	14	0.0
SID04E_563	1	PehrssonE_2016	47.0	male	IlluminaHiSeq	unknown	12340625.0	1	118	1	11	0.0
SID04D_562	1	PehrssonE_2016	50.0	female	IlluminaHiSeq	unknown	9053583.0	1	154	1	15	0.0
SID04B_564	1	PehrssonE_2016	18.0	female	IlluminaHiSeq	unknown	8956432.0	1	104	1	10	0.0
SID02A_561	1	PehrssonE_2016	34.0	female	IlluminaHiSeq	unknown	3414323.0	1	74	1	11	0.0
SID01I_569	1	PehrssonE_2016	33.0	male	IlluminaHiSeq	unknown	14933904.0	1	200	1	19	0.0
SID01H_568	1	PehrssonE_2016	28.0	female	IlluminaHiSeq	unknown	16143176.0	1	90	1	6	0.0
SID01F_573	1	PehrssonE_2016	31.0	male	IlluminaHiSeq	unknown	12989973.0	1	100	1	8	0.0
SID01D_570	1	PehrssonE_2016	33.0	male	IlluminaHiSeq	unknown	11710708.0	1	158	1	13	0.0
SID01C_566	1	PehrssonE_2016	32.0	female	IlluminaHiSeq	unknown	16559474.0	1	153	1	19	0.0
SID08A_000	1	PehrssonE_2016	49.0	female	IlluminaHiSeq	unknown	7618204.0	1	169	1	16	0.0
SID05D_000	1	PehrssonE_2016	21.0	male	IlluminaHiSeq	unknown	6379130.0	1	63	1	11	0.0
SID05B_000	1	PehrssonE_2016	44.0	male	IlluminaHiSeq	unknown	3546269.0	1	83	1	10	0.0
SID05A_000	1	PehrssonE_2016	46.0	female	IlluminaHiSeq	unknown	9402510.0	1	155	1	16	0.0
SID03F_000	1	PehrssonE_2016	20.0	female	IlluminaHiSeq	unknown	7556141.0	1	97	1	11	0.0
SID03E_000	1	PehrssonE_2016	29.0	female	IlluminaHiSeq	unknown	4389689.0	1	119	1	11	0.0
SID03C_000	1	PehrssonE_2016	19.0	male	IlluminaHiSeq	unknown	10264850.0	1	162	1	15	0.0
SID03B_000	1	PehrssonE_2016	58.0	female	IlluminaHiSeq	unknown	12616895.0	1	183	1	18	0.0
SID03A_000	1	PehrssonE_2016	67.0	male	IlluminaHiSeq	unknown	10115438.0	1	151	1	16	0.0
SID01E_000	1	PehrssonE_2016	31.0	female	IlluminaHiSeq	unknown	10580246.0	1	110	1	14	0.0
SID01B_000	1	PehrssonE_2016	64.0	male	IlluminaHiSeq	unknown	11532512.0	1	169	1	16	0.0
SID01A_000	1	PehrssonE_2016	56.0	female	IlluminaHiSeq	unknown	6998580.0	1	65	1	6	0.0
SID250502	1	PehrssonE_2016	22.0	male	IlluminaHiSeq	unknown	17667032.0	1	246	1	26	0.0
SID250501	1	PehrssonE_2016	22.0	male	IlluminaHiSeq	unknown	15116519.0	1	130	1	17	0.0
SID250301	1	PehrssonE_2016	19.0	female	IlluminaHiSeq	unknown	8662051.0	0	107	0	17	0.0
SID250104	1	PehrssonE_2016	56.0	female	IlluminaHiSeq	unknown	11729348.0	1	90	1	19	0.0
SID250102	1	PehrssonE_2016	55.0	female	IlluminaHiSeq	unknown	8549112.0	0	46	0	28	0.0
SID250101	1	PehrssonE_2016	55.0	female	IlluminaHiSeq	unknown	16573269.0	1	57	1	25	0.0
SID240402	1	PehrssonE_2016	84.0	female	IlluminaHiSeq	unknown	16337193.0	1	179	1	51	0.0
SID240401	1	PehrssonE_2016	84.0	female	IlluminaHiSeq	unknown	4042195.0	0	13	0	11	0.0
SID240202	1	PehrssonE_2016	44.0	female	IlluminaHiSeq	unknown	6942627.0	1	161	1	22	0.0
SID240201	1	PehrssonE_2016	44.0	female	IlluminaHiSeq	unknown	18903532.0	1	260	1	27	0.0
SID240104	1	PehrssonE_2016	56.0	female	IlluminaHiSeq	unknown	15293783.0	1	134	1	18	0.0
SID240102	1	PehrssonE_2016	55.0	female	IlluminaHiSeq	unknown	9628782.0	0	114	0	16	0.0
SID210204	1	PehrssonE_2016	76.0	male	IlluminaHiSeq	unknown	8841421.0	1	107	1	9	0.0
SID240101	1	PehrssonE_2016	55.0	female	IlluminaHiSeq	unknown	13864100.0	1	186	1	23	0.0
SID210304	1	PehrssonE_2016	27.0	female	IlluminaHiSeq	unknown	12842964.0	1	265	1	22	0.0
SID210302	1	PehrssonE_2016	26.0	female	IlluminaHiSeq	unknown	8590296.0	1	181	1	15	0.0
SID210301	1	PehrssonE_2016	26.0	female	IlluminaHiSeq	unknown	15732297.0	1	169	1	19	0.0
SID210201	1	PehrssonE_2016	75.0	male	IlluminaHiSeq	unknown	8720309.0	1	87	1	11	0.0
SID210104	1	PehrssonE_2016	56.0	female	IlluminaHiSeq	unknown	12951686.0	1	106	1	15	0.0
SID210102	1	PehrssonE_2016	55.0	female	IlluminaHiSeq	unknown	13802384.0	1	138	1	19	0.0
SID210101	1	PehrssonE_2016	55.0	female	IlluminaHiSeq	unknown	13761936.0	1	173	1	22	0.0
SID190104	1	PehrssonE_2016	58.0	male	IlluminaHiSeq	unknown	10489144.0	1	198	1	21	0.0
SID190101	1	PehrssonE_2016	57.0	male	IlluminaHiSeq	unknown	16049407.0	1	201	1	24	0.0
SID140304	1	PehrssonE_2016	27.0	male	IlluminaHiSeq	unknown	4005061.0	1	66	1	10	0.0
SID140302	1	PehrssonE_2016	26.0	male	IlluminaHiSeq	unknown	9155055.0	1	157	1	18	0.0
SID140301	1	PehrssonE_2016	26.0	male	IlluminaHiSeq	unknown	9141306.0	1	96	1	11	0.0
SID140202	1	PehrssonE_2016	24.0	female	IlluminaHiSeq	unknown	7937377.0	1	234	1	20	0.0
SID140201	1	PehrssonE_2016	24.0	female	IlluminaHiSeq	unknown	6129429.0	1	165	1	14	0.0
SID100204	1	PehrssonE_2016	23.0	female	IlluminaHiSeq	unknown	7409352.0	1	115	1	20	0.0
SID100202	1	PehrssonE_2016	22.0	female	IlluminaHiSeq	unknown	5138536.0	1	137	1	17	0.0
SID100201	1	PehrssonE_2016	22.0	female	IlluminaHiSeq	unknown	7681582.0	0	204	0	20	0.0
SID090201	1	PehrssonE_2016	64.0	male	IlluminaHiSeq	unknown	9467255.0	1	156	1	24	0.0
SID090102	1	PehrssonE_2016	57.0	female	IlluminaHiSeq	unknown	5534001.0	1	168	1	21	0.0
SID090101	1	PehrssonE_2016	57.0	female	IlluminaHiSeq	unknown	3500548.0	1	132	1	18	0.0
SID080104	1	PehrssonE_2016	30.0	female	IlluminaHiSeq	unknown	9586013.0	1	151	1	23	0.0
SID080102	1	PehrssonE_2016	29.0	female	IlluminaHiSeq	unknown	4487645.0	0	133	0	18	0.0
SID080101	1	PehrssonE_2016	29.0	female	IlluminaHiSeq	unknown	10435312.0	0	136	0	19	0.0
SID060201	1	PehrssonE_2016	32.0	female	IlluminaHiSeq	unknown	8461101.0	0	213	0	19	0.0
SID030704	1	PehrssonE_2016	41.0	male	IlluminaHiSeq	unknown	5463708.0	1	119	1	18	0.0
SID030702	1	PehrssonE_2016	40.0	male	IlluminaHiSeq	unknown	8998600.0	1	201	1	23	0.0
SID030104	1	PehrssonE_2016	44.0	female	IlluminaHiSeq	unknown	6073397.0	1	131	1	21	0.0
SID030102	1	PehrssonE_2016	43.0	female	IlluminaHiSeq	unknown	16978264.0	1	87	1	15	0.0
SID020104	1	PehrssonE_2016	27.0	female	IlluminaHiSeq	unknown	7054974.0	1	178	1	20	0.0
SID020102	1	PehrssonE_2016	26.0	female	IlluminaHiSeq	unknown	12141537.0	1	243	1	25	0.0
SID020101	1	PehrssonE_2016	26.0	female	IlluminaHiSeq	unknown	11148772.0	1	227	1	23	0.0
SID010404	1	PehrssonE_2016	31.0	male	IlluminaHiSeq	unknown	8200022.0	1	122	1	16	0.0
SID010402	1	PehrssonE_2016	30.0	male	IlluminaHiSeq	unknown	5742164.0	1	134	1	20	0.0
SID010401	1	PehrssonE_2016	30.0	male	IlluminaHiSeq	unknown	15378512.0	1	90	1	17	0.0
SID010304	1	PehrssonE_2016	43.0	male	IlluminaHiSeq	unknown	7447988.0	1	213	1	25	0.0
SID010302	1	PehrssonE_2016	42.0	male	IlluminaHiSeq	unknown	9474946.0	1	195	1	22	0.0
SID010301	1	PehrssonE_2016	42.0	male	IlluminaHiSeq	unknown	10554738.0	1	202	1	19	0.0
SID010204	1	PehrssonE_2016	69.0	female	IlluminaHiSeq	unknown	4584373.0	1	164	1	17	0.0
SID010202	1	PehrssonE_2016	68.0	female	IlluminaHiSeq	unknown	13483985.0	1	188	1	19	0.0
SID010201	1	PehrssonE_2016	68.0	female	IlluminaHiSeq	unknown	8263765.0	1	189	1	23	0.0
SID010104	1	PehrssonE_2016	74.0	male	IlluminaHiSeq	unknown	8641734.0	1	195	1	20	0.0
SID010102	1	PehrssonE_2016	73.0	male	IlluminaHiSeq	unknown	10865609.0	1	235	1	25	0.0
SID010101	1	PehrssonE_2016	73.0	male	IlluminaHiSeq	unknown	9135316.0	1	204	1	20	0.0
SID08I_170	1	PehrssonE_2016	27.0	female	IlluminaHiSeq	unknown	24825531.0	1	200	1	24	0.0
SID08D_257	1	PehrssonE_2016	21.0	male	IlluminaHiSeq	unknown	16495370.0	1	172	1	17	0.0
SID08A_236	1	PehrssonE_2016	50.0	female	IlluminaHiSeq	unknown	12054641.0	1	166	1	16	0.0
SID01H_202	1	PehrssonE_2016	28.0	female	IlluminaHiSeq	unknown	12945817.0	1	80	1	8	0.0
SID01F_239	1	PehrssonE_2016	30.0	male	IlluminaHiSeq	unknown	8853260.0	0	13	0	2	0.0
SID01E_191	1	PehrssonE_2016	32.0	female	IlluminaHiSeq	unknown	7659013.0	1	67	1	6	0.0
SID01D_190	1	PehrssonE_2016	32.0	male	IlluminaHiSeq	unknown	8099568.0	1	59	1	5	0.0
SID01C_235	1	PehrssonE_2016	32.0	female	IlluminaHiSeq	unknown	6040113.0	1	49	1	3	0.0
SID08J_078	1	PehrssonE_2016	24.0	male	IlluminaHiSeq	unknown	4925559.0	0	24	0	4	0.0
SID08I_009	1	PehrssonE_2016	27.0	female	IlluminaHiSeq	unknown	12871047.0	1	46	1	7	0.0
SID08D_079	1	PehrssonE_2016	20.0	male	IlluminaHiSeq	unknown	3131749.0	0	15	0	3	0.0
SID08C_021	1	PehrssonE_2016	23.0	male	IlluminaHiSeq	unknown	3637657.0	0	17	0	4	0.0
SID08B_044	1	PehrssonE_2016	63.0	male	IlluminaHiSeq	unknown	7476471.0	0	36	0	6	0.0
SID08A_022	1	PehrssonE_2016	49.0	female	IlluminaHiSeq	unknown	17007613.0	1	56	1	9	0.0
SID060102	1	PehrssonE_2016	33.0	male	IlluminaHiSeq	unknown	7311407.0	0	50	0	9	0.0
SID060101	1	PehrssonE_2016	33.0	male	IlluminaHiSeq	unknown	6100406.0	1	51	1	11	0.0
SID040303	1	PehrssonE_2016	77.0	male	IlluminaHiSeq	unknown	24407709.0	0	135	0	15	0.0
SID040301	1	PehrssonE_2016	77.0	male	IlluminaHiSeq	unknown	3274119.0	0	38	0	7	0.0
SID040203	1	PehrssonE_2016	43.0	male	IlluminaHiSeq	unknown	11617073.0	1	82	1	15	0.0
SID040202	1	PehrssonE_2016	43.0	male	IlluminaHiSeq	unknown	1880439.0	0	24	0	9	0.0
SID040201	1	PehrssonE_2016	43.0	male	IlluminaHiSeq	unknown	6834011.0	1	35	1	5	0.0
SID040101	1	PehrssonE_2016	66.0	female	IlluminaHiSeq	unknown	9101353.0	1	100	1	16	0.0
SID030701	1	PehrssonE_2016	40.0	male	IlluminaHiSeq	unknown	3718425.0	1	40	1	10	0.0
SID030101	1	PehrssonE_2016	43.0	female	IlluminaHiSeq	unknown	8963160.0	1	103	1	14	0.0
SID01I_012	1	PehrssonE_2016	32.0	male	IlluminaHiSeq	unknown	1474806.0	0	10	0	0	0.0
SID01H_011	1	PehrssonE_2016	28.0	female	IlluminaHiSeq	unknown	12719015.0	0	8	0	1	0.0
SID01E_015	1	PehrssonE_2016	31.0	female	IlluminaHiSeq	unknown	4627770.0	1	9	1	1	0.0
SID01D_013	1	PehrssonE_2016	32.0	male	IlluminaHiSeq	unknown	5585681.0	1	15	1	1	0.0
SID01B_007	1	PehrssonE_2016	64.0	male	IlluminaHiSeq	unknown	3851417.0	0	16	0	1	0.0
SID01A_006	1	PehrssonE_2016	56.0	female	IlluminaHiSeq	unknown	9283197.0	0	26	0	6	0.0
SID040304	1	PehrssonE_2016	78.0	male	IlluminaHiSeq	unknown	3419734.0	0	44	0	12	0.0
SID040204	1	PehrssonE_2016	44.0	male	IlluminaHiSeq	unknown	5606602.0	1	35	1	7	0.0
SID040104	1	PehrssonE_2016	67.0	female	IlluminaHiSeq	unknown	3542326.0	0	49	0	9	0.0
SID060202	1	PehrssonE_2016	32.0	female	IlluminaHiSeq	unknown	8278063.0	0	145	0	16	0.0
SID6e3acb30-7ae6-11e9-a106-68b59976a384	0	ShaoY_2019	48.0	male	IlluminaHiSeq	MPBio	21190488.0	1	52	1	3	0.0
SID6e7c2148-7ae6-11e9-a106-68b59976a384	0	ShaoY_2019	38.0	male	IlluminaHiSeq	MPBio	23814948.0	1	129	1	14	0.0
SID6e9d0840-7ae6-11e9-a106-68b59976a384	0	ShaoY_2019	32.0	male	IlluminaHiSeq	MPBio	21816740.0	1	53	1	5	0.0
SID700c8430-7ae6-11e9-a106-68b59976a384	0	ShaoY_2019	32.0	female	IlluminaHiSeq	MPBio	18739986.0	1	85	1	10	0.0
SID70e28256-7ae6-11e9-a106-68b59976a384	0	ShaoY_2019	42.0	male	IlluminaHiSeq	MPBio	19984714.0	1	33	1	4	0.0
SID717eeab0-7ae6-11e9-a106-68b59976a384	0	ShaoY_2019	28.0	male	IlluminaHiSeq	MPBio	21768160.0	1	38	1	7	0.0
SID727c3062-7ae6-11e9-a106-68b59976a384	0	ShaoY_2019	32.0	female	IlluminaHiSeq	MPBio	20759052.0	1	112	1	16	0.0
SID72970d10-7ae6-11e9-a106-68b59976a384	0	ShaoY_2019	42.0	female	IlluminaHiSeq	MPBio	21427586.0	1	165	1	22	0.0
SID72d9530a-7ae6-11e9-a106-68b59976a384	0	ShaoY_2019	38.0	male	IlluminaHiSeq	MPBio	18776216.0	1	109	1	12	0.0
SID7485c698-7ae6-11e9-a106-68b59976a384	0	ShaoY_2019	32.0	female	IlluminaHiSeq	MPBio	20121794.0	1	93	1	14	0.0
SID760171c0-7ae6-11e9-a106-68b59976a384	0	ShaoY_2019	28.0	male	IlluminaHiSeq	MPBio	20021178.0	1	198	1	22	0.0
SID7c08e760-7ae6-11e9-a106-68b59976a384	0	ShaoY_2019	28.0	female	IlluminaHiSeq	MPBio	20063978.0	1	90	1	12	0.0
SID7d1e1012-7ae6-11e9-a106-68b59976a384	0	ShaoY_2019	28.0	male	IlluminaHiSeq	MPBio	24805982.0	1	69	1	9	0.0
SID82541914-7ae6-11e9-a106-68b59976a384	0	ShaoY_2019	38.0	male	IlluminaHiSeq	MPBio	24097992.0	0	98	0	12	0.0
SID82cef03a-7ae6-11e9-a106-68b59976a384	0	ShaoY_2019	32.0	male	IlluminaHiSeq	MPBio	18756772.0	0	95	0	11	0.0
SID836f1650-7ae6-11e9-a106-68b59976a384	0	ShaoY_2019	38.0	male	IlluminaHiSeq	MPBio	18914776.0	1	111	1	8	0.0
SID83d4ca54-7ae6-11e9-a106-68b59976a384	0	ShaoY_2019	32.0	female	IlluminaHiSeq	MPBio	22025762.0	1	33	1	3	0.0
SID864470dc-7ae6-11e9-a106-68b59976a384	0	ShaoY_2019	32.0	male	IlluminaHiSeq	MPBio	20075690.0	1	127	1	11	0.0
SID872a755a-7ae6-11e9-a106-68b59976a384	0	ShaoY_2019	42.0	female	IlluminaHiSeq	MPBio	17817504.0	1	104	1	14	0.0
SID887747d0-7ae6-11e9-a106-68b59976a384	0	ShaoY_2019	32.0	male	IlluminaHiSeq	MPBio	17858796.0	1	95	1	15	0.0
SID88dfb37e-7ae6-11e9-a106-68b59976a384	0	ShaoY_2019	38.0	female	IlluminaHiSeq	MPBio	21049414.0	1	110	1	14	0.0
SID89f0a20a-7ae6-11e9-a106-68b59976a384	0	ShaoY_2019	32.0	female	IlluminaHiSeq	MPBio	17213796.0	1	82	1	10	0.0
SID8a780592-7ae6-11e9-a106-68b59976a384	0	ShaoY_2019	38.0	male	IlluminaHiSeq	MPBio	18346536.0	1	78	1	9	0.0
SID8bf12836-7ae6-11e9-a106-68b59976a384	0	ShaoY_2019	38.0	male	IlluminaHiSeq	MPBio	21184686.0	1	63	2	3	0.0
SID8d1d85c4-7ae6-11e9-a106-68b59976a384	0	ShaoY_2019	28.0	female	IlluminaHiSeq	MPBio	22767146.0	0	76	0	9	0.0
SID8d635d10-7ae6-11e9-a106-68b59976a384	0	ShaoY_2019	38.0	male	IlluminaHiSeq	MPBio	22933620.0	0	82	0	9	0.0
SID8d8e2e1e-7ae6-11e9-a106-68b59976a384	0	ShaoY_2019	38.0	male	IlluminaHiSeq	MPBio	19757242.0	1	30	1	5	0.0
SID8deaaca2-7ae6-11e9-a106-68b59976a384	0	ShaoY_2019	32.0	male	IlluminaHiSeq	MPBio	22019630.0	1	65	1	6	0.0
SID92364b04-7ae6-11e9-a106-68b59976a384	0	ShaoY_2019	22.0	male	IlluminaHiSeq	MPBio	18577674.0	1	82	1	9	0.0
SID9406e8e4-7ae6-11e9-a106-68b59976a384	0	ShaoY_2019	38.0	male	IlluminaHiSeq	MPBio	23264824.0	0	131	0	15	0.0
SID95da1b6e-7ae6-11e9-a106-68b59976a384	0	ShaoY_2019	32.0	female	IlluminaHiSeq	MPBio	22010706.0	1	27	1	1	0.0
SID99aef624-7ae6-11e9-a106-68b59976a384	0	ShaoY_2019	32.0	male	IlluminaHiSeq	MPBio	18544644.0	0	99	0	12	0.0
SID9a7499c4-7ae6-11e9-a106-68b59976a384	0	ShaoY_2019	32.0	female	IlluminaHiSeq	MPBio	18643686.0	1	77	1	8	0.0
SID9f6e3980-7ae6-11e9-a106-68b59976a384	0	ShaoY_2019	38.0	male	IlluminaHiSeq	MPBio	20429972.0	1	53	1	4	0.0
SID9fa06888-7ae6-11e9-a106-68b59976a384	0	ShaoY_2019	28.0	male	IlluminaHiSeq	MPBio	18602918.0	0	71	0	6	0.0
SID9feee594-7ae6-11e9-a106-68b59976a384	0	ShaoY_2019	22.0	female	IlluminaHiSeq	MPBio	19522322.0	1	100	1	11	0.0
a00820d6-7ae6-11e9-a106-68b59976a384	0	ShaoY_2019	32.0	male	IlluminaHiSeq	MPBio	18373016.0	1	73	1	8	0.0
a053077c-7ae6-11e9-a106-68b59976a384	0	ShaoY_2019	38.0	female	IlluminaHiSeq	MPBio	17709304.0	1	37	1	3	0.0
a0dd2164-7ae6-11e9-a106-68b59976a384	0	ShaoY_2019	32.0	male	IlluminaHiSeq	MPBio	15577534.0	0	43	0	5	0.0
a1763c0a-7ae6-11e9-a106-68b59976a384	0	ShaoY_2019	28.0	male	IlluminaHiSeq	MPBio	18547774.0	1	50	1	5	0.0
a3870ed4-7ae6-11e9-a106-68b59976a384	0	ShaoY_2019	28.0	female	IlluminaHiSeq	MPBio	22177794.0	1	35	1	2	0.0
a3fdb96c-7ae6-11e9-a106-68b59976a384	0	ShaoY_2019	22.0	female	IlluminaHiSeq	MPBio	22229172.0	1	98	1	8	0.0
a52f3978-7ae6-11e9-a106-68b59976a384	0	ShaoY_2019	22.0	male	IlluminaHiSeq	MPBio	22825026.0	1	13	1	0	0.0
a56dbb12-7ae6-11e9-a106-68b59976a384	0	ShaoY_2019	32.0	male	IlluminaHiSeq	MPBio	15444860.0	1	33	1	7	0.0
a622098c-7ae6-11e9-a106-68b59976a384	0	ShaoY_2019	28.0	male	IlluminaHiSeq	MPBio	14437166.0	1	82	1	8	0.0
a77f1ba8-7ae6-11e9-a106-68b59976a384	0	ShaoY_2019	32.0	male	IlluminaHiSeq	MPBio	14246050.0	1	120	1	11	0.0
a7e4e01e-7ae6-11e9-a106-68b59976a384	0	ShaoY_2019	28.0	male	IlluminaHiSeq	MPBio	22722080.0	1	22	1	1	0.0
aa5efffa-7ae6-11e9-a106-68b59976a384	0	ShaoY_2019	38.0	female	IlluminaHiSeq	MPBio	20205492.0	1	31	1	4	0.0
b03782da-7ae6-11e9-a106-68b59976a384	0	ShaoY_2019	38.0	female	IlluminaHiSeq	MPBio	21721792.0	0	121	0	11	0.0
b0a50dd2-7ae6-11e9-a106-68b59976a384	0	ShaoY_2019	32.0	male	IlluminaHiSeq	MPBio	22266338.0	1	140	1	14	0.0
b10765fe-7ae6-11e9-a106-68b59976a384	0	ShaoY_2019	38.0	female	IlluminaHiSeq	MPBio	19528964.0	0	66	0	8	0.0
b177d424-7ae6-11e9-a106-68b59976a384	0	ShaoY_2019	32.0	female	IlluminaHiSeq	MPBio	22790604.0	1	24	1	2	0.0
b5606934-7ae6-11e9-a106-68b59976a384	0	ShaoY_2019	32.0	male	IlluminaHiSeq	MPBio	17684432.0	1	95	1	11	0.0
b642688e-7ae6-11e9-a106-68b59976a384	0	ShaoY_2019	42.0	male	IlluminaHiSeq	MPBio	19261586.0	1	95	1	11	0.0
b67500c8-7ae6-11e9-a106-68b59976a384	0	ShaoY_2019	28.0	female	IlluminaHiSeq	MPBio	21486018.0	0	60	0	7	0.0
b7f21184-7ae6-11e9-a106-68b59976a384	0	ShaoY_2019	28.0	male	IlluminaHiSeq	MPBio	17280814.0	1	47	1	3	0.0
b8980558-7ae6-11e9-a106-68b59976a384	0	ShaoY_2019	32.0	male	IlluminaHiSeq	MPBio	19050916.0	1	143	1	19	0.0
bd6fbabc-7ae6-11e9-a106-68b59976a384	0	ShaoY_2019	22.0	female	IlluminaHiSeq	MPBio	22542512.0	1	49	1	6	0.0
bfeecb70-7ae6-11e9-a106-68b59976a384	0	ShaoY_2019	32.0	female	IlluminaHiSeq	MPBio	25744750.0	1	70	1	7	0.0
c0855176-7ae6-11e9-a106-68b59976a384	0	ShaoY_2019	38.0	male	IlluminaHiSeq	MPBio	21341336.0	0	138	0	15	0.0
c3cd9104-7ae6-11e9-a106-68b59976a384	0	ShaoY_2019	32.0	female	IlluminaHiSeq	MPBio	18739658.0	1	112	1	12	0.0
c6ce4eb6-7ae6-11e9-a106-68b59976a384	0	ShaoY_2019	38.0	female	IlluminaHiSeq	MPBio	19254760.0	1	89	1	18	0.0
d38fa1ea-7ae6-11e9-a106-68b59976a384	0	ShaoY_2019	32.0	female	IlluminaHiSeq	MPBio	17881800.0	1	123	1	22	0.0
d4734562-7ae6-11e9-a106-68b59976a384	0	ShaoY_2019	32.0	female	IlluminaHiSeq	MPBio	21607940.0	1	28	1	2	0.0
d63d39fc-7ae6-11e9-a106-68b59976a384	0	ShaoY_2019	28.0	female	IlluminaHiSeq	MPBio	20766078.0	1	75	1	6	0.0
d6f267d2-7ae6-11e9-a106-68b59976a384	0	ShaoY_2019	32.0	male	IlluminaHiSeq	MPBio	20030796.0	1	84	1	11	0.0
d7792bf0-7ae6-11e9-a106-68b59976a384	0	ShaoY_2019	42.0	male	IlluminaHiSeq	MPBio	15677526.0	1	54	1	5	0.0
d897762c-7ae6-11e9-a106-68b59976a384	0	ShaoY_2019	28.0	female	IlluminaHiSeq	MPBio	21922314.0	1	71	1	9	0.0
da2f9ffa-7ae6-11e9-a106-68b59976a384	0	ShaoY_2019	38.0	female	IlluminaHiSeq	MPBio	17555612.0	1	37	1	4	0.0
da9a6b28-7ae6-11e9-a106-68b59976a384	0	ShaoY_2019	32.0	male	IlluminaHiSeq	MPBio	15732782.0	1	61	1	8	0.0
dbeb2c2e-7ae6-11e9-a106-68b59976a384	0	ShaoY_2019	38.0	male	IlluminaHiSeq	MPBio	14981602.0	1	69	1	9	0.0
dd9e65b8-7ae6-11e9-a106-68b59976a384	0	ShaoY_2019	38.0	female	IlluminaHiSeq	MPBio	14819850.0	1	50	1	6	0.0
df4fe440-7ae6-11e9-a106-68b59976a384	0	ShaoY_2019	42.0	female	IlluminaHiSeq	MPBio	19713438.0	1	81	1	8	0.0
e321cfa2-7ae6-11e9-a106-68b59976a384	0	ShaoY_2019	38.0	female	IlluminaHiSeq	MPBio	19875338.0	1	102	1	8	0.0
e39aa13e-7ae6-11e9-a106-68b59976a384	0	ShaoY_2019	42.0	female	IlluminaHiSeq	MPBio	27495176.0	1	74	1	9	0.0
e3fcc166-7ae6-11e9-a106-68b59976a384	0	ShaoY_2019	38.0	male	IlluminaHiSeq	MPBio	20991466.0	0	65	0	5	0.0
e4c34e62-7ae6-11e9-a106-68b59976a384	0	ShaoY_2019	38.0	male	IlluminaHiSeq	MPBio	18124676.0	0	66	0	10	0.0
e61bd310-7ae6-11e9-a106-68b59976a384	0	ShaoY_2019	38.0	female	IlluminaHiSeq	MPBio	26019998.0	0	142	0	18	0.0
e643e954-7ae6-11e9-a106-68b59976a384	0	ShaoY_2019	32.0	female	IlluminaHiSeq	MPBio	20219644.0	1	140	1	15	0.0
e75bda04-7ae6-11e9-a106-68b59976a384	0	ShaoY_2019	42.0	male	IlluminaHiSeq	MPBio	21445520.0	1	107	1	12	0.0
e8f16190-7ae6-11e9-a106-68b59976a384	0	ShaoY_2019	32.0	male	IlluminaHiSeq	MPBio	16883072.0	0	59	0	7	0.0
e9ea4cd8-7ae6-11e9-a106-68b59976a384	0	ShaoY_2019	42.0	female	IlluminaHiSeq	MPBio	18239352.0	1	6	1	0	0.0
ea400ccc-7ae6-11e9-a106-68b59976a384	0	ShaoY_2019	38.0	male	IlluminaHiSeq	MPBio	21669466.0	1	9	1	1	0.0
eada6fa6-7ae6-11e9-a106-68b59976a384	0	ShaoY_2019	32.0	female	IlluminaHiSeq	MPBio	20573538.0	1	26	1	2	0.0
eb54f974-7ae6-11e9-a106-68b59976a384	0	ShaoY_2019	32.0	male	IlluminaHiSeq	MPBio	18988602.0	1	75	1	9	0.0
ec64450e-7ae6-11e9-a106-68b59976a384	0	ShaoY_2019	38.0	male	IlluminaHiSeq	MPBio	20431594.0	1	47	1	5	0.0
ee67b548-7ae6-11e9-a106-68b59976a384	0	ShaoY_2019	42.0	female	IlluminaHiSeq	MPBio	18376896.0	1	10	1	2	0.0
ef1b797a-7ae6-11e9-a106-68b59976a384	0	ShaoY_2019	38.0	male	IlluminaHiSeq	MPBio	17336816.0	1	93	1	10	0.0
f170d33c-7ae6-11e9-a106-68b59976a384	0	ShaoY_2019	38.0	female	IlluminaHiSeq	MPBio	17649660.0	1	4	2	1	0.0
f1a65a84-7ae6-11e9-a106-68b59976a384	0	ShaoY_2019	38.0	male	IlluminaHiSeq	MPBio	20530112.0	1	128	1	15	0.0
f3020ef0-7ae6-11e9-a106-68b59976a384	0	ShaoY_2019	32.0	male	IlluminaHiSeq	MPBio	20714188.0	1	103	1	12	0.0
f34f8770-7ae6-11e9-a106-68b59976a384	0	ShaoY_2019	32.0	female	IlluminaHiSeq	MPBio	21950346.0	1	95	1	11	0.0
f3850166-7ae6-11e9-a106-68b59976a384	0	ShaoY_2019	28.0	female	IlluminaHiSeq	MPBio	16694538.0	1	107	1	8	0.0
f4aa1a22-7ae6-11e9-a106-68b59976a384	0	ShaoY_2019	32.0	male	IlluminaHiSeq	MPBio	19302336.0	0	85	0	12	0.0
f531f1d6-7ae6-11e9-a106-68b59976a384	0	ShaoY_2019	32.0	male	IlluminaHiSeq	MPBio	21240146.0	1	84	1	6	0.0
f5a77032-7ae6-11e9-a106-68b59976a384	0	ShaoY_2019	32.0	female	IlluminaHiSeq	MPBio	17348322.0	1	43	1	5	0.0
f5da0042-7ae6-11e9-a106-68b59976a384	0	ShaoY_2019	42.0	female	IlluminaHiSeq	MPBio	19790010.0	0	85	0	8	0.0
f6595270-7ae6-11e9-a106-68b59976a384	0	ShaoY_2019	28.0	female	IlluminaHiSeq	MPBio	19291678.0	1	41	1	5	0.0
f6a7363e-7ae6-11e9-a106-68b59976a384	0	ShaoY_2019	38.0	female	IlluminaHiSeq	MPBio	21266450.0	1	157	1	14	0.0
f713e590-7ae6-11e9-a106-68b59976a384	0	ShaoY_2019	32.0	female	IlluminaHiSeq	MPBio	19372724.0	0	75	0	8	0.0
f8182cb2-7ae6-11e9-a106-68b59976a384	0	ShaoY_2019	32.0	male	IlluminaHiSeq	MPBio	20505890.0	1	84	1	9	0.0
f84afbba-7ae6-11e9-a106-68b59976a384	0	ShaoY_2019	38.0	female	IlluminaHiSeq	MPBio	20373842.0	1	27	1	2	0.0
f89fe35a-7ae6-11e9-a106-68b59976a384	0	ShaoY_2019	38.0	male	IlluminaHiSeq	MPBio	21511902.0	1	115	1	11	0.0
f8e289a8-7ae6-11e9-a106-68b59976a384	0	ShaoY_2019	38.0	male	IlluminaHiSeq	MPBio	19573388.0	1	73	2	9	0.0
f903ea8a-7ae6-11e9-a106-68b59976a384	0	ShaoY_2019	38.0	male	IlluminaHiSeq	MPBio	23169162.0	1	26	1	2	0.0
f927e6e2-7ae6-11e9-a106-68b59976a384	0	ShaoY_2019	32.0	male	IlluminaHiSeq	MPBio	21408528.0	1	23	1	3	0.0
f98211bc-7ae6-11e9-a106-68b59976a384	0	ShaoY_2019	32.0	male	IlluminaHiSeq	MPBio	22628350.0	1	30	1	2	0.0
f9bb5d64-7ae6-11e9-a106-68b59976a384	0	ShaoY_2019	38.0	female	IlluminaHiSeq	MPBio	19384518.0	1	50	1	9	0.0
f9d5b0a6-7ae6-11e9-a106-68b59976a384	0	ShaoY_2019	32.0	female	IlluminaHiSeq	MPBio	17584058.0	1	86	1	10	0.0
fa453494-7ae6-11e9-a106-68b59976a384	0	ShaoY_2019	42.0	female	IlluminaHiSeq	MPBio	20882950.0	1	88	1	9	0.0
fa7d93a2-7ae6-11e9-a106-68b59976a384	0	ShaoY_2019	38.0	male	IlluminaHiSeq	MPBio	18404838.0	1	88	1	8	0.0
facbad58-7ae6-11e9-a106-68b59976a384	0	ShaoY_2019	38.0	male	IlluminaHiSeq	MPBio	21832266.0	1	125	1	12	0.0
SID01.BA.VG.2	0	DeFilippisF_2019	34.0	male	IlluminaNextSeq	PowerSoil	44785916.0	1	109	1	11	0.0
SID01.BA.V_metag	0	DeFilippisF_2019	53.0	male	IlluminaNextSeq	PowerSoil	44887811.0	1	113	1	16	0.0
SID02.BA.V_metag	0	DeFilippisF_2019	29.0	female	IlluminaNextSeq	PowerSoil	51948376.0	1	70	1	10	0.0
SID02.BA.VG_metag	0	DeFilippisF_2019	29.0	female	IlluminaNextSeq	PowerSoil	34630181.0	0	83	0	13	0.0
SID03.BA.O_metag	0	DeFilippisF_2019	32.0	male	IlluminaNextSeq	PowerSoil	44226906.0	0	102	0	11	0.0
SID04.BA.VG.2	0	DeFilippisF_2019	29.0	female	IlluminaNextSeq	PowerSoil	48046870.0	1	76	1	12	0.0
SID04.BA.O_metag	0	DeFilippisF_2019	35.0	male	IlluminaNextSeq	PowerSoil	55637181.0	1	130	1	22	0.0
SID04.BO.VG.2	0	DeFilippisF_2019	45.0	female	IlluminaNextSeq	PowerSoil	48949782.0	1	83	1	9	0.0
SID04.TO.VG	0	DeFilippisF_2019	53.0	male	IlluminaNextSeq	PowerSoil	28403424.0	1	118	1	15	0.0
SID05.PR.VG.1	0	DeFilippisF_2019	44.0	female	IlluminaNextSeq	PowerSoil	48136745.0	0	235	1	21	0.0
SID06.BA.VG_metag	0	DeFilippisF_2019	31.0	female	IlluminaNextSeq	PowerSoil	39404619.0	1	135	1	16	0.0
SID06.PR.VG_metag	0	DeFilippisF_2019	40.0	male	IlluminaNextSeq	PowerSoil	31879489.0	1	121	1	19	0.0
SID06.TO.VG	0	DeFilippisF_2019	44.0	male	IlluminaNextSeq	PowerSoil	24227775.0	1	93	1	12	0.0
SID07.BA.VG.2	0	DeFilippisF_2019	31.0	female	IlluminaNextSeq	PowerSoil	46569807.0	1	75	2	11	0.0
SID07.PR.V.2	0	DeFilippisF_2019	31.0	male	IlluminaNextSeq	PowerSoil	43611236.0	1	62	2	7	0.0
SID08.BA.V_metag	0	DeFilippisF_2019	28.0	female	IlluminaNextSeq	PowerSoil	40566480.0	1	142	1	16	0.0
SID08.BA.VG_metag	0	DeFilippisF_2019	55.0	female	IlluminaNextSeq	PowerSoil	44819939.0	1	35	1	10	0.0
SID08.TO.VG	0	DeFilippisF_2019	55.0	female	IlluminaNextSeq	PowerSoil	32617910.0	1	92	1	13	0.0
SID09.PR.V_metag	0	DeFilippisF_2019	23.0	female	IlluminaNextSeq	PowerSoil	51184316.0	0	37	0	8	0.0
SID09.TO.O.new	0	DeFilippisF_2019	51.0	male	IlluminaNextSeq	PowerSoil	28076128.0	0	174	0	20	0.0
SID10.BO.V	0	DeFilippisF_2019	44.0	female	IlluminaNextSeq	PowerSoil	39092161.0	1	130	1	17	0.0
SID10.TO.V.1	0	DeFilippisF_2019	31.0	female	IlluminaNextSeq	PowerSoil	52908244.0	1	27	1	7	0.0
SID11.BA.V_metag	0	DeFilippisF_2019	28.0	male	IlluminaNextSeq	PowerSoil	35734613.0	1	65	1	9	0.0
SID11.TO.V.2	0	DeFilippisF_2019	39.0	male	IlluminaNextSeq	PowerSoil	47182329.0	1	133	2	13	0.0
SID12.PR.V.2	0	DeFilippisF_2019	41.0	female	IlluminaNextSeq	PowerSoil	69043285.0	0	129	0	15	0.0
SID12.TO.O.new	0	DeFilippisF_2019	53.0	female	IlluminaNextSeq	PowerSoil	30076945.0	1	34	1	6	0.0
SID13.PR.VG.0	0	DeFilippisF_2019	31.0	female	IlluminaNextSeq	PowerSoil	47582543.0	1	121	1	12	0.0
SID14.PR.VG.0	0	DeFilippisF_2019	36.0	male	IlluminaNextSeq	PowerSoil	46156315.0	1	137	1	14	0.0
SID16.PR.VG.1	0	DeFilippisF_2019	45.0	female	IlluminaNextSeq	PowerSoil	48664442.0	0	58	0	7	0.0
SID17.PR.V_metag	0	DeFilippisF_2019	40.0	female	IlluminaNextSeq	PowerSoil	33735242.0	0	66	0	10	0.0
SID18.PR.V_metag	0	DeFilippisF_2019	37.0	male	IlluminaNextSeq	PowerSoil	40236881.0	0	112	0	14	0.0
SID19.BA.V.2	0	DeFilippisF_2019	25.0	female	IlluminaNextSeq	PowerSoil	50082328.0	1	118	1	12	0.0
SID19.TO.V	0	DeFilippisF_2019	49.0	male	IlluminaNextSeq	PowerSoil	23538513.0	1	74	2	6	0.0
SID20.TO.O.0	0	DeFilippisF_2019	25.0	male	IlluminaNextSeq	PowerSoil	56519616.0	0	102	0	9	0.0
SID21.TO.V.new	0	DeFilippisF_2019	59.0	female	IlluminaNextSeq	PowerSoil	25017009.0	1	201	1	24	0.0
SID22.TO.O.new	0	DeFilippisF_2019	31.0	male	IlluminaNextSeq	PowerSoil	23021624.0	0	121	0	18	0.0
SID23.BA.V.2	0	DeFilippisF_2019	25.0	female	IlluminaNextSeq	PowerSoil	44178801.0	1	42	1	6	0.0
SID26.BA.V.2	0	DeFilippisF_2019	25.0	female	IlluminaNextSeq	PowerSoil	45041494.0	1	35	1	5	0.0
SID26.PR.V_metag	0	DeFilippisF_2019	25.0	male	IlluminaNextSeq	PowerSoil	45162938.0	1	147	1	12	0.0
SID29.PR.O.2	0	DeFilippisF_2019	31.0	female	IlluminaNextSeq	PowerSoil	47430985.0	1	44	1	6	0.0
SID30.BO.O.2	0	DeFilippisF_2019	30.0	female	IlluminaNextSeq	PowerSoil	51224436.0	1	89	1	14	0.0
SID31.PR.O.0	0	DeFilippisF_2019	35.0	male	IlluminaNextSeq	PowerSoil	48356761.0	1	89	1	13	0.0
SID32.PR.V.1	0	DeFilippisF_2019	39.0	female	IlluminaNextSeq	PowerSoil	46024748.0	1	108	2	10	0.0
SID33.PR.V_metag	0	DeFilippisF_2019	29.0	female	IlluminaNextSeq	PowerSoil	34722901.0	0	136	0	18	0.0
SID37.PR.O.new	0	DeFilippisF_2019	39.0	male	IlluminaNextSeq	PowerSoil	9148541.0	1	114	1	15	0.0
SID38.BA.O.2	0	DeFilippisF_2019	28.0	female	IlluminaNextSeq	PowerSoil	49747409.0	1	67	1	9	0.0
SID38.PR.O.1	0	DeFilippisF_2019	38.0	male	IlluminaNextSeq	PowerSoil	52019701.0	0	60	0	6	0.0
SID38.TO.VG	0	DeFilippisF_2019	47.0	male	IlluminaNextSeq	PowerSoil	29474757.0	1	61	1	11	0.0
SID39.TO.VG	0	DeFilippisF_2019	37.0	female	IlluminaNextSeq	PowerSoil	28291357.0	0	132	0	13	0.0
SID42.TO.VG.2	0	DeFilippisF_2019	39.0	male	IlluminaNextSeq	PowerSoil	49112244.0	1	147	1	16	0.0
SID44.TO.V	0	DeFilippisF_2019	45.0	male	IlluminaNextSeq	PowerSoil	25239080.0	1	112	1	11	0.0
SID45.BO.V.new	0	DeFilippisF_2019	38.0	male	IlluminaNextSeq	PowerSoil	24347009.0	1	121	1	15	0.0
SIDVOV03_metag	0	DeFilippisF_2019	44.0	female	IlluminaNextSeq	PowerSoil	49224925.0	1	135	1	16	0.0
SIDVOV08_metag	0	DeFilippisF_2019	32.0	female	IlluminaNextSeq	PowerSoil	42650166.0	1	71	1	10	0.0
SIDVOV104_metag	0	DeFilippisF_2019	51.0	male	IlluminaNextSeq	PowerSoil	42076523.0	1	28	2	3	0.0
SIDVOV108_metag	0	DeFilippisF_2019	57.0	female	IlluminaNextSeq	PowerSoil	50233456.0	0	131	0	14	0.0
SIDVOV109_metag	0	DeFilippisF_2019	56.0	male	IlluminaNextSeq	PowerSoil	47756040.0	1	144	1	21	0.0
SIDVOV112_metag	0	DeFilippisF_2019	43.0	male	IlluminaNextSeq	PowerSoil	37389662.0	1	70	1	13	0.0
SIDVOV113_metag	0	DeFilippisF_2019	45.0	female	IlluminaNextSeq	PowerSoil	37863864.0	1	118	1	18	0.0
SIDVOV114_metag	0	DeFilippisF_2019	46.0	male	IlluminaNextSeq	PowerSoil	36826816.0	1	141	1	26	0.0
SIDVOV16_metag	0	DeFilippisF_2019	27.0	female	IlluminaNextSeq	PowerSoil	42624690.0	1	101	1	14	0.0
SIDVOV20_metag	0	DeFilippisF_2019	25.0	male	IlluminaNextSeq	PowerSoil	43870488.0	0	68	0	7	0.0
SIDVOV24_metag	0	DeFilippisF_2019	36.0	female	IlluminaNextSeq	PowerSoil	31342714.0	1	60	1	11	0.0
SIDVOV25_metag	0	DeFilippisF_2019	45.0	male	IlluminaNextSeq	PowerSoil	32913188.0	1	147	1	17	0.0
SIDVOV26_metag	0	DeFilippisF_2019	42.0	male	IlluminaNextSeq	PowerSoil	29168226.0	1	140	1	16	0.0
SIDVOV28_metag	0	DeFilippisF_2019	34.0	male	IlluminaNextSeq	PowerSoil	41539441.0	1	100	1	11	0.0
SIDVOV29_metag	0	DeFilippisF_2019	52.0	female	IlluminaNextSeq	PowerSoil	42276722.0	0	56	0	6	0.0
SIDVOV32_metag	0	DeFilippisF_2019	58.0	female	IlluminaNextSeq	PowerSoil	52289344.0	0	103	0	15	0.0
SIDVOV34_metag	0	DeFilippisF_2019	38.0	female	IlluminaNextSeq	PowerSoil	42754706.0	1	152	1	20	0.0
SIDVOV35_metag	0	DeFilippisF_2019	39.0	male	IlluminaNextSeq	PowerSoil	53168808.0	0	151	0	16	0.0
SIDVOV36_metag	0	DeFilippisF_2019	21.0	female	IlluminaNextSeq	PowerSoil	40866466.0	1	102	1	14	0.0
SIDVOV38_metag	0	DeFilippisF_2019	40.0	female	IlluminaNextSeq	PowerSoil	46087386.0	1	96	1	14	0.0
SIDVOV39_metag	0	DeFilippisF_2019	64.0	female	IlluminaNextSeq	PowerSoil	49089357.0	1	82	1	12	0.0
SIDVOV46_metag	0	DeFilippisF_2019	37.0	male	IlluminaNextSeq	PowerSoil	45130621.0	0	203	0	25	0.0
SIDVOV48_metag	0	DeFilippisF_2019	32.0	female	IlluminaNextSeq	PowerSoil	57087768.0	1	88	2	14	0.0
SIDVOV49_metag	0	DeFilippisF_2019	31.0	female	IlluminaNextSeq	PowerSoil	53179415.0	1	110	1	12	0.0
SIDVOV52_metag	0	DeFilippisF_2019	23.0	male	IlluminaNextSeq	PowerSoil	40759949.0	1	64	1	13	0.0
SIDVOV53_metag	0	DeFilippisF_2019	53.0	male	IlluminaNextSeq	PowerSoil	32126102.0	1	79	2	9	0.0
SIDVOV54_metag	0	DeFilippisF_2019	32.0	male	IlluminaNextSeq	PowerSoil	28692170.0	1	57	1	7	0.0
SIDVOV56_metag	0	DeFilippisF_2019	32.0	female	IlluminaNextSeq	PowerSoil	31477310.0	1	65	1	10	0.0
SIDVOV58_metag	0	DeFilippisF_2019	43.0	male	IlluminaNextSeq	PowerSoil	43767864.0	0	55	0	10	0.0
SIDVOV59_metag	0	DeFilippisF_2019	46.0	female	IlluminaNextSeq	PowerSoil	40622126.0	1	109	1	12	0.0
SIDVOV60_metag	0	DeFilippisF_2019	41.0	female	IlluminaNextSeq	PowerSoil	32343206.0	0	69	0	12	0.0
SIDVOV66_metag	0	DeFilippisF_2019	33.0	female	IlluminaNextSeq	PowerSoil	32925755.0	1	122	1	17	0.0
SIDVOV70_metag	0	DeFilippisF_2019	43.0	male	IlluminaNextSeq	PowerSoil	36988043.0	1	79	1	10	0.0
SIDVOV72_metag	0	DeFilippisF_2019	28.0	female	IlluminaNextSeq	PowerSoil	36988043.0	1	128	1	13	0.0
SIDVOV75_metag	0	DeFilippisF_2019	45.0	female	IlluminaNextSeq	PowerSoil	33635550.0	1	101	1	12	0.0
SIDVOV76_metag	0	DeFilippisF_2019	54.0	male	IlluminaNextSeq	PowerSoil	46429472.0	0	109	0	16	0.0
SIDVOV77_metag	0	DeFilippisF_2019	48.0	male	IlluminaNextSeq	PowerSoil	37836410.0	1	35	1	5	0.0
SIDVOV78_metag	0	DeFilippisF_2019	40.0	female	IlluminaNextSeq	PowerSoil	28629841.0	1	118	1	14	0.0
SIDVOV79_metag	0	DeFilippisF_2019	38.0	female	IlluminaNextSeq	PowerSoil	52322801.0	1	108	1	16	0.0
SIDVOV81_metag	0	DeFilippisF_2019	55.0	male	IlluminaNextSeq	PowerSoil	38646020.0	0	174	0	21	0.0
SIDVOV82_metag	0	DeFilippisF_2019	37.0	male	IlluminaNextSeq	PowerSoil	29595213.0	0	107	0	11	0.0
SIDVOV96_metag	0	DeFilippisF_2019	48.0	male	IlluminaNextSeq	PowerSoil	31760981.0	1	124	2	17	0.0
SIDVOV97_metag	0	DeFilippisF_2019	38.0	male	IlluminaNextSeq	PowerSoil	36122262.0	0	158	0	22	0.0
SIDVOV98_metag	0	DeFilippisF_2019	49.0	female	IlluminaNextSeq	PowerSoil	33760299.0	1	78	1	9	0.0
SIDVOV99_metag	0	DeFilippisF_2019	60.0	male	IlluminaNextSeq	PowerSoil	29988480.0	0	99	0	15	0.0
83141_31	1	CM_tanzania_TB_DAR	78.0	female	IlluminaNovaSeq	unknown	83676628.0	1	127	2	12	0.0
83149_31	1	CM_tanzania_TB_DAR	53.0	female	IlluminaNovaSeq	unknown	45360337.0	1	72	1	7	0.0
83167_31	1	CM_tanzania_TB_DAR	41.0	male	IlluminaNovaSeq	unknown	39194051.0	1	73	1	10	0.0
83237_31	1	CM_tanzania_TB_DAR	39.0	male	IlluminaNovaSeq	unknown	110305179.0	1	53	1	10	0.0
83274_31	1	CM_tanzania_TB_DAR	32.0	male	IlluminaNovaSeq	unknown	79415129.0	1	65	1	7	0.0
83327_31	1	CM_tanzania_TB_DAR	59.0	female	IlluminaNovaSeq	unknown	65278268.0	1	131	1	12	0.0
83331_31	1	CM_tanzania_TB_DAR	27.0	female	IlluminaNovaSeq	unknown	19948623.0	1	74	1	8	0.0
83333_31	1	CM_tanzania_TB_DAR	18.0	female	IlluminaNovaSeq	unknown	27358183.0	1	120	1	16	0.0
83334_31	1	CM_tanzania_TB_DAR	20.0	female	IlluminaNovaSeq	unknown	42296642.0	1	132	1	17	0.0
83335_31	1	CM_tanzania_TB_DAR	72.0	female	IlluminaNovaSeq	unknown	27818926.0	1	185	1	15	0.0
83339_31	1	CM_tanzania_TB_DAR	20.0	male	IlluminaNovaSeq	unknown	24355078.0	1	112	2	11	0.0
83340_31	1	CM_tanzania_TB_DAR	32.0	male	IlluminaNovaSeq	unknown	44106132.0	1	108	1	11	0.0
83341_31	1	CM_tanzania_TB_DAR	36.0	male	IlluminaNovaSeq	unknown	9591868.0	1	128	1	15	0.0
83342_31	1	CM_tanzania_TB_DAR	27.0	male	IlluminaNovaSeq	unknown	50649520.0	1	46	1	7	0.0
83348_31	1	CM_tanzania_TB_DAR	33.0	male	IlluminaNovaSeq	unknown	162851049.0	1	77	1	13	0.0
83349_31	1	CM_tanzania_TB_DAR	31.0	female	IlluminaNovaSeq	unknown	21996647.0	1	104	1	13	0.0
83351_31	1	CM_tanzania_TB_DAR	37.0	male	IlluminaNovaSeq	unknown	35915286.0	1	101	1	14	0.0
83355_31	1	CM_tanzania_TB_DAR	51.0	female	IlluminaNovaSeq	unknown	17916036.0	1	157	1	18	0.0
83356_31	1	CM_tanzania_TB_DAR	20.0	female	IlluminaNovaSeq	unknown	26502687.0	1	65	1	8	0.0
83363_31	1	CM_tanzania_TB_DAR	49.0	male	IlluminaNovaSeq	unknown	15424468.0	1	75	1	9	0.0
83365_31	1	CM_tanzania_TB_DAR	24.0	male	IlluminaNovaSeq	unknown	13081704.0	1	44	1	8	0.0
83367_31	1	CM_tanzania_TB_DAR	38.0	female	IlluminaNovaSeq	unknown	35408883.0	1	111	1	10	0.0
83369_31	1	CM_tanzania_TB_DAR	29.0	male	IlluminaNovaSeq	unknown	59468420.0	1	44	1	4	0.0
83370	1	CM_tanzania_TB_DAR	20.0	male	IlluminaNovaSeq	unknown	17201446.0	0	102	0	15	0.0
83373_31	1	CM_tanzania_TB_DAR	27.0	male	IlluminaNovaSeq	unknown	41494399.0	1	141	1	15	0.0
83376_31	1	CM_tanzania_TB_DAR	26.0	male	IlluminaNovaSeq	unknown	41225984.0	0	88	0	10	0.0
83378_31	1	CM_tanzania_TB_DAR	62.0	female	IlluminaNovaSeq	unknown	53806621.0	1	107	1	8	0.0
83383_31	1	CM_tanzania_TB_DAR	18.0	male	IlluminaNovaSeq	unknown	9502798.0	1	69	1	5	0.0
83392_31	1	CM_tanzania_TB_DAR	28.0	male	IlluminaNovaSeq	unknown	43212432.0	1	28	1	4	0.0
83395_31	1	CM_tanzania_TB_DAR	29.0	male	IlluminaNovaSeq	unknown	53069936.0	1	77	1	10	0.0
83398_31	1	CM_tanzania_TB_DAR	31.0	female	IlluminaNovaSeq	unknown	27945454.0	1	93	1	13	0.0
83400_31	1	CM_tanzania_TB_DAR	26.0	female	IlluminaNovaSeq	unknown	22115582.0	1	71	1	10	0.0
83403_31	1	CM_tanzania_TB_DAR	29.0	male	IlluminaNovaSeq	unknown	37534884.0	1	92	1	15	0.0
83405_31	1	CM_tanzania_TB_DAR	25.0	male	IlluminaNovaSeq	unknown	57654888.0	1	59	1	6	0.0
83406_31	1	CM_tanzania_TB_DAR	41.0	male	IlluminaNovaSeq	unknown	42967978.0	1	72	2	9	0.0
83408_31	1	CM_tanzania_TB_DAR	21.0	male	IlluminaNovaSeq	unknown	42678554.0	1	14	1	2	0.0
83409_31	1	CM_tanzania_TB_DAR	30.0	male	IlluminaNovaSeq	unknown	25284736.0	1	65	1	6	0.0
83421_31	1	CM_tanzania_TB_DAR	21.0	female	IlluminaNovaSeq	unknown	28783749.0	1	153	1	21	0.0
83422_31	1	CM_tanzania_TB_DAR	23.0	female	IlluminaNovaSeq	unknown	24004655.0	1	78	1	7	0.0
83426_31	1	CM_tanzania_TB_DAR	33.0	female	IlluminaNovaSeq	unknown	28034494.0	1	126	2	13	0.0
83428_31	1	CM_tanzania_TB_DAR	27.0	female	IlluminaNovaSeq	unknown	119361504.0	1	40	1	3	0.0
83429_31	1	CM_tanzania_TB_DAR	24.0	female	IlluminaNovaSeq	unknown	45978426.0	1	92	1	7	0.0
83430_31	1	CM_tanzania_TB_DAR	21.0	female	IlluminaNovaSeq	unknown	129622900.0	1	50	2	6	0.0
83431_31	1	CM_tanzania_TB_DAR	24.0	male	IlluminaNovaSeq	unknown	83182792.0	1	152	1	14	0.0
83433_31	1	CM_tanzania_TB_DAR	39.0	female	IlluminaNovaSeq	unknown	136954032.0	1	73	1	7	0.0
83434_31	1	CM_tanzania_TB_DAR	27.0	male	IlluminaNovaSeq	unknown	44124319.0	1	53	1	6	0.0
83435_31	1	CM_tanzania_TB_DAR	18.0	male	IlluminaNovaSeq	unknown	27984951.0	1	48	1	7	0.0
83438_31	1	CM_tanzania_TB_DAR	28.0	male	IlluminaNovaSeq	unknown	31808612.0	1	83	2	9	0.0
83439_31	1	CM_tanzania_TB_DAR	45.0	male	IlluminaNovaSeq	unknown	49267054.0	1	122	1	12	0.0
83442_31	1	CM_tanzania_TB_DAR	20.0	female	IlluminaNovaSeq	unknown	63434780.0	1	50	1	13	0.0
83443_31	1	CM_tanzania_TB_DAR	45.0	female	IlluminaNovaSeq	unknown	163806694.0	1	70	1	7	0.0
83461_31	1	CM_tanzania_TB_DAR	54.0	male	IlluminaNovaSeq	unknown	68120397.0	0	54	0	7	0.0
83467_31	1	CM_tanzania_TB_DAR	61.0	male	IlluminaNovaSeq	unknown	57741113.0	1	143	1	14	0.0
83473_31	1	CM_tanzania_TB_DAR	63.0	male	IlluminaNovaSeq	unknown	42295899.0	0	111	0	10	0.0
83474_31	1	CM_tanzania_TB_DAR	30.0	male	IlluminaNovaSeq	unknown	47094125.0	1	75	1	10	0.0
83479_31	1	CM_tanzania_TB_DAR	45.0	male	IlluminaNovaSeq	unknown	20874495.0	1	120	1	12	0.0
83483_31	1	CM_tanzania_TB_DAR	61.0	female	IlluminaNovaSeq	unknown	40087550.0	1	173	1	20	0.0
83484_31	1	CM_tanzania_TB_DAR	37.0	male	IlluminaNovaSeq	unknown	72324630.0	1	49	2	4	0.0
83487_31	1	CM_tanzania_TB_DAR	43.0	male	IlluminaNovaSeq	unknown	16486438.0	1	3	1	1	0.0
83488_31	1	CM_tanzania_TB_DAR	25.0	female	IlluminaNovaSeq	unknown	62733803.0	1	50	1	3	0.0
83489_31	1	CM_tanzania_TB_DAR	23.0	female	IlluminaNovaSeq	unknown	26080682.0	1	157	1	17	0.0
83491_31	1	CM_tanzania_TB_DAR	31.0	female	IlluminaNovaSeq	unknown	12073284.0	1	156	1	11	0.0
83493_31	1	CM_tanzania_TB_DAR	30.0	female	IlluminaNovaSeq	unknown	20351374.0	1	45	1	4	0.0
83494_31	1	CM_tanzania_TB_DAR	27.0	female	IlluminaNovaSeq	unknown	34794214.0	1	146	1	13	0.0
83495_31	1	CM_tanzania_TB_DAR	46.0	female	IlluminaNovaSeq	unknown	32477644.0	1	94	1	7	0.0
83497_31	1	CM_tanzania_TB_DAR	31.0	female	IlluminaNovaSeq	unknown	66121314.0	1	133	1	16	0.0
83498_31	1	CM_tanzania_TB_DAR	24.0	male	IlluminaNovaSeq	unknown	11263489.0	1	131	1	12	0.0
83500_31	1	CM_tanzania_TB_DAR	28.0	male	IlluminaNovaSeq	unknown	57996438.0	1	72	1	5	0.0
83501_31	1	CM_tanzania_TB_DAR	35.0	female	IlluminaNovaSeq	unknown	5063194.0	1	54	1	7	0.0
83504_31	1	CM_tanzania_TB_DAR	21.0	female	IlluminaNovaSeq	unknown	39162138.0	1	114	1	15	0.0
83508_31	1	CM_tanzania_TB_DAR	18.0	female	IlluminaNovaSeq	unknown	21395772.0	1	76	1	12	0.0
83510_31	1	CM_tanzania_TB_DAR	29.0	female	IlluminaNovaSeq	unknown	27441343.0	1	8	1	2	0.0
83513_31	1	CM_tanzania_TB_DAR	43.0	male	IlluminaNovaSeq	unknown	57367045.0	1	110	1	11	0.0
83514_31	1	CM_tanzania_TB_DAR	35.0	male	IlluminaNovaSeq	unknown	28668417.0	1	20	1	3	0.0
83517_31	1	CM_tanzania_TB_DAR	42.0	male	IlluminaNovaSeq	unknown	12169587.0	1	65	1	7	0.0
83522_31	1	CM_tanzania_TB_DAR	27.0	male	IlluminaNovaSeq	unknown	69435221.0	1	65	1	8	0.0
83523_31	1	CM_tanzania_TB_DAR	37.0	male	IlluminaNovaSeq	unknown	14334196.0	1	37	1	7	0.0
83524_31	1	CM_tanzania_TB_DAR	42.0	male	IlluminaNovaSeq	unknown	45913475.0	1	110	1	16	0.0
83525_31	1	CM_tanzania_TB_DAR	42.0	female	IlluminaNovaSeq	unknown	28325397.0	1	84	1	9	0.0
83526_31	1	CM_tanzania_TB_DAR	25.0	male	IlluminaNovaSeq	unknown	3012336.0	1	38	1	7	0.0
83539_31	1	CM_tanzania_TB_DAR	18.0	female	IlluminaNovaSeq	unknown	39177562.0	1	132	1	16	0.0
83541_31	1	CM_tanzania_TB_DAR	29.0	female	IlluminaNovaSeq	unknown	16068880.0	0	59	0	5	0.0
83544_31	1	CM_tanzania_TB_DAR	34.0	male	IlluminaNovaSeq	unknown	41282526.0	1	106	1	17	0.0
83545_31	1	CM_tanzania_TB_DAR	39.0	male	IlluminaNovaSeq	unknown	45487212.0	1	56	1	11	0.0
83546_31	1	CM_tanzania_TB_DAR	37.0	male	IlluminaNovaSeq	unknown	86537155.0	1	81	1	14	0.0
83547_31	1	CM_tanzania_TB_DAR	33.0	male	IlluminaNovaSeq	unknown	51006426.0	1	115	1	15	0.0
83548_31	1	CM_tanzania_TB_DAR	24.0	female	IlluminaNovaSeq	unknown	37164344.0	1	176	1	19	0.0
83549_31	1	CM_tanzania_TB_DAR	27.0	female	IlluminaNovaSeq	unknown	58674244.0	1	52	1	6	0.0
83557_31	1	CM_tanzania_TB_DAR	29.0	male	IlluminaNovaSeq	unknown	138789935.0	1	101	2	20	0.0
83560_31	1	CM_tanzania_TB_DAR	34.0	male	IlluminaNovaSeq	unknown	40353265.0	1	2	1	2	0.0
83567_31	1	CM_tanzania_TB_DAR	34.0	male	IlluminaNovaSeq	unknown	55424434.0	1	70	1	10	0.0
83573_31	1	CM_tanzania_TB_DAR	42.0	male	IlluminaNovaSeq	unknown	22041862.0	1	115	1	12	0.0
83575_31	1	CM_tanzania_TB_DAR	30.0	male	IlluminaNovaSeq	unknown	111183282.0	1	115	1	12	0.0
83577_31	1	CM_tanzania_TB_DAR	30.0	male	IlluminaNovaSeq	unknown	45577526.0	1	97	1	14	0.0
83579_31	1	CM_tanzania_TB_DAR	31.0	male	IlluminaNovaSeq	unknown	57178233.0	1	122	1	17	0.0
83581_31	1	CM_tanzania_TB_DAR	34.0	male	IlluminaNovaSeq	unknown	76918171.0	1	4	1	0	0.0
83582_31	1	CM_tanzania_TB_DAR	33.0	male	IlluminaNovaSeq	unknown	220599019.0	1	67	1	6	0.0
83583_31	1	CM_tanzania_TB_DAR	29.0	male	IlluminaNovaSeq	unknown	159109980.0	1	74	1	13	0.0
83587_31	1	CM_tanzania_TB_DAR	33.0	male	IlluminaNovaSeq	unknown	123315153.0	1	131	1	18	0.0
83588_31	1	CM_tanzania_TB_DAR	30.0	male	IlluminaNovaSeq	unknown	68983870.0	1	50	1	10	0.0
83593_31	1	CM_tanzania_TB_DAR	26.0	male	IlluminaNovaSeq	unknown	123020807.0	1	156	1	18	0.0
83594_31	1	CM_tanzania_TB_DAR	34.0	male	IlluminaNovaSeq	unknown	75462592.0	1	61	1	10	0.0
83595_31	1	CM_tanzania_TB_DAR	71.0	female	IlluminaNovaSeq	unknown	146684772.0	1	73	2	12	0.0
83597_31	1	CM_tanzania_TB_DAR	37.0	male	IlluminaNovaSeq	unknown	171501508.0	1	187	1	26	0.0
83599_31	1	CM_tanzania_TB_DAR	26.0	male	IlluminaNovaSeq	unknown	144890927.0	1	98	1	15	0.0
83658_31	1	CM_tanzania_TB_DAR	54.0	male	IlluminaNovaSeq	unknown	28171019.0	1	140	1	12	0.0
83659_31	1	CM_tanzania_TB_DAR	28.0	male	IlluminaNovaSeq	unknown	27606359.0	1	173	1	17	0.0
83660_31	1	CM_tanzania_TB_DAR	37.0	female	IlluminaNovaSeq	unknown	17440669.0	1	86	1	9	0.0
83661_31	1	CM_tanzania_TB_DAR	34.0	female	IlluminaNovaSeq	unknown	99213595.0	1	163	1	20	0.0
83665_31	1	CM_tanzania_TB_DAR	36.0	male	IlluminaNovaSeq	unknown	37092170.0	1	8	1	1	0.0
83666_31	1	CM_tanzania_TB_DAR	41.0	male	IlluminaNovaSeq	unknown	23711053.0	0	59	0	7	0.0
83667_31	1	CM_tanzania_TB_DAR	21.0	male	IlluminaNovaSeq	unknown	80400354.0	1	30	1	4	0.0
83668_31	1	CM_tanzania_TB_DAR	33.0	male	IlluminaNovaSeq	unknown	104687111.0	0	67	0	2	0.0
83669_31	1	CM_tanzania_TB_DAR	69.0	male	IlluminaNovaSeq	unknown	100168478.0	1	160	1	19	0.0
83681_31	1	CM_tanzania_TB_DAR	24.0	female	IlluminaNovaSeq	unknown	22205995.0	1	87	1	11	0.0
83686_31	1	CM_tanzania_TB_DAR	32.0	female	IlluminaNovaSeq	unknown	119329317.0	1	37	2	3	0.0
83687_31	1	CM_tanzania_TB_DAR	26.0	female	IlluminaNovaSeq	unknown	29739311.0	1	54	1	5	0.0
83695_31	1	CM_tanzania_TB_DAR	28.0	female	IlluminaNovaSeq	unknown	16640013.0	1	103	1	12	0.0
83701_31	1	CM_tanzania_TB_DAR	43.0	male	IlluminaNovaSeq	unknown	30475678.0	1	38	1	2	0.0
83703_31	1	CM_tanzania_TB_DAR	29.0	male	IlluminaNovaSeq	unknown	17760129.0	1	104	1	11	0.0
83704_31	1	CM_tanzania_TB_DAR	24.0	female	IlluminaNovaSeq	unknown	45101604.0	1	133	1	15	0.0
83706_31	1	CM_tanzania_TB_DAR	26.0	female	IlluminaNovaSeq	unknown	19769818.0	1	72	1	12	0.0
83709_31	1	CM_tanzania_TB_DAR	31.0	male	IlluminaNovaSeq	unknown	49862961.0	1	29	1	0	0.0
83711_31	1	CM_tanzania_TB_DAR	40.0	female	IlluminaNovaSeq	unknown	16563950.0	1	41	1	4	0.0
83716_31	1	CM_tanzania_TB_DAR	32.0	female	IlluminaNovaSeq	unknown	54619522.0	1	34	1	3	0.0
83722_31	1	CM_tanzania_TB_DAR	48.0	male	IlluminaNovaSeq	unknown	28596649.0	1	84	1	10	0.0
83727_31	1	CM_tanzania_TB_DAR	22.0	female	IlluminaNovaSeq	unknown	27581587.0	1	136	1	17	0.0
83729_31	1	CM_tanzania_TB_DAR	18.0	male	IlluminaNovaSeq	unknown	32696331.0	1	82	1	11	0.0
83741_31	1	CM_tanzania_TB_DAR	60.0	female	IlluminaNovaSeq	unknown	20817899.0	1	68	1	6	0.0
83747_31	1	CM_tanzania_TB_DAR	22.0	female	IlluminaNovaSeq	unknown	51689782.0	1	105	1	13	0.0
83759_31	1	CM_tanzania_TB_DAR	30.0	male	IlluminaNovaSeq	unknown	29472007.0	0	77	0	7	0.0
83771_31	1	CM_tanzania_TB_DAR	34.0	female	IlluminaNovaSeq	unknown	69090138.0	1	73	1	14	0.0
83779_31	1	CM_tanzania_TB_DAR	31.0	male	IlluminaNovaSeq	unknown	48988647.0	1	51	1	9	0.0
83786_31	1	CM_tanzania_TB_DAR	25.0	female	IlluminaNovaSeq	unknown	38645750.0	1	69	1	7	0.0
83788_31	1	CM_tanzania_TB_DAR	28.0	male	IlluminaNovaSeq	unknown	16041209.0	1	75	3	11	0.0
83790_31	1	CM_tanzania_TB_DAR	27.0	male	IlluminaNovaSeq	unknown	32369646.0	1	50	1	12	0.0
83796_31	1	CM_tanzania_TB_DAR	34.0	male	IlluminaNovaSeq	unknown	3925350.0	1	19	1	11	0.0
83800_31	1	CM_tanzania_TB_DAR	28.0	male	IlluminaNovaSeq	unknown	23828368.0	1	45	1	3	0.0
83801_31	1	CM_tanzania_TB_DAR	45.0	male	IlluminaNovaSeq	unknown	74467130.0	1	54	1	11	0.0
83805_31	1	CM_tanzania_TB_DAR	35.0	male	IlluminaNovaSeq	unknown	128857193.0	1	17	1	6	0.0
83806_31	1	CM_tanzania_TB_DAR	20.0	female	IlluminaNovaSeq	unknown	29353158.0	1	46	1	3	0.0
83811_31	1	CM_tanzania_TB_DAR	33.0	male	IlluminaNovaSeq	unknown	54746575.0	1	59	1	16	0.0
83812_31	1	CM_tanzania_TB_DAR	26.0	male	IlluminaNovaSeq	unknown	17242732.0	1	93	1	14	0.0
83814_31	1	CM_tanzania_TB_DAR	34.0	male	IlluminaNovaSeq	unknown	131415599.0	1	71	1	8	0.0
83815_31	1	CM_tanzania_TB_DAR	34.0	female	IlluminaNovaSeq	unknown	116064745.0	1	101	1	11	0.0
83816_31	1	CM_tanzania_TB_DAR	34.0	female	IlluminaNovaSeq	unknown	100669206.0	1	54	1	10	0.0
83817_31	1	CM_tanzania_TB_DAR	28.0	male	IlluminaNovaSeq	unknown	55107175.0	1	100	1	18	0.0
83819_31	1	CM_tanzania_TB_DAR	32.0	female	IlluminaNovaSeq	unknown	75280747.0	1	81	1	7	0.0
83820_31	1	CM_tanzania_TB_DAR	32.0	male	IlluminaNovaSeq	unknown	227890913.0	1	19	3	2	0.0
83821_31	1	CM_tanzania_TB_DAR	39.0	male	IlluminaNovaSeq	unknown	190325452.0	1	93	2	16	0.0
83828_31	1	CM_tanzania_TB_DAR	40.0	male	IlluminaNovaSeq	unknown	142733543.0	1	41	1	9	0.0
83836_31	1	CM_tanzania_TB_DAR	44.0	male	IlluminaNovaSeq	unknown	192285892.0	1	94	1	15	0.0
83839_31	1	CM_tanzania_TB_DAR	28.0	male	IlluminaNovaSeq	unknown	48366120.0	1	68	1	9	0.0
83842_31	1	CM_tanzania_TB_DAR	40.0	male	IlluminaNovaSeq	unknown	121836548.0	1	114	2	16	0.0
83851_31	1	CM_tanzania_TB_DAR	35.0	male	IlluminaNovaSeq	unknown	61500349.0	1	69	1	12	0.0
83852_31	1	CM_tanzania_TB_DAR	50.0	male	IlluminaNovaSeq	unknown	68754481.0	1	88	1	11	0.0
83854_31	1	CM_tanzania_TB_DAR	37.0	male	IlluminaNovaSeq	unknown	65621188.0	1	61	1	9	0.0
83856_31	1	CM_tanzania_TB_DAR	38.0	male	IlluminaNovaSeq	unknown	47483112.0	1	129	1	14	0.0
83857_31	1	CM_tanzania_TB_DAR	30.0	male	IlluminaNovaSeq	unknown	14381932.0	1	40	1	9	0.0
83858_31	1	CM_tanzania_TB_DAR	21.0	female	IlluminaNovaSeq	unknown	47935836.0	1	63	1	7	0.0
83859_31	1	CM_tanzania_TB_DAR	43.0	male	IlluminaNovaSeq	unknown	44447441.0	1	142	1	17	0.0
83860_31	1	CM_tanzania_TB_DAR	24.0	male	IlluminaNovaSeq	unknown	35717445.0	1	194	1	22	0.0
83861_31	1	CM_tanzania_TB_DAR	41.0	male	IlluminaNovaSeq	unknown	43646035.0	1	111	1	14	0.0
83864_31	1	CM_tanzania_TB_DAR	30.0	male	IlluminaNovaSeq	unknown	36224586.0	1	86	1	12	0.0
83865_31	1	CM_tanzania_TB_DAR	36.0	male	IlluminaNovaSeq	unknown	64126311.0	1	41	1	4	0.0
83866_31	1	CM_tanzania_TB_DAR	37.0	male	IlluminaNovaSeq	unknown	20714343.0	1	124	1	20	0.0
83868_31	1	CM_tanzania_TB_DAR	38.0	male	IlluminaNovaSeq	unknown	30706982.0	1	8	1	3	0.0
83869_31	1	CM_tanzania_TB_DAR	35.0	male	IlluminaNovaSeq	unknown	34029225.0	1	95	1	18	0.0
83871_31	1	CM_tanzania_TB_DAR	33.0	male	IlluminaNovaSeq	unknown	29653931.0	1	50	1	13	0.0
83872_31	1	CM_tanzania_TB_DAR	40.0	male	IlluminaNovaSeq	unknown	29814630.0	1	57	1	10	0.0
83873_31	1	CM_tanzania_TB_DAR	36.0	male	IlluminaNovaSeq	unknown	72141702.0	1	63	1	14	0.0
83874_31	1	CM_tanzania_TB_DAR	37.0	male	IlluminaNovaSeq	unknown	91173107.0	1	95	2	17	0.0
83881_31	1	CM_tanzania_TB_DAR	32.0	female	IlluminaNovaSeq	unknown	36700384.0	1	71	1	10	0.0
83882_31	1	CM_tanzania_TB_DAR	32.0	female	IlluminaNovaSeq	unknown	11610428.0	1	63	1	5	0.0
83883_31	1	CM_tanzania_TB_DAR	31.0	male	IlluminaNovaSeq	unknown	47579342.0	1	62	1	13	0.0
83884_31	1	CM_tanzania_TB_DAR	36.0	male	IlluminaNovaSeq	unknown	18221473.0	0	110	0	13	0.0
83888_31	1	CM_tanzania_TB_DAR	28.0	male	IlluminaNovaSeq	unknown	30455183.0	1	16	1	3	0.0
83889_31	1	CM_tanzania_TB_DAR	39.0	male	IlluminaNovaSeq	unknown	25578755.0	1	68	1	10	0.0
83890_31	1	CM_tanzania_TB_DAR	37.0	male	IlluminaNovaSeq	unknown	72002017.0	1	67	1	9	0.0
83892_31	1	CM_tanzania_TB_DAR	36.0	male	IlluminaNovaSeq	unknown	37006047.0	1	37	1	11	0.0
83896_31	1	CM_tanzania_TB_DAR	29.0	male	IlluminaNovaSeq	unknown	112909424.0	1	64	2	20	0.0
83899_31	1	CM_tanzania_TB_DAR	31.0	male	IlluminaNovaSeq	unknown	74418695.0	1	143	1	18	0.0
83901_31	1	CM_tanzania_TB_DAR	36.0	male	IlluminaNovaSeq	unknown	27001890.0	1	98	1	15	0.0
83905_31	1	CM_tanzania_TB_DAR	34.0	male	IlluminaNovaSeq	unknown	28375609.0	1	55	1	10	0.0
83908_31	1	CM_tanzania_TB_DAR	29.0	male	IlluminaNovaSeq	unknown	21742224.0	1	63	1	13	0.0
83910_31	1	CM_tanzania_TB_DAR	31.0	male	IlluminaNovaSeq	unknown	18175974.0	1	104	1	16	0.0
83924_31	1	CM_tanzania_TB_DAR	45.0	male	IlluminaNovaSeq	unknown	17602538.0	1	56	1	10	0.0
83928_31	1	CM_tanzania_TB_DAR	27.0	male	IlluminaNovaSeq	unknown	28036548.0	1	50	1	6	0.0
83930_31	1	CM_tanzania_TB_DAR	35.0	female	IlluminaNovaSeq	unknown	38579514.0	1	64	1	6	0.0
83936_31	1	CM_tanzania_TB_DAR	34.0	male	IlluminaNovaSeq	unknown	17072265.0	1	95	1	12	0.0
83940_31	1	CM_tanzania_TB_DAR	40.0	female	IlluminaNovaSeq	unknown	37381606.0	1	113	1	13	0.0
83943_31	1	CM_tanzania_TB_DAR	44.0	female	IlluminaNovaSeq	unknown	88665955.0	0	76	0	7	0.0
83945_31	1	CM_tanzania_TB_DAR	25.0	male	IlluminaNovaSeq	unknown	88316342.0	1	62	1	11	0.0
83946_31	1	CM_tanzania_TB_DAR	35.0	male	IlluminaNovaSeq	unknown	25163928.0	1	32	1	6	0.0
83949_31	1	CM_tanzania_TB_DAR	27.0	male	IlluminaNovaSeq	unknown	34674503.0	1	69	1	9	0.0
83951_31	1	CM_tanzania_TB_DAR	36.0	female	IlluminaNovaSeq	unknown	43576287.0	1	69	1	9	0.0
83953_31	1	CM_tanzania_TB_DAR	34.0	male	IlluminaNovaSeq	unknown	77479460.0	1	60	1	10	0.0
83955_31	1	CM_tanzania_TB_DAR	37.0	male	IlluminaNovaSeq	unknown	56356218.0	1	127	1	19	0.0
83963_31	1	CM_tanzania_TB_DAR	37.0	male	IlluminaNovaSeq	unknown	39511626.0	1	50	1	9	0.0
83966_31	1	CM_tanzania_TB_DAR	44.0	male	IlluminaNovaSeq	unknown	80755378.0	1	116	1	19	0.0
83969_31	1	CM_tanzania_TB_DAR	32.0	male	IlluminaNovaSeq	unknown	89168084.0	1	89	1	10	0.0
83970_31	1	CM_tanzania_TB_DAR	32.0	male	IlluminaNovaSeq	unknown	26548354.0	1	87	1	11	0.0
83971_31	1	CM_tanzania_TB_DAR	33.0	male	IlluminaNovaSeq	unknown	21858548.0	1	19	1	4	0.0
83972_31	1	CM_tanzania_TB_DAR	37.0	female	IlluminaNovaSeq	unknown	45372863.0	1	6	1	2	0.0
83977_31	1	CM_tanzania_TB_DAR	29.0	male	IlluminaNovaSeq	unknown	41639395.0	1	28	2	2	0.0
83980_31	1	CM_tanzania_TB_DAR	36.0	male	IlluminaNovaSeq	unknown	44803503.0	0	64	0	7	0.0
83983_31	1	CM_tanzania_TB_DAR	26.0	male	IlluminaNovaSeq	unknown	39251272.0	1	24	1	3	0.0
83984_31	1	CM_tanzania_TB_DAR	36.0	male	IlluminaNovaSeq	unknown	65889354.0	1	61	1	8	0.0
83985_31	1	CM_tanzania_TB_DAR	39.0	male	IlluminaNovaSeq	unknown	62366856.0	1	87	1	16	0.0
83987_31	1	CM_tanzania_TB_DAR	49.0	male	IlluminaNovaSeq	unknown	68428806.0	1	58	1	11	0.0
83991_31	1	CM_tanzania_TB_DAR	27.0	male	IlluminaNovaSeq	unknown	74159056.0	1	74	1	8	0.0
83994_31	1	CM_tanzania_TB_DAR	31.0	male	IlluminaNovaSeq	unknown	79649096.0	1	59	1	4	0.0
83997_31	1	CM_tanzania_TB_DAR	37.0	male	IlluminaNovaSeq	unknown	36309741.0	1	62	1	10	0.0
84000_31	1	CM_tanzania_TB_DAR	48.0	male	IlluminaNovaSeq	unknown	88833589.0	1	41	1	5	0.0
84001_31	1	CM_tanzania_TB_DAR	35.0	male	IlluminaNovaSeq	unknown	40384562.0	1	65	1	9	0.0
84002_31	1	CM_tanzania_TB_DAR	35.0	male	IlluminaNovaSeq	unknown	23640522.0	1	99	1	13	0.0
84004_31	1	CM_tanzania_TB_DAR	37.0	male	IlluminaNovaSeq	unknown	64383699.0	1	50	1	10	0.0
ARG_M1	1	CM_argentina	37.0	female	IlluminaNovaSeq	unknown	48139250.0	1	70	1	10	0.0
ARG_M10	1	CM_argentina	30.0	female	IlluminaNovaSeq	unknown	11048579.0	1	82	1	14	0.0
ARG_M11	1	CM_argentina	26.0	female	IlluminaNovaSeq	unknown	187601060.0	1	100	1	11	0.0
ARG_M12	1	CM_argentina	25.0	female	IlluminaNovaSeq	unknown	68652333.0	1	141	1	13	0.0
ARG_M14	1	CM_argentina	18.0	female	IlluminaNovaSeq	unknown	104709680.0	1	131	1	13	0.0
ARG_M15	1	CM_argentina	31.0	female	IlluminaNovaSeq	unknown	67726462.0	1	115	1	15	0.0
ARG_M2	1	CM_argentina	21.0	female	IlluminaNovaSeq	unknown	80793665.0	1	79	1	10	0.0
ARG_M3	1	CM_argentina	27.0	female	IlluminaNovaSeq	unknown	63477398.0	1	94	1	13	0.0
ARG_M4	1	CM_argentina	32.0	female	IlluminaNovaSeq	unknown	41803745.0	1	68	1	13	0.0
ARG_M5	1	CM_argentina	27.0	female	IlluminaNovaSeq	unknown	135828886.0	1	42	1	5	0.0
ARG_M6	1	CM_argentina	17.0	female	IlluminaNovaSeq	unknown	40896412.0	0	169	0	20	0.0
ARG_M8	1	CM_argentina	37.0	female	IlluminaNovaSeq	unknown	85333203.0	1	111	1	15	0.0
ARG_M9	1	CM_argentina	36.0	female	IlluminaNovaSeq	unknown	58338596.0	1	154	1	18	0.0
COL_1MH	1	CM_colombia	32.0	female	IlluminaNovaSeq	unknown	31178081.0	1	64	1	10	0.0
COL_10MH	1	CM_colombia	21.0	female	IlluminaNovaSeq	unknown	28200922.0	1	113	1	12	0.0
COL_11MH	1	CM_colombia	22.0	female	IlluminaNovaSeq	unknown	59027072.0	1	177	1	20	0.0
COL_13MH	1	CM_colombia	19.0	female	IlluminaNovaSeq	unknown	45329764.0	1	212	1	19	0.0
COL_15MH	1	CM_colombia	38.0	female	IlluminaNovaSeq	unknown	10271196.0	1	78	1	10	0.0
COL_16MH	1	CM_colombia	25.0	female	IlluminaNovaSeq	unknown	36784790.0	1	237	1	17	0.0
COL_2MH	1	CM_colombia	19.0	female	IlluminaNovaSeq	unknown	61427841.0	1	227	1	23	0.0
COL_4MH	1	CM_colombia	32.0	female	IlluminaNovaSeq	unknown	67630714.0	1	293	1	24	0.0
COL_5MH	1	CM_colombia	18.0	female	IlluminaNovaSeq	unknown	10391969.0	1	172	1	18	0.0
COL_6MH	1	CM_colombia	40.0	female	IlluminaNovaSeq	unknown	19807055.0	1	75	1	9	0.0
C16-20001-GH	1	CM_ghana2	25.0	female	IlluminaHiSeq	Qiagen	44635535.0	1	244	1	20	0.0
C16-20002-GH	1	CM_ghana2	22.0	female	IlluminaHiSeq	Qiagen	40699060.0	1	246	1	21	0.0
C16-20005-GH	1	CM_ghana	34.0	female	IlluminaHiSeq	Qiagen	36632244.0	1	195	1	19	0.0
C16-20006-GH	1	CM_ghana	33.0	male	IlluminaHiSeq	Qiagen	59637528.0	1	81	2	6	0.0
C16-20009-GH	1	CM_ghana	24.0	female	IlluminaHiSeq	Qiagen	55260992.0	1	220	2	18	0.0
C16-20010-GH	1	CM_ghana	28.0	male	IlluminaHiSeq	Qiagen	45396463.0	1	217	2	15	0.0
C16-20012-GH	1	CM_ghana2	25.0	female	IlluminaHiSeq	Qiagen	49158960.0	1	141	1	18	0.0
C16-20020-GH	1	CM_ghana2	20.0	female	IlluminaHiSeq	Qiagen	48048050.0	1	5	1	0	0.0
C16-20021-GH	1	CM_ghana2	44.0	female	IlluminaHiSeq	Qiagen	21321210.0	1	60	1	10	0.0
C16-20029-GH	1	CM_ghana	28.0	female	IlluminaHiSeq	Qiagen	71784691.0	1	233	2	24	0.0
C16-20038-GH	1	CM_ghana2	44.0	female	IlluminaHiSeq	Qiagen	44886327.0	1	229	1	22	0.0
C16-20039-GH	1	CM_ghana2	25.0	female	IlluminaHiSeq	Qiagen	42633390.0	1	161	1	17	0.0
C16-20047-GH	1	CM_ghana	45.0	male	IlluminaHiSeq	Qiagen	45562571.0	1	172	1	8	0.0
C16-20048-GH	1	CM_ghana	36.0	female	IlluminaHiSeq	Qiagen	66901974.0	1	272	2	23	0.0
C16-20059-GH	1	CM_ghana2	25.0	female	IlluminaHiSeq	Qiagen	44313861.0	1	222	3	18	0.0
C16-20065-GH	1	CM_ghana	34.0	female	IlluminaHiSeq	Qiagen	39964593.0	1	180	2	16	0.0
C16-20066-GH	1	CM_ghana	41.0	male	IlluminaHiSeq	Qiagen	53473324.0	1	10	2	2	0.0
C16-20091-GH	1	CM_ghana2	30.0	female	IlluminaHiSeq	Qiagen	40289919.0	0	202	0	16	0.0
C16-20092-GH	1	CM_ghana2	18.0	female	IlluminaHiSeq	Qiagen	37191079.0	0	246	0	17	0.0
C16-20097-GH	1	CM_ghana2	68.0	male	IlluminaHiSeq	Qiagen	49291742.0	1	81	1	9	0.0
C16-20108-GH	1	CM_ghana	40.0	female	IlluminaHiSeq	Qiagen	39523248.0	1	192	2	16	0.0
C16-20124-GH	1	CM_ghana	38.0	female	IlluminaHiSeq	Qiagen	41699296.0	1	134	1	10	0.0
C16-20125-GH	1	CM_ghana	43.0	male	IlluminaHiSeq	Qiagen	41236651.0	0	147	0	13	0.0
C16-20139-GH	1	CM_ghana2	28.0	female	IlluminaHiSeq	Qiagen	40279743.0	1	245	2	18	0.0
C16-20150-GH	1	CM_ghana2	24.0	female	IlluminaHiSeq	Qiagen	48301728.0	1	262	1	21	0.0
C16-20179-GH	1	CM_ghana2	52.0	female	IlluminaHiSeq	Qiagen	43099365.0	1	261	1	18	0.0
C16-20180-GH	1	CM_ghana2	36.0	female	IlluminaHiSeq	Qiagen	36387116.0	1	275	1	18	0.0
C16-20202-GH	1	CM_ghana2	56.0	female	IlluminaHiSeq	Qiagen	57031840.0	1	262	1	18	0.0
C16-20214-GH	1	CM_ghana2	22.0	female	IlluminaHiSeq	Qiagen	62668722.0	1	231	3	22	0.0
C16-20215-GH	1	CM_ghana2	72.0	female	IlluminaHiSeq	Qiagen	75382279.0	0	287	0	29	0.0
C16-20218-GH	1	CM_ghana2	24.0	female	IlluminaHiSeq	Qiagen	60337839.0	1	334	1	35	0.0
C16-20219-GH	1	CM_ghana2	18.0	female	IlluminaHiSeq	Qiagen	64407575.0	1	67	2	10	0.0
C16-20230-GH	1	CM_ghana2	40.0	female	IlluminaHiSeq	Qiagen	84142198.0	1	99	1	8	0.0
C16-20241-GH	1	CM_ghana	31.0	female	IlluminaHiSeq	Qiagen	85494734.0	1	169	1	19	0.0
C16-20242-GH	1	CM_ghana	34.0	male	IlluminaHiSeq	Qiagen	54434253.0	1	279	2	21	0.0
C16-20273-GH	1	CM_ghana	31.0	female	IlluminaHiSeq	Qiagen	50889112.0	1	229	1	23	0.0
C16-20274-GH	1	CM_ghana	34.0	male	IlluminaHiSeq	Qiagen	38498855.0	1	23	1	2	0.0
C16-20286-GH	1	CM_ghana2	31.0	male	IlluminaHiSeq	Qiagen	45907156.0	1	228	1	19	0.0
C16-20288-GH	1	CM_ghana	41.0	male	IlluminaHiSeq	Qiagen	30607824.0	1	99	1	7	0.0
C16-20292-GH	1	CM_ghana	25.0	female	IlluminaHiSeq	Qiagen	31579677.0	1	108	1	16	0.0
C16-20301-GH	1	CM_ghana2	40.0	female	IlluminaHiSeq	Qiagen	47361046.0	1	244	2	19	0.0
C16-20316-GH	1	CM_ghana2	40.0	female	IlluminaHiSeq	Qiagen	35631527.0	1	232	1	22	0.0
C16-20335-GH	1	CM_ghana2	18.0	female	IlluminaHiSeq	Qiagen	35237666.0	0	191	0	16	0.0
C16-20345-GH	1	CM_ghana2	25.0	female	IlluminaHiSeq	Qiagen	64324383.0	1	241	1	20	0.0
C16-20358-GH	1	CM_ghana2	38.0	female	IlluminaHiSeq	Qiagen	42300301.0	1	222	1	18	0.0
C16-20362-GH	1	CM_ghana	20.0	female	IlluminaHiSeq	Qiagen	31738471.0	1	209	1	23	0.0
C16-20363-GH	1	CM_ghana	34.0	male	IlluminaHiSeq	Qiagen	32378414.0	1	185	1	17	0.0
C16-20374-GH	1	CM_ghana	24.0	female	IlluminaHiSeq	Qiagen	32468781.0	1	261	1	21	0.0
C16-20375-GH	1	CM_ghana	31.0	male	IlluminaHiSeq	Qiagen	37893462.0	1	117	1	9	0.0
C16-20394-GH	1	CM_ghana2	25.0	female	IlluminaHiSeq	Qiagen	45508656.0	1	189	1	19	0.0
C16-20402-GH	1	CM_ghana2	22.0	female	IlluminaHiSeq	Qiagen	54274364.0	0	279	0	22	0.0
C16-20424-GH	1	CM_ghana2	25.0	female	IlluminaHiSeq	Qiagen	41307149.0	1	208	1	21	0.0
GUI_0020201	1	CM_guinea	52.0	male	IlluminaNovaSeq	unknown	38834245.0	1	118	1	11	0.0
GUI_0070123	1	CM_guinea	45.0	female	IlluminaNovaSeq	unknown	39354463.0	1	66	1	7	0.0
GUI_0080101	1	CM_guinea	44.0	female	IlluminaNovaSeq	unknown	57333651.0	1	127	1	12	0.0
GUI_0080103	1	CM_guinea	24.0	female	IlluminaNovaSeq	unknown	75951163.0	1	90	1	8	0.0
GUI_0080105	1	CM_guinea	17.0	male	IlluminaNovaSeq	unknown	71184795.0	1	155	1	15	0.0
GUI_0080201	1	CM_guinea	53.0	female	IlluminaNovaSeq	unknown	91853626.0	1	105	2	8	0.0
GUI_0080302	1	CM_guinea	24.0	female	IlluminaNovaSeq	unknown	37003882.0	1	145	1	11	0.0
GUI_0080304	1	CM_guinea	50.0	female	IlluminaNovaSeq	unknown	52343264.0	1	66	1	4	0.0
GUI_0080308	1	CM_guinea	45.0	female	IlluminaNovaSeq	unknown	73581814.0	1	151	2	13	0.0
GUI_0080315	1	CM_guinea	23.0	female	IlluminaNovaSeq	unknown	67377757.0	1	69	1	8	0.0
GUI_0080320	1	CM_guinea	55.0	female	IlluminaNovaSeq	unknown	30045031.0	1	72	1	8	0.0
GUI_0080324	1	CM_guinea	52.0	female	IlluminaNovaSeq	unknown	83322879.0	1	118	1	12	0.0
GUI_0080403	1	CM_guinea	27.0	female	IlluminaNovaSeq	unknown	32468467.0	1	71	1	8	0.0
GUI_0080417	1	CM_guinea	60.0	female	IlluminaNovaSeq	unknown	35523455.0	1	67	1	3	0.0
GUI_0080506	1	CM_guinea	53.0	female	IlluminaNovaSeq	unknown	100544695.0	1	89	2	6	0.0
GUI_0080508	1	CM_guinea	64.0	male	IlluminaNovaSeq	unknown	63784784.0	1	129	2	13	0.0
GUI_0090301	1	CM_guinea	39.0	female	IlluminaNovaSeq	unknown	62146057.0	1	135	1	9	0.0
GUI_0090305	1	CM_guinea	51.0	male	IlluminaNovaSeq	unknown	50396394.0	1	69	1	10	0.0
GUI_0090401	1	CM_guinea	68.0	female	IlluminaNovaSeq	unknown	32799189.0	1	50	1	2	0.0
GUI_0090501	1	CM_guinea	32.0	male	IlluminaNovaSeq	unknown	37995479.0	1	73	1	7	0.0
GUI_0090502	1	CM_guinea	17.0	male	IlluminaNovaSeq	unknown	76835809.0	1	78	2	9	0.0
GUI_0090508	1	CM_guinea	31.0	female	IlluminaNovaSeq	unknown	32069751.0	1	114	2	14	0.0
GUI_0090511	1	CM_guinea	22.0	female	IlluminaNovaSeq	unknown	59464442.0	1	130	1	14	0.0
GUI_0110107	1	CM_guinea	23.0	female	IlluminaNovaSeq	unknown	34891910.0	1	97	2	11	0.0
GUI_0130103	1	CM_guinea	37.0	female	IlluminaNovaSeq	unknown	46761505.0	1	109	1	10	0.0
GUI_0140101	1	CM_guinea	51.0	male	IlluminaNovaSeq	unknown	24544384.0	1	84	1	5	0.0
GUI_0140102	1	CM_guinea	43.0	female	IlluminaNovaSeq	unknown	43060173.0	1	137	1	13	0.0
GUI_0140103	1	CM_guinea	20.0	female	IlluminaNovaSeq	unknown	43543527.0	1	150	1	14	0.0
GUI_0140108	1	CM_guinea	21.0	female	IlluminaNovaSeq	unknown	47115677.0	1	131	2	11	0.0
GUI_0140110	1	CM_guinea	22.0	male	IlluminaNovaSeq	unknown	42788303.0	1	98	2	8	0.0
GUI_0140111	1	CM_guinea	24.0	male	IlluminaNovaSeq	unknown	52567824.0	1	82	2	8	0.0
GUI_0140112	1	CM_guinea	20.0	male	IlluminaNovaSeq	unknown	55601560.0	1	58	1	7	0.0
GUI_0140113	1	CM_guinea	19.0	female	IlluminaNovaSeq	unknown	41940069.0	1	103	1	12	0.0
GUI_0140115	1	CM_guinea	70.0	female	IlluminaNovaSeq	unknown	48252657.0	1	116	2	12	0.0
GUI_0140116	1	CM_guinea	19.0	male	IlluminaNovaSeq	unknown	73587979.0	1	159	1	15	0.0
GUI_0140117	1	CM_guinea	35.0	female	IlluminaNovaSeq	unknown	29064163.0	1	84	1	7	0.0
GUI_0140118	1	CM_guinea	48.0	male	IlluminaNovaSeq	unknown	159708404.0	1	174	3	16	0.0
GUI_0140119	1	CM_guinea	40.0	female	IlluminaNovaSeq	unknown	41951458.0	1	75	3	7	0.0
GUI_0140121	1	CM_guinea	19.0	female	IlluminaNovaSeq	unknown	54476082.0	1	126	1	11	0.0
GUI_0140306	1	CM_guinea	23.0	male	IlluminaNovaSeq	unknown	50029138.0	1	89	2	10	0.0
GUI_0140308	1	CM_guinea	59.0	female	IlluminaNovaSeq	unknown	54033173.0	1	154	1	10	0.0
GUI_0140411	1	CM_guinea	34.0	female	IlluminaNovaSeq	unknown	78620196.0	1	264	1	19	0.0
GUI_0140502	1	CM_guinea	45.0	female	IlluminaNovaSeq	unknown	38883787.0	1	182	1	11	0.0
GUI_0140504	1	CM_guinea	65.0	female	IlluminaNovaSeq	unknown	49602510.0	1	131	1	14	0.0
GUI_0150117	1	CM_guinea	20.0	male	IlluminaNovaSeq	unknown	48445330.0	1	151	1	18	0.0
GUI_0170201	1	CM_guinea	21.0	male	IlluminaNovaSeq	unknown	55983081.0	1	119	1	13	0.0
GUI_0210101	1	CM_guinea	37.0	female	IlluminaNovaSeq	unknown	31574886.0	1	106	2	12	0.0
GUI_0210109	1	CM_guinea	18.0	female	IlluminaNovaSeq	unknown	48533669.0	1	132	1	12	0.0
GUI_0210119	1	CM_guinea	31.0	female	IlluminaNovaSeq	unknown	54856284.0	1	110	1	11	0.0
GUI_0210124	1	CM_guinea	23.0	male	IlluminaNovaSeq	unknown	43928866.0	1	99	1	12	0.0
GUI_0210125	1	CM_guinea	70.0	female	IlluminaNovaSeq	unknown	94762117.0	1	138	2	14	0.0
GUI_0210126	1	CM_guinea	80.0	male	IlluminaNovaSeq	unknown	37059184.0	1	106	1	9	0.0
GUI_0210127	1	CM_guinea	42.0	male	IlluminaNovaSeq	unknown	34277320.0	1	152	2	14	0.0
GUI_0210203	1	CM_guinea	24.0	male	IlluminaNovaSeq	unknown	46954929.0	1	53	1	2	0.0
GUI_0210204	1	CM_guinea	21.0	female	IlluminaNovaSeq	unknown	69262613.0	1	16	1	2	0.0
GUI_0210205	1	CM_guinea	32.0	female	IlluminaNovaSeq	unknown	40255545.0	1	80	1	6	0.0
GUI_0210301	1	CM_guinea	52.0	male	IlluminaNovaSeq	unknown	56264809.0	1	120	1	13	0.0
GUI_0210302	1	CM_guinea	29.0	female	IlluminaNovaSeq	unknown	56514063.0	1	137	1	17	0.0
GUI_0210303	1	CM_guinea	39.0	female	IlluminaNovaSeq	unknown	39263807.0	1	147	1	14	0.0
GUI_0210306	1	CM_guinea	20.0	male	IlluminaNovaSeq	unknown	115893226.0	1	111	2	11	0.0
GUI_0210309	1	CM_guinea	50.0	female	IlluminaNovaSeq	unknown	46129811.0	1	95	1	7	0.0
GUI_0210311	1	CM_guinea	80.0	female	IlluminaNovaSeq	unknown	80322193.0	1	170	2	13	0.0
GUI_0210315	1	CM_guinea	17.0	female	IlluminaNovaSeq	unknown	65994674.0	1	131	1	16	0.0
GUI_0210317	1	CM_guinea	23.0	female	IlluminaNovaSeq	unknown	30770385.0	1	90	1	10	0.0
GUI_0210402	1	CM_guinea	30.0	female	IlluminaNovaSeq	unknown	43730600.0	1	106	1	10	0.0
GUI_0210404	1	CM_guinea	29.0	female	IlluminaNovaSeq	unknown	32629360.0	1	106	2	10	0.0
GUI_0210405	1	CM_guinea	17.0	male	IlluminaNovaSeq	unknown	92767952.0	1	132	1	14	0.0
GUI_0210406	1	CM_guinea	17.0	male	IlluminaNovaSeq	unknown	87907820.0	1	121	1	10	0.0
GUI_0210411	1	CM_guinea	19.0	male	IlluminaNovaSeq	unknown	43001021.0	1	82	2	7	0.0
GUI_100101	1	CM_guinea2	30.0	female	IlluminaNovaSeq	unknown	32477409.0	1	108	1	8	0.0
GUI_100102	1	CM_guinea2	18.0	male	IlluminaNovaSeq	unknown	37483927.0	1	115	1	14	0.0
GUI_100106	1	CM_guinea2	25.0	female	IlluminaNovaSeq	unknown	45210800.0	1	113	1	13	0.0
GUI_100107	1	CM_guinea2	25.0	female	IlluminaNovaSeq	unknown	33043412.0	1	77	1	10	0.0
GUI_100201	1	CM_guinea2	27.0	female	IlluminaNovaSeq	unknown	57819329.0	1	169	1	15	0.0
GUI_110102	1	CM_guinea2	31.0	female	IlluminaNovaSeq	unknown	50966938.0	1	112	1	15	0.0
GUI_110103	1	CM_guinea2	61.0	female	IlluminaNovaSeq	unknown	71734703.0	1	89	2	7	0.0
GUI_110105	1	CM_guinea2	60.0	female	IlluminaNovaSeq	unknown	48913422.0	1	95	2	10	0.0
GUI_110106	1	CM_guinea2	17.0	female	IlluminaNovaSeq	unknown	40700174.0	1	88	1	10	0.0
GUI_110108	1	CM_guinea2	19.0	male	IlluminaNovaSeq	unknown	55355735.0	1	88	1	9	0.0
GUI_110110	1	CM_guinea2	49.0	male	IlluminaNovaSeq	unknown	40403546.0	1	60	1	10	0.0
GUI_120101	1	CM_guinea2	77.0	male	IlluminaNovaSeq	unknown	29782378.0	1	143	1	11	0.0
GUI_120102	1	CM_guinea2	66.0	female	IlluminaNovaSeq	unknown	51378234.0	1	107	1	7	0.0
GUI_120105	1	CM_guinea2	42.0	female	IlluminaNovaSeq	unknown	29352102.0	1	136	1	8	0.0
GUI_120201	1	CM_guinea2	45.0	female	IlluminaNovaSeq	unknown	82068313.0	1	92	1	12	0.0
GUI_120301	1	CM_guinea2	40.0	female	IlluminaNovaSeq	unknown	5436146.0	0	36	0	2	0.0
GUI_130102	1	CM_guinea2	21.0	female	IlluminaNovaSeq	unknown	20480632.0	1	95	1	9	0.0
GUI_130114	1	CM_guinea2	44.0	female	IlluminaNovaSeq	unknown	26071856.0	1	92	1	11	0.0
GUI_130201	1	CM_guinea2	48.0	male	IlluminaNovaSeq	unknown	19079413.0	1	50	1	1	0.0
GUI_130301	1	CM_guinea2	38.0	female	IlluminaNovaSeq	unknown	37835039.0	1	104	1	12	0.0
GUI_130401	1	CM_guinea2	56.0	female	IlluminaNovaSeq	unknown	36584476.0	1	116	1	9	0.0
GUI_140120	1	CM_guinea2	19.0	male	IlluminaNovaSeq	unknown	141120281.0	1	61	1	3	0.0
GUI_140123	1	CM_guinea2	20.0	male	IlluminaNovaSeq	unknown	47168256.0	1	137	1	15	0.0
GUI_140126	1	CM_guinea2	19.0	male	IlluminaNovaSeq	unknown	38147684.0	1	59	1	9	0.0
GUI_140201	1	CM_guinea2	24.0	female	IlluminaNovaSeq	unknown	33836579.0	1	75	1	11	0.0
GUI_140301	1	CM_guinea2	17.0	male	IlluminaNovaSeq	unknown	28137125.0	1	123	1	12	0.0
GUI_140304	1	CM_guinea2	42.0	female	IlluminaNovaSeq	unknown	35528104.0	1	181	1	12	0.0
GUI_140309	1	CM_guinea2	49.0	male	IlluminaNovaSeq	unknown	22027725.0	1	111	1	9	0.0
GUI_140401	1	CM_guinea2	69.0	male	IlluminaNovaSeq	unknown	31972999.0	1	85	2	9	0.0
GUI_140412	1	CM_guinea2	26.0	female	IlluminaNovaSeq	unknown	76163166.0	1	172	2	14	0.0
GUI_140508	1	CM_guinea2	85.0	female	IlluminaNovaSeq	unknown	39075272.0	1	153	1	11	0.0
GUI_150101	1	CM_guinea2	46.0	male	IlluminaNovaSeq	unknown	24775524.0	1	89	1	8	0.0
GUI_150107	1	CM_guinea2	45.0	male	IlluminaNovaSeq	unknown	43649416.0	1	83	1	4	0.0
GUI_150112	1	CM_guinea2	17.0	male	IlluminaNovaSeq	unknown	49565251.0	1	172	1	23	0.0
GUI_150119	1	CM_guinea2	25.0	female	IlluminaNovaSeq	unknown	32138417.0	1	216	1	17	0.0
GUI_160101	1	CM_guinea2	55.0	female	IlluminaNovaSeq	unknown	34300094.0	1	94	1	6	0.0
GUI_160102	1	CM_guinea2	18.0	female	IlluminaNovaSeq	unknown	51243592.0	1	118	1	14	0.0
GUI_160201	1	CM_guinea2	62.0	female	IlluminaNovaSeq	unknown	38668386.0	1	75	1	7	0.0
GUI_160202	1	CM_guinea2	52.0	male	IlluminaNovaSeq	unknown	14554388.0	1	70	1	7	0.0
GUI_160301	1	CM_guinea2	27.0	male	IlluminaNovaSeq	unknown	23969.0	0	1	0	1	0.0
GUI_180101	1	CM_guinea2	45.0	male	IlluminaNovaSeq	unknown	31668734.0	1	139	1	15	0.0
GUI_180104	1	CM_guinea2	19.0	female	IlluminaNovaSeq	unknown	47829338.0	1	140	1	15	0.0
GUI_180105	1	CM_guinea2	21.0	female	IlluminaNovaSeq	unknown	39735661.0	1	49	1	3	0.0
GUI_180108	1	CM_guinea2	40.0	female	IlluminaNovaSeq	unknown	49786263.0	1	152	1	15	0.0
GUI_180202	1	CM_guinea2	40.0	female	IlluminaNovaSeq	unknown	23894932.0	1	61	1	4	0.0
GUI_180206	1	CM_guinea2	30.0	female	IlluminaNovaSeq	unknown	27304135.0	1	94	1	7	0.0
GUI_180301	1	CM_guinea2	64.0	male	IlluminaNovaSeq	unknown	91459662.0	1	136	1	13	0.0
GUI_180302	1	CM_guinea2	39.0	male	IlluminaNovaSeq	unknown	54250010.0	1	93	1	7	0.0
GUI_180304	1	CM_guinea2	62.0	female	IlluminaNovaSeq	unknown	46929324.0	1	110	1	9	0.0
GUI_180305	1	CM_guinea2	41.0	female	IlluminaNovaSeq	unknown	27022351.0	1	112	1	13	0.0
GUI_180309	1	CM_guinea2	62.0	female	IlluminaNovaSeq	unknown	115085059.0	1	112	1	18	0.0
GUI_180401	1	CM_guinea2	55.0	female	IlluminaNovaSeq	unknown	25910677.0	1	46	1	3	0.0
GUI_180402	1	CM_guinea2	34.0	female	IlluminaNovaSeq	unknown	49766190.0	1	97	1	9	0.0
GUI_180501	1	CM_guinea2	39.0	male	IlluminaNovaSeq	unknown	52015814.0	1	103	1	7	0.0
GUI_190101	1	CM_guinea2	48.0	male	IlluminaNovaSeq	unknown	17768075.0	1	74	1	7	0.0
GUI_190102	1	CM_guinea2	47.0	female	IlluminaNovaSeq	unknown	36942690.0	1	110	1	9	0.0
GUI_190301	1	CM_guinea2	45.0	male	IlluminaNovaSeq	unknown	34677413.0	1	57	1	2	0.0
GUI_190302	1	CM_guinea2	40.0	female	IlluminaNovaSeq	unknown	33531047.0	1	103	1	6	0.0
GUI_190303	1	CM_guinea2	69.0	female	IlluminaNovaSeq	unknown	39788644.0	1	159	1	15	0.0
GUI_190401	1	CM_guinea2	29.0	male	IlluminaNovaSeq	unknown	43842064.0	1	179	1	15	0.0
GUI_190402	1	CM_guinea2	20.0	female	IlluminaNovaSeq	unknown	13219063.0	1	81	1	6	0.0
GUI_190406	1	CM_guinea2	25.0	female	IlluminaNovaSeq	unknown	47920468.0	1	146	1	12	0.0
GUI_200109	1	CM_guinea2	20.0	female	IlluminaNovaSeq	unknown	53622695.0	1	63	1	2	0.0
GUI_200110	1	CM_guinea2	35.0	male	IlluminaNovaSeq	unknown	59932300.0	1	152	1	13	0.0
GUI_200114	1	CM_guinea2	24.0	female	IlluminaNovaSeq	unknown	48317128.0	1	165	1	16	0.0
GUI_200205	1	CM_guinea2	55.0	female	IlluminaNovaSeq	unknown	50921949.0	1	55	1	4	0.0
GUI_200401	1	CM_guinea2	64.0	male	IlluminaNovaSeq	unknown	117154358.0	1	135	1	16	0.0
GUI_200402	1	CM_guinea2	22.0	male	IlluminaNovaSeq	unknown	54182248.0	1	65	1	6	0.0
GUI_200403	1	CM_guinea2	50.0	female	IlluminaNovaSeq	unknown	45511782.0	1	115	1	13	0.0
GUI_200404	1	CM_guinea2	20.0	female	IlluminaNovaSeq	unknown	61377875.0	1	86	1	14	0.0
GUI_200405	1	CM_guinea2	21.0	female	IlluminaNovaSeq	unknown	45985885.0	1	136	1	14	0.0
GUI_200501	1	CM_guinea2	39.0	male	IlluminaNovaSeq	unknown	64339206.0	1	97	1	8	0.0
GUI_200502	1	CM_guinea2	30.0	female	IlluminaNovaSeq	unknown	50686016.0	1	101	1	12	0.0
GUI_200504	1	CM_guinea2	35.0	female	IlluminaNovaSeq	unknown	46291464.0	1	50	1	7	0.0
GUI_200505	1	CM_guinea2	45.0	female	IlluminaNovaSeq	unknown	43529656.0	1	78	1	8	0.0
GUI_200508	1	CM_guinea2	36.0	male	IlluminaNovaSeq	unknown	37322634.0	1	39	1	7	0.0
GUI_200602	1	CM_guinea2	27.0	male	IlluminaNovaSeq	unknown	44401460.0	1	132	1	12	0.0
GUI_200603	1	CM_guinea2	41.0	male	IlluminaNovaSeq	unknown	43897689.0	1	136	1	16	0.0
GUI_200604	1	CM_guinea2	36.0	male	IlluminaNovaSeq	unknown	35625435.0	1	54	1	7	0.0
GUI_200605	1	CM_guinea2	18.0	male	IlluminaNovaSeq	unknown	25941930.0	1	111	1	13	0.0
GUI_200606	1	CM_guinea2	17.0	male	IlluminaNovaSeq	unknown	42302219.0	1	130	1	13	0.0
GUI_210115	1	CM_guinea2	28.0	female	IlluminaNovaSeq	unknown	21342434.0	1	82	1	7	0.0
GUI_70102	1	CM_guinea2	32.0	female	IlluminaNovaSeq	unknown	19162436.0	1	53	1	6	0.0
GUI_70103	1	CM_guinea2	49.0	male	IlluminaNovaSeq	unknown	50099249.0	1	191	1	12	0.0
GUI_70104	1	CM_guinea2	46.0	female	IlluminaNovaSeq	unknown	53973094.0	1	110	2	8	0.0
GUI_70105	1	CM_guinea2	50.0	female	IlluminaNovaSeq	unknown	99399859.0	1	159	2	15	0.0
GUI_70108	1	CM_guinea2	24.0	female	IlluminaNovaSeq	unknown	52651836.0	1	36	2	3	0.0
GUI_70109	1	CM_guinea2	62.0	female	IlluminaNovaSeq	unknown	33602052.0	1	115	1	8	0.0
GUI_70110	1	CM_guinea2	39.0	male	IlluminaNovaSeq	unknown	44125675.0	1	58	1	4	0.0
GUI_70111	1	CM_guinea2	24.0	female	IlluminaNovaSeq	unknown	42394108.0	1	103	1	8	0.0
GUI_70112	1	CM_guinea2	30.0	female	IlluminaNovaSeq	unknown	29892839.0	1	68	1	9	0.0
GUI_70113	1	CM_guinea2	18.0	female	IlluminaNovaSeq	unknown	21903151.0	1	55	1	13	0.0
GUI_70116	1	CM_guinea2	45.0	female	IlluminaNovaSeq	unknown	46373584.0	1	109	1	12	0.0
GUI_70117	1	CM_guinea2	17.0	female	IlluminaNovaSeq	unknown	46968323.0	1	84	1	12	0.0
GUI_70120	1	CM_guinea2	63.0	female	IlluminaNovaSeq	unknown	43231689.0	1	66	1	8	0.0
GUI_70202	1	CM_guinea2	40.0	female	IlluminaNovaSeq	unknown	6215311.0	1	44	1	2	0.0
GUI_80319	1	CM_guinea2	40.0	female	IlluminaNovaSeq	unknown	54781389.0	1	120	1	13	0.0
GUI_80321	1	CM_guinea2	42.0	female	IlluminaNovaSeq	unknown	42593073.0	1	29	1	5	0.0
GUI_80401	1	CM_guinea2	43.0	male	IlluminaNovaSeq	unknown	50999065.0	1	62	1	6	0.0
GUI_80407	1	CM_guinea2	20.0	female	IlluminaNovaSeq	unknown	38557929.0	1	128	1	14	0.0
GUI_80410	1	CM_guinea2	21.0	male	IlluminaNovaSeq	unknown	48454713.0	1	116	1	12	0.0
GUI_80412	1	CM_guinea2	19.0	male	IlluminaNovaSeq	unknown	28775266.0	1	86	2	10	0.0
GUI_80415	1	CM_guinea2	62.0	male	IlluminaNovaSeq	unknown	42333459.0	1	199	1	10	0.0
GUI_80419	1	CM_guinea2	20.0	female	IlluminaNovaSeq	unknown	33943631.0	1	142	1	11	0.0
GUI_80421	1	CM_guinea2	33.0	female	IlluminaNovaSeq	unknown	39859921.0	1	104	1	9	0.0
GUI_80501	1	CM_guinea2	18.0	female	IlluminaNovaSeq	unknown	65573582.0	1	136	1	17	0.0
GUI_80507	1	CM_guinea2	22.0	female	IlluminaNovaSeq	unknown	53741603.0	1	165	2	15	0.0
GUI_90101	1	CM_guinea2	27.0	female	IlluminaNovaSeq	unknown	25382932.0	1	54	1	3	0.0
C16-20002-TZ	1	CM_tanzania	24.0	female	IlluminaHiSeq	Qiagen	30294666.0	1	134	1	13	0.0
C16-20003-TZ	1	CM_tanzania	25.0	male	IlluminaHiSeq	Qiagen	81883537.0	1	198	1	15	0.0
C16-20005-TZ	1	CM_tanzania	20.0	male	IlluminaHiSeq	Qiagen	25418232.0	1	216	1	21	0.0
C16-20030-TZ	1	CM_tanzania2	27.0	female	IlluminaHiSeq	Qiagen	29367816.0	1	29	1	2	0.0
C16-20031-TZ	1	CM_tanzania2	79.0	female	IlluminaHiSeq	Qiagen	44336716.0	1	217	1	17	0.0
C16-20040-TZ	1	CM_tanzania2	34.0	female	IlluminaHiSeq	Qiagen	49496865.0	1	193	1	23	0.0
C16-20054-TZ	1	CM_tanzania2	28.0	female	IlluminaHiSeq	Qiagen	54443602.0	1	56	1	4	0.0
C16-20055-TZ	1	CM_tanzania2	60.0	female	IlluminaHiSeq	Qiagen	69182371.0	1	193	1	15	0.0
C16-20058-TZ	1	CM_tanzania2	24.0	female	IlluminaHiSeq	Qiagen	110110607.0	1	148	1	15	0.0
C16-20065-TZ	1	CM_tanzania2	20.0	female	IlluminaHiSeq	Qiagen	64741213.0	0	125	0	11	0.0
C16-20067-TZ	1	CM_tanzania2	22.0	female	IlluminaHiSeq	Qiagen	41751682.0	1	197	1	13	0.0
C16-20070-TZ	1	CM_tanzania	30.0	male	IlluminaHiSeq	Qiagen	38081759.0	1	79	1	14	0.0
C16-20071-TZ	1	CM_tanzania	21.0	female	IlluminaHiSeq	Qiagen	39438932.0	1	206	1	13	0.0
C16-20080-TZ	1	CM_tanzania2	22.0	female	IlluminaHiSeq	Qiagen	43147020.0	1	230	1	24	0.0
C16-20081-TZ	1	CM_tanzania2	77.0	male	IlluminaHiSeq	Qiagen	51401547.0	1	299	1	25	0.0
C16-20082-TZ	1	CM_tanzania2	66.0	female	IlluminaHiSeq	Qiagen	52362256.0	1	128	1	11	0.0
C16-20095-TZ	1	CM_tanzania2	31.0	female	IlluminaHiSeq	Qiagen	42933070.0	1	87	1	9	0.0
C16-20096-TZ	1	CM_tanzania2	56.0	female	IlluminaHiSeq	Qiagen	43237262.0	1	132	1	12	0.0
C16-20117-TZ	1	CM_tanzania	34.0	male	IlluminaHiSeq	Qiagen	30671199.0	1	129	1	8	0.0
C16-20118-TZ	1	CM_tanzania	28.0	female	IlluminaHiSeq	Qiagen	43747326.0	1	32	2	4	0.0
C16-20145-TZ	1	CM_tanzania2	33.0	female	IlluminaHiSeq	Qiagen	39139136.0	1	103	1	7	0.0
C16-20152-TZ	1	CM_tanzania	30.0	male	IlluminaHiSeq	Qiagen	30759822.0	1	147	1	12	0.0
C16-20153-TZ	1	CM_tanzania	24.0	female	IlluminaHiSeq	Qiagen	57633097.0	1	141	2	19	0.0
C16-20162-TZ	1	CM_tanzania2	27.0	female	IlluminaHiSeq	Qiagen	52957380.0	1	286	2	25	0.0
C16-20176-TZ	1	CM_tanzania2	28.0	female	IlluminaHiSeq	Qiagen	64338355.0	1	185	1	15	0.0
C16-20197-TZ	1	CM_tanzania	31.0	male	IlluminaHiSeq	Qiagen	42774365.0	1	198	1	13	0.0
C16-20198-TZ	1	CM_tanzania	18.0	female	IlluminaHiSeq	Qiagen	41358999.0	1	223	1	14	0.0
C16-20205-TZ	1	CM_tanzania2	40.0	male	IlluminaHiSeq	Qiagen	26530069.0	1	106	1	9	0.0
C16-20211-TZ	1	CM_tanzania	20.0	female	IlluminaHiSeq	Qiagen	53174765.0	1	247	1	22	0.0
C16-20212-TZ	1	CM_tanzania	22.0	male	IlluminaHiSeq	Qiagen	77590347.0	1	266	2	19	0.0
C16-20215-TZ	1	CM_tanzania	61.0	female	IlluminaHiSeq	Qiagen	48710424.0	1	259	1	18	0.0
C16-20237-TZ	1	CM_tanzania	36.0	male	IlluminaHiSeq	Qiagen	70837175.0	0	298	1	19	0.0
C16-20238-TZ	1	CM_tanzania	45.0	female	IlluminaHiSeq	Qiagen	49738186.0	0	231	1	21	0.0
C16-20241-TZ	1	CM_tanzania2	24.0	female	IlluminaHiSeq	Qiagen	33300121.0	1	35	1	5	0.0
C16-20246-TZ	1	CM_tanzania	30.0	male	IlluminaHiSeq	Qiagen	49538856.0	1	130	2	16	0.0
C16-20248-TZ	1	CM_tanzania	20.0	female	IlluminaHiSeq	Qiagen	52360745.0	1	161	1	16	0.0
C16-20251-TZ	1	CM_tanzania2	43.0	female	IlluminaHiSeq	Qiagen	31329963.0	1	220	1	17	0.0
C16-20252-TZ	1	CM_tanzania2	81.0	female	IlluminaHiSeq	Qiagen	26716997.0	1	270	1	21	0.0
C16-20267-TZ	1	CM_tanzania2	21.0	female	IlluminaHiSeq	Qiagen	53985264.0	1	217	1	19	0.0
C16-20268-TZ	1	CM_tanzania2	80.0	female	IlluminaHiSeq	Qiagen	71447979.0	1	85	1	13	0.0
C16-20269-TZ	1	CM_tanzania2	21.0	male	IlluminaHiSeq	Qiagen	69129997.0	1	164	1	14	0.0
C16-20270-TZ	1	CM_tanzania2	54.0	female	IlluminaHiSeq	Qiagen	70448243.0	1	180	1	17	0.0
C16-20284-TZ	1	CM_tanzania2	36.0	female	IlluminaHiSeq	Qiagen	26642698.0	1	162	1	11	0.0
C16-20312-TZ	1	CM_tanzania2	40.0	female	IlluminaHiSeq	Qiagen	32139187.0	1	167	1	15	0.0
C16-20313-TZ	1	CM_tanzania2	45.0	male	IlluminaHiSeq	Qiagen	55428044.0	1	76	1	4	0.0
C16-20314-TZ	1	CM_tanzania2	18.0	female	IlluminaHiSeq	Qiagen	82047952.0	1	232	1	16	0.0
C16-20315-TZ	1	CM_tanzania2	20.0	male	IlluminaHiSeq	Qiagen	38854887.0	1	245	1	20	0.0
C16-20333-TZ	1	CM_tanzania2	36.0	male	IlluminaHiSeq	Qiagen	28066624.0	0	226	0	22	0.0
C16-20340-TZ	1	CM_tanzania	40.0	male	IlluminaHiSeq	Qiagen	43242999.0	1	56	1	4	0.0
C16-20345-TZ	1	CM_tanzania	28.0	female	IlluminaHiSeq	Qiagen	64075210.0	1	85	2	11	0.0
C16-20346-TZ	1	CM_tanzania	28.0	male	IlluminaHiSeq	Qiagen	49597715.0	0	97	1	11	0.0
C16-20368-TZ	1	CM_tanzania2	24.0	female	IlluminaHiSeq	Qiagen	18129274.0	1	28	1	2	0.0
C16-20370-TZ	1	CM_tanzania2	40.0	female	IlluminaHiSeq	Qiagen	32196328.0	1	182	1	19	0.0
C16-20371-TZ	1	CM_tanzania	28.0	female	IlluminaHiSeq	Qiagen	52914157.0	1	257	1	20	0.0
C16-20386-TZ	1	CM_tanzania2	20.0	female	IlluminaHiSeq	Qiagen	45875884.0	1	301	1	21	0.0
C16-20387-TZ	1	CM_tanzania2	20.0	female	IlluminaHiSeq	Qiagen	44873900.0	1	201	2	15	0.0
C16-20400-TZ	1	CM_tanzania2	34.0	female	IlluminaHiSeq	Qiagen	55767277.0	1	311	1	29	0.0
C16-20415-TZ	1	CM_tanzania	31.0	male	IlluminaHiSeq	Qiagen	35239109.0	1	6	1	1	0.0
C16-20416-TZ	1	CM_tanzania	25.0	female	IlluminaHiSeq	Qiagen	39498710.0	1	207	1	16	0.0
C16-20424-TZ	1	CM_tanzania2	48.0	male	IlluminaHiSeq	Qiagen	68731201.0	1	272	1	18	0.0
C16-20425-TZ	1	CM_tanzania2	22.0	female	IlluminaHiSeq	Qiagen	32053200.0	1	125	1	12	0.0
C16-20429-TZ	1	CM_tanzania2	40.0	female	IlluminaHiSeq	Qiagen	56357266.0	1	182	1	18	0.0
C16-20431-TZ	1	CM_tanzania2	20.0	male	IlluminaHiSeq	Qiagen	23570881.0	1	193	1	16	0.0
C16-20432-TZ	1	CM_tanzania2	25.0	female	IlluminaHiSeq	Qiagen	64214442.0	1	220	2	17	0.0
C16-20436-TZ	1	CM_tanzania2	20.0	male	IlluminaHiSeq	Qiagen	43976632.0	1	253	1	23	0.0
C16-20437-TZ	1	CM_tanzania	47.0	male	IlluminaHiSeq	Qiagen	31247549.0	1	195	1	17	0.0
C16-20438-TZ	1	CM_tanzania	33.0	female	IlluminaHiSeq	Qiagen	44015598.0	1	286	1	22	0.0
C16-20452-TZ	1	CM_tanzania2	37.0	female	IlluminaHiSeq	Qiagen	28613513.0	1	114	1	10	0.0
C16-20459-TZ	1	CM_tanzania2	31.0	female	IlluminaHiSeq	Qiagen	30339648.0	1	125	1	10	0.0
C16-20470-TZ	1	CM_tanzania	20.0	female	IlluminaHiSeq	Qiagen	55177990.0	1	141	1	16	0.0
C16-20471-TZ	1	CM_tanzania	27.0	male	IlluminaHiSeq	Qiagen	59806516.0	1	124	2	12	0.0
C16-20473-TZ	1	CM_tanzania	25.0	female	IlluminaHiSeq	Qiagen	67949735.0	1	165	1	14	0.0
C16-20491-TZ	1	CM_tanzania	34.0	male	IlluminaHiSeq	Qiagen	28984164.0	1	9	1	1	0.0
C16-20500-TZ	1	CM_tanzania2	28.0	female	IlluminaHiSeq	Qiagen	35968266.0	1	170	1	16	0.0
C16-20501-TZ	1	CM_tanzania2	40.0	female	IlluminaHiSeq	Qiagen	28550257.0	1	234	1	24	0.0
C16-20502-TZ	1	CM_tanzania2	18.0	male	IlluminaHiSeq	Qiagen	67898519.0	1	64	1	3	0.0
C16-20516-TZ	1	CM_tanzania2	25.0	female	IlluminaHiSeq	Qiagen	24703427.0	1	5	1	3	0.0
C16-20554-TZ	1	CM_tanzania	28.0	female	IlluminaHiSeq	Qiagen	70038406.0	1	149	1	12	0.0
C16-20558-TZ	1	CM_tanzania	31.0	male	IlluminaHiSeq	Qiagen	33659817.0	1	149	1	11	0.0
C16-20565-TZ	1	CM_tanzania2	21.0	female	IlluminaHiSeq	Qiagen	55768056.0	1	81	1	9	0.0
C16-20566-TZ	1	CM_tanzania2	54.0	female	IlluminaHiSeq	Qiagen	23101256.0	1	159	1	15	0.0
C16-20567-TZ	1	CM_tanzania2	20.0	female	IlluminaHiSeq	Qiagen	64221878.0	1	269	1	25	0.0
C16-20602-TZ	1	CM_tanzania2	20.0	female	IlluminaHiSeq	Qiagen	47073857.0	1	211	1	18	0.0
C16-20603-TZ	1	CM_tanzania2	44.0	male	IlluminaHiSeq	Qiagen	72840034.0	1	162	1	13	0.0
C16-20604-TZ	1	CM_tanzania2	40.0	female	IlluminaHiSeq	Qiagen	60777345.0	1	95	1	6	0.0
C16-20608-TZ	1	CM_tanzania2	34.0	female	IlluminaHiSeq	Qiagen	24389440.0	1	133	1	16	0.0
C16-20609-TZ	1	CM_tanzania2	60.0	female	IlluminaHiSeq	Qiagen	86279670.0	1	200	2	24	0.0
C16-20615-TZ	1	CM_tanzania2	27.0	female	IlluminaHiSeq	Qiagen	28965115.0	1	233	1	19	0.0
C16-20616-TZ	1	CM_tanzania2	31.0	male	IlluminaHiSeq	Qiagen	20811913.0	1	222	1	18	0.0
C16-20617-TZ	1	CM_tanzania2	24.0	female	IlluminaHiSeq	Qiagen	29903092.0	1	173	1	15	0.0
C16-20625-TZ	1	CM_tanzania	20.0	female	IlluminaHiSeq	Qiagen	49299720.0	1	201	1	18	0.0
C16-20626-TZ	1	CM_tanzania	25.0	male	IlluminaHiSeq	Qiagen	36316653.0	1	177	1	16	0.0
C16-20627-TZ	1	CM_tanzania	20.0	male	IlluminaHiSeq	Qiagen	38426298.0	1	159	1	15	0.0
C16-20645-TZ	1	CM_tanzania	34.0	female	IlluminaHiSeq	Qiagen	66130906.0	1	307	1	30	0.0
C16-20646-TZ	1	CM_tanzania	40.0	male	IlluminaHiSeq	Qiagen	66850184.0	1	264	1	20	0.0
C16-20647-TZ	1	CM_tanzania	18.0	female	IlluminaHiSeq	Qiagen	62136875.0	1	304	1	28	0.0
C16-20664-TZ	1	CM_tanzania2	48.0	male	IlluminaHiSeq	Qiagen	44148555.0	1	254	1	26	0.0
