	TZA_Effect	TZA_SE	TZA_Pvalue	TZA_Qvalue	CMR_Effect	CMR_SE	CMR_Pvalue	CMR_Qvalue	PER_Effect	PER_SE	PER_Pvalue	PER_Qvalue	RE_Effect	RE_Var	RE_Pvalue	RE_Effect_Qvalue	RE_stdErr	RE_conf_int	Zscore	Tau2_DL	Tau2_PM	I2	Qtest_FDR
t__SGB1626	-0.04970809846112086	0.17280991771019197	0.7950942771471202	0.8889131603810628	0.6367508334587715	0.1751572901217297	0.008545366103637177	0.12458244266881568	0.588566810917592	0.4091985195074585	0.16930628430949957	0.5230949574685699	0.3513643704070587	0.054172355704139204	0.13113933340949036	0.38439783443840025	0.23274955575497713	-0.10482475887269649;0.8075534996868139	1.5096242365203532	0.15212358117334157	0.10496810668272936	0.7583128634547741	0.15792608812181294
t__SGB4290	0.03359606434638099	0.1727954249918234	0.860658660557507	0.9186992253349882	0.07883345677962074	0.17094693069373224	0.7415755215071457	0.892648529723183	-2.6967565852728912e-05	0.400616808403097	0.9999486336104968	0.9999486336104968	0.05169828573134655	0.013524089015509909	0.6566438649033861	0.8334036681706206	0.11629311680194107	-0.17623622320045795;0.27963279466315105	0.44455155346291003	0.0	0.0	0.0	1.0
t__SGB5117	0.09542120823695498	0.17288153542649426	0.6182318880424557	0.777526596993236	0.28143736323912655	0.17172442011471709	0.2402029091159264	0.6557600302681893	-0.179263619748571	0.4014206269454374	0.6693479885570737	0.881530909276929	0.15798722305835616	0.013591630763736252	0.17537095174718065	0.44464763051687906	0.11658314957032277	-0.07051575009947647;0.3864901962161888	1.3551462937880103	0.0	0.0	0.0	1.0
t__SGB4260	0.0902679661536831	0.17287120746239992	0.6373069857425036	0.7923083928874886	-0.18204737400247697	0.17123415408991463	0.4467460526084909	0.7782934375632199	-0.22230573481820173	0.4018523044136315	0.5968193850172456	0.8554212437497243	-0.06188746020277748	0.01355751681539013	0.5950644432945733	0.8021977736372509	0.11643675027838131	-0.29010349074840486;0.16632857034284987	-0.5315114004368435	0.0	0.0	0.0	1.0
t__SGB15234	-0.08805745247126275	0.1728669527288632	0.6455654495530357	0.7956468499496815	-0.3647652946566998	0.17229572882221544	0.12861975623952354	0.529779516406662	-0.1992191556566117	0.40160931574533554	0.6352527566204679	0.8615240524429624	-0.22453213965050575	0.013633266910995569	0.05448046024486164	0.22629704077500185	0.1167615814855022	-0.45338483936209006;0.00432056006107856	-1.9229967322632144	0.0	0.0	0.0	1.0
t__SGB1814	0.6995238090467741	0.17798910152000916	0.0003617634252120662	0.0035784899682486824	0.26231187488117036	0.17161386359848005	0.273500733206062	0.6779064291264334	0.5128033553060528	0.40714789122993106	0.22870224768915867	0.5893071870688088	0.48011350543830267	0.021188465932600733	0.0009726159518792521	0.013816134290797581	0.14556258424677934	0.19481084031461515;0.7654161705619902	3.298330459868333	0.02769634942770738	0.017381021866647438	0.36218663047654903	0.8318301321960025
t__SGB2318	0.43203138504238014	0.17478725149181965	0.02535965910417038	0.10084338335071548	0.03417159571936996	0.17089304081379006	0.8863165728324225	0.9460874399791177	0.4405238338115627	0.4054467057616906	0.2990219271315376	0.666179990995908	0.253338044119031	0.019772413240319607	0.07160039269432872	0.26182585843338685	0.14061441334486166	-0.022266206036897884;0.5289422942749599	1.8016506138507349	0.021498822048328103	0.014588812616336686	0.310210177629973	0.8890271431132426
t__SGB15332_group	-0.5298193418985193	0.17578845981065347	0.006352005483394249	0.03514401856918064	0.28516544208696326	0.17174686765466746	0.23406370094244086	0.6557600302681893	0.07356574055742804	0.40075229206230717	0.8606420888529687	0.9622309953574324	-0.07747249338118534	0.06781718658710209	0.7660896819561818	0.890689787625865	0.2604173315797205	-0.5878904632774375;0.4329454765150669	-0.29749361500338156	0.2207490366937268	0.14424460196022054	0.8213447562046902	0.059735662728084685
t__SGB1830_group	0.45257323601890814	0.17498112633460558	0.019281737706221408	0.08280684255229968	0.23447440266129305	0.17146673448732114	0.3274477103583767	0.7061970994113416	0.2857437025787265	0.4026560027146065	0.497449999071058	0.8006735026947556	0.3366063875639679	0.013728615428345728	0.004068210011046514	0.03759060895312311	0.11716917439474313	0.10695480575027136;0.5662579693776644	2.872823755076915	0.0	0.0	0.0	1.0
t__SGB15031	-0.21283807539700383	0.17327173917088787	0.2672139109004824	0.49181563667397765	-0.5941217333261256	0.1746097249851526	0.013981995476552342	0.17213389986688882	0.05143922151293609	0.40068305474979055	0.9022839588891427	0.9717582368376148	-0.3374015618693184	0.028271758106103922	0.04478741060348024	0.20009859253490364	0.16814207714342036	-0.6669600330704223;-0.007843090668214536	-2.0066456154310774	0.037819652024911256	0.035799659557761085	0.4402348425480842	0.7440771837430318
t__SGB6312	-0.10074894040312005	0.1728928150798822	0.598780994872147	0.7644374616713863	0.10192252061797925	0.17099148056823327	0.6698942672907904	0.8671061310259296	0.20145030139739942	0.40163164306950133	0.6314898076717173	0.8615240524429624	0.01847353788548206	0.013540019672257814	0.8738581551729887	0.9366025658830326	0.11636159019306076	-0.20959517889291704;0.24654225466388116	0.1587597578791402	0.0	0.0	0.0	1.0
t__SGB4914	0.3686596030525567	0.17424474011747834	0.055768279992414786	0.1812060241395765	0.337309727728184	0.17209143164365917	0.15970433142135015	0.573877808999715	-0.11711706601684647	0.40096010025355544	0.7799879759136009	0.9476169707371379	0.31270816802629303	0.013713095760979559	0.007576766225166676	0.05870669215024249	0.1171029280632195	0.08318642902238282;0.5422299070302032	2.6703701879894375	0.0	0.0	0.0	1.0
t__SGB15368	-0.13474460388390286	0.1729791925214363	0.4818061271607297	0.6774634376828534	-0.1317853703594223	0.17106595393253549	0.5815861626544994	0.8368798288586822	-0.13770738655185438	0.4010913414950358	0.7426612816784414	0.9267114053617324	-0.1336240481227192	0.013548543015501978	0.2509724495212904	0.5442267166618162	0.11639820881569432	-0.36176453740148007;0.09451644115604169	-1.1479905875038023	0.0	0.0	0.0	1.0
t__SGB15254	-0.13706265394078798	0.17298598869857723	0.47431377761351	0.6725698726525815	-0.197643194721594	0.1712972546225637	0.408876258311186	0.75146009227582	0.003955648684785953	0.4006172001668151	0.9924656098811617	0.9973927312472347	-0.15314776901611998	0.013563267147833274	0.1885070899632133	0.4662184278554472	0.11646144060517745	-0.3814121926022678;0.07511665457002781	-1.3150083686094434	0.0	0.0	0.0	1.0
t__SGB1790	0.7444426803088786	0.17866775580282476	0.00015448484606861237	0.0018314432108428819	0.3111817833764611	0.17191165114303197	0.1943337049248932	0.6194710565085706	0.496716420766184	0.406747589160535	0.24315729032791392	0.6029845984187056	0.5194196542540581	0.0207987332602868	0.0003162197363084651	0.005936238123470293	0.1442176593218972	0.23675304198313962;0.8020862665249766	3.6016369749470227	0.02586905678008049	0.016266140478032282	0.34562286999611297	0.8434859667747026
t__SGB5082_group	0.5624411539754093	0.17616625875466368	0.0038287084172904506	0.02305548329542293	0.5553346617856126	0.1741431116722491	0.02141907610796479	0.204890124240961	-0.10738282724458773	0.4009054257387608	0.7978315343855085	0.9570517617105196	0.46688591890002995	0.026416387169848867	0.004071185085175788	0.03759060895312311	0.16253118829888885	0.14832478983420783;0.7854470479658521	2.8725927853394144	0.012692906269136637	0.03061693702996926	0.20693483724019848	0.9984887676342064
t__SGB5111	0.2627432588590774	0.17352713041736356	0.17132136678584145	0.3770445538159783	0.378545903580157	0.1724041947358616	0.11492112249914413	0.5078692610652754	0.2664401667022172	0.4023903782774604	0.5266628425389093	0.814344604133516	0.31640472943649184	0.0136931093690393	0.006852923776054398	0.05436907787585454	0.11701756008838717	0.087050311663253;0.5457591472097307	2.7039081074455926	0.0	0.0	0.0	1.0
t__SGB4303	0.0013323518670929873	0.17278325586230855	0.9944453293818667	0.9959931497464005	-0.10641042028721152	0.17100145939137099	0.6562834442963723	0.8640362169574883	-0.35320720503959513	0.4037284170090195	0.4029456031930735	0.7570180688607148	-0.0780360565838665	0.013544747343876685	0.5025282066278458	0.7500032089758146	0.11638190299130138	-0.3061445864468172;0.1500724732790842	-0.6705171042760752	0.0	0.0	0.0	1.0
t__SGB4925	0.24620692894940976	0.17343661062715213	0.19969120998443077	0.4058278880347451	0.4708033441658412	0.17323168762060412	0.050496771319447006	0.3496901413871705	0.29042900057922777	0.40272324737554954	0.4905009973485037	0.8006735026947556	0.3528556797515165	0.013748869960258127	0.002618616135759755	0.02844535959237067	0.11725557539093025	0.1230347519852932;0.5826766075177398	3.0092870089553965	0.0	0.0	0.0	1.0
t__SGB4933_group	0.3160082195677554	0.1738582885022866	0.10044849892312367	0.26957386170225156	0.5524073417342537	0.1741091248704301	0.022101246684437595	0.20895975331347375	0.5878355034448297	0.4091774297604398	0.16981423957975894	0.5230949574685699	0.4467879163851474	0.013880371213127365	0.0001492679376611239	0.0037588380665573924	0.11781498721778721	0.2158705414382845;0.6777052913320103	3.7922842155831704	0.0	0.0	0.0	1.0
t__SGB1836_group	0.6624084355573275	0.17745840396086626	0.0007103578465549414	0.006054434569099039	0.22798051656948726	0.1714347676210317	0.34097550324208903	0.7128318067778012	0.43422651446838656	0.4053103989922905	0.30581431198779	0.6763318516616195	0.4396506840314974	0.020863559302952986	0.002336243208660216	0.026686159538098136	0.14444223517708726	0.15654390308440636;0.7227574649785884	3.043782059260453	0.02669128281690031	0.016745552998489614	0.3548368987051305	0.8339424758674946
t__SGB15316_group	0.08278407968836779	0.1728572282710178	0.6654445512849825	0.8063407412254538	0.3685278934241811	0.17232495147286755	0.12475801716450775	0.5255965133774699	0.7392096670659845	0.41407267007447757	0.08808516134523098	0.3842455069705351	0.28616710459907485	0.022657215389259935	0.05728233429788521	0.23071325089571115	0.15052313904931672	-0.008858247937585884;0.5811924571357356	1.9011502577375585	0.018821961334738804	0.021553740739717282	0.28144776621509665	0.9211117264478398
t__SGB4394	-0.028853241489131112	0.1727922266894023	0.8801671089994976	0.9333976038246237	0.16192357152772904	0.17116036360133238	0.49847045249775646	0.8074638324086464	-0.544370574476818	0.4079692465840789	0.20225331018703258	0.5616752470870573	-0.011363830519275425	0.024851687898069158	0.9425340124890669	0.9749646294497676	0.15764418130102092	-0.3203464258692764;0.2976187648307256	-0.07208531533159626	0.01617403389722521	0.02743618478042276	0.25393454760091966	0.9503421219633396
t__SGB4422	-0.05711507264148904	0.17281846070468831	0.7654079844579929	0.8636171555798942	0.10872890580973359	0.17100678271662223	0.6492965580600445	0.863398905225723	0.6837319261121928	0.4121558824805016	0.11296695593911955	0.4391838146685771	0.11769599332853473	0.028856763334379486	0.488405043662719	0.7372653792619791	0.1698727857379736	-0.21525466671789353;0.450646653374963	0.6928478438569857	0.01914607259104056	0.03749001936605537	0.286569536931302	0.9211117264478398
t__SGB15106	0.4366976909280835	0.17483052053426465	0.023848238582581806	0.0964374027354038	0.1834231006980016	0.17123951270621013	0.44332640866310224	0.7782934375632199	0.9060077987755654	0.4206679207528628	0.039614298750412225	0.3255764701675791	0.3860669335767212	0.027068698530211373	0.018948369351265315	0.11506314634477091	0.16452567741909277	0.06359660583529941;0.7085372613181431	2.346545169319079	0.022758834805088012	0.032244980804851484	0.31924957797158326	0.8824245760411711
t__SGB15180	-0.9795332576845649	0.18285133895335354	1.028085084902058e-06	2.9208160873627698e-05	0.2780036927910447	0.17170400404731717	0.24595804455261108	0.6572649898407794	0.012939728177234436	0.40062100073185164	0.975357283236394	0.9923745361119601	-0.2476032684567714	0.15579711812044356	0.5304613011409081	0.7676618627126142	0.3947114365209647	-1.0212376840378623;0.5260311471243194	-0.6273019870900554	0.5886645698320915	0.4000764261816369	0.9222739355591272	0.00023870266539257243
t__SGB15286	-0.04095156312985464	0.1728013459160311	0.8305772154283548	0.9013511799163734	0.40141704081854035	0.17259292504128715	0.0947729426049831	0.4565583495927012	0.07224702775890943	0.4007474791192864	0.8631135709868747	0.9622309953574324	0.16719397377919246	0.022102699858542726	0.26075870801552314	0.556687183971483	0.14866976780281432	-0.12419877111432362;0.4585867186727085	1.1245996832452676	0.03202479638624831	0.020525319401331295	0.40253586631475863	0.7976928691323576
t__SGB4886	-0.22603810072513392	0.17333411180775302	0.23881336354727994	0.46159741054467035	-0.27027372100236974	0.17165895141113027	0.259270100101918	0.6649797937799192	-0.3344228125527219	0.40340736623167267	0.42804004461298406	0.785731522375612	-0.25557819411697913	0.013630460493589066	0.028588498616429536	0.1471502316974017	0.11674956314089173	-0.48440733787312695;-0.026749050360831333	-2.189114779029631	0.0	0.0	0.0	1.0
t__SGB15346	-0.09270983112748847	0.1728760299880395	0.628236896043105	0.7856506555482622	0.40878688124055607	0.17265605207853796	0.08892653238692666	0.44383152200321957	0.6847435100094789	0.4121895722479032	0.11246492140751115	0.4387715947870506	0.2544794926148081	0.04641469251894186	0.23752153887881633	0.5295248794320493	0.21544069373946478	-0.16778426711454286;0.6767432523441591	1.181204387145882	0.08919394842400358	0.08377030649697877	0.6498686864117235	0.3765440471889079
t__SGB15356	0.2625911940141121	0.17352627144018576	0.17156756512297913	0.3770445538159783	0.009789184305611574	0.17088159365784109	0.9673299584747117	0.9835883367159498	0.6779404875033022	0.4119639108305191	0.11587763133767097	0.4412110499042592	0.19850736755646428	0.022266333118560598	0.18341673543964476	0.4577156370881225	0.1492190775958644	-0.0939620245314299;0.4909767596443585	1.3303082337373053	0.016233067421120274	0.020775262136921702	0.25354716361096935	0.9503421219633396
t__SGB2295	0.6079553032322387	0.17672956702831719	0.0018223182930969541	0.013371713038088909	0.20042473116623746	0.17130905081832126	0.40233097193173795	0.75146009227582	0.15820004489502448	0.4012429652178645	0.7061431726628886	0.907664310104966	0.3713884639443856	0.02135359595081829	0.011037280007854866	0.07789367037390568	0.14612869653431626	0.08497621873712574;0.6578007091516456	2.5415162986632835	0.025704121385908083	0.018212623899940255	0.3480206901524887	0.8430818268030048
t__SGB15093	-0.3447549019630333	0.1740620241224054	0.07339448185778752	0.21570579813906782	-0.019499002919344924	0.17088463083307967	0.9349793339163546	0.9732258553453563	0.06404840877459646	0.4007195083296605	0.8785102891839985	0.9671694687154538	-0.1576917163557859	0.01444282930750005	0.18947028656936338	0.46642621589660554	0.12017832295177051	-0.3932412293412561;0.07785779662968428	-1.3121477524617324	0.002729670604720235	0.0019625868250110357	0.054416133449537725	1.0
t__SGB15053_group	0.0899696364903255	0.17287062709483683	0.6384189176073118	0.7923083928874886	-0.056509756785913044	0.1709146719300228	0.8131153568760002	0.9165125284014326	0.681935391790537	0.41209616675049854	0.11386320368408259	0.43931749047574153	0.10896216955328085	0.028837417344595388	0.5211010728034557	0.7629223169514753	0.1698158336098121	-0.2238768643219508;0.44180120342851253	0.6416490573172614	0.018256364430997544	0.037449470267370194	0.2769888636668627	0.9232059317857894
t__SGB4373	-0.414319557070082	0.17462715335202922	0.031885263243865876	0.11935429619663307	0.14391301033012974	0.17110162097027978	0.5473631530444771	0.8210992815460325	-0.17041900995513337	0.401343335182069	0.6847017113964107	0.8904336810178674	-0.13890649013229642	0.03291775660304722	0.4439085755418062	0.7046571657597727	0.18143251253027176	-0.49451421469162904;0.21670123442703623	-0.7656096925247622	0.07677052613350258	0.04824058504751842	0.6170918325266622	0.43852640257786785
t__SGB15299	-0.774134329468597	0.17913801470324045	8.628531851655237e-05	0.0011802979372387658	0.2000836112990394	0.17130759534079734	0.4031302327803785	0.75146009227582	0.33421503619602927	0.40340391174541496	0.42832295985096536	0.785731522375612	-0.12120304459863056	0.12455624135294195	0.7312794236090581	0.8726046927206553	0.3529252631265463	-0.8129365603266613;0.5705304711294003	-0.34342411060318884	0.37738935488439906	0.3080248102538511	0.8854963840813133	0.006611969888961643
t__SGB1934	0.6526096848765417	0.17732286786170118	0.0008451765386443685	0.006936708183836743	0.41545593603679115	0.17271414590453965	0.08389253564935643	0.43413464628244336	0.6204694972602539	0.41014295001450085	0.14831023207360194	0.4949630636673222	0.5383809548597386	0.014030957863815894	5.490212608316725e-06	0.000276507071364315	0.1184523442731966	0.3062143600842733;0.7705475496352039	4.545127056481257	0.0	0.0	0.0	1.0
t__SGB2303	0.37480993766953247	0.17429369820765145	0.051859279386246335	0.1725527974773602	-0.12798841944251546	0.17105543078948252	0.5925050882177172	0.8386477556761205	0.1959997761015837	0.4015775351756347	0.6407001978456688	0.8615240524429624	0.1317339536174384	0.027491487914957875	0.42689940355684297	0.6927121581881736	0.16580557262938384	-0.19324496873615393;0.4567128759710307	0.7945086014201472	0.054051278493198865	0.03416923231042306	0.5319354174437043	0.5814409574251654
t__SGB14306	-0.4392050768517488	0.1748539581780665	0.0230692015680413	0.09414040317834754	-0.4335685582886938	0.17287656417148836	0.0713879359573382	0.4056299130293883	-0.4919257978693789	0.40663077193954716	0.24759205401963516	0.6061276572105933	-0.4410086652546007	0.01384742385819471	0.00017847695899853022	0.004162567762364197	0.11767507747265225	-0.6716518171009991;-0.21036551340820228	-3.747681112486128	0.0	0.0	0.0	1.0
t__SGB4936	0.19696291840687769	0.1732016688104296	0.3043768207178244	0.5295559340962969	0.29507765641513645	0.17180797310900284	0.21828980840032777	0.6479449839646735	0.03226582689740034	0.4006428747608275	0.9386066917248834	0.9740609740680861	0.22825064505612497	0.013616138256481414	0.050456566490765464	0.21923872812458092	0.11668820958640772	-0.0004582457332341361;0.4569595358454841	1.9560729045817193	0.0	0.0	0.0	1.0
t__SGB4644	0.11038643656260466	0.17291477364359073	0.5643284431285028	0.7412947587245484	0.36517817729463803	0.17229892111489056	0.12819145970992804	0.529779516406662	0.5932387865536648	0.40933384483985197	0.16608989953938375	0.5198520019481276	0.2672214460543864	0.013680181949934467	0.02233160032356274	0.12688929824875647	0.11696230995467928	0.037975318543215036;0.4964675735655578	2.2846799636389683	0.0	0.0	0.0	1.0
t__SGB4940	0.09637643540335819	0.17288351276974398	0.6147239487019969	0.7757564181797408	0.22382701514269474	0.17141478927090495	0.34981500547823696	0.719918201185937	0.6873693873094257	0.41227724395062637	0.11117050607177936	0.4367975912323813	0.2028793934695687	0.013628805094704424	0.08223953345076729	0.28386729926308457	0.1167424733963797	-0.025935854387335505;0.43169464132647295	1.7378370319491636	0.0	0.0	0.0	1.0
t__SGB5792	0.5155836705650712	0.17563042606785972	0.007868026042737878	0.041316459030111705	0.14140394876130372	0.17109398507685072	0.5543601334280903	0.8244711783064752	-0.07801852090776186	0.4007691862986883	0.8523077812780235	0.9622309953574324	0.2729655861348242	0.02449211587403008	0.08112529779438682	0.28266298728358674	0.15649957148193755	-0.033773573969773374;0.5797047462394218	1.7441938246222521	0.02983145288097842	0.02632104654495297	0.3840925986487448	0.8121906283764994
t__SGB9226	0.31143095779890306	0.17382746345778374	0.10541962225063134	0.27744641675463066	0.12717699012838385	0.1710532217482732	0.5948507974748939	0.8386477556761205	0.7188829047773972	0.41335406198051977	0.09659402952008074	0.3993514354785428	0.25792521789668843	0.013675207520121604	0.027411986952558864	0.14394541015846077	0.11694104292386658	0.02872077376590995;0.4871296620274669	2.2056004585542164	0.0	0.0	0.0	1.0
t__SGB1861	0.49195354712009925	0.1753773077205893	0.011120183334970729	0.0535702745006416	0.2991754445674147	0.1718338379815098	0.21199953670875096	0.6435492785569755	0.4974166042638432	0.4067647548231106	0.24251414791680845	0.6029845984187056	0.40226110926667474	0.013807574251945263	0.0006185787723704816	0.009791218282664195	0.11750563497954157	0.17195006470677326;0.6325721538265763	3.4233346284772708	0.0	0.0	0.0	1.0
t__SGB6472	-0.8376982187384286	0.1802020058614134	2.355537834323664e-05	0.0004078024875672843	-0.17634105896761942	0.17121235630484852	0.46109121954843024	0.7850433229156764	-0.8829085280213783	0.4196814214581224	0.04443680798087076	0.3419165502972556	-0.5774910113771274	0.0553152759987695	0.014072693662871671	0.09393099143651694	0.2351919981605869	-1.0384673277718777;-0.11651469498237715	-2.4554024622165165	0.1463559944189471	0.10665761242844761	0.7463422071195376	0.1791558598969519
t__SGB1949	0.568216328988295	0.17623540545872624	0.0034925699796601907	0.021740267064401634	0.4283236932450299	0.17282883581136121	0.07483904978803066	0.4166917947996883	0.2964375623802388	0.4028110675305568	0.48167161961256133	0.8006735026947556	0.4797067003183736	0.01392009958758602	4.785144587327039e-05	0.0015235939868904528	0.11798347167118799	0.24845909584284515;0.710954304793902	4.065880529904087	0.0	0.0	0.0	1.0
t__SGB15089	0.30877299137090425	0.17380976762687173	0.10839573781677807	0.28393020685813264	0.12715127251402195	0.17105315196368487	0.5949252129615801	0.8386477556761205	0.9396101068493984	0.42214413201034245	0.03344407684670495	0.309577046440667	0.3334178596785501	0.0385976474291788	0.08967701131220385	0.3047918053187787	0.19646283981755636	-0.05164930636386034;0.7184850257209605	1.6971039408173878	0.030504200171077675	0.062225678250457606	0.38704834383365405	0.8111301815080028
t__SGB14311	-0.41493594173065707	0.1746326147628247	0.03163577264069307	0.11922597308125142	-0.31724113537981263	0.17195207029721207	0.1858440594981713	0.61068184633915	-0.3170460891609857	0.4031257824080446	0.452100654113077	0.8006735026947556	-0.36124955723118696	0.013742880642637898	0.00205929730151877	0.024801102283508663	0.11723003302327394	-0.5910204219568038;-0.13147869250557004	-3.0815444465452577	0.0	0.0	0.0	1.0
t__SGB1877	0.39998108746458755	0.17450235344920645	0.03818965066609732	0.13693894154704153	0.3467840097926759	0.17216015136046162	0.14838573488316456	0.5665649674064485	0.3631027889703039	0.40390449163591113	0.39011261542741704	0.7489101310139944	0.3721867993231478	0.013753548017975214	0.0015055570509199256	0.01939717688859625	0.11727552181924075	0.14232677655743592;0.6020468220888597	3.173610260262216	0.0	0.0	0.0	1.0
t__SGB2301	0.2715085428406175	0.17357747640123378	0.15757783189116192	0.3570475209313035	0.41275053495767144	0.1726904683129343	0.0859058002007791	0.43652753384990733	0.354155899506739	0.40374508982035195	0.40170368740095264	0.7570180688607148	0.343473500957244	0.013725452596908334	0.0033703622983138892	0.033642895734520624	0.1171556767592093	0.11384837450919374;0.5730986274052943	2.9317700213809266	0.0	0.0	0.0	1.0
t__SGB4993	-0.6910800039579197	0.17786596647205727	0.00042275121001660975	0.003969562209308505	-0.02066718656348764	0.1708851319435755	0.9310934814695639	0.9723389043056333	0.5606033765672965	0.4084100266141301	0.1896124301262746	0.5485393539945489	-0.11522937846950318	0.12238657734406407	0.7418689990606975	0.8781953535889453	0.3498379301105929	-0.8009117214862652;0.5704529645472588	-0.3293793169685064	0.23999851765341892	0.3010693269177934	0.831493718424734	0.047872796848317765
t__SGB6473	-0.07795717509761285	0.17284885293435923	0.683851942628701	0.8125296251433564	0.027437421281552916	0.17088861008384618	0.9086085551635723	0.9571410853915446	-0.4674375940250857	0.4060508253551645	0.27120861721531997	0.6366507370224036	-0.06105810318025965	0.013553966347097724	0.5999605349230881	0.8057651790239777	0.11642150294124246	-0.2892442489450949;0.16712804258457556	-0.5244572663786643	0.0	0.0	0.0	1.0
t__SGB4951	-0.10034794095398428	0.17289194480492454	0.6002351910235614	0.7644374616713863	0.1648838727576936	0.17117067878454081	0.49066489878982755	0.8030379732040309	0.8192962632823707	0.4170853503325076	0.06056239824650617	0.3690877903108883	0.18785893824216432	0.05609182463093343	0.4276619734342444	0.6927623780192146	0.23683712680011432	-0.27634183028605974;0.6520597067703884	0.7931988568697399	0.058917663460456245	0.11018175732065792	0.5514672104235987	0.5527371517367711
t__SGB15196	-0.4809302800466304	0.17526317176333567	0.013015439224714322	0.06059288513018264	-0.6845875116471496	0.17581464221162904	0.00477692016375687	0.08821379235737686	-0.5240924092894981	0.4074361782468553	0.21895542891170602	0.5748877138250481	-0.5774837476080298	0.014098371208827398	1.152864141484855e-06	7.020825205037907e-05	0.1187365622242256	-0.8102074095675119;-0.34476008564854765	-4.8635713952833886	0.0	0.0	0.0	1.0
t__SGB15394	0.04110140463701924	0.1728014786745402	0.8299668595116491	0.9013511799163734	-0.24096406037468296	0.17149957122709156	0.3142855703501332	0.7034917413089851	1.0666363205988465	0.42815688382756695	0.017258832056999667	0.22765221332328134	0.20568798926610063	0.13893648446961088	0.5810687727117418	0.7962561522940296	0.372741846952567	-0.5248860307609307;0.936262009293132	0.5518242476602723	0.15063670876746502	0.3469032762745094	0.756788199091154	0.16061926223155765
t__SGB4577_group	-0.3055321869302668	0.17378839426918766	0.11211502447184025	0.2916043359502324	0.10593469348513028	0.17100038127204634	0.6577208665639781	0.8640362169574883	0.940555394050467	0.422186361489919	0.0332839358396504	0.309577046440667	0.1647001006298948	0.11827271932963505	0.6320044861900627	0.8199777174456551	0.3439080099817901	-0.5093595989344137;0.8387598001942034	0.4789074282934429	0.15495876055813332	0.2873706441616864	0.7623991927727302	0.15180200353871778
t__SGB9273	0.6163863862784811	0.17683851676213153	0.0015809722318510617	0.011790357501197331	-0.06542026613143713	0.1709262726378191	0.784333329876163	0.9072150628843236	1.5326025547473545	0.45564924118079586	0.0012485691525944975	0.08836110228474756	0.6199383313889978	0.19964094800587265	0.16529841812202806	0.42861915195610745	0.44681198283603885	-0.2558131549696383;1.4956898177476339	1.387470245211595	0.3244121817613171	0.5200145263705527	0.8658823642675992	0.01655296241660844
t__SGB15249	0.29084913644954624	0.17369435260545865	0.1302571820683884	0.32359855993671377	-0.3608063810204809	0.17226529996971204	0.13278375899506936	0.5408985476710914	-0.09011415252387041	0.40082008387724466	0.8297598899278439	0.9622309953574324	-0.04571085684340466	0.04356403340872018	0.8266456458166618	0.9131564132303283	0.20871998804312006	-0.45480203340791997;0.3633803197211107	-0.21900565092961352	0.12181667279850474	0.07678377943510616	0.7187680200905509	0.23267180092436066
t__SGB4581	0.1282343359114635	0.17296072398916784	0.5031924549699811	0.6900213367657662	0.05445569990597141	0.17091223810471073	0.8197881341636826	0.9184279602157334	0.8909678456568704	0.4200229787326745	0.04269709086017079	0.3331575822047129	0.23680490321916545	0.04816979905489767	0.2806078536227714	0.5741414097056722	0.21947619245580527	-0.19336843399421286;0.6669782404325437	1.0789548541436884	0.034553270083751315	0.08821579947801121	0.4185851510620219	0.7786474886674216
t__SGB6139	-0.4231919715053281	0.17470653230592811	0.028453808103273914	0.10984954487256966	-0.3055014886075928	0.17187445995119408	0.20255051181117112	0.6304100199066787	0.0075054583284102794	0.40061821885164717	0.9857048189487804	0.9971686510373367	-0.3316613466818728	0.013727772370216799	0.004644533504041259	0.04119280132104509	0.11716557672890446	-0.5613058770705255;-0.10201681629322007	-2.8307063895504454	0.0	0.0	0.0	1.0
t__SGB15342	0.2926736703860028	0.17370578910226173	0.12788464666804783	0.3207734230329614	0.24346893688405277	0.1715124835993015	0.30930067013098916	0.6979738136560815	0.29856573410235576	0.4028425991298269	0.4785666465368825	0.8006735026947556	0.27034862194091946	0.013642929651694759	0.0206364702669386	0.12034320555667352	0.11680295223878016	0.04141483555291034;0.49928240832892856	2.314570109394547	0.0	0.0	0.0	1.0
t__SGB4191	0.18550063406151657	0.17315443514922838	0.33327357151683534	0.5544551309919723	0.2662317858321074	0.17163589500434462	0.26642833770744895	0.6721983900332338	0.7062047554828847	0.41291538575999387	0.10224966928049342	0.4165170351573041	0.2646994278873867	0.013668000755427703	0.023566393960915866	0.12926517083512265	0.11691022519620643	0.03555538650282211;0.49384346927195133	2.2641255496955095	0.0	0.0	0.0	1.0
t__SGB4909	-0.2738318405886781	0.17359109540535478	0.15408059004311622	0.3549299246731243	-0.009390523658554683	0.1708815119966778	0.9686597261229102	0.9835883367159498	0.10220569929768993	0.40087827588308395	0.8073684997606448	0.9622309953574324	-0.11910811633331536	0.013577014534925599	0.3066825326416498	0.592238720771314	0.11652044685344112	-0.34748819216606;0.10927195949942922	-1.022207857502718	0.0	0.0	0.0	1.0
t__SGB5090_group	-1.1248898067727664	0.18594656545857496	3.086871308105994e-08	1.9309320169629245e-06	-0.4406379121453939	0.17294179322486047	0.06694599635187966	0.3968221998091936	0.22685879127582345	0.4019033493645524	0.5893750171207998	0.8531890516457584	-0.5050620424679387	0.1433989859249081	0.1822885628588924	0.45592715044616877	0.37868058561921036	-1.247275990281591;0.23715190534571362	-1.3337415797064751	0.2716281771734075	0.36259240598093295	0.8428065971103171	0.03544575519767735
t__SGB4652	0.1121029374939256	0.17291889461185325	0.5582949459710248	0.7364176192093994	0.3317291890887708	0.17205183269930902	0.1666736230195024	0.5807370261182662	-0.9824357671310813	0.4240955162529588	0.026855829279758985	0.2806423147993445	-0.09893326838240457	0.14617679521452182	0.7958176655845941	0.9034487433071007	0.3823307406088632	-0.8483015199757764;0.6504349832109673	-0.2587635726723228	0.15166405613371475	0.36878588696153636	0.7580442307387838	0.15792608812181294
t__SGB8007_group	0.2275958663084646	0.17334171852598804	0.23560943756122332	0.45851318101402894	0.46571306546003355	0.17318145822287154	0.05300482642336722	0.35167274058138254	0.496602733194164	0.40674480421535003	0.2432618370876908	0.6029845984187056	0.3592280073049915	0.013761277933407787	0.0021967905160626966	0.02589408395529221	0.1173084734083936	0.12930339942454006;0.5891526151854429	3.0622511474886194	0.0	0.0	0.0	1.0
t__SGB15097	0.05186231758387019	0.17281228019325653	0.7864272885268682	0.8837337075940872	0.24385278226506554	0.17151447399405012	0.30854148185333563	0.6976815548846854	-0.34296012109081997	0.4035511375885536	0.41651618687827496	0.7736358439869454	0.1075823297249483	0.013583408127623958	0.3559685859103541	0.6271386290191313	0.11654787912108894	-0.120851513352386;0.3360161728022826	0.923074109423941	0.0	0.0	0.0	1.0
t__SGB4964	-0.01984093179427468	0.1727874877834905	0.9174306868588531	0.9566052013353005	0.3899267632889371	0.1724967507176941	0.10450560177163655	0.48857471208005615	0.5084320376680185	0.407037893669373	0.23256392039533155	0.5946205697430327	0.22600170154358643	0.024098565240899705	0.14543456778820185	0.40843434499343007	0.1552371258459126	-0.07826306511440226;0.5302664682015751	1.4558482728410878	0.03331934992135079	0.025349709077505125	0.4108402875586368	0.7881733912011847
t__SGB4269	0.7601039687983489	0.178913663106274	0.00011384424811851886	0.0014191052029166272	0.21601239477002718	0.17137819058535628	0.3668408138484551	0.7313047090545539	0.03795978549351229	0.40065288594246984	0.9278018956340786	0.9717582368376148	0.4009924283471684	0.04527656194666881	0.0594954340506737	0.23130154711630338	0.2127828986236178	-0.016062052955122474;0.8180469096494594	1.8845143615439983	0.09523398613183745	0.0807923751455338	0.661931480167983	0.3530368181586939
t__SGB14861	-0.59524151951548	0.17656798833688206	0.002251681475459284	0.015690962734647085	0.1440432066785446	0.1711020208561127	0.5470012857445619	0.8210992815460325	0.9867736665250793	0.4242975121920216	0.02625993547775456	0.2806423147993445	0.11697071721899041	0.19774618055636167	0.7925191395842568	0.9015515468781895	0.44468660937379445	-0.7546150371536466;0.9885564715916275	0.2630407904202648	0.3539029401848604	0.5207418181756298	0.8782713937655018	0.009517038416812786
t__SGB4705	0.10306821087683946	0.1728979165106991	0.5904022114141203	0.7562608673373934	0.22581675007234622	0.17142431435527122	0.34556224363993715	0.718354532744935	0.7191008773957622	0.41336166818636466	0.09649917875930611	0.3993514354785428	0.2091909188321299	0.01363627324882305	0.07322753484239941	0.26515068171692335	0.1167744546072601	-0.0196870121980999;0.4380688498623597	1.7914099409471709	0.0	0.0	0.0	1.0
t__SGB15260	0.04338761644797234	0.17280356436519287	0.8206674150101361	0.8995625975411109	0.2123482705504158	0.17136147541581875	0.37500081323121925	0.7364643339093725	0.37853267327272255	0.4041885843647673	0.37063900241135384	0.7323934652122914	0.1493461410576103	0.013575155652811772	0.19991143768868813	0.4828612326969885	0.11651246994554605	-0.07901830003565996;0.37771058215088055	1.2818039230256606	0.0	0.0	0.0	1.0
t__SGB15236	-0.1998793716851579	0.1732141365722018	0.29730118748518064	0.5237038405939272	-0.6332637986743564	0.17511114143053472	0.008904773939380871	0.1264934554465898	0.09415629272034921	0.40083872387413444	0.8222570685459258	0.9622309953574324	-0.3286543990626195	0.03788642678684302	0.09131785334655884	0.3082511723068864	0.19464435976118863	-0.7101573441945492;0.05284854606931022	-1.6884866300048422	0.06182757602568429	0.06105596921260128	0.5619519191687993	0.5394170294018504
t__SGB15318_group	-0.06313838530295134	0.17282628087569823	0.7415193988361575	0.8409452342993475	0.2304813061919633	0.17144697244049698	0.33572368881997294	0.7061970994113416	1.5264605832114009	0.4552354309796765	0.0012941626822244433	0.08836110228474756	0.4855117468974794	0.2168928410544694	0.2971787356678308	0.5858968667614886	0.46571755502071144	-0.427294660943115;1.3983181547380739	1.0425025676257527	0.21761129549823682	0.5715855782710173	0.8150535161352382	0.0676138082303862
t__SGB14253	-0.0022558529234244684	0.17278329164690695	0.9905953305959132	0.9939891069046353	-0.14751359761173485	0.1711128127615934	0.5374000554528464	0.8210992815460325	-0.11488448070089004	0.40094714209902	0.7840699233440008	0.9494529782132819	-0.07889920517023047	0.013537247632861798	0.49769473159054356	0.7441913125537413	0.11634967826711769	-0.3069445745737811;0.1491461642333202	-0.6781213867140419	0.0	0.0	0.0	1.0
t__SGB14250	0.21536235920681912	0.1732833784529423	0.26160853780573934	0.4826924231399803	-0.09280365317188193	0.1709725274698659	0.6978859232728261	0.8807034202577348	0.81451935354992	0.41689760841574935	0.06196112354747824	0.3710968913005724	0.20712067021578923	0.053997281886422055	0.3727532934678566	0.6418638278527403	0.2323731522496135	-0.2483307081934532;0.6625720486250317	0.8913278845281651	0.06299698429113487	0.10437805824034917	0.5677724284702865	0.5302888457399417
t__SGB15244	-0.18340937255637926	0.17314612155520986	0.3387329167417146	0.5576761838778896	-0.34293500903841856	0.17213200719025987	0.1529069554477621	0.572367927824731	-0.1216523400592194	0.40098718998724253	0.7717159671033763	0.9437762599895596	-0.2515976752653674	0.01363781440335677	0.03120574771075968	0.15716349301600785	0.11678105327216727	-0.4804885396788153;-0.022706810851919557	-2.1544391681328614	0.0	0.0	0.0	1.0
t__SGB15374	-0.8043436238322818	0.17963400566056623	4.695616713149439e-05	0.0007030734213742673	-0.1684703666281954	0.17118342543037157	0.4812979365367325	0.7978039155871847	0.5138692370347289	0.4071748507879951	0.22776807743087085	0.5882681347165616	-0.2175077948951707	0.13486724764471972	0.5536681186056147	0.783479278946387	0.3672427639106314	-0.9373036121600081;0.5022880223696667	-0.5922725136337915	0.24338174912250207	0.337653641545564	0.8322493507065594	0.047583867927974595
t__SGB15317	-0.1274969706764339	0.17295868973674158	0.5056463000879501	0.6920224167030382	0.015274041010852508	0.1708830618080101	0.9490456735852987	0.9785416738896435	0.5319914449428288	0.40764150324242227	0.2123273706462248	0.5696337207651745	0.004807397001368935	0.018178283572956328	0.9715565942415538	0.9885075357388813	0.13482686517514353	-0.2594532587419124;0.2690680527446503	0.035656076369676055	0.005949659361888769	0.01095967833777679	0.11135265400254811	1.0
t__SGB2021	-0.974142793669773	0.1827438431614024	1.1644426942518607e-06	3.2255062630776544e-05	-0.6911647547965071	0.1759085450060284	0.004399339605077369	0.08552522777838749	-0.42085644243347364	0.40502736130481537	0.3205961178904765	0.6913873298852775	-0.788407484500769	0.016277384630873384	6.427545162779325e-10	1.1869533400599153e-07	0.12758285398466906	-1.0384698783107205;-0.5383450906908176	-6.179572410219853	0.004100631092436003	0.003920188539710045	0.07477532866804888	1.0
t__SGB6140	-0.41444445844596356	0.17462825938528775	0.03183457021464889	0.11935429619663307	-0.008034058510696837	0.17088125956628586	0.9731849725618396	0.985638893600108	-0.10334651110814262	0.4008841434602591	0.8052642816126145	0.9622309953574324	-0.19670449606284607	0.018922239682190523	0.1527245987133341	0.4157508308063727	0.1375581320103996	-0.46631843480322926;0.07290944267753713	-1.4299735914411438	0.019689228911615522	0.012643704083033868	0.2927481006150047	0.9165017653110958
t__SGB5089	0.32711475996938133	0.17393493016925593	0.08916967911043276	0.2507614326252779	0.22082233712264077	0.17140056432178064	0.35630042108927273	0.7257001223656511	0.13692785711787672	0.40108598739168816	0.744063371979753	0.9267114053617324	0.2616344138931393	0.0136408379226829	0.0250821090099429	0.13425592648800355	0.116793997802468	0.03271817820030201;0.4905506495859766	2.240135784508702	0.0	0.0	0.0	1.0
t__SGB5045	0.24686758184861812	0.17344011511017213	0.19849495265779307	0.4042875138691815	-0.2760374160909439	0.17169242464267295	0.24929738406859983	0.6576702417809729	0.1959997761015837	0.4015775351756347	0.6407001978456688	0.8615240524429624	0.01695359771568632	0.031832766367723364	0.9242972628799841	0.9659535111595546	0.17841739368044632	-0.33274449389798844;0.3666516893293611	0.09502211284428348	0.06767880864829574	0.04547396068191752	0.5875406126542668	0.5003149223973719
t__SGB15022	-0.9693785777865177	0.18264927746824108	1.2994902439860352e-06	3.511793147162261e-05	-0.47945225392458307	0.1733182504332074	0.04646591450001544	0.3405841517206879	-0.5783841212154778	0.40890712989914074	0.17648945746844336	0.5259068915713127	-0.6988844370939482	0.02703866030261372	2.1354782878457712e-05	0.0008158999803217636	0.16443436472530223	-1.0211757919555406;-0.3765930822323558	-4.250233448838252	0.04736848391893433	0.030965507784176335	0.48491729003268247	0.669660575634045
t__SGB15224	-0.819081700464444	0.17988235767568736	3.469856370779305e-05	0.0005522807568504442	-0.07428107609691546	0.17093948905611747	0.7560045770649377	0.8950780462016403	0.44015174855643846	0.4054385986280493	0.2994202486606157	0.666179990995908	-0.21028846272484394	0.1272847349329512	0.5555773635017762	0.784177985681488	0.35676986270276695	-0.9095573936222672;0.48898046817257934	-0.5894232801273352	0.27427148643472166	0.3156471532370519	0.848473946575109	0.03103080260072463
t__SGB1855_group	0.1711825176980269	0.17309939404707375	0.37180508998368067	0.582687467753774	0.19572758582374294	0.17128922612824157	0.4134209592854058	0.7546464956972481	-0.21551549498291497	0.4017780890322481	0.6080058834829238	0.86037103307673	0.15001616665349227	0.013577360766831312	0.19793747270933748	0.48201037310317785	0.11652193255705688	-0.0783668211583392;0.37839915446532374	1.2874500393308734	0.0	0.0	0.0	1.0
t__SGB4868	-0.680247759457978	0.17771006850085497	0.0005152680855164104	0.0046041696673563125	0.21865920390712765	0.17139044177323604	0.3610165543934566	0.7264751836063134	0.05428089053270152	0.4006905755561368	0.8969171861857927	0.9717582368376148	-0.16083009845009064	0.08410148791777576	0.5791808496977677	0.7962561522940296	0.2900025653641287	-0.729235126563783;0.40757492966360165	-0.5545816405042884	0.2821687808536373	0.1906853040319277	0.8536642661602595	0.026226069554019356
t__SGB4716	0.01888643465163961	0.17278708860784459	0.9213895334966127	0.9567943796759577	0.3831820572879325	0.17244157378114305	0.11058261451340211	0.5063038714084692	0.6398611351125953	0.4107402410098291	0.13662091844357915	0.4728869924380884	0.2574294480648866	0.025210883104635755	0.10495266404818837	0.33074915580248876	0.15877935352128045	-0.05377808483682306;0.5686369809665963	1.6213030369240327	0.030530770622014248	0.02803675864660524	0.38914446304191186	0.8111301815080028
t__SGB14546_group	-0.5289799118835103	0.17577902566360504	0.006433432503538962	0.03528833274218401	0.33602613345014587	0.1720822656991775	0.1612872871929486	0.573877808999715	0.8690274295338029	0.41909977146912736	0.04758359135681105	0.34685933699570154	0.16788183733652293	0.16042093833791551	0.675103889442541	0.842359357547675	0.40052582730445174	-0.6171487841802025;0.9529124588532484	0.41915358733885316	0.3704974647648731	0.41126898183654853	0.8834457575256524	0.0073043260626471825
t__SGB4563_group	-0.43113342740787003	0.17477897715245147	0.025659940793970788	0.10154005142757012	0.4580834277129943	0.17310716702115903	0.0569606659255334	0.36992393408841184	0.32476384291232413	0.40324901589897244	0.4413146765288085	0.7912243715111971	0.08804495495792106	0.08405969659438195	0.7613746929620722	0.8882829989022379	0.2899305030423359	-0.48021883100505736;0.6563087409208995	0.3036760673128093	0.279510094646922	0.1904068567488427	0.8529074453442127	0.026869320111114953
t__SGB4706	0.11328329251187087	0.17292176524174116	0.5541644879834244	0.7318405872295999	0.200821568006427	0.17131074713116418	0.40140237357761455	0.75146009227582	-0.0754401729415578	0.400759282942043	0.8571316144574727	0.9622309953574324	0.13779763182270258	0.013560500525517816	0.23668052605629475	0.5287137557870456	0.11644956215253803	-0.09044350999627196;0.36603877364167714	1.183324602304649	0.0	0.0	0.0	1.0
t__SGB4811_group	-0.45087969789044763	0.17496481036905395	0.019728992003121	0.08440047544192304	0.20499010228563994	0.17132876759002147	0.391726818356656	0.7437647049652578	-0.22964167403725577	0.4019350549465961	0.5848475861423605	0.8527875618270788	-0.14117669442822786	0.044698198594283485	0.5042891612698392	0.7500032089758146	0.21141948489740364	-0.555558884827139;0.2732054959706832	-0.6677563068358492	0.12536474433405326	0.07974214594665796	0.7240060480949363	0.2249307305996965
t__SGB15051	0.07913655158096515	0.17285085291374658	0.6793362882370413	0.8111878388502399	0.036434407467912315	0.17089474700968935	0.8788455086506519	0.9444818851454144	0.5451860469611102	0.40799109190418587	0.2016029746940452	0.5616752470870573	0.09728227017741149	0.01356514217888821	0.4035715093033774	0.6705447193740982	0.11646949033497232	-0.13099793087913425;0.32556247123395726	0.835259688160587	0.0	0.0	0.0	1.0
t__SGB6754	-0.264905937003064	0.17353940022236944	0.16784881776149024	0.3744923360967639	0.2102974913338972	0.17135224419122447	0.3796170219009135	0.7405205286376976	-0.5381974655842604	0.40780490118599944	0.20722946382654492	0.5653117518413844	-0.11687306502644605	0.04229100229159105	0.5698199176463024	0.7853155496927571	0.20564776267100757	-0.5199426798616209;0.2861965498087288	-0.5683167349280525	0.0776602508240463	0.0730009248904287	0.619369000344302	0.4352475722834513
t__SGB2326	0.43937015720883205	0.17485550585458828	0.023018704946473935	0.09414040317834754	0.1698125270155759	0.17118826583856767	0.4778180467811507	0.7967496168318411	0.1959997761015837	0.4015775351756347	0.6407001978456688	0.8615240524429624	0.2927571696255779	0.013692736619885388	0.012354395611811064	0.08449796504868308	0.11701596737148905	0.06340587357745939;0.5221084656736964	2.5018565944608704	0.0	0.0	0.0	1.0
t__SGB9712_group	0.40689486219414844	0.17456199236338596	0.03502712870017223	0.12893707176010244	0.2854991313061506	0.1717488911261649	0.2335197308043509	0.6557600302681893	0.061570818313522326	0.40071171742797357	0.8831730984245482	0.9671694687154538	0.3209949469701761	0.013708786076488299	0.006114708582387607	0.05167612720869695	0.1170845253502285	0.09150927728372826;0.550480616656624	2.7415659414427447	0.0	0.0	0.0	1.0
t__SGB4575	-0.418211233364989	0.17466176843886272	0.03033826501547266	0.11551476851252133	0.31590755320364444	0.17194310850667852	0.18768830765905145	0.61068184633915	0.4630344228524729	0.40594960194270624	0.2756248843101986	0.6403520890579522	0.0668391588538021	0.0751947718731526	0.8074276945611758	0.903481059228755	0.2742166513418771	-0.47062547777627706;0.6043037954838812	0.24374580656107198	0.20196517194058575	0.16480572603896998	0.8078616162886362	0.07850851351663281
t__SGB15452	0.7033965567335461	0.17804604874550464	0.0003366659489151725	0.003453943253685288	0.014132691913344172	0.17088270335510702	0.9528485571876033	0.9789509202466683	0.8101035300618467	0.41672495977867097	0.06327945599474316	0.37294487894774164	0.45131886439836927	0.0640088227330229	0.07444454802549094	0.26734474384329343	0.2529996496697632	-0.04456044895436656;0.9471981777511052	1.783871499377447	0.17035313184118367	0.13154947214411256	0.7764907742799965	0.12345750976178299
t__SGB4608	0.1707504946311823	0.1730978017003244	0.37300956997978585	0.5829260980784241	-0.0005341988313860349	0.17088057326081366	0.9982166831199218	0.9996756352504914	0.6742831634020695	0.4118434752970843	0.11774800929311599	0.4452723354838653	0.14847046303295058	0.020117144600975145	0.29519941345764034	0.5848364828920842	0.14183492024524547	-0.12952598064773052;0.4264669067136317	1.0467835620186599	0.00918908575793583	0.015559736531057506	0.16156178173859595	1.0
t__SGB15291	-0.3292927258096909	0.1739502658078258	0.08708371332692699	0.24551845894716312	0.21365653756744812	0.171367410891988	0.37207437253310593	0.7355990713736674	1.045966867013956	0.42713264291601266	0.019261608595721593	0.23032041566158534	0.23523164458996984	0.1457425620881293	0.5377804579210297	0.7688525772600012	0.3817624419558966	-0.5130227416435875;0.9834860308235271	0.616172830896616	0.22050276650455009	0.3669238824693232	0.8193707074744325	0.06108302134393413
t__SGB4584	0.23724626589511066	0.17338999887863574	0.21644557637428016	0.4313339903286015	0.2135673754409574	0.17136700522129267	0.3722733620483841	0.7355990713736674	0.5855926212067674	0.4091129053731128	0.17137973242452917	0.5231094862985629	0.254642207017354	0.01364458069589037	0.02925976889595039	0.1487147887005185	0.11681001967250228	0.025694568459249556;0.4835898455754585	2.1799688736573186	0.0	0.0	0.0	1.0
t__SGB25493	-1.0798283266076913	0.184946974124988	9.421720361535375e-08	4.015102369454306e-06	0.2327798988687075	0.17145830711783272	0.3309431970117447	0.7061970994113416	0.3627396247986664	0.4038979451456552	0.39057883886757694	0.7489101310139944	-0.19251392357558794	0.21600700655257452	0.6787149782994899	0.8424737256018251	0.46476553933416204	-1.1034543806705455;0.7184265335193696	-0.4142172929847371	0.7057993277142955	0.5779459536696535	0.9336021038127424	4.907266219518373e-05
t__SGB3988	-0.7380434006716153	0.17856865453290702	0.00017478615374324512	0.0020173235244532873	0.07685498208595516	0.17094364221437772	0.7478354796767797	0.8941455474687723	0.6277032474526757	0.4103637120738858	0.14385744633480627	0.4859574711553822	-0.06800405726785592	0.15123248516408036	0.8611827422415623	0.930917539906001	0.3888862110747569	-0.8302210309743795;0.6942129164386676	-0.17486877994443284	0.33455112784567687	0.3855110804561317	0.8724792097004103	0.012093760465418855
t__SGB4953	-0.3129805924603046	0.1738378495484766	0.10371499003970408	0.2749191602009381	-0.07974178906847812	0.1709484684314661	0.7387072817580637	0.8920517202270157	-0.40705486983845807	0.40474427544539443	0.33637127467546424	0.707209435181052	-0.21208817533980748	0.01362126423763519	0.06918328076877933	0.2572317956100923	0.11671017195444101	-0.44084011237051185;0.016663761690896894	-1.8172209995766113	0.0	0.0	0.0	1.0
t__SGB4837_group	-0.5438643427523541	0.1759484500187949	0.005121725823571936	0.02940348296641298	0.45114458762284654	0.17304064070359865	0.06077120212702013	0.3825823406632858	0.9485608275841028	0.42254552564854375	0.03195559841510159	0.309577046440667	0.23312833897419294	0.18883901854185203	0.5916305538574083	0.8018189324045979	0.4345561166775265	-0.6186016497137591;1.084858327662145	0.5364746462588439	0.47509476527701017	0.494516532513156	0.9060168681455829	0.0015950175796827946
t__SGB15300	0.05589812124747624	0.17281697580422634	0.7702628151610392	0.8680677156214659	0.38025665068842507	0.17241793562545615	0.11330470177662015	0.5078692610652754	0.39432512862095237	0.40449137394052276	0.3513875949854749	0.7170118881103245	0.2331304006721685	0.013654938867544552	0.04603730383572535	0.20485675763045658	0.11685434894579043	0.0040958767384192685;0.46216492460591774	1.9950511279671703	0.0	0.0	0.0	1.0
t__SGB17244	0.15569316317910886	0.17304480920083473	0.41650487015707593	0.6255227974620494	0.6181631183573919	0.17491408162644542	0.010623908173666515	0.13687546809793602	0.04664656483301015	0.40067128611325165	0.9113460592683978	0.9717582368376148	0.3351306753853018	0.030053763073753098	0.05321816135006374	0.22335501051466147	0.17336021191078735	-0.004655339959841409;0.6749166907304449	1.9331464336105155	0.05249333054316444	0.04040995266333442	0.5218089360797544	0.6029913248609069
t__SGB15385	-0.19706035154867527	0.17320208239013057	0.30413862612223064	0.5295559340962969	-0.1908972840488503	0.17126932743224565	0.42501412426072616	0.7644734572741633	-0.5576137324721641	0.4083279099608473	0.1918926476479244	0.5522520872568838	-0.22365099606866318	0.013619667380111118	0.05531340170450094	0.2278336397345243	0.11670333062989727	-0.45238952410326183;0.005087531965935449	-1.9164062830214366	0.0	0.0	0.0	1.0
t__SGB2296	0.7441456871448285	0.1786631387618269	0.00015537514604623727	0.0018314432108428819	0.4017603708147689	0.1725958408697001	0.09449383127097365	0.4565583495927012	-0.0032592420913671034	0.4006170743607837	0.9937920354665587	0.9973927312472347	0.47693923517191583	0.03478263382387178	0.01054879486398641	0.07567728379541211	0.18650102901558419	0.11139721830137084;0.8424812520424608	2.5573008239652255	0.042711788756644074	0.05231555455650882	0.4664737842777259	0.6968545981305899
t__SGB4712	0.0900920647766229	0.17287086503340351	0.6379625042024679	0.7923083928874886	0.066640602622133	0.17092799334957584	0.7804136527769959	0.9059065810208603	0.4664796888204371	0.4060287249254765	0.27216493449412493	0.6375449205486056	0.11016380965667841	0.013558310838393399	0.344098572021853	0.619601534355408	0.11644015990367498	-0.11805890375452455;0.33838652306788136	0.9460980622820453	0.0	0.0	0.0	1.0
t__SGB4767	-0.3238259879777783	0.17391196337826997	0.0923965076816001	0.25530007608781274	0.027723345596858517	0.17088877851927248	0.9076604572946306	0.9571410853915446	0.27053270208868996	0.40244515625453237	0.5203920162967924	0.814344604133516	-0.09443819007892255	0.022990031546253776	0.5333883732363114	0.768523169760511	0.15162464030049264	-0.3916224850678881;0.20274610491004297	-0.6228419727279361	0.02504985262768154	0.022795636784637342	0.34539309069918056	0.8434859667747026
t__SGB1962	0.22746484725645513	0.17334107674812893	0.23587771947472608	0.45851318101402894	0.23557057855965804	0.1714722184972638	0.32519943399446793	0.7061970994113416	0.07810476231734934	0.4007695232967224	0.8521465331081588	0.9622309953574324	0.21856575197050435	0.0136021982724463	0.06092568251215891	0.23277812490852437	0.11662846253143483	-0.010026034591107902;0.4471575385321166	1.874034410010287	0.0	0.0	0.0	1.0
t__SGB15216	0.19592497749111404	0.17319727564107917	0.306922047910102	0.5305298425653557	0.2413063634167451	0.1715013279429065	0.3136012262181564	0.7033808879548933	0.24652574411062694	0.40213564570967947	0.5577561369718358	0.8350830701597584	0.22116772172639865	0.01360191826190269	0.057911950891666564	0.23071325089571115	0.11662726208696957	-0.007421711964061689;0.449757155416859	1.8963638326815278	0.0	0.0	0.0	1.0
t__SGB4711	-0.26316552709378155	0.17352951829294086	0.17063910271114022	0.3770445538159783	-0.1100280870595742	0.17100981576884156	0.6453949481745576	0.863398905225723	1.1658588409235064	0.4333154356711219	0.010086073806144555	0.1802478996323898	0.18723025821132824	0.18500827140874815	0.6633506525069692	0.8390325604768515	0.43012587856201834	-0.6558164637702277;1.0302769801928842	0.43529177746121633	0.18026123761409873	0.4816568064555491	0.7874269357006313	0.10638603251662504
t__SGB1782	0.5239269861567556	0.17572254252228445	0.006943970399579959	0.03754756311006614	0.14205030654515563	0.17109593934488615	0.5525534213961438	0.8228886974555475	-0.021368730733746424	0.400628241391119	0.959316845590053	0.985363313054683	0.28629666909446766	0.022684184996493554	0.0573177301524761	0.23071325089571115	0.1506126986561676	-0.008904220271620855;0.5814975584605562	1.9008800164191453	0.02677970003782886	0.02175404383462222	0.3588302154486915	0.8318301321960025
t__SGB4540_group	-0.8786244699082444	0.18092786228247235	9.853473252736047e-06	0.0001985026975278462	-0.10216304711641956	0.17099200448882892	0.6691619650642207	0.8671061310259296	0.45131492851615207	0.40568473426151924	0.28763420719174987	0.6557586452025902	-0.23351920961490838	0.1422681543195758	0.535843009080335	0.7685587581095628	0.37718450964955574	-0.9728008485280376;0.5057624292982209	-0.6191113464120581	0.30600653313560294	0.35956224599582887	0.8613794299277615	0.020142431315261722
t__SGB4582_group	-0.22822986284612207	0.17334482925338832	0.2343143163463583	0.4570779269573328	0.6479154569740034	0.1753066680499073	0.0074811290054261435	0.11674775969031222	0.4015820455090949	0.40463458177646067	0.3427722850739465	0.7146462322807852	0.25354641770248876	0.07708513318883087	0.36113043953119783	0.633121087026214	0.2776420954913553	-0.2906320894605676;0.7977249248655451	0.9132131683914019	0.2626768233735614	0.17007347185558985	0.8443053423583029	0.03477522033149398
t__SGB4121	0.3399844122347705	0.17402700452757822	0.0774140852438708	0.2233718917974189	-0.2718888457533282	0.17166826083396014	0.2564477360917366	0.6623589163412635	0.2857437025787265	0.4026560027146065	0.497449999071058	0.8006735026947556	0.07871919714448335	0.04305842795289414	0.7044205274655875	0.8567485668846003	0.2075052480128976	-0.327991088960796;0.48542948324976265	0.3793600301597698	0.11051313192323264	0.0753161299577806	0.6985728088932844	0.2721626111368489
t__SGB6293	-0.4088477818850156	0.17457901982490368	0.03417583620179984	0.1262227550386474	0.13415195101314722	0.17107266812645106	0.5748290454811158	0.8358683401762756	-1.2588886686101959	0.4385061777923581	0.006015209233087845	0.1482779023941976	-0.4319912714964604	0.1491515847037475	0.2633259711250635	0.5604183440692312	0.3862014820061512	-1.1889461762285167;0.3249636332355959	-1.118564510038778	0.22264421575145635	0.37487144037242254	0.8192532341711297	0.06108302134393413
t__SGB1965	0.26485780501243145	0.17353912606398428	0.16792551581747148	0.3744923360967639	0.3157230723585562	0.17194187171477615	0.1879445032505868	0.61068184633915	0.2619125094842646	0.4023307406443904	0.5336481907060209	0.8179770851485246	0.28811102282898476	0.013659739139572547	0.013696605640804993	0.09213299884705832	0.11687488669330356	0.05903624491010978;0.5171858007478598	2.465123440804091	0.0	0.0	0.0	1.0
t__SGB4367	0.3401603294857633	0.174028287374265	0.07726270046440528	0.2233718917974189	0.08161019429649566	0.17095168684218587	0.7328190073398266	0.8913159592760702	-1.3232390544167119	0.44229079021866236	0.004181165114600551	0.13759565505074012	-0.2302099921491166	0.2469647376284802	0.6431918559575538	0.8269502673700374	0.49695546845615873	-1.2042427103231876;0.7438227260249545	-0.46324068606043656	0.2521388500536228	0.6634567632378687	0.8370106559793251	0.04171712762858058
t__SGB15229	0.48404510558021185	0.17529516829329875	0.012452569149194142	0.05846375685299622	0.016878844040637546	0.17088361287875098	0.9437006034008117	0.9772152042692518	0.17619814191092972	0.4013933971445541	0.6746531901540109	0.8846340055510582	0.2380684134884189	0.024040275450851734	0.12467647217939826	0.37234914063281205	0.15504926781785117	-0.06582815143456938;0.5419649784114071	1.535437199020488	0.039820229691061665	0.025247088687529683	0.4547702377168138	0.7152037007351679
t__SGB14834	-0.13975801696664925	0.17299403651351242	0.465683898470696	0.6649197931772309	-0.5863937477355546	0.1745143458061918	0.015247117336816962	0.17972134052333186	0.4293546800391987	0.40520626270351706	0.311143690828877	0.6814671790374196	-0.18233432028346724	0.07444066490185418	0.5039501275294853	0.7500032089758146	0.27283816613856315	-0.7170971259150509;0.3524284853481165	-0.6682874425672075	0.11542567558389664	0.16260750377834404	0.7054015740457635	0.25911729740016926
t__SGB14993_group	-0.28633723408610234	0.17366637514646874	0.13627261078898045	0.33322428207271687	0.42637211131133695	0.17281122133751642	0.07615787239329601	0.42191461305885986	3.09536100812053	0.5938943158177731	1.7920523516381024e-07	0.00019855940056150175	1.0104048628763393	1.0240683554691241	0.31805603554101136	0.592238720771314	1.0119626255297791	-0.9730418831620278;2.9938516089147065	0.9984606519903596	0.8375613445895282	2.941887988435111	0.9399837572385913	1.6076716659041423e-05
t__SGB1867	0.5673001374667573	0.17622439048811003	0.003544016652175772	0.021847118676278202	0.28767477411706976	0.17176214151730368	0.22999527446334228	0.6557600302681893	0.09724483028369278	0.4008535169347019	0.8165359287204108	0.9622309953574324	0.3957922805319797	0.013827424359202029	0.0007630408351806395	0.011272656605068647	0.11759006913511884	0.16531574502714677;0.6262688160368126	3.3658648510291114	0.0	0.0	0.0	1.0
t__SGB6750	-0.5222660132725258	0.17570409012040955	0.0071196643154320055	0.038294116803391565	0.14543744255408286	0.17110632573141235	0.5431336746933837	0.8210992815460325	-0.44868430823079014	0.4056261904049246	0.2903810433377801	0.6584046346570235	-0.23718744681981158	0.050298611074491975	0.2902464374557616	0.581542590779356	0.22427351844230736	-0.676763542966734;0.20238864932711087	-1.05758115566741	0.1397713671397248	0.09474065156786726	0.7440941458474567	0.18393630341226241
t__SGB10130_group	0.48011925107810544	0.17525487354265357	0.013165684132339116	0.06103589129134619	0.3947657688333095	0.1725369195810925	0.10031313519529976	0.4749869820358638	0.13095558343433328	0.4010459737485389	0.7548351122736514	0.9288271710886754	0.4105010929463699	0.013818338393514235	0.0004792426271882366	0.0080454671352207	0.11755142871745215	0.18010029266016367;0.6409018932325761	3.492097862400759	0.0	0.0	0.0	1.0
t__SGB4768	-0.06563430808002847	0.17282975083201477	0.731692381776498	0.8360805712987713	0.28162978214754925	0.1717255715507227	0.23988326132816393	0.6557600302681893	0.797258076432479	0.4162276682284429	0.06725626935493717	0.3763633658852039	0.2347344096751477	0.047874286703962814	0.2833532844572295	0.5741414097056722	0.21880193487252989	-0.19411738267501089;0.6635862020253063	1.0728168825924678	0.061180662023261036	0.08759321433544755	0.5603700252417025	0.542571268209459
t__SGB1871	0.5796631273351033	0.17637446444992702	0.0029052168326878696	0.01904722041785893	0.05094386203296739	0.17090828561715857	0.8312270003638904	0.920858164920862	0.261538215844281	0.40232585585297126	0.5342278908603756	0.8179770851485246	0.3042962851916187	0.02991997847623938	0.07854299691456879	0.27627187486140387	0.17297392426675004	-0.03473260637121134;0.6433251767544488	1.7592032237318684	0.06355193906358342	0.04010052248069801	0.5695415215029179	0.5288317289010881
t__SGB4777	-0.5747859446087066	0.17631488936377465	0.0031433370143452285	0.02024893844124717	0.10628896487978996	0.17100118368359854	0.6566503032860712	0.8640362169574883	1.1255448307149463	0.43117171888788425	0.012570177976570052	0.1968720400728065	0.15665289856628942	0.23046410540312465	0.7441861824150291	0.8790600107844906	0.48006677181734275	-0.7842779741957024;1.0975837713282812	0.3263148123609213	0.3631116647138263	0.6164965900057917	0.8805883872859599	0.008483934845651969
t__SGB15406	-0.6653003605053781	0.1774987710203418	0.0006746068409632534	0.005839565467088162	-0.3387130057457244	0.17210149165494673	0.15798740386030816	0.573877808999715	0.7776546708376436	0.4154829634901903	0.07374898850619352	0.38073590854359946	-0.14518197265177876	0.17411455178691854	0.7278907801367223	0.8709535468590586	0.4172703581455536	-0.9630318746170637;0.6726679293135062	-0.3479326288524332	0.2061543198583415	0.45219468606874746	0.807538243611355	0.07869037732247366
t__SGB4532	-0.4989429532393345	0.17545097713092428	0.010050799570155557	0.04971556215951946	0.026690151659361422	0.17088817811870682	0.911087048510608	0.9576266343285975	-0.380411071002403	0.40422396229665547	0.3683131085775583	0.7313457424801694	-0.2552494687464824	0.030747220205536538	0.14548480685740706	0.40843434499343007	0.1753488528777321	-0.5989332203868374;0.0884342828938725	-1.4556666015058775	0.06548419961063275	0.0423167103943321	0.5775330704471056	0.5142709501504675
t__SGB714_group	-0.2419561215133094	0.1734142848420954	0.2075158367299882	0.4150316734599764	-0.2368419357137234	0.17147861072868617	0.3226046077844217	0.7061970994113416	-1.5184978940265081	0.4547008684732259	0.0013557208834302423	0.08836110228474756	-0.5735055752274457	0.1578674189229871	0.148903436657154	0.41246251954031654	0.39732533133817066	-1.3522632246502602;0.20525207419536873	-1.4434155841408585	0.13326432199477384	0.3976266113560336	0.7291143037127142	0.21555016418868286
t__SGB4537	-0.6821973602033242	0.1777379555022906	0.0004973189161929834	0.004479913488957932	0.33501193419980085	0.17207504783305452	0.16254647157937127	0.5754041230349628	0.28746654708178526	0.40268060361118413	0.4948882609949542	0.8006735026947556	-0.05230058421427552	0.1159785437696675	0.8779456335948808	0.9385379499880002	0.34055622703111377	-0.7197907891952585;0.6151896207667075	-0.15357400647235045	0.3894618106922729	0.28306893200502437	0.8890180731010202	0.005306394447338023
t__SGB4874	-0.766356313868908	0.179013168681579	0.00010065956027429843	0.001312126973928502	0.5001521351031973	0.1735316396138042	0.037916400140802914	0.3000812239714974	0.762528849421086	0.41492014180440656	0.07912689065230274	0.38073590854359946	0.12752371128142023	0.22475477275513625	0.7879372126210542	0.8991017831909962	0.47408308634155705	-0.8016791379480316;1.056726560510872	0.2689902149125496	0.6943845650174849	0.6022402884936784	0.9330961819058515	5.10641255939375e-05
t__SGB14974	0.1687167220537699	0.17309035950201548	0.3787125047591531	0.5873401106307536	-0.01723946434160423	0.17088374428089875	0.9424998399414685	0.9772152042692518	1.7762420002282575	0.4730637328253134	0.00029801592949775795	0.036689072209279534	0.5671887980782158	0.3001931437598495	0.3005721830855126	0.5899366004664748	0.5478988444593121	-0.5066929370620361;1.6410705332184676	1.0352071441908948	0.2674297276214812	0.8148685943486654	0.8427939809351407	0.03544575519767735
t__SGB1815	0.5632390406105227	0.17617577148064095	0.003780561701308238	0.02288995827895917	0.23206718319181444	0.17145478066773992	0.3324206797484992	0.7061970994113416	0.07810476231734934	0.4007695232967224	0.8521465331081588	0.9622309953574324	0.3623409445640449	0.016831169234550622	0.005223276763415274	0.04521398948331347	0.12973499618279805	0.10806035204576075;0.6166215370823291	2.7929314003563275	0.009119102619381678	0.007215162070418837	0.15954002938321432	1.0
t__SGB14899	-0.3741494079431839	0.17428840207623725	0.05226766797764266	0.172738965672574	0.2723555100870561	0.17167096087588338	0.2556362917685819	0.6623589163412635	1.1294098482510422	0.43137442894353834	0.012308966141372717	0.1968720400728065	0.27344833650581585	0.17658348394528534	0.5152213587058481	0.7561129343656684	0.420218376496418	-0.5501796814271636;1.0970763544387951	0.6507291251413103	0.2900219447739552	0.4569434973074494	0.85565930548967	0.0241274821556102
t__SGB5087	0.6321608571455903	0.1770462046602495	0.0012073991327458831	0.009487930773634315	0.21245993948037975	0.1713619806314856	0.37475046277834434	0.7364643339093725	0.0007781203618111357	0.4006168235450111	0.9985178785044989	0.9994198820081164	0.35698310530790966	0.02984155953028412	0.038780621169183904	0.18390188411791694	0.1727470970241877	0.0183987951405018;0.6955674154753175	2.066507116226246	0.04532772995158068	0.039791373973213216	0.4845969822320196	0.669660575634045
t__SGB4963	-0.10997691777986243	0.1729137998530526	0.5657725778465461	0.7418651079928676	0.3045680599067732	0.1718684131989063	0.20392489670567493	0.6329097634450639	0.3889685159406956	0.4043873101110791	0.35784024631536526	0.7230742349672212	0.13437493495316838	0.023426139751451767	0.37997291706839276	0.6501303402199755	0.1530560020105444	-0.16561482898749863;0.4343646988938354	0.8779461973919257	0.03243213938722243	0.02382917787410458	0.40547103980128063	0.7972494390831161
t__SGB4750	0.0944375537929082	0.17287951979863836	0.6218534442157426	0.7803098711110338	0.13311422249391727	0.17106970932201304	0.5777873682831365	0.8358683401762756	-0.06140972070475278	0.4007112214846322	0.8834764349452735	0.9671694687154538	0.0991901860461741	0.013539582558589093	0.3939674800682722	0.6621400558647773	0.11635971192207849	-0.12887484932109972;0.3272552214134479	0.8524444105928851	0.0	0.0	0.0	1.0
t__SGB6956	0.3991441372285188	0.17449520181464492	0.03858866912423187	0.13747988871269745	0.2851361864884222	0.17174669036215887	0.23411143579716875	0.6557600302681893	0.08781356090734292	0.40080983968885325	0.83403761024819	0.9622309953574324	0.3196165200223177	0.01370447494746776	0.006329162101788688	0.052503309103663756	0.11706611357462825	0.09016693741604637;0.549066102628589	2.7302223526756615	0.0	0.0	0.0	1.0
t__SGB15012	-0.005290642648336889	0.17278353896455068	0.977945592023314	0.984541559046725	0.10344081904628054	0.17099480844126505	0.665277033068159	0.8667163602431213	0.6230084119715047	0.41022015554514757	0.1467347266974083	0.49137768165038154	0.09590977330742757	0.013579711112509909	0.4104888503123001	0.6780161036653013	0.11653201754243299	-0.1324929810757411;0.3243125276905962	0.823033663452225	0.0	0.0	0.0	1.0
t__SGB4669	-0.9919947502910867	0.18310186949632623	7.696670891084725e-07	2.3348238791135453e-05	-0.2774118989670073	0.17170051040951853	0.24695973877930544	0.6572649898407794	0.7299846168993683	0.4137442104175634	0.09186340702188721	0.3929909458696951	-0.23441053811624857	0.237642697426233	0.6306189599598759	0.8199777174456551	0.48748609972616963	-1.1898832935795411;0.7210622173470439	-0.48085584029559303	0.39562642218969296	0.6405351894608414	0.8872485224694454	0.005994888754210657
t__SGB6939	0.5645035810377114	0.17619087440834924	0.003705394603891377	0.022682747077964895	0.06608018629790635	0.17092719919885763	0.7822129959365782	0.9065815894327706	0.11212326935247752	0.40093146014935066	0.7891271743998566	0.9534928126881582	0.28275389539523543	0.029002651581462098	0.0968516742190535	0.3184322107854934	0.17030164879255308	-0.051037336238168585;0.6165451270286395	1.6603121426009333	0.05608796064739093	0.0378099199335437	0.5391995659227843	0.5710676689627091
t__SGB4871_group	-0.22369991263096708	0.17332279165174497	0.24368058511226573	0.4675436971330067	0.4768586352334958	0.17329213128295304	0.047644894870673846	0.3405841517206879	-0.006446763750639359	0.40061784900479674	0.9877210646270442	0.9973927312472347	0.10034135329218344	0.050643857776804226	0.655684989507072	0.8331410187773346	0.22504190226889798	-0.34074077515485657;0.5414234817392235	0.44587853319995313	0.14987826754110495	0.09615278027186011	0.7581901492654359	0.15792608812181294
t__SGB4882	-0.019784989907523132	0.172787463845513	0.9176626537816952	0.9566052013353005	0.12406423085808811	0.17104487761655154	0.6038888038817325	0.8480466346019767	0.7732559746837236	0.4153182299714209	0.0752790112496952	0.38073590854359946	0.16819994970247804	0.03720894813453162	0.3832240629025043	0.6532496333784228	0.19289621078323863	-0.20987662343266966;0.5462765228376257	0.8719712482661867	0.02679679699428127	0.05910774389359594	0.359240738355428	0.8318301321960025
t__SGB9203	0.13353743889819394	0.17297569909194327	0.4857335378396008	0.678909949046797	0.003567262336286266	0.17088070612031947	0.9880918390455662	0.996042887275702	0.09680967680900625	0.4008514038350087	0.8173413730407604	0.9622309953574324	0.07020716763954314	0.013533338254083474	0.5461745353298564	0.7758479296736934	0.11633287692687512	-0.1578052711371321;0.29821960641621836	0.6035023760623937	0.0	0.0	0.0	1.0
t__SGB4820	-0.42520968366715395	0.17472481381663266	0.027719932223570054	0.10776731545163376	0.26773699216537494	0.1716444409151646	0.26374672031088536	0.6721983900332338	-0.007156708375986788	0.4006180908192036	0.9863689905567878	0.9971686510373367	-0.06362533844784571	0.04876595805773506	0.7732557372969335	0.8924659967968774	0.2208301565858591	-0.49645244535612953;0.3692017684604382	-0.2881188848095938	0.14392414453973754	0.09100004780270002	0.7508893771036396	0.17321191351101992
t__SGB14991	-1.2118548420772124	0.18797466391729645	3.3523000343210542e-09	3.714348438027728e-07	-0.468032468849463	0.1732042795136993	0.05184925987211226	0.35167274058138254	-1.1204052286510244	0.43090308983434167	0.012925659308797749	0.1968720400728065	-0.8911722968712386	0.061853683737842155	0.0003393264186279943	0.0060137267098366596	0.24870400828664213	-1.3786321531130572;-0.40371244062941997	-3.5832647129841346	0.1825348693626404	0.12218926454668722	0.7764577904424725	0.12345750976178299
t__SGB15124	0.11693534957407166	0.1729308371827629	0.5414813253194779	0.721373579905382	0.12185566653183907	0.17103908244371557	0.6103390374301081	0.8503656054131227	0.7520101512173293	0.41453482496399907	0.08306490968981815	0.38073590854359946	0.1803797447477439	0.017427025603474873	0.17181514635976924	0.43870625887935166	0.13201146012174425	-0.0783627170908748;0.4391222065863626	1.366394588631875	0.003455987860432308	0.008994204228455262	0.06743156018097858	1.0
t__SGB6936	0.31868244173526494	0.17387650331335974	0.097632750914102	0.26710392101932107	0.09099872933932816	0.17096898624448506	0.7034775314289924	0.8813727600712724	0.3944944399948036	0.40449468594654575	0.35118493277324037	0.7170118881103245	0.2188731443191975	0.01362411994772792	0.060770764233513574	0.23277812490852437	0.1167224055086594	-0.009902770477774908;0.4476490591161699	1.8751596436466498	0.0	0.0	0.0	1.0
t__SGB8018	0.08281497686172722	0.1728572835006589	0.6653273645564606	0.8063407412254538	-0.34922153671640505	0.17217813477645494	0.14557634312310383	0.562674351279202	0.2339676606307433	0.40198510364282203	0.5778442166288329	0.8480150887744992	-0.08105270582096095	0.028271742329890083	0.6297711029692612	0.8199604959928806	0.16814203023007093	-0.4106110850719;0.24850567342997804	-0.4820490493070381	0.04520823253690412	0.03621066313006367	0.4876043996521975	0.6687603767136255
t__SGB15019	-0.2687941096921642	0.1735617102447841	0.1617405383423909	0.3657316662925901	-0.2641982226213872	0.17162442515955312	0.2700812983141775	0.6755080779505839	-0.17121460318347465	0.4013501283177991	0.6833147654593923	0.8897463087140359	-0.2584088575530044	0.013632397373849133	0.026883643783095934	0.14184322529366808	0.116757857867679	-0.48725425897365526;-0.02956345613235356	-2.2132031391485243	0.0	0.0	0.0	1.0
t__SGB4670	-0.9902959872373535	0.18306755075828435	8.007518718981473e-07	2.3348238791135453e-05	0.18213344197075917	0.1712344881566138	0.4465316693461091	0.7782934375632199	0.5271673628870998	0.4075157547708314	0.21635658569253452	0.574113084343074	-0.13297109545050365	0.21087325198661613	0.7721488260240212	0.8921177260006419	0.4592093770673854	-1.033021474502579;0.7670792836015717	-0.2895652878425241	0.6049465789447662	0.5622196643978393	0.9238279177026059	0.00019158009833714797
t__SGB4910	0.22305743892124905	0.17331970165165358	0.24503023291514003	0.4687255685350121	0.14712127122610427	0.17111157989501222	0.5384811639736422	0.8210992815460325	0.4615931074489187	0.4059166705805647	0.2770818256122217	0.6403520890579522	0.20747069393672002	0.013603155206336016	0.07526596614011805	0.2681501301712244	0.11663256494794245	-0.021129133361247193;0.43607052123468726	1.7788401895244443	0.0	0.0	0.0	1.0
t__SGB14252	-0.0007035863327990258	0.17278324203827083	0.9970666807665813	0.9970666807665813	-0.33945161778757416	0.17210680325742692	0.1570894002194561	0.573877808999715	0.8381538187222252	0.4178363650370564	0.055310249328015135	0.36175935704340006	0.07996289309234783	0.1056016610691181	0.8056304778531636	0.903481059228755	0.32496409196881754	-0.5569667271665345;0.7168925133512302	0.24606685805772288	0.12762015600840046	0.2511373919863931	0.726102364314072	0.21961385533409503
t__SGB47410	0.10960278296457039	0.1729129133606891	0.567093501084352	0.7427182023657943	-0.2795738880391292	0.17171330938542329	0.243314239029947	0.6562932809933986	-0.4972263690968707	0.40676008870691643	0.24268875872624845	0.6029845984187056	-0.14060559964981842	0.026203261898761456	0.3850603591225026	0.6533642846979063	0.1618742162877135	-0.45787906357373687;0.17666786427410006	-0.8686102263494979	0.03540247129963732	0.030790872080878176	0.4264168368535352	0.7675698986896281
t__SGB4781	-1.1555725854537326	0.18664736699806433	1.4240863103791504e-08	1.051925087933399e-06	0.14901950949750048	0.1711175754214025	0.5332605771408532	0.8210992815460325	0.6295970965099155	0.4104219120761591	0.1427099454186398	0.4859574711553822	-0.1622588363500188	0.2831285015828886	0.7604106918360356	0.8882829989022379	0.5320982067089576	-1.2051713214995756;0.880653648799538	-0.3049415207647368	0.7834546675309112	0.7764667323097485	0.9390768154254076	1.8313392415672228e-05
t__SGB5042	0.20985347363810966	0.17325815345666085	0.27394855246381516	0.497019228486021	0.04370966787798161	0.17090097357756798	0.8549020865719585	0.9332330166716553	-0.33047284014591655	0.4033420565994291	0.4334383533770171	0.788154562739104	0.08760081940414882	0.013568894703086363	0.45203221964631535	0.7094216704930842	0.11648559869394312	-0.1407109540359797;0.3159125928442773	0.7520313273601588	0.0	0.0	0.0	1.0
t__SGB6952	0.4731978239130559	0.17518460948640152	0.014512322539667936	0.06617141306153117	0.3211839647465849	0.1719787844975699	0.18047067596545735	0.6059439665749295	0.4301804028668847	0.4052238318508751	0.3102358355351733	0.6814671790374196	0.3986768564450602	0.013796039313435695	0.0006881686538924292	0.010445080390586458	0.11745654223343924	0.16846203366751927;0.6288916792226011	3.3942498975724065	0.0	0.0	0.0	1.0
t__SGB14179	0.255077336730717	0.17348444171152416	0.18406905566314996	0.39293325053799927	0.2414694337610162	0.17150216569846158	0.31327555929844375	0.7033808879548933	0.5554446370818393	0.40826859593253084	0.19356048406902232	0.5532360314840672	0.27336880176705464	0.013656715178657073	0.01932272579944816	0.11547485561254305	0.11686194923351687	0.04431938126936158;0.5024182222647477	2.339245610397969	0.0	0.0	0.0	1.0
t__SGB4769	-0.25039357458045064	0.17345897660066958	0.192199896197325	0.3965688733456911	0.18051491947209844	0.17122823230354176	0.45057308465013346	0.7799499993538848	0.42200072718772247	0.40505124652668945	0.31931177672299493	0.6910106418146063	0.03725527668197861	0.03327390342830756	0.8381677496148685	0.919866205724777	0.1824113577283705	-0.3202709844656276;0.39478153782958475	0.20423770288172294	0.05418233981918424	0.049151627517637304	0.5325337154647074	0.5814409574251654
t__SGB4894	-0.037735563609950847	0.1727986134221169	0.8437014173107154	0.9075933693012356	-0.13679796515992995	0.17108031627355336	0.5673188381989885	0.8303689203757982	-0.1507093722980664	0.40118511377534755	0.7194134125612451	0.913893892117975	-0.09305621315785524	0.013537310174322538	0.4238290461796783	0.6926291787125126	0.11634994703188539	-0.3211021093403506;0.13498968302464015	-0.7997959219728173	0.0	0.0	0.0	1.0
t__SGB47280	0.2747710352301371	0.17359663352765822	0.15268388119307813	0.35464561587117016	0.313649241489073	0.17192801749086137	0.19084248836467604	0.6139695755228265	-0.03812080727396735	0.4006531926528126	0.9274965391785095	0.9717582368376148	0.2661157687919321	0.013653156301147532	0.022757731918115365	0.12713417737713367	0.11684672139665508	0.037096194854488146;0.4951353427293761	2.277477413239171	0.0	0.0	0.0	1.0
t__SGB14205	0.006177922536131566	0.17278364885259626	0.9742481107539551	0.984541559046725	0.07019803196570362	0.17093319080298053	0.7690198204254572	0.9010689083195429	0.6146146385188251	0.4099660573883991	0.15199609956234558	0.501225233080592	0.08505806423692129	0.013573814892236627	0.46534736623922335	0.7201185499903066	0.11650671608210673	-0.1432950992840079;0.31341122775785046	0.7300700517297013	0.0	0.0	0.0	1.0
t__SGB14263	-0.28906886975553037	0.17368326180081176	0.13260532178181872	0.3279613761925338	0.17995951559982257	0.17122609839357122	0.4519647287439106	0.7799499993538848	-0.4989297480747543	0.4068019310860145	0.24112864430618006	0.6029845984187056	-0.12642976676247097	0.03658964844376191	0.5086428064702178	0.7523603521686683	0.19128420855826522	-0.5013468155366708;0.24848728201172887	-0.660952452454853	0.06699276610227123	0.05778246106121604	0.5841704566989588	0.5052071675805093
t__SGB4643	0.13952774809119098	0.17299334286891677	0.4664176980282244	0.6651104368278927	0.21967723786528998	0.17139519340318324	0.35879209164860193	0.7259552640665603	1.5280353427932751	0.45534140649994514	0.001282318764132899	0.08836110228474756	0.5415344291168163	0.1790994489144284	0.20068095971103572	0.4828612326969885	0.4232014282991356	-0.2879403703494895;1.3710092285831221	1.2796138975552753	0.1553544958156826	0.45995700796136296	0.7586963287854908	0.15792608812181294
t__SGB4957	0.3009107543870115	0.17375830119029576	0.11759407463034585	0.3037161647795413	0.2384316014449347	0.17148665144415035	0.3193793829060372	0.7056423362294522	1.3114550031382073	0.44158609490153494	0.0044706169511070796	0.13759565505074012	0.5115971908363109	0.09714716038302483	0.100715455249206	0.32439745469802395	0.31168439226728184	-0.0993042180075615;1.1224985996801835	1.6413949608281826	0.07960649672797629	0.22327338505805364	0.6183431546299316	0.4359626442829953
t__SGB4826_group	-0.44791325385782826	0.17493637468847018	0.020534530335943633	0.08717340847595995	-0.04602310691627997	0.17090319038102697	0.8473155146955289	0.931374593534371	0.19191613263293267	0.4015379642920604	0.6476399022719015	0.865232805527976	-0.18113950498798084	0.029135919415200377	0.28859727452233574	0.5813915750102803	0.17069247029438755	-0.5156967467649805;0.15341773678901874	-1.061203840307517	0.04220172489398412	0.038335401195424765	0.469574105190765	0.6932630864376044
t__SGB4571	-0.7479436179249246	0.17872231103029274	0.0001443494991410223	0.001738470054872312	0.026153303285830022	0.17088787515082	0.9128681724801087	0.9578200143067807	-0.10966669540564257	0.40091782853372426	0.793634480998454	0.9568520184399206	-0.30368542385748176	0.0638345710813338	0.2293726349288301	0.5162060856288878	0.25265504364911023	-0.7988893094097378;0.19151846169477427	-1.201976495190189	0.19668640737701257	0.13261652715212982	0.8021961918262845	0.08560592139814277
t__SGB4831_group	-0.9225392512511045	0.18174175276082458	3.75508671370546e-06	8.001223228433942e-05	0.08606145365406738	0.1709596543850384	0.7188553592398832	0.8889416719171771	0.42073393493422545	0.4050248079051746	0.3207338335388381	0.6913873298852775	-0.18311305412690596	0.16209910163241129	0.6492466909355987	0.8278082089259418	0.40261532712057957	-0.9722390952832418;0.60601298702943	-0.4548089498641101	0.4440053151539264	0.4181680307781413	0.8998872171337091	0.0025436510081036532
t__SGB15373	-0.023707151153918103	0.17278930591036046	0.9014174529945623	0.9479916618897805	-0.4677761603098527	0.17320175219472272	0.051975900702115094	0.35167274058138254	0.0709018304061266	0.4007426591523893	0.8656361663537737	0.9622309953574324	-0.20108770143416224	0.0272288991907989	0.22298614622934188	0.5083717078644255	0.16501181530665887	-0.5245108594352136;0.12233545656688913	-1.2186260787475112	0.04441998085743015	0.03342093481242993	0.4823729481828571	0.6730401503822597
t__SGB14921	-0.5710179195066342	0.17626919374205688	0.003339487649925806	0.020904815345298266	0.0545578711687302	0.17091235703744448	0.8194559058394169	0.9184279602157334	0.6797057797163147	0.4120222622812203	0.11498381970935473	0.43931749047574153	-0.01446068674184692	0.12053658654690969	0.9667766074096376	0.9872704894100262	0.3471837936121294	-0.6949409222216206;0.6660195487379267	-0.041651387558724204	0.22167727787433983	0.2952817825535148	0.8206987513773987	0.059735662728084685
t__SGB4778	-1.6019801090836951	0.19857241052944938	6.908445794915616e-14	1.5309115881533006e-11	-0.19735611043092177	0.1712960464686211	0.4095554317845471	0.75146009227582	1.1079754477462285	0.4302578266418745	0.013825031233714551	0.19743671225907705	-0.2651925931533321	0.6030892602249074	0.732739110164065	0.8729838000664344	0.7765882179282064	-1.7873055002926166;1.2569203139859524	-0.3414841830343716	1.2212417802476674	1.7273575527586154	0.9571285894813073	1.6421188231419137e-07
t__SGB4130	-0.2859208613781659	0.17366381511744297	0.1368384912843738	0.33322428207271687	0.09890692358281025	0.17098501659102353	0.6791022326338243	0.8716715421303091	0.3746029825380041	0.4041151286896699	0.375536343779996	0.7376869701519279	-0.024495600202836466	0.02933844444446157	0.8862814677218733	0.9424182977311282	0.17128468829542695	-0.3602135892618733;0.31122238885620035	-0.14301103295693982	0.040568664760188146	0.038938526831804994	0.46057704986131204	0.7069340084274224
t__SGB15145	0.24570823474133657	0.1734339714393888	0.20059772726066566	0.4063295828241637	0.30151373951352983	0.1718487551690158	0.2084700461283809	0.6399095114800064	1.809884599243905	0.47561504919514525	0.00024436045609051605	0.033843923168536474	0.7005806371112528	0.2370940766947848	0.15020968574145943	0.4134117846863044	0.4869230706125813	-0.2537885812894064;1.6549498555119122	1.4387912165054662	0.19706201817382665	0.6268920307542148	0.7966975002751556	0.09201500466146656
t__SGB8071	0.263731679824321	0.1735327257832696	0.16972759581903618	0.3761163523349842	0.4769890740591034	0.17329344158319915	0.04758499976993513	0.3405841517206879	0.6801122529604021	0.4120357185091979	0.11477883524335343	0.43931749047574153	0.3956968326506535	0.013812701868981545	0.0007603312907233928	0.011272656605068647	0.11752745155486673	0.1653430276031147;0.6260506376981922	3.3668460212116966	0.0	0.0	0.0	1.0
t__SGB4893	0.23277352807806892	0.1733673744766748	0.22518170005903124	0.4439525332124673	-0.7864048074189028	0.1773625131312232	0.0012536315650429153	0.04209162951719849	0.2211363860752731	0.4018393606707348	0.5987386648258683	0.8554212437497243	-0.14515563707248716	0.1196328000726245	0.6747259454726979	0.842359357547675	0.34587974799433474	-0.8230799431413832;0.532768668996409	-0.4196708188733406	0.3957301669132551	0.293793320088356	0.8902519915609965	0.005094852204715672
t__SGB15225	-0.08251575550051435	0.172856749499255	0.666462597989443	0.8063407412254538	-0.0346997855928773	0.17089342929442902	0.8845717228542651	0.9460477499252179	0.6430238469438125	0.41083931646270466	0.13478842994708287	0.4728869924380884	0.044056457550781816	0.030956954834550115	0.8022797538450708	0.903481059228755	0.17594588609726036	-0.3007974791998485;0.3889103943014121	0.2503977701782015	0.017098654813830765	0.042974139909999355	0.2643066864187148	0.939241179062705
t__SGB6178	0.08270373530815628	0.17285708474937725	0.6657493199557347	0.8063407412254538	-0.36535802171208553	0.17230031273205462	0.12800525217981848	0.529779516406662	0.07810476231734932	0.4007695232967224	0.8521465331081588	0.9622309953574324	-0.11289674307583619	0.024557004448147648	0.47125831435737475	0.7242083388460072	0.15670674665804166	-0.42004196652559783;0.19424848037392545	-0.720433200761894	0.03908788722434859	0.026739193559707223	0.45152468569738397	0.7215504412071889
t__SGB15383	-0.3749094774319958	0.17429449711406061	0.05179797123323775	0.1725527974773602	0.22490014270513894	0.17141991604648502	0.3475171992686251	0.7190370918606633	0.9233405236069608	0.4214233128709171	0.03631292085767518	0.3210676064432327	0.1848250673753696	0.12906771424973595	0.6069300466110312	0.8082674178425753	0.35925995358477675	-0.5193244416507928;0.8889745764015321	0.5144605334692705	0.2216613410952924	0.3189241591875419	0.8205481430873184	0.059735662728084685
t__SGB4959	-0.9641058997359729	0.18254510305060878	1.466724583254037e-06	3.699316752286821e-05	0.009161995017254104	0.17088146671589974	0.9694220434810044	0.9835883367159498	0.970542092787925	0.42354576071576366	0.02855421461583232	0.29025752104901115	-0.04355082414424477	0.30241888141704726	0.9368783680670052	0.9724471245449374	0.5499262508891963	-1.1214062758870695;1.0343046275985799	-0.07919393568469556	0.590378490739254	0.8316924309020629	0.9213655166014905	0.0002651296764773595
t__SGB4780	-0.5822107948617871	0.1764057764440472	0.0027875607771148734	0.0187570737759668	0.19721222129566482	0.1712954415888762	0.4098960945274156	0.75146009227582	0.9628586150984718	0.4231937967480393	0.029703386873189304	0.2964986725720158	0.13194017885704246	0.18916186802234464	0.7616144846183448	0.8882829989022379	0.4349274284548454	-0.7205175809144545;0.9843979386285394	0.3033613661152222	0.36235153405273	0.4955146827818375	0.88085267495107	0.008483934845651969
t__SGB4779	-1.0847305202504025	0.18505399542474216	8.35477950704788e-08	3.857123205753771e-06	-0.19173075198866701	0.1712727256184564	0.4230001245794408	0.7633292150391212	1.0452780779956254	0.4270988143253777	0.01933194824596339	0.23032041566158534	-0.12484720449456928	0.3690827920241116	0.8371796137771419	0.919866205724777	0.607521844894578	-1.315590020487942;1.0658956114988036	-0.20550241204286862	0.6214618403206473	1.0295944546267182	0.9238429064147899	0.00019158009833714797
t__SGB72916	-0.08844620699782792	0.1728676933557841	0.6441098199836213	0.7947368380198802	-0.4096441280853596	0.17266346795053053	0.08826598611980348	0.4425281114060735	0.5430901064836063	0.4079350083435224	0.203277774442157	0.5616752470870573	-0.08127585666944506	0.06255001427231212	0.7452011838826293	0.8793215247518139	0.2501000085412076	-0.571471873410212;0.4089201600713218	-0.3249734262046364	0.07636635822027737	0.12887404691972626	0.6146594248360069	0.44461713223888066
t__SGB15409	-0.5901982612522384	0.17650479959877002	0.002446620603040985	0.016837612597325535	0.004500799381992681	0.1708807865604975	0.9849758589384936	0.9939464951765491	1.2837929141105588	0.439952324862014	0.005228257925088927	0.1452181378762984	0.17129017711203093	0.28918122221185777	0.7500845705452799	0.8832026611734007	0.5377557272701591	-0.8827110483374807;1.2252914025615427	0.3185278527512134	0.38754425165580253	0.7892964929773711	0.8865547235359041	0.0062096199679487745
t__SGB54347	0.1823520618688723	0.17314195404933563	0.341515053752385	0.5582030305867655	0.20819377539282857	0.17134286725483072	0.38438893339981417	0.7423049620083864	1.2390444197293773	0.43737079919902605	0.006722696727178996	0.1482779023941976	0.4400414180289287	0.09784299955542655	0.1594902415197441	0.4187563687295651	0.31279865657548234	-0.17304394885901664;1.053126784916874	1.406788068869922	0.08040559704706314	0.22596120066439235	0.6223063980745216	0.4299496912667522
t__SGB4770	-0.14619226372166	0.17301387988338962	0.4454440596018584	0.6451660366521034	-0.007637237223559912	0.17088119315056324	0.9745089630261047	0.9860784758291543	1.8403588739526864	0.47795534523998906	0.00020415167734587407	0.033843923168536474	0.4933415043620683	0.38574291183190973	0.42700577982177124	0.6927121581881736	0.6210820491947177	-0.7239793120595783;1.710662320783715	0.7943258141202517	0.33570757256688705	1.0685120941465087	0.8703367720612772	0.01357823435384508
t__SGB4659	0.29133589279987115	0.17369739675780702	0.12962087394833716	0.32274141198821926	0.12226044851224867	0.17104013679737687	0.6091545364682351	0.8503656054131227	1.036478498367554	0.42666836625912463	0.020251919637399855	0.23729414107576297	0.36704060521454623	0.056610692603770156	0.12291789711634249	0.36908680218132106	0.23793001618915205	-0.09930222651619175;0.8333834369452842	1.5426410298848234	0.048167900008055146	0.11065842454261046	0.498507663280683	0.6544321199892807
t__SGB4552_group	-0.45490520448309324	0.1750036906939978	0.018680552628746745	0.08116883259863292	0.11039896305538904	0.17101068821142204	0.6442829617595562	0.863398905225723	0.14209140643926263	0.4011220173594055	0.7347931473689506	0.9230734776471625	-0.11544857923678614	0.03999216193782443	0.5637371781964404	0.7853155496927571	0.19998040388454172	-0.5074101708504879;0.2765130123769156	-0.5772994603183227	0.09243635497612213	0.06707044419887671	0.659657685726987	0.3530368181586939
t__SGB14824_group	0.17481856630211037	0.1731129546128199	0.36176467990481087	0.571804943415878	0.054900701827651346	0.17091275773883471	0.8183413697778334	0.9184279602157334	0.6746631621413106	0.4118559599479971	0.11755250371315243	0.4452723354838653	0.15905685173493525	0.013605877960074949	0.17269141190679993	0.4398668606729525	0.11664423672035815	-0.06956585223696671;0.3876795557068372	1.3636066059247893	0.0	0.0	0.0	1.0
t__SGB14937	0.3061321287943464	0.1737923341206379	0.11141892972249558	0.2904757038412355	0.1972953619174884	0.17129579104106213	0.4096992353178538	0.75146009227582	0.17164992439069252	0.4013538586310846	0.6825563595891884	0.8897463087140359	0.24422120568725902	0.013624553401642224	0.03641242930602773	0.1784746449691585	0.11672426226642953	0.015441651645057147;0.4730007597294609	2.0922917047855116	0.0	0.0	0.0	1.0
t__SGB49188	0.38225444466535496	0.1743540229046789	0.04744030147136455	0.16273639018660038	0.18512170899312458	0.17124618440579958	0.4391251171338656	0.7782934375632199	1.3884353621633896	0.446282286610443	0.0028801666642073592	0.1169574208634414	0.5528981340391566	0.11621280201828378	0.10482950889287812	0.33074915580248876	0.3408999882931705	-0.11526584301545761;1.2210621110937707	1.6218778322857255	0.10790689781570452	0.2774996780400019	0.6860080040454849	0.2997157923533821
t__SGB15115	-0.5743018156506859	0.17630900206943878	0.0031679303231743356	0.020249704424710736	-0.19478954136072185	0.17128532308109556	0.41565741888376406	0.756237143059459	-0.3156450326409278	0.4031037248691675	0.4540756716588408	0.8006735026947556	-0.37373044151416734	0.016423488720334112	0.0035425877775465686	0.03443146717124208	0.12815415998060348	-0.6249125950761502;-0.12254828795218453	-2.9162568079782396	0.009779220028650039	0.006198993195427146	0.1688530960013761	1.0
t__SGB4815_group	-0.06814771610803495	0.17283338095153072	0.7218413086180665	0.8327888756129955	0.3217826979161615	0.17198286963928996	0.17966501725748885	0.605377449108896	0.07636726404944828	0.4007628055824692	0.8553964513418967	0.9622309953574324	0.12236080935371473	0.017193433068600102	0.35073190056089687	0.6257825214516486	0.13112373190464074	-0.13464170517938112;0.3793633238868106	0.9331705830543412	0.013572397740980135	0.008553100315367882	0.22258393675345298	0.987505778716962
t__SGB14322_group	-0.0053510577148216465	0.17278354590739037	0.9776938136619069	0.984541559046725	0.24503230258269507	0.1715206097638354	0.30621637256380685	0.6952617639358566	0.09500884281618033	0.4008427596542583	0.820676798266766	0.9622309953574324	0.11858483949448699	0.013566460847120314	0.3086243645708757	0.592238720771314	0.11647515120024662	-0.10970645685799639;0.34687613584697036	1.0181127757508839	0.0	0.0	0.0	1.0
t__SGB4198_group	-0.024370455307721008	0.1727896502773311	0.8986740456686295	0.9479916618897805	-0.3512344726903076	0.17219307920687912	0.14328751207530155	0.5605647179277942	0.06183476144101345	0.4007125327910149	0.882676149969047	0.9671694687154538	-0.16575827393640305	0.014717978145171022	0.17183981620364497	0.43870625887935166	0.12131767449622097	-0.4035409159489961;0.07202436807619003	-1.3663159521044594	0.0036110445720577283	0.0026012573580999243	0.07073517901802436	1.0
t__SGB15035	-0.43460848811874847	0.17481109193439331	0.02451487920664523	0.09877267694895604	-0.5140519195458652	0.17367983501287282	0.03296685471484448	0.2685829045885859	-0.48450236450671724	0.4064519261426468	0.25458320854247696	0.6118832864751941	-0.47542242826322195	0.01390275816044366	5.5285269055849184e-05	0.0017015577253855806	0.11790995785108084	-0.7065259456513404;-0.24431891087510352	-4.03208038513317	0.0	0.0	0.0	1.0
t__SGB4816	-0.31476981270417825	0.17384990475440762	0.10177444401095449	0.27172550352804237	0.2618823227021009	0.17161146904697214	0.2742835599884977	0.6779064291264334	-0.7861873752776382	0.41580499357448464	0.07085836615794562	0.38073590854359946	-0.20196808488928672	0.08336362564419203	0.4842328398693161	0.7339671498976774	0.2887275976490506	-0.7678741762814258;0.36393800650285235	-0.6995108418239244	0.16085908249374334	0.1871293942983526	0.7694805516822016	0.1384973649595174
t__SGB15271	0.2441751024191541	0.17342589106500314	0.20340364887198303	0.4097658962730131	0.3275654685012728	0.17202271185430162	0.17202235454217688	0.590095259544062	0.8088604946276634	0.41667651635950803	0.06365500283682582	0.3731732441439312	0.32755891956633976	0.013736006479974094	0.005192309596113276	0.04521398948331347	0.1172007102366453	0.09784552750251496;0.5572723116301646	2.794854390429466	0.0	0.0	0.0	1.0
t__SGB6153	0.2747710352301371	0.17359663352765822	0.15268388119307813	0.35464561587117016	0.18206480538181202	0.1712342217358752	0.44670262870022726	0.7782934375632199	-0.038120807273967355	0.4006531926528126	0.9274965391785095	0.9717582368376148	0.20525110650273537	0.01360214140117096	0.0784289737871895	0.27627187486140387	0.11662821871730254	-0.023340202183177616;0.43384241518864836	1.759875172236383	0.0	0.0	0.0	1.0
t__SGB14128	-0.061109023219971595	0.17282355865241109	0.7495410940194194	0.8465764853960415	0.24668693075367612	0.17152926653076683	0.30297455524461997	0.6936823936162562	1.1167209507456324	0.43071117951622123	0.013186307085032864	0.19743671225907705	0.34133324542548005	0.10528009625351262	0.29281098152492047	0.5836309817879246	0.3244689449754978	-0.2946258867264956;0.9772923775774557	1.0519750833203954	0.11692147615466472	0.2483751131517342	0.7067234520820687	0.257105644686941
t__SGB14370_group	0.49588829289474057	0.17541865650338986	0.010506220377590813	0.05150837247066646	0.13855137915458002	0.17108546651180528	0.5623684291169149	0.8303689203757982	0.44623601526263307	0.4055720041510781	0.29295440874179834	0.6584046346570235	0.3252828367411303	0.015235936916544037	0.008406820385949976	0.06332130470106767	0.12343393745864237	0.08335231932219125;0.5672133541600693	2.6352787850595725	0.005422398940728512	0.0035069159699469043	0.10150517584587634	1.0
t__SGB6847	-0.2838048402170225	0.1736508619522106	0.13974270130257394	0.3344166588407169	0.16810058317966495	0.17118209855707575	0.48225913906002205	0.7978039155871847	-0.07758519367967182	0.40076749865452616	0.8531180860766016	0.9622309953574324	-0.05863168211101086	0.022407980214261516	0.6952949348050959	0.8531415146888662	0.14969295312158656	-0.35202987022932053;0.2347665060072988	-0.39167964081373874	0.034079528762986595	0.021383143184168417	0.4182120433385845	0.7786474886674216
t__SGB4046	0.07369679082722264	0.17284187819419633	0.700258776207465	0.8193101626587869	0.10521040445204669	0.17099874910993232	0.6599117851071316	0.8640362169574883	0.604358904680773	0.4096600629189105	0.1586319055164573	0.5074088498591148	0.1312782614401281	0.013581172532833379	0.2599616356624652	0.5560569349691341	0.11653828784066367	-0.09713678272757267;0.35969330560782886	1.1264818101636913	0.0	0.0	0.0	1.0
t__SGB6744	0.1897798869441349	0.17317173936343427	0.32228240799981855	0.547644495496495	-0.2579933890829237	0.17158996717143332	0.28144129729075756	0.6779064291264334	-0.7636803960647113	0.41496262793822214	0.0787057849237628	0.38073590854359946	-0.18764127440901265	0.06391079651306167	0.45794514301306855	0.7148297074206663	0.2528058474661171	-0.6831407354426022;0.30785818662457687	-0.7422347081357037	0.1008666646060149	0.13209146520255854	0.6775896431215983	0.3191628820949668
t__SGB15265_group	-0.005894233441576348	0.1727836118690875	0.9754302456491256	0.984541559046725	0.3717798101768585	0.17235044540267871	0.12149459368408792	0.5197529335983375	-0.2588765909231588	0.40229131957378805	0.5383599580893819	0.8204990833054128	0.12183855919728775	0.027030459542564084	0.4586522320720072	0.7148297074206663	0.16440942656236013	-0.20040391686493808;0.4440810352595136	0.7410679651697141	0.03569997141208049	0.032990213428862186	0.4288687113663732	0.7633580263797604
t__SGB6846	0.12877654715744502	0.17296222731763294	0.5013921220093094	0.6884045491775895	0.257211536261334	0.17158568283140785	0.28289566712792236	0.6786220217300575	-0.010717971243469812	0.40061968467573955	0.9795873586667005	0.9934477735777234	0.17622372432075023	0.013582679447885897	0.13051627472887484	0.38358629283711754	0.11654475298307469	-0.05220399152607616;0.4046514401675766	1.512069139194473	0.0	0.0	0.0	1.0
t__SGB4714	0.7143342828873375	0.17820848151913254	0.0002743832861367526	0.003010066148906157	0.59091753059646	0.17457003334474158	0.014494712654497794	0.17456675675199518	0.7580296397179246	0.4147547173229475	0.08079102136465265	0.38073590854359946	0.6601976705252955	0.01426224178851126	3.236189205502171e-08	3.5856976396964058e-06	0.1194246280651996	0.42612539951750433;0.8942699415330868	5.528153457299127	0.0	0.0	0.0	1.0
t__SGB4966	-0.9294387679507748	0.18187289009697424	3.218294119036626e-06	7.277285477331799e-05	-0.3610820921460577	0.17226740854601896	0.13249038638847702	0.5408985476710914	-1.3478598422374481	0.44377978078839236	0.003633842771280358	0.12988057388963345	-0.7897069139332415	0.07299817538279181	0.003468180011738431	0.03420889155250288	0.2701817450953928	-1.3192631343202113;-0.26015069354627174	-2.9228729485569818	0.14313206575800874	0.15310339088627836	0.7358913419670529	0.20102574972781861
t__SGB14969	-0.12530014735453618	0.17295269851198403	0.5129946171172308	0.6965662203013379	-0.24711733470610234	0.1715315278161792	0.3021350851430173	0.6936823936162562	-0.7422478254007517	0.41418168958158597	0.08687050699244532	0.38073590854359946	-0.23092340209284773	0.013652444837360254	0.04811573033789607	0.2123993195792384	0.11684367692502771	-0.45993700886590205;-0.0019097953197934059	-1.9763448752217787	0.0	0.0	0.0	1.0
t__SGB4749	0.7173006441297269	0.17825294024496116	0.00025947657651152387	0.0028750004677476843	0.2136077296804578	0.1713671888045405	0.37218329233516556	0.7355990713736674	0.12011612176379649	0.40097789892298175	0.7745148657784233	0.9440405245522077	0.4063341377450298	0.03449555317782634	0.028686326756894198	0.1471502316974017	0.18572978538141463	0.04230375839745715;0.7703645170926025	2.1877704586293585	0.06762556106347989	0.05180171734672453	0.5823440097900379	0.5079826669561549
t__SGB71759	0.11619792992675404	0.1729289822332634	0.5440304420292748	0.7236323286535851	0.22636403828512883	0.17142694897433103	0.34439836439018623	0.7172808040306886	0.904592834432842	0.42060682673927485	0.03989548523040802	0.3255764701675791	0.28656285916421353	0.03685232644844256	0.13550230952310427	0.3920014594036541	0.19196959771912467	-0.08969755236527083;0.6628232706936978	1.4927512614965759	0.024201468131323196	0.05778838930293187	0.3345968807592717	0.8589721931097248
t__SGB14853	-0.5007147716038597	0.17546981252238253	0.009794861742365744	0.04901984759004998	0.034269915162303474	0.17089311267589186	0.885991736775354	0.9460874399791177	0.5565300748184626	0.4082982494646597	0.1927244639497363	0.5532090830474296	-0.04690227688468416	0.08329110572715255	0.8708999751415134	0.9353582912370129	0.28860198496745054	-0.6125621674208872;0.5187576136515188	-0.16251543415397487	0.14766904650149668	0.18775438875928388	0.7543649508496533	0.16507700505238374
t__SGB14960	0.0714208836506541	0.17283831275047487	0.7090822728984635	0.8240585962157906	-0.13771466043184516	0.17108300068603682	0.5647281024468478	0.8303689203757982	0.2857437025787265	0.4026560027146065	0.497449999071058	0.8006735026947556	-0.007476786466746144	0.013548638631702524	0.9487836484092691	0.9770002624883551	0.11639861954380096	-0.23561808077259602;0.2206645078391037	-0.06423432250356388	0.0	0.0	0.0	1.0
t__SGB15233	0.17879707141203136	0.17312811764378763	0.35097755001614606	0.564751034512734	0.3541766543295823	0.17221507470208056	0.13999242186660035	0.5556715535513476	-0.2486672615159113	0.40216209704535716	0.5543671080306394	0.83343114748704	0.22266360216431919	0.013948880190871479	0.059389878573790744	0.23130154711630338	0.11810537748498787	-0.008822937706257028;0.4541501420348954	1.8852960543021973	0.0004970569030915798	0.0007035680159152495	0.01033796685390469	1.0
t__SGB1784	0.25416217157416876	0.17347942925595675	0.18563716115613726	0.39324631056130177	0.2794962236536702	0.17171284790827845	0.2434445293215585	0.6562932809933986	0.7853524130261945	0.41577333747480305	0.07113677749471414	0.38073590854359946	0.30807876165705944	0.013712160455692297	0.008515229603302421	0.06332130470106767	0.11709893447718599	0.07856485008177491;0.5375926732323439	2.63092711332127	0.0	0.0	0.0	1.0
t__SGB15049	0.7080273400913231	0.178114531197811	0.0003088182955493469	0.003228025202534683	0.2723781587020736	0.17167109203372197	0.25559695591196496	0.6623589163412635	1.1714031833244285	0.43361531144797016	0.009783371156056582	0.1802478996323898	0.6164337590575331	0.05480681311760568	0.008460673287051357	0.06332130470106767	0.23410854986011442	0.15758100133170883;1.0752865167833572	2.6331108343794676	0.085812203583171	0.10431678081673157	0.6322139887038333	0.4104734434310088
t__SGB3957	-0.35061500069803897	0.17410570039191064	0.06869469218592208	0.2113156506189478	-0.23336826136820993	0.17146122637339697	0.3297267442057872	0.7061970994113416	-0.08713441172613462	0.4008068661358609	0.8353014317166814	0.9622309953574324	-0.2737567494362743	0.013655782955247331	0.019147577933119386	0.11530171929291456	0.11685796059852889	-0.502798352209391;-0.04471514666315771	-2.3426452766600874	0.0	0.0	0.0	1.0
t__SGB3573	-1.0850756736411278	0.1850615465033237	8.284286642877638e-08	3.857123205753771e-06	0.2373777286017322	0.17148131486455695	0.3215151618608662	0.7061970994113416	0.5335757238432836	0.4076830416935771	0.21101684929503334	0.5683170463195012	-0.13900087157625546	0.24896244073686813	0.7805668317298018	0.8965749396661016	0.4989613619679064	-1.116965141033352;0.8389633978808411	-0.2785804316150558	0.7560056044412171	0.6753104309339869	0.9374915027261995	2.2720085103955512e-05
t__SGB14966	0.3407470237434686	0.1740325704711565	0.07675958617677449	0.22334522189653505	0.1203989476577672	0.1710353169440446	0.614610316062088	0.8503656054131227	0.6494462316618566	0.41104193355974367	0.13112975849481967	0.47172653380603957	0.262719799033964	0.013676101163458187	0.024670269349635898	0.13269251669609988	0.11694486377544842	0.033507866034085065;0.4919317320338429	2.246527043192125	0.0	0.0	0.0	1.0
t__SGB6141	-0.48093836019190017	0.17526325450559832	0.01301395010887617	0.06059288513018264	-0.10963168700281298	0.17100888652483676	0.6465843495546995	0.863398905225723	0.03412708422689074	0.40064596866873875	0.935073354776324	0.9740609740680861	-0.2542583761450815	0.02071360107027973	0.07728894275519482	0.27359791876279826	0.14392220492432614	-0.5363458977967608;0.027829145506597708	-1.7666375822880827	0.021492161890668243	0.01693297637821233	0.3104876447360117	0.8890271431132426
t__SGB3321	0.25396536057199837	0.173478353636401	0.18597569199830516	0.39324631056130177	0.18216295673962765	0.17123460275229901	0.4464581658243171	0.7782934375632199	0.2674009261468094	0.40240316356580597	0.5251870109089408	0.814344604133516	0.22178091892246002	0.013603797888224365	0.05723783398925386	0.23071325089571115	0.11663532007168483	-0.006824308418042241;0.45038614626296225	1.9014902071358146	0.0	0.0	0.0	1.0
t__SGB6338	-0.7788744319931444	0.1792146738881754	7.85108056977516e-05	0.0011132127186373633	0.3967359798759572	0.1725534136276402	0.09864547439079527	0.47033023247845884	-1.1842238160863097	0.434313383551701	0.00911619163687799	0.1770330881512472	-0.47385193381597285	0.22426124535197395	0.3170146094505304	0.592238720771314	0.47356229300058716	-1.4020340280971237;0.454330160465178	-1.0006116213635812	0.6398716250740956	0.5968175322328952	0.9269598679122254	0.00013208256732793143
t__SGB15015	-0.9640370002737404	0.1825437451446134	1.469042753615705e-06	3.699316752286821e-05	-0.10537318550923666	0.17099911495767375	0.659419127098249	0.8640362169574883	-0.1999093874359333	0.4016161965398757	0.6340875600474121	0.8615240524429624	-0.4525172053315463	0.08026251618663807	0.11020522667020205	0.3410820981859885	0.28330639983353373	-1.0077977490052725;0.10276333834217982	-1.59727138390604	0.2549914668160356	0.17884167778583293	0.8376244502156505	0.04111829699915149
t__SGB15370	-0.8224330588225356	0.17993941237867492	3.237530164566059e-05	0.0005275269738734108	-0.014665122384598838	0.17088286710819622	0.9510744011287647	0.9785416738896435	0.5777430222745343	0.40888894738305337	0.17694971905406642	0.5259068915713127	-0.14268928071449988	0.15790353387545172	0.7195326405854876	0.8675105177026335	0.39737077632288426	-0.9215360023073531;0.6361574408783532	-0.3590834787472078	0.3392484234844499	0.4053036117329973	0.8734852586194798	0.011687289038598907
t__SGB4938	0.16332176005260632	0.17307104820759556	0.39410171372942493	0.5996939353766271	-0.39804840689878535	0.17256444558156164	0.09754706045537719	0.4678880648682161	-0.1662017559205132	0.4013078528496957	0.6920724862276704	0.896861186830712	-0.12535896055041154	0.03331058189297558	0.49217489543458504	0.7403577787758675	0.18251186781405634	-0.483082221465962;0.23236430036513891	-0.6868537484813187	0.07829578794917934	0.04929100537091367	0.6218519650616806	0.43014140013262187
t__SGB4805	-0.37422159971576047	0.1742889804634447	0.05222290165339586	0.172738965672574	-0.06991895977117349	0.17093277331220008	0.7699118552565379	0.9010689083195429	-0.3046849349888556	0.4029345055703174	0.469704262744873	0.8006735026947556	-0.22630225396198644	0.013641674811511377	0.05267699567973083	0.2226652666978039	0.11679758050367044	-0.45522551174918047;0.0026210038252076073	-1.937559433903468	0.0	0.0	0.0	1.0
t__SGB15295_group	-0.3293270191788657	0.17395050807954987	0.08705118986750572	0.24551845894716312	0.3817101006435261	0.17242965769481358	0.11194566861904612	0.5078692610652754	0.6118655527403463	0.4098835518729401	0.15375231013850726	0.5040164486197221	0.16133443758340069	0.07899201439549482	0.5659467001517811	0.7853155496927571	0.28105518033919036	-0.3895337158814124;0.7122025910482138	0.5740311827332086	0.1993959515877698	0.17521841598013152	0.8054849422751491	0.08066807021737132
t__SGB3958	-1.4376186951652947	0.19382116505691785	7.468347630776527e-12	1.0343661468625488e-09	-0.24779909593021462	0.17153511770546429	0.3008085676870118	0.6929228544640521	0.2661293020227859	0.4023862512188558	0.5271408492261431	0.814344604133516	-0.5101176863398903	0.25203186961486296	0.30957486282143787	0.592238720771314	0.5020277578131143	-1.4940920916535942;0.47385671897381365	-1.0161145044290312	0.6567057377111163	0.6843719357884117	0.9263464590145086	0.00013393671546724746
t__SGB14199	0.21177835674526593	0.1732668935554863	0.26959182050512603	0.4953322797160189	-0.1319943223812302	0.17106654194833074	0.5809880489557304	0.8368798288586822	-0.7982259897595304	0.4162648831348414	0.06694912658861304	0.3763633658852039	-0.14385257370557983	0.07154114915183929	0.5906989869547383	0.8018189324045979	0.2674717726262704	-0.6680972480530698;0.3803921006419102	-0.537823383354102	0.08890737184505862	0.15353951966804438	0.6496365735370709	0.3765440471889079
t__SGB4553	-0.653750955210507	0.1773385552586666	0.0008283208087210205	0.006849100418379782	0.34057210468893145	0.17211488282284643	0.1557345902523704	0.573877808999715	0.2834170385563616	0.40262301208717477	0.5009215251775956	0.8009690628074824	-0.04225708999493356	0.11015889533565268	0.8986887160512671	0.9474282563128487	0.3319019363240484	-0.6927848851900684;0.6082707052002012	-0.12731799778858888	0.3690487969262682	0.2660950487338726	0.8837730618710684	0.007257281072275222
t__SGB47656	-1.0928462425658456	0.18523210057210018	6.84287245615474e-08	3.4463194006452053e-06	-0.29772742536696933	0.17182465790533935	0.2142069991093111	0.6467066894090373	-1.28330984423344	0.4399240500386905	0.005242532053295971	0.1452181378762984	-0.8272225085229792	0.09187305716458138	0.00634967817679688	0.052503309103663756	0.30310568646031927	-1.421309653985205;-0.23313536306075344	-2.729155358922222	0.2525954309857487	0.20661361577825674	0.8294512405753558	0.0499741862659674
t__SGB79840	0.5585316538205738	0.17611983566567174	0.004072866035168143	0.024393165226844878	0.23965843893745978	0.17149289344608004	0.31690492581821356	0.7054769714909027	1.8354252853322917	0.4775745978095642	0.00021018014651697243	0.033843923168536474	0.7898778137916084	0.21365570842243667	0.08747966969965892	0.2982383816222218	0.4622290648828097	-0.11609115337869857;1.6958467809619153	1.708844972766627	0.20925136307792852	0.5568992514164985	0.8042420400098736	0.08219668884602695
t__SGB69331	-1.5336014738156456	0.19654742031026343	4.942835993338767e-13	9.127770467698923e-11	0.08384477287181825	0.17095563379943787	0.7257975906936824	0.8906063455242593	0.3591246044813074	0.40383313129584475	0.3952394543205431	0.7537440884460614	-0.3892653859909693	0.3507298488782994	0.5109921316998998	0.7528979812812353	0.5922244919608606	-1.550025390234256;0.7714946182523172	-0.6572936298228872	1.1039287757730187	0.9785999558724713	0.9543481322650316	3.39905894097825e-07
t__SGB4809	-0.9904721280740506	0.18307110675482788	7.974727734909397e-07	2.3348238791135453e-05	0.4030431216359716	0.17260675661719405	0.0934569038436487	0.4541677607840472	0.5266496496181817	0.4075023254019055	0.2167924695449091	0.574113084343074	-0.05064123020676854	0.24082203065309468	0.9178086824645293	0.9630038069798281	0.4907362129016919	-1.0124842074940845;0.9112017470805475	-0.10319440235993627	0.8033628438998442	0.6512112051922818	0.9412013503177727	1.3011924050486203e-05
t__SGB15073	0.16353034990490978	0.17307178323300226	0.39349968299772387	0.5996939353766271	-0.030398758856250836	0.17089043918390473	0.8987956688057048	0.94981149413923	2.273413301575381	0.5139854331490445	1.6255480280007045e-05	0.009005536075123903	0.7317459030400965	0.5160458721017007	0.3083790096673651	0.592238720771314	0.7183633287562087	-0.6762462213220725;2.1397380274022653	1.0186292559046113	0.4112001408115967	1.4478441632951373	0.8895822492386035	0.005274475135205268
t__SGB4782	-0.7091853511327441	0.17813172257426615	0.0003022034834966618	0.0031889662829933454	0.21145290825494664	0.17135743414200252	0.3770119017811683	0.7380374331687887	-0.43951969496953386	0.40542484253767264	0.3000977365497122	0.6663492827596816	-0.29224230153890635	0.0841700981179269	0.31378469212531335	0.592238720771314	0.29012083365026875	-0.8608791354934331;0.27639453241562034	-1.0073123596880151	0.29483592715879253	0.19020040676477187	0.8583090877230428	0.02167721831874634
t__SGB4143	-0.10686083569004899	0.17290650852700515	0.576819586219329	0.7475042123169785	-0.3331941158136785	0.17206216460659632	0.16482214120836988	0.5779206723382083	1.2390444197293773	0.43737079919902605	0.006722696727178996	0.1482779023941976	0.19403487455396032	0.22094959967734995	0.6797576811263824	0.8424737256018251	0.470052762652609	-0.7272685402451533;1.1153382893530739	0.41279381799391995	0.22487670761959422	0.5872524708772385	0.8213447976491687	0.059735662728084685
t__SGB15131	0.11178951844081904	0.172918137418867	0.559394242523817	0.7369902743357779	0.1658450749380977	0.17117406815211417	0.48814481666877807	0.800095350397938	0.7427829103892909	0.4142009335916742	0.08665808371342522	0.38073590854359946	0.18737869016175082	0.013746242728373518	0.11000087405690717	0.3410820981859885	0.11724437184092684	-0.042420278646465776;0.4171776589699674	1.5981892112994542	0.00011793823907906507	0.0002852305866347873	0.0024607399013886213	1.0
t__SGB3964	0.1525373478721523	0.17303432041981895	0.42599063276035465	0.6310626041439782	0.1325730768550328	0.17106817548514275	0.579332917709122	0.8368798288586822	0.19599977610158367	0.4015775351756347	0.6407001978456688	0.8615240524429624	0.14694311072881389	0.013555379016973474	0.2069131920414431	0.48881558422909654	0.11642756983194949	-0.0812549261418071;0.37514114759943484	1.262098925030474	0.0	0.0	0.0	1.0
t__SGB15132	0.3157850760385756	0.1738567754670996	0.1006863815502163	0.26957386170225156	0.14825313717230443	0.17111514563210437	0.535365156936984	0.8210992815460325	0.4616132106354586	0.40591712921312956	0.2770614659638667	0.6403520890579522	0.2498065250234389	0.01364152916214724	0.032451041607264086	0.1626957199133421	0.11679695699009987	0.020884489322843147;0.47872856072403464	2.1388102178433757	0.0	0.0	0.0	1.0
t__SGB3959	-0.8359796195224677	0.1801722202872969	2.4418811472091083e-05	0.0004099400471375291	-0.3106290684235572	0.17190800256033206	0.1951222010121761	0.6194710565085706	0.22238069396824575	0.4018531364646702	0.5966964549663527	0.8554212437497243	-0.3820388308222348	0.08353871131719726	0.1862369135689126	0.4626692830366707	0.28903064079297414	-0.948538886776464;0.18446122513199448	-1.321793529482157	0.14529348886798568	0.18846937091812618	0.7474209765969367	0.17690162883902855
t__SGB17248	0.4030790593321668	0.1745289530050035	0.0367434098753509	0.13261139459898633	0.3438550462808356	0.17213870641747675	0.151816712134153	0.5721527790634066	0.01399245016437911	0.4006217106191896	0.9733532225225956	0.9920233772836021	0.3423311808620016	0.013734796406556109	0.0034888129471415397	0.03420889155250288	0.11719554772497165	0.11262790732105715;0.5720344544029461	2.921025478419764	0.0	0.0	0.0	1.0
t__SGB4829	-0.25116361817904803	0.17346313108404193	0.19084508364991304	0.3965688733456911	-0.24658282892412872	0.17152872018107662	0.3031778332237325	0.6936823936162562	0.5080419206352309	0.4070281212996183	0.2329109451881554	0.5946205697430327	-0.11626960530513476	0.04139276511944565	0.5676716897564298	0.7853155496927571	0.20345211996793164	-0.5150357604422808;0.2824965498320113	-0.57148387209463	0.02799382848879171	0.07061347676182748	0.369755173129371	0.8274884408408204
t__SGB2325	0.26822144569728057	0.17355840411279524	0.16262937646952136	0.36699256441594635	0.06423662323180152	0.17092463403030764	0.7881404422175466	0.9096454270594184	0.774062953192775	0.4153483866423176	0.07499625746058008	0.38073590854359946	0.24075497314747515	0.02464895643470916	0.1251594720114415	0.3727868144856914	0.15699986125697424	-0.06696475491619433;0.5484747012111446	1.5334725216948581	0.016385007738063284	0.026597734750239785	0.2546938669897434	0.9503421219633396
t__SGB63327	-0.04869409646227664	0.1728088403534964	0.799182816352936	0.8890507635733464	-0.4480620970911411	0.17301140488628883	0.06253127410184497	0.38491473169357904	0.7427829103892908	0.4142009335916742	0.08665808371342529	0.38073590854359946	2.032832997796896e-05	0.10718220639964661	0.99995045721499	0.99995045721499	0.3273869368188759	-0.6416580678350187;0.6416987244949747	6.209267289493423e-05	0.14297761284435892	0.2561482725335258	0.747859231291786	0.17690162883902855
t__SGB4788_group	-1.1981940403845517	0.18764757640542967	4.777304037456917e-09	4.4110440612518866e-07	0.23297644405468845	0.17145928149435288	0.3305365092493894	0.7061970994113416	0.7244648825908183	0.41354952858352934	0.09419001287301706	0.3968157196323305	-0.11431894075540473	0.33177532197800663	0.8426768959109769	0.9198876853885344	0.5759994114389412	-1.2432777871757295;1.0146399056649198	-0.19847058605462328	0.9406746095753922	0.9208774781387159	0.9482972399587946	1.7650949256875493e-06
t__SGB15410	-0.5094405298548922	0.1755635161048884	0.008618135151880153	0.044207841427237084	-0.29503893630180167	0.1718077303938866	0.218349885367117	0.6479449839646735	1.4253011157383946	0.44860772705436125	0.0023290523508958053	0.1169574208634414	0.1452852411089851	0.3544007381639056	0.8071941077203457	0.903481059228755	0.5953156626227011	-1.021533457631509;1.3121039398494792	0.24404740246363035	0.3533364752614579	0.9817822345310304	0.876251635746484	0.010387931392074508
t__SGB9202	0.38002962693667874	0.17433587254888364	0.04872608643777026	0.16663118448472053	0.039237870987918956	0.17089701251724052	0.8696045706478022	0.9391051308750145	1.1872394433300921	0.43447852140682824	0.008965683142441621	0.1770330881512472	0.4392581901782666	0.09712920597908932	0.15870667997137522	0.4187563687295651	0.3116555887178815	-0.17158676370878112;1.0501031440653144	1.409434664673683	0.11420972517783719	0.2241996537627947	0.7003245931372368	0.26975568914701786
t__SGB4828_group	0.36107539262014504	0.1741854649246357	0.0609276600012623	0.19398806690057074	0.6680189711481856	0.17558185792101785	0.005863133083041447	0.09842956751530188	-0.25740684268455355	0.4022723987936019	0.5406490124634867	0.8228559145735485	0.352448437248671	0.05865823576277274	0.14560610674404773	0.40843434499343007	0.2421946237280521	-0.12225302525831111;0.827149899755653	1.45522816247324	0.07030455951312034	0.11786609085191305	0.5913452316626112	0.49558373598675964
t__SGB4906	0.31421841906724796	0.17384618240025723	0.10236933099975004	0.2726567758358727	0.2498315055880884	0.17154587782385253	0.2968773784794418	0.689601960912414	0.728176592715705	0.4136802885070439	0.09262000835510474	0.39319145309370135	0.31738661169898874	0.013715040068411287	0.0067256918707139235	0.0543356583640541	0.11711122947186271	0.08784860193413782;0.5469246214638397	2.7101296189128	0.0	0.0	0.0	1.0
t__SGB15123	-0.11509985239237633	0.17292624177394936	0.54783743637777	0.7257472074417337	0.2936806083932532	0.17179923572412067	0.22046503515765514	0.6479449839646735	1.3156279919776046	0.44183505031411097	0.004365964196989745	0.13759565505074012	0.41663206792473334	0.16241247110707493	0.3012224597482116	0.5899366004664748	0.4030043065614497	-0.37325637293570807;1.2065205087851747	1.0338154236602572	0.19499163706540756	0.4133584209235816	0.7991095248802184	0.08979947140270386
t__SGB14980_group	-1.7798380563723308	0.20414600367881072	3.742533090663323e-16	2.073363332227481e-13	-0.44606480089903966	0.17299256596927062	0.06369431835978692	0.3856826810488141	0.7903315528449891	0.41596257459502345	0.06949061428040626	0.38073590854359946	-0.5114891792580695	0.5421807431580048	0.4872763077220368	0.7365650053970215	0.7363292355719722	-1.9546944809791347;0.9317161224629958	-0.694647386723346	1.1076585917778021	1.5475138003050695	0.9520865444253875	6.372415173316881e-07
t__SGB15278	0.046630561751884826	0.17280671643925924	0.8075202618793068	0.8929465570481756	0.1555095156501066	0.17113865285951624	0.5156091898497008	0.8196484682259233	0.4253339290925013	0.4051211836036858	0.31559114063359217	0.6869842511238117	0.12835373940124326	0.013564224534715848	0.27042918850872333	0.5642853876980517	0.11646555084966476	-0.09991874026409966;0.3566262190665862	1.1020747205061858	0.0	0.0	0.0	1.0
t__SGB4771	0.07897510083524625	0.17285057735387102	0.6799537761304737	0.8111878388502399	-0.03605059064957346	0.170894449905221	0.8801119971986338	0.944747197717652	0.7355885556763901	0.413943279055136	0.08955197547579272	0.38759214385616536	0.1323028849213959	0.034901527894058974	0.47883000457471514	0.7287687432263521	0.1868195061926323	-0.23386334721616336;0.4984691170589552	0.7081856044784558	0.023121452880163797	0.05311516735027661	0.32638173092048856	0.8730116606784741
t__SGB15257	-0.5740653343483008	0.17630612804901888	0.0031800077345664874	0.020249704424710736	-0.3568314251328693	0.17223507657072237	0.1370700919279823	0.5525790229086385	1.11976200329619	0.43086954549502265	0.012970811304435809	0.1968720400728065	-0.0012511102818814365	0.2642995616836706	0.99805827820867	0.99995045721499	0.5141007310670455	-1.0088885431732906;1.0063863226095275	-0.0024335897739042028	0.2785013583194719	0.7170629681623916	0.849050752655564	0.03095684799282058
t__SGB4772	-0.4503685534282007	0.17495989759591613	0.01986577085444792	0.0846587465643396	-0.17418015444156965	0.17120428227393122	0.4665907643861823	0.786883663531035	0.01364191514954472	0.40062146807833604	0.9740205146763508	0.9920233772836021	-0.2817226151901607	0.013695694092719554	0.016071090924379527	0.10175296425264295	0.11702860373737504	-0.5110986785154158;-0.05234655186490558	-2.4072970726231766	0.0	0.0	0.0	1.0
t__SGB4832	-0.19865024800920195	0.17320885986861645	0.3002695029035169	0.5272716518490796	0.21956061964384804	0.17139464797997048	0.359046466343389	0.7259552640665603	-1.110578898828199	0.4303924626172783	0.013631899902078071	0.19743671225907705	-0.2815088344233041	0.1372681132140379	0.44736587255080806	0.7069340939026498	0.37049711633700727	-1.0076831824438384;0.44466551359723017	-0.7598138339280388	0.17608817131616927	0.3415863197662189	0.7838148050773146	0.11020551469121806
t__SGB47850	0.08272575509832147	0.17285712407015524	0.6656657871846721	0.8063407412254538	0.11284824031307793	0.17101652345110405	0.6369596625652385	0.8624307200195802	0.49142617884437867	0.4066186522207154	0.24805802529623458	0.6061276572105933	0.13023557006519434	0.013567084245153094	0.26351801196757174	0.5604183440692312	0.11647782726833933	-0.09806097138075073;0.3585321115111394	1.1181146928948134	0.0	0.0	0.0	1.0
t__SGB63101	0.25012933922712177	0.17345755393413156	0.19266643557815138	0.3967925847966389	0.11934161330382087	0.17103261213329313	0.617718859943977	0.8516708091230019	0.1916204255353936	0.40153513106236377	0.648143708112112	0.865232805527976	0.18447243894675483	0.013582493013831179	0.11345400880662826	0.3482189522375183	0.1165439531414272	-0.043953709210442476;0.4128985871039521	1.5828572308929298	0.0	0.0	0.0	1.0
t__SGB10068	0.4102334435596862	0.1745911498099693	0.033582716811093045	0.12486459807614461	-0.42077772366944083	0.17276116383959408	0.08004496997680863	0.4245564754104604	1.1454337249081814	0.43222122149991515	0.011279842125032916	0.19528226678963237	0.3162476123599512	0.1955900266796272	0.47456035324884516	0.7266632215900468	0.4422556123777596	-0.5505733879004577;1.18306861262036	0.7150787994745068	0.39563277707234956	0.512812137287648	0.8892300993396848	0.005306394447338023
t__SGB15459	0.20039562958954504	0.17321636255746942	0.2960603691729292	0.5232960712900852	0.030688013798576476	0.17089062788540366	0.8978379876616557	0.94981149413923	0.2857437025787264	0.4026560027146065	0.49744999907105814	0.8006735026947556	0.12872712100844727	0.013561315950738728	0.26898665769035945	0.563818476935891	0.11645306329478297	-0.09952088304932735;0.35697512506622187	1.1053991828673018	0.0	0.0	0.0	1.0
t__SGB8053	0.15252625043596432	0.17303428391383427	0.42602421290586256	0.6310626041439782	0.1123859775742597	0.1710154123540871	0.6383391069410553	0.8625362566959626	0.5027676032568972	0.40689671395758	0.23764126954035708	0.5997870766531108	0.16261622629229577	0.013581145849500804	0.16289820167349855	0.425963211874512	0.11653817335749177	-0.0657985934883881;0.39103104607297967	1.3953902108406595	0.0	0.0	0.0	1.0
t__SGB6833_group	-0.2070794404615643	0.17324569733073678	0.2803124333540796	0.5036570627254052	0.3669085102100155	0.1723123381976349	0.1264087137024729	0.529779516406662	-0.19638615801562764	0.40158132219140447	0.6400453072512859	0.8615240524429624	0.03223241020830924	0.039521741126792104	0.871200141296568	0.9353582912370129	0.1988007573597045	-0.3574170742167116;0.4218818946333301	0.16213424252699812	0.09417197654899766	0.06584396533841613	0.664219486062398	0.3491236344100384
t__SGB14932	0.1633313623738387	0.17307108202356217	0.3940739871947808	0.5996939353766271	-0.01003866669540853	0.17088164648844506	0.966497834516514	0.9835883367159498	0.7427829103892909	0.4142009335916742	0.08665808371342522	0.38073590854359946	0.171413175271793	0.030425118196207804	0.3257471938671346	0.5946093752961863	0.1744279742363816	-0.17046565423151494;0.513292004775101	0.9827160810770926	0.021434330495666447	0.041416689248947466	0.30968730006829304	0.8890271431132426
t__SGB14127	0.02697299340387683	0.17279109320918512	0.8879221547740949	0.9396540090637031	0.19740985113047532	0.17129627249585733	0.40942824241765985	0.75146009227582	0.5814515735578067	0.4089943952065241	0.1743004437586464	0.5259068915713127	0.15101212644946588	0.013595871519186911	0.19528059843979007	0.47658789222750525	0.11660133583791787	-0.07752649179285315;0.3795507446917849	1.2951148918171989	0.0	0.0	0.0	1.0
t__SGB8059_group	0.29473619882780205	0.1737188025943603	0.12524371019274286	0.31682655455150477	0.12815618106601825	0.17105588925403567	0.5920206525128167	0.8386477556761205	0.5993116533536957	0.4095112789414164	0.16198273004379396	0.5127910425386392	0.2418281507879427	0.013647081856488948	0.038444930567055335	0.18382510632952204	0.1168207252866072	0.0128595292261926;0.4707967723496928	2.0700791764016455	0.0	0.0	0.0	1.0
t__SGB7263	-0.03779770884276171	0.17279866410823497	0.8434473793279293	0.9075933693012356	0.14939132633501734	0.171118758770567	0.5322410352717011	0.8210992815460325	1.238357000256261	0.43733173974466866	0.006748583839563865	0.1482779023941976	0.36103529586028793	0.13711370953075175	0.3295551307813924	0.5976220702222305	0.3702886840436145	-0.3647305248651964;1.0868011165857723	0.9750103403585603	0.13064361465240706	0.3400437049235027	0.7285986033412494	0.21565401142256857
t__SGB25416	0.18289785293412814	0.17314410234852284	0.34007705323316284	0.5582030305867655	-0.21348967671949284	0.17136665184419658	0.3724468222388334	0.7355990713736674	0.2857437025787265	0.4026560027146065	0.497449999071058	0.8006735026947556	0.02007570964176707	0.02212158474594611	0.8926293179542737	0.9446354195733861	0.1487332671124591	-0.27144149389865274;0.3115929131821869	0.13497793756246593	0.027661336489915034	0.020663723620576648	0.36842480821641327	0.8274884408408204
t__SGB15405	-0.42682852892444245	0.17473954286697468	0.027143121735118653	0.10637361858495854	-0.33323753983916954	0.17206247155495524	0.1647674986764462	0.5779206723382083	-0.019929402717320917	0.4006267531003123	0.9620548400239267	0.9869970025430655	-0.3485360462348287	0.013744108138779696	0.0029494056682455305	0.0305415091627668	0.11723526832305924	-0.5783171721480248;-0.1187549203216326	-2.972962413276402	0.0	0.0	0.0	1.0
t__SGB6607	0.08414735848540048	0.17285968476334662	0.660281810254431	0.8063407412254538	0.058589366898260734	0.1709172277880808	0.8063735172113738	0.9149452036660706	-0.5729356005770203	0.4087532187952532	0.18043161692944243	0.5316974243559102	-0.001624544060293495	0.020897372824307377	0.9910336317899004	0.9984751887851927	0.1445592363853219	-0.2849606473755244;0.2817115592549374	-0.011237912574214776	0.006956509934288371	0.017583761587570294	0.12771382548461072	1.0
t__SGB4406	0.39489601674110214	0.17445912867673866	0.040669673947267705	0.14260126181510321	0.14998696150557905	0.17112066057557077	0.5306098542466693	0.8210992815460325	-0.5358021104255737	0.4077416172280108	0.20918575654780466	0.5653117518413844	0.10407686470218772	0.05965554155471747	0.6700226336298511	0.842359357547675	0.24424483936148472	-0.37464302044632236;0.5827967498506977	0.4261169446784214	0.061979703387261914	0.1207597819553564	0.5641697087563019	0.5344626299601275
t__SGB4546	-0.2848992111643812	0.1736575492213058	0.13823475734893215	0.3342593268543415	-0.17268186270826083	0.17119874225921236	0.4704254560667904	0.7921449928905833	-0.8022528270158424	0.41642015815417843	0.06568452367160393	0.37514666096977917	-0.27332730103732733	0.013690025794537632	0.019488987364210786	0.11547485561254305	0.1170043836552188	-0.5026558930015561;-0.043998709073098496	-2.336043253240418	0.0	0.0	0.0	1.0
t__SGB72336	-0.34046100306698085	0.17403048149979683	0.07700452211197502	0.2233534306284511	-0.33355930645358406	0.1720647472332937	0.1643630340194807	0.5779206723382083	0.01610899626165548	0.40062330583006367	0.969324524293912	0.9917004366737345	-0.3068458495812795	0.013693925244073223	0.008737890696806527	0.06454388594707755	0.11702104615868558	-0.5362071000523032;-0.07748459911025574	-2.622142423553309	0.0	0.0	0.0	1.0
t__SGB7258	-0.0723367642555863	0.1728397341338933	0.7055266536198461	0.8240585962157906	0.3464275989356246	0.1721575322560855	0.1488000049776864	0.5665649674064485	0.8954167820574236	0.42021273598323605	0.041763310027606665	0.32818260645807223	0.2953956775023731	0.06480844131937039	0.24590705144718417	0.5374063372849706	0.2545750210043601	-0.20357136366617262;0.7943627186709188	1.1603482397328915	0.09517281231140058	0.13403548406566074	0.6635321742787434	0.3501698903377656
t__SGB82503	0.10046533003327877	0.17289219921145513	0.5998093205882671	0.7644374616713863	0.15463479140390976	0.17113575980960155	0.5179702441395668	0.8205550047432154	-0.20436883766931996	0.4016612226531601	0.6265829249012034	0.8615240524429624	0.09992455797502393	0.013550719982606556	0.3906701641116168	0.6588470956402914	0.11640755981724965	-0.1282342592667854;0.32808337521683323	0.858402651270221	0.0	0.0	0.0	1.0
t__SGB17153_group	0.21060769167074367	0.1732615685931669	0.27223571018202153	0.49611340980727425	0.27679436550984793	0.17169687268067602	0.24800807814415204	0.6572649898407794	0.8572947905943087	0.4186147176976203	0.05039794318680209	0.3559892886328646	0.29555937724754233	0.014990189440188671	0.015777519675845397	0.10104908555396937	0.12243442914551719	0.055587896122328645;0.535530858372756	2.4140217691239503	0.0012549729862889373	0.002986080957169203	0.025382224872022883	1.0
t__SGB3922	0.38663721874122303	0.17439008247804008	0.044991648827711325	0.15578358406595047	0.0804728439794694	0.17094971883664065	0.736401495914029	0.8920517202270157	0.060821349306998125	0.4007094212007728	0.8845844556397835	0.9671694687154538	0.21609374793645228	0.013637275265317819	0.06424807768583607	0.24462841950483286	0.1167787449209736	-0.012792592108655992;0.4449800879815605	1.8504544477052483	0.0	0.0	0.0	1.0
t__SGB63369	0.09415351969338406	0.17287894165996553	0.6229009137200489	0.7807400592780702	0.3769714730101516	0.17239160254233607	0.11642490280738263	0.5078692610652754	0.2857437025787265	0.4026560027146065	0.497449999071058	0.8006735026947556	0.24015197550645986	0.013647088993151651	0.039808512958180886	0.18537194711676824	0.11682075583196529	0.011183294075807898;0.4691206569371118	2.055730369112608	0.0	0.0	0.0	1.0
t__SGB15126	0.37919334181475145	0.17432907693583846	0.04921699380026447	0.16727738997145103	0.06085793589358351	0.17092012115965302	0.7990356704933679	0.9149452036660706	0.7520101512173293	0.41453482496399907	0.08306490968981815	0.38073590854359946	0.28983022314857004	0.02744628214331374	0.08021300370899409	0.2803659561815945	0.16566919491357993	-0.03488139888204661;0.6145418451791866	1.749451509677208	0.02966427788701553	0.033562044876024766	0.3815118460527948	0.8161946873931052
t__SGB17132_group	0.06431773361637176	0.17282790371002238	0.7368706069612014	0.8389617989804609	0.19660474005130915	0.1712928927046924	0.4113362051297159	0.7520800582239691	0.37618321152220224	0.40414457654829766	0.37356188054882544	0.7358330177138889	0.15141976957812198	0.013571622627181345	0.19367962109646486	0.47372410634632023	0.11649730738167877	-0.07691495288996841;0.37975449204621237	1.2997705524817595	0.0	0.0	0.0	1.0
t__SGB5118	0.13226599600866837	0.17297205356631168	0.48988894658010596	0.6827634626550407	0.25087553336707946	0.17155143909168563	0.294871534816657	0.689168910091153	0.5188462790503517	0.4073014531772936	0.22344450699479557	0.5850139085398888	0.21888592917569583	0.013618377216180132	0.060701360051123476	0.23277812490852437	0.11669780296209578	-0.009841764630011907;0.44761362298140356	1.8756645251221347	0.0	0.0	0.0	1.0
t__SGB1679	-0.2203930647719117	0.17330698152030471	0.2506838913144229	0.47157513001083295	0.11577975664617213	0.171023675656224	0.6282414419022921	0.8583125988011587	-0.9361057007066028	0.4219879110038525	0.034043922410288065	0.309577046440667	-0.2502979319260519	0.07896106002075136	0.3730688674523148	0.6418638278527403	0.28100010679846965	-0.8010581412510523;0.3004622773989486	-0.8907396327274812	0.09578170305959614	0.17394719890950036	0.6653357025326668	0.34702111962581256
t__SGB2239	-0.8175411288379182	0.17985620255482826	3.5819493964003324e-05	0.0005589859058044463	-0.638886075229426	0.17518566775180103	0.008331813686837553	0.1230886608668801	-0.09004481783617067	0.4008197712725468	0.8298887327318054	0.9622309953574324	-0.6338989853538542	0.028753187759114514	0.0001852503647055137	0.004188926614157331	0.16956764950636816	-0.9662515783863359;-0.30154639232137265	-3.7383250118711353	0.019835287945967468	0.035853899895979015	0.2852064693070511	0.9211117264478398
t__SGB1472	-0.4949053421685548	0.1754082970884917	0.010656669456480606	0.05201581391092736	0.01935566015959956	0.17088457135165439	0.9354562598761773	0.9732258553453563	-0.2789068959724935	0.4025598217489329	0.5076898725288513	0.8080357774989536	-0.24106972519260875	0.028437102802210144	0.15284560124701851	0.4157508308063727	0.16863304184592692	-0.5715904872106256;0.08945103682540803	-1.4295521361280088	0.05792963842847913	0.03641081906516138	0.5478086035336467	0.5567515712801795
t__SGB5068	0.2442309489413004	0.17342618452309855	0.20330093451575768	0.4097658962730131	-0.0911454034970211	0.17096927142278587	0.7030225278150789	0.8813727600712724	-0.391828263399268	0.4044426931509326	0.35438548911925905	0.7191559009965917	0.01511984759549899	0.02448936373467555	0.9230296520013237	0.9657382950117721	0.15649077843334908	-0.2916020781338652;0.3218417733248632	0.09661813780253306	0.02643315061635922	0.02656910259276332	0.3576708676365239	0.8326388466765686
t__SGB5061	0.08998516408599495	0.17287065725471848	0.6383610229562395	0.7923083928874886	-0.4307827118176465	0.17285114223378098	0.07320423041023358	0.4117273466727858	-0.5795033336303861	0.4089389188104129	0.17568823282939441	0.5259068915713127	-0.24034780430185373	0.03996448272664649	0.2292578097621849	0.5162060856288878	0.199911187097287	-0.6321737310125363;0.15147812240882877	-1.2022729082434402	0.08289173547985484	0.06653085321037777	0.6334715483043701	0.4078075521401481
t__SGB5765_group	-0.7715908647093364	0.1790970600617539	9.075496953863746e-05	0.0012115241716724133	-0.29488824179865936	0.17180678607278424	0.21858381280553973	0.6479449839646735	0.671073102626183	0.41173827615646413	0.11941046038800925	0.4469823990199805	-0.1986834700903161	0.165727929648033	0.6255147703599784	0.8186518132405627	0.4070969536216563	-0.9965934991887624;0.5992265590081303	-0.48804951332297747	0.23171969308124413	0.42790557604623025	0.8246396248282803	0.0564567274772901
t__SGB1941	0.3678524865284735	0.17423837439644224	0.05629923851358704	0.18186459554826367	0.08771136662646542	0.17096271501450108	0.7137032886784427	0.8861232105591295	0.2857437025787265	0.4026560027146065	0.497449999071058	0.8006735026947556	0.23022329534326907	0.01363876088753828	0.048684856770942586	0.213707697364257	0.11678510558944698	0.0013244883879530156;0.45912210229858513	1.9713412440847482	0.0	0.0	0.0	1.0
t__SGB1798	0.4551978551338782	0.17500653039467615	0.01860629045503782	0.08116444812670041	0.26019843220092753	0.17160211967499195	0.27736724383668776	0.6779064291264334	0.2857437025787265	0.4026560027146065	0.497449999071058	0.8006735026947556	0.3498472645252333	0.013740523881171956	0.002840086830176114	0.029969678169858422	0.11721998072501102	0.1200961023042117;0.5795984267462548	2.984536103498838	0.0	0.0	0.0	1.0
t__SGB4648	-0.7956185184038037	0.17948894473199586	5.606796217510002e-05	0.0008174118696054056	0.11858209349851813	0.17103068387269738	0.6199561192272525	0.85330606224074	1.2376764050348923	0.4372930859672788	0.006774308219561595	0.1482779023941976	0.1343339633201358	0.33362908328603924	0.8160952484940032	0.9064614659641773	0.5776063393748715	-0.9977744618546124;1.2664423884948839	0.23257009863417014	0.5851105234727355	0.922058915234581	0.9209182686668402	0.0002651296764773595
t__SGB13976	-0.7062655725852294	0.1780884274021119	0.00031914545971802635	0.00330479597539788	-0.42478172970448946	0.1727969251308094	0.07724673003827756	0.42370978654659175	-0.07079625615381993	0.40074228470140366	0.86583420791639	0.9622309953574324	-0.5035940495027612	0.021532418488148932	0.0005993762197094021	0.009791218282664195	0.14673928747322215	-0.7912030529502766;-0.21598504605524582	-3.4318965164299304	0.01594555961927693	0.01819206578628001	0.24638935370756018	0.955893876019301
t__SGB376	-0.6608543020799468	0.17743677938903424	0.0007302987337379118	0.006176877839554246	-0.19917986218731112	0.1713037511839031	0.4052524074219298	0.75146009227582	0.3145589050219928	0.4030866918088255	0.45561031949410247	0.8006735026947556	-0.263495791794331	0.0684464245736714	0.3138580800371613	0.592238720771314	0.2616226759546492	-0.7762762366654434;0.24928465307678138	-1.0071596081373562	0.11026463005059439	0.1455877717521859	0.694969884484872	0.2784022558559289
t__SGB1585	0.15513870985183448	0.1730429508935779	0.41816226126034406	0.6264297091357685	0.07134230258650588	0.17093492000508503	0.7653654831236372	0.9002388060520067	0.1959997761015837	0.4015775351756347	0.6407001978456688	0.8615240524429624	0.1197218945054743	0.013546203871786523	0.30364735055413616	0.592238720771314	0.11638816035914702	-0.10839889979845385;0.34784268880940244	1.0286432411685187	0.0	0.0	0.0	1.0
t__SGB1408	0.074707669180968	0.17284349768343402	0.696352687224174	0.8172608497625099	0.20751384891329733	0.17133985665442025	0.3859391285210775	0.7423049620083864	-0.2987587463179107	0.4028454698874313	0.4782856237661748	0.8006735026947556	0.10486416401421572	0.013568891680256793	0.3679962874910232	0.6380905892645599	0.11648558571882099	-0.12344758399467343;0.33317591202310487	0.9002329633070854	0.0	0.0	0.0	1.0
t__SGB4664	-0.06634367628340603	0.17283076156552155	0.728907460525283	0.8360553480973225	0.26600155279956084	0.1716345920517211	0.2668401790527686	0.6721983900332338	1.239044419729377	0.43737079919902605	0.006722696727178996	0.1482779023941976	0.3922805957172743	0.13404169266025978	0.2839616358472097	0.5741414097056722	0.3661170477596745	-0.3253088178916877;1.1098700093262364	1.0714622498943944	0.14992829359621324	0.3309784863621684	0.7544568449238351	0.16507700505238374
t__SGB6276	0.1334868376496638	0.17297555334136178	0.48589854656508125	0.678909949046797	0.3300556037339022	0.17204008411435515	0.1688081228365403	0.5844981253215208	-0.28389118118327256	0.4026297134667954	0.50021296288503	0.8009690628074824	0.1836201230905426	0.01573722948805538	0.14327219298201777	0.4070603185762541	0.12544811472499448	-0.06225818177044659;0.4294984279515318	1.4637136914577946	0.003676404800752855	0.0049884686975135905	0.07179508891909016	1.0
t__SGB15103	0.25555773620449407	0.1734870800624273	0.1832498878070465	0.3920253693479784	-0.1705029591111385	0.1711907707414971	0.47603336111951466	0.7967446587921786	-0.0992615276654861	0.4008634335763924	0.8128058554857761	0.9622309953574324	0.024274619259043843	0.02103637187154336	0.8670821455024575	0.934780384016654	0.1450392080492146	-0.2600022285174168;0.30855146703550446	0.167365911504474	0.027616923187319013	0.0179883067020999	0.3682485154125081	0.8274884408408204
t__SGB15198	-0.45377200749717367	0.17499271164581956	0.01897058927471015	0.08178759889641575	-0.22475031105714327	0.17141919877492826	0.3478374379398155	0.7190370918606633	0.34271694951323467	0.40354699306660435	0.41684169572220797	0.7736358439869454	-0.2228789886600398	0.038137876912340864	0.2537548812654393	0.5480709716220405	0.19528921350740513	-0.6056458471345538;0.15988786981447428	-1.1412764927315788	0.03522458561334196	0.06186758069329574	0.4238224764718812	0.7720902536202201
t__SGB4557	0.12879344478029314	0.17296227426949023	0.5013360714229012	0.6884045491775895	0.3320525918178514	0.1720541097474784	0.16626352904119665	0.5807370261182662	0.1718912366615885	0.4013559305271843	0.6821360988723775	0.8897463087140359	0.22596349943415522	0.013621078498729275	0.05285285662592276	0.2226652666978039	0.1167093762245745	-0.0027868779660107923;0.45471387683432124	1.9361212161682002	0.0	0.0	0.0	1.0
t__SGB6367	-0.36792268122493543	0.17423892747669772	0.05625289280223161	0.18186459554826367	0.08171025292074857	0.1709518612985681	0.7325041173611185	0.8913159592760702	-0.53604738262348	0.40774808466185647	0.20898478703069642	0.5653117518413844	-0.20029428877812455	0.03138813839543829	0.25824891392973237	0.5535977502549757	0.1771669788516988	-0.5475415673274542;0.14695298977120508	-1.1305396190437098	0.05410246256864358	0.04400446175225554	0.5309637191951395	0.5827252200238973
t__SGB4280	0.01800379943648297	0.17278673699474661	0.9250520839322578	0.9588004761430697	-0.2571752264859824	0.17158548417712327	0.28296333397047524	0.6786220217300575	-0.14423970199997466	0.4011373994756289	0.7309483139552049	0.9192857342365119	-0.12254422614059962	0.013573103700056665	0.29286897642065535	0.5836309817879246	0.1165036638911269	-0.35089140736720836;0.10580295508600909	-1.051848689111766	0.0	0.0	0.0	1.0
t__SGB1846	0.2983973225604083	0.17374212504188646	0.12066197422661801	0.3087608947877431	0.09319113823714031	0.17097329676649278	0.6966876512458691	0.8807034202577348	0.7427829103892909	0.4142009335916742	0.08665808371342522	0.38073590854359946	0.24949974805149097	0.018279002856107368	0.06497730723011941	0.24571623348454713	0.13519986263346337	-0.015491982710097246;0.5144914788130792	1.8454142126453403	0.007754185173638132	0.010924024140108082	0.1391941413448392	1.0
t__SGB9153	0.012131062316035508	0.17278482588780106	0.9494585529598906	0.9748587541072521	0.3005463601409809	0.1718425698303925	0.20992497824217407	0.6425328063324003	0.1959997761015837	0.4015775351756347	0.6407001978456688	0.8615240524429624	0.16040413049672475	0.013594217243172491	0.16890010281690904	0.43622683897700515	0.11659424189544049	-0.06812058361833859;0.3889288446117881	1.3757465882455169	0.0	0.0	0.0	1.0
t__SGB5190	0.07925292900530054	0.172851051892418	0.6788913236164136	0.8111878388502399	-0.12079569645861417	0.17103633802829118	0.6134456813033129	0.8503656054131227	1.577993091255771	0.4587469657932124	0.0009573420940881623	0.08159500309612952	0.43771322900889836	0.26499209972939186	0.39515719544952965	0.6623815016007244	0.514773833571008	-0.5712434847902774;1.446669942808074	0.8503020170478811	0.2480130921188689	0.7135348526231429	0.8338926238196999	0.04561914392397226
t__SGB4890	-0.39150387851464113	0.17443059603177333	0.04239976619384493	0.14773251868798798	0.04308825898540829	0.17090039759624942	0.8569422467315344	0.9336204615324878	-0.19974641330633283	0.40161456974497434	0.6343625932078645	0.8615240524429624	-0.17471907693353045	0.020888472666118624	0.22670489629606672	0.513678987926466	0.1445284493313293	-0.45799483762293586;0.10855668375587496	-1.2088905522883566	0.02787712279310246	0.017494924877972898	0.36954540237928885	0.8274884408408204
t__SGB4285_group	-0.178469127107729	0.17312685491748794	0.35185884647530796	0.564751034512734	-0.05354883386408131	0.17091119223236403	0.8227383999460647	0.9189457128429835	-0.13299785622873686	0.40105945648258057	0.7511457499351383	0.9288271710886754	-0.1167031484892446	0.013547456838407182	0.31602494098653944	0.592238720771314	0.1163935429412095	-0.3448344926540152;0.11142819567552603	-1.0026599890355727	0.0	0.0	0.0	1.0
t__SGB3989	-0.5732002033508631	0.17629562356851866	0.003224553693128988	0.020300031204471127	-0.2530322593567234	0.17156300027889052	0.29075705025833737	0.6883735292440979	-0.34387489568340024	0.40356675459875424	0.41529310900379846	0.7736358439869454	-0.40324992954044114	0.013833293304688833	0.0006067967439815636	0.009791218282664195	0.11761502159456008	-0.6337753718657789;-0.1727244872151034	-3.4285580538386964	0.0	0.0	0.0	1.0
t__SGB6362	-0.21128740023984435	0.17326465678545244	0.2706984442841142	0.4953322797160189	-0.4166049097023441	0.1727242474991947	0.0830492751921587	0.4320121920793983	-0.010131898240011535	0.40061937871810877	0.9807033096983222	0.9934477735777234	-0.28832976589413367	0.013687327163650655	0.013720166795816446	0.09213299884705832	0.11699285090829548	-0.5176357536743927;-0.05902377811387455	-2.46450756311717	0.0	0.0	0.0	1.0
t__SGB14336	0.14880379497970897	0.17302218801365105	0.43737601617662747	0.6408218086826678	-0.1505236540542229	0.17112238064564242	0.5291422919091431	0.8210992815460325	0.026008046628623663	0.4006337445654201	0.9504952678560796	0.9805854346224732	-0.0001040448190826144	0.013553121225357293	0.9992869158199851	0.99995045721499	0.11641787330713997	-0.22828307650107693;0.22807498686291172	-0.0008937186028825462	0.0	0.0	0.0	1.0
t__SGB4569	0.18341754463096557	0.17314615385977783	0.33871147074729546	0.5576761838778896	-0.28492145963779175	0.17174538964226127	0.23446200804292858	0.6557600302681893	-1.1258403116755262	0.43118719491876095	0.012550024631682144	0.1968720400728065	-0.327442698405391	0.13075446562604334	0.36518003407004773	0.6341998083849733	0.36159986950501427	-1.036178442635219;0.381293045824437	-0.905538762648393	0.1806398917523262	0.3223463412207193	0.7877729133897162	0.10638603251662504
t__SGB4328	0.34330670827734455	0.17405134227175684	0.07459605850879499	0.21808029769853524	-0.29038042975206346	0.17177875875256235	0.22566579898766348	0.6512192760375093	0.5863158195625102	0.409133684880831	0.17087369531104205	0.5230949574685699	0.14667295220100485	0.06595236851856809	0.5679116471644541	0.7853155496927571	0.2568119321966331	-0.3566784349043961;0.6500243393064058	0.57112981841008	0.15501229303562133	0.13829304009337975	0.7635787898184917	0.14933572730964428
t__SGB5075_group	0.12742058504498158	0.1729584796723098	0.5059008641962643	0.6920224167030382	0.25931814710785395	0.17159725592041722	0.27898876721213994	0.6779064291264334	0.27929342599840096	0.4025651979851494	0.5071078036863716	0.8080357774989536	0.20105449858783303	0.013594351095218957	0.08463813623440264	0.290337631417084	0.11659481590199007	-0.027471340580067505;0.42958033775573357	1.7243862605078428	0.0	0.0	0.0	1.0
t__SGB9205	-0.22552352156396208	0.17333161047458862	0.2398785229725929	0.4622354842671877	0.049657850971989034	0.17090690410693335	0.8354250342704727	0.9217330602545369	0.5267305091707093	0.4075044220406626	0.2167243461136039	0.574113084343074	0.006105427426240329	0.03231022198883708	0.9729041572785941	0.9889704644630113	0.17975044364016762	-0.3462054421084882;0.3584162969609688	0.033966132726005634	0.03219441909504767	0.04657480120262024	0.40364193480804533	0.7976928691323576
t__SGB6179	-0.21099463799074175	0.1732633254343638	0.27135983193828833	0.4953322797160189	-0.37753747573017704	0.1723961234589661	0.11588250882385008	0.5078692610652754	0.6022228893620399	0.4095969513016829	0.1600430800208631	0.5081023858542015	-0.09420588102120953	0.07238029141871895	0.7262178265065313	0.8698911911018775	0.26903585526602014	-0.621516157342609;0.43310439530018996	-0.35016106283699483	0.06877859746594883	0.156489088577623	0.5890903756115309	0.498419667860495
t__SGB9389	0.18647721603372105	0.17315834959681026	0.33074393734166396	0.5519040400219333	-0.09691151607957549	0.17098084599797717	0.6852219433172375	0.8716715421303091	0.07913586144285718	0.40077358124624585	0.8502191697722021	0.9622309953574324	0.04603983781058617	0.013553176267199065	0.6924962605804654	0.8515936256638797	0.11641810970462914	-0.18213965721048692;0.2742193328316593	0.39546972483401766	0.0	0.0	0.0	1.0
t__SGB4958	-0.2810345916682674	0.1736340479517819	0.14361708149992886	0.34074459593559137	0.20324756528829682	0.1713211898485979	0.39575387897733894	0.7482854913086887	0.4807947736376939	0.4063635918811517	0.25812942075165435	0.6190636324520196	0.05596029766979401	0.043963960651188114	0.7895541832534652	0.8991017831909962	0.2096758466089695	-0.35500436168378624;0.4669249570233742	0.26688957538421665	0.08161169434147719	0.0776252256863986	0.6312267633971372	0.41231392551642415
t__SGB14773_group	-0.5168588796683017	0.17564441271052633	0.007719934246806079	0.04097626102877334	0.4550985858996781	0.1730784284575559	0.05857445752099022	0.3729913731796388	0.7290828559661577	0.41371231047097196	0.09224009963033479	0.3930847322708113	0.17384092397523493	0.1430202186446363	0.6457476792797885	0.8271542527653245	0.37818014046831744	-0.5673921513426672;0.9150739992931372	0.45967755937675603	0.4049068815934924	0.3608159270185218	0.8923406786690795	0.00436015381663609
t__SGB4588_group	0.2728095403071472	0.17358508858998384	0.1556120295983195	0.3550608050856418	0.20230777522673835	0.17131712971407262	0.39793622467124945	0.7507726077112761	-0.2706989199172912	0.40244739854155576	0.5201381995419088	0.814344604133516	0.19440046113482543	0.013617702644560088	0.0957360545836432	0.31570103713891867	0.11669491267643199	-0.03432156771098127;0.4231224899806321	1.665886341368222	0.0	0.0	0.0	1.0
t__SGB15084	0.10009293957770246	0.17289139318748584	0.6011607750398342	0.7647372431046342	-0.07527533633881052	0.17094107660124855	0.7528456528870043	0.8941455474687723	-0.30103813026452997	0.40287951095744157	0.4749741801055811	0.8006735026947556	-0.014656815191178752	0.013543250903339469	0.8997760998207249	0.9476729264271514	0.11637547380500528	-0.2427527438489891;0.21343911346663158	-0.12594419349679473	0.0	0.0	0.0	1.0
t__SGB14809	0.21739717848370252	0.17329286016867784	0.25715029462424605	0.4804764358240551	0.1591578066852357	0.1711508945914561	0.5058229703896814	0.8128591510592006	0.28574370257872644	0.4026560027146065	0.497449999071058	0.8006735026947556	0.19611290820502897	0.013585909270962896	0.09246685685519407	0.31046447695622736	0.11655860873810607	-0.03234196492165892;0.42456778133171685	1.682526158541171	0.0	0.0	0.0	1.0
t__SGB4665	0.10192944356736923	0.17289539720705216	0.5945093944469022	0.7606425046734038	0.1713653467182331	0.17119391372715442	0.4738093901176025	0.7954254609853084	1.239044419729377	0.43737079919902605	0.006722696727178996	0.1482779023941976	0.40674384049525414	0.11284128238909184	0.22595649755548042	0.5130323755972793	0.33591856511525503	-0.25165654713064567;1.065144228121154	1.2108406105976866	0.09679343231303217	0.26931157940591927	0.6652469947637174	0.34702111962581256
t__SGB15127	0.3261467335839564	0.17392814627383169	0.09010979456124536	0.25212538478247437	0.23436186111857535	0.17146617289613755	0.3276791112655675	0.7061970994113416	-0.13766624562370708	0.40109105816562685	0.7427352564965954	0.9267114053617324	0.24420781888589257	0.013645234826024224	0.0365647512707572	0.1784746449691585	0.1168128196133636	0.015254692443699924;0.4731609453280852	2.090590910263027	0.0	0.0	0.0	1.0
t__SGB4658	-0.019319971337904147	0.17278726747629972	0.9195911581550941	0.9566052013353005	0.20740073585011587	0.17133935675908357	0.38619739418005306	0.7423049620083864	0.18120539060353374	0.4014381171591912	0.6659965903142516	0.8784812167478462	0.10224676049448601	0.013556885213655728	0.3798613432965523	0.6501303402199755	0.1164340380372326	-0.12596395405848987;0.3304574750474619	0.8781518035283646	0.0	0.0	0.0	1.0
t__SGB50367	0.13389609949471934	0.17297673374887437	0.4845648390154065	0.678909949046797	0.23320302661243564	0.1714604057953154	0.33006807471622646	0.7061970994113416	0.11551576974059852	0.4009507809180218	0.7829150557917828	0.9490917744171722	0.17820430293642767	0.01357645408358603	0.12616188981133192	0.3737630318474753	0.11651804188015705	-0.05017105914868014;0.4065796650215355	1.5294138148984442	0.0	0.0	0.0	1.0
t__SGB6359	-0.34638472851868723	0.17407409868261398	0.07206139974961208	0.2146344917273392	-0.5746543456202685	0.17437174962028976	0.0173642366772466	0.18499590613835806	-0.03812080727396734	0.4006531926528126	0.9274965391785096	0.9717582368376148	-0.4238549813489377	0.013865824381158536	0.00031880660824867846	0.005936238123470293	0.11775323511971353	-0.6546513221835761;-0.19305864051429916	-3.5995187811020783	0.0	0.0	0.0	1.0
t__SGB4758_group	0.3116761377139743	0.17382910333138038	0.1051484311858278	0.27744641675463066	0.17677549827364564	0.1712139915218774	0.45999000209356533	0.7850433229156764	0.7427829103892908	0.4142009335916742	0.08665808371342529	0.38073590854359946	0.28307319179020773	0.013691813207213181	0.015555522603542427	0.10042190025149456	0.11701202163544215	0.05372962938474113;0.5124167541956743	2.419180421240297	0.0	0.0	0.0	1.0
t__SGB53515	0.24323456398273632	0.1734209588028086	0.20513925659998322	0.41251233450595537	0.18621549154437977	0.1712505129159879	0.43643206833508763	0.7774384754264906	0.9897385551843738	0.42443602976504696	0.025859700916094026	0.2806423147993445	0.34463156255810873	0.04227388676001418	0.09370422156407199	0.31178461709607136	0.20560614475256858	-0.05835648115692571;0.7476196062731432	1.6761734576213503	0.027511121822101567	0.07188768544329191	0.36263465348689494	0.8318301321960025
t__SGB15411	-0.3504170912560104	0.17410421350990465	0.06884923273776188	0.2113156506189478	-0.4405942634851131	0.17294138731724226	0.0669726997872917	0.3968221998091936	0.9806714665052836	0.42401358808704737	0.027101739786579294	0.2806423147993445	-0.009023031306210053	0.19198919792929892	0.9835705344958192	0.9952476275994225	0.43816571971036133	-0.8678278419385183;0.8497817793260981	-0.020592736721107497	0.1921134105612309	0.5038208406230772	0.7971457354917357	0.09195545310212579
t__SGB6533	-0.10809353922614769	0.1729093679158991	0.5724371722468948	0.7470675934623786	-0.37878482049406	0.172406110083533	0.11469428289691669	0.5078692610652754	-0.5552217937055595	0.40826251487677356	0.19373247311896938	0.5532360314840672	-0.2693939191708096	0.013681757414928185	0.02127200913668159	0.12212117162405804	0.11696904468673831	-0.4986532467568167;-0.04013459158480254	-2.303121478783462	0.0	0.0	0.0	1.0
t__SGB72433_group	-0.36339850273026264	0.1742034926684723	0.059306404333123626	0.18937030547867717	-0.14451460846827296	0.171103471739387	0.5456920756959697	0.8210992815460325	0.6074534865143713	0.40975187575859273	0.15660532831374538	0.5044575985607149	-0.06612169138357106	0.06783136046040343	0.7995881756764691	0.903481059228755	0.26044454392519617	-0.5765929974769556;0.4443496147098135	-0.2538801173833085	0.06812671960705349	0.1436159652443673	0.5871465458936765	0.5003149223973719
t__SGB14794	0.045661959834039506	0.1728057511984856	0.8114414762143012	0.8952027050415755	0.16584507493809766	0.17117406815211417	0.48814481666877807	0.800095350397938	0.07810476231734931	0.4007695232967224	0.8521465331081589	0.9622309953574324	0.10394433467195727	0.013542313106044566	0.3717438189258466	0.6415765597661028	0.1163714445473827	-0.12414369664091282;0.3320323659848273	0.8932116901722783	0.0	0.0	0.0	1.0
t__SGB4761	0.2514947745971399	0.17346492160710675	0.19026463929576304	0.3963827363897494	0.19281590569461513	0.17127717205233978	0.42038643498993256	0.7608578623473683	-0.2167057129334501	0.4017909323648406	0.6060378566109026	0.8598495813763348	0.18483618112547884	0.013602497041859729	0.11300912477709857	0.34781697292507	0.11662974338418022	-0.04375811590751438;0.41343047815847206	1.5848116935027932	0.0	0.0	0.0	1.0
t__SGB9193	0.00208734776904459	0.17278328374367766	0.9912978006585036	0.9939891069046353	0.131210201557392	0.1710643401403468	0.5832340536019406	0.8381625569273025	0.2857437025787264	0.4026560027146065	0.49744999907105814	0.8006735026947556	0.0855419956090107	0.013543357627187214	0.46230974204403186	0.7174218405949402	0.11637593233648964	-0.14255483177050898;0.3136388229885304	0.7350488532429057	0.0	0.0	0.0	1.0
t__SGB4053	0.18280132165725943	0.1731437219244133	0.3403310988934737	0.5582030305867655	0.2615087268066976	0.17160938958924415	0.2749656680353493	0.6779064291264334	-0.1768890720705052	0.4013994936500554	0.6734559239284832	0.8841103835459235	0.1887885820783372	0.013601821455571974	0.10550314336487165	0.331154342346396	0.11662684706178066	-0.03980003816275288;0.4173772023194273	1.618740340106514	0.0	0.0	0.0	1.0
t__SGB698	-0.09683670359758871	0.17288447255940048	0.6130368473305345	0.7757564181797408	0.23935984777580574	0.1714913713214012	0.3175059921759186	0.7054769714909027	-0.4495312967343005	0.4056450035065841	0.28949458320826127	0.6584046346570235	-0.0022835296977626275	0.028700332757452537	0.9892455028537497	0.9982550247376636	0.16941172556069586	-0.3343305117967265;0.32976345240120125	-0.01347917146941814	0.03388146311682266	0.037268618919992086	0.41624365706660005	0.7804309108624743
t__SGB4037_group	-0.12408970804214679	0.17294944178181118	0.5170674212086939	0.6991570433617307	0.23184336368563369	0.17145367544613335	0.33288555245725615	0.7061970994113416	0.45559026346871223	0.40578059271373884	0.2832100745318119	0.6470036341881393	0.10313093472211428	0.02244695770837126	0.49123151107512353	0.7403577787758675	0.14982308803509312	-0.19052231782666823;0.39678418727089676	0.6883514154905009	0.024437029879704794	0.02140057549832031	0.33956487668260915	0.8507985189472551
t__SGB4699	0.16842154913382296	0.1730892867576042	0.3795446924292596	0.5873401106307536	0.12363332424655557	0.17104373877937182	0.6051448571929788	0.8487348123668614	0.7427829103892907	0.4142009335916742	0.08665808371342534	0.38073590854359946	0.19317931701912575	0.013626243332945863	0.09794416560928898	0.3199104826274454	0.11673150103098076	-0.035614425001596534;0.42197305903984805	1.6549030494164174	0.0	0.0	0.0	1.0
t__SGB8021	-0.08057835444339988	0.17285333867784844	0.6738316280664288	0.8106465188899057	0.10806446944256111	0.17100524543511036	0.6512957220263427	0.863398905225723	-0.19732140018238745	0.4015905194353109	0.638461378230163	0.8615240524429624	-0.0030457072376343037	0.013537994884094953	0.9791165883493911	0.9916464167194929	0.11635288945314144	-0.23109737056579152;0.2250059560905229	-0.026176464133801293	0.0	0.0	0.0	1.0
t__SGB9283	0.3174316858748833	0.17386796522626866	0.09894165594135705	0.2692242937787515	0.3542708757513768	0.1722157820786558	0.13988788122304016	0.5556715535513476	0.260837476429724	0.40231672934077484	0.5353140985520157	0.8181076154422531	0.3296614437173414	0.013703271493211412	0.0048602731255136256	0.042739544627532516	0.11706097339938452	0.10022193585454775;0.5591009515801351	2.816151567376892	0.0	0.0	0.0	1.0
t__SGB4151	-0.15018881062118822	0.17302665372809967	0.43313191202560397	0.6373308878145674	0.1973994778862826	0.17129622886240897	0.4094527911659772	0.75146009227582	0.2710964885443323	0.402452767298659	0.5195313841310285	0.814344604133516	0.04883772595686435	0.01628519014215241	0.7019418520981144	0.8556122905662386	0.12761344028805277	-0.20128461700771905;0.2989600689214478	0.3827004886524994	0.008991847368030794	0.006419744244048019	0.1595445127986221	1.0
t__SGB6148	-0.17758433110272207	0.17312345959204195	0.35424365431981064	0.564751034512734	0.16775953026571142	0.17118087735148396	0.483146595089351	0.7978039155871847	0.40920349813934526	0.40478773880133007	0.33388085605973516	0.7069908717198571	0.04574776950853567	0.022117479096876665	0.7583782142575555	0.8873105188990195	0.14871946441833586	-0.24574238075140262;0.33723791976847395	0.30761117710759694	0.02285038767373422	0.020625724217323522	0.32497342056536904	0.8730116606784741
t__SGB6369	-0.15381017264631103	0.17303852505857525	0.4221495195888104	0.6299779496870379	-0.0006459732084944365	0.1708805746696491	0.9978435473633197	0.9996756352504914	0.790787165595044	0.41597994601715865	0.06934166577889664	0.38073590854359946	0.10593932270496459	0.0649758691647493	0.6776988015681815	0.8424737256018251	0.25490364682512745	-0.3936718250722852;0.6055504704822143	0.4156053631419505	0.05739448891277427	0.13510508885573377	0.5453800907642242	0.5620784514266705
t__SGB4741	0.22829719833498577	0.17334516014249152	0.23417706440126443	0.4570779269573328	0.12976132557121958	0.17106030614528653	0.5873948918570199	0.8386477556761205	0.7427829103892907	0.4142009335916742	0.08665808371342534	0.38073590854359946	0.22326758462640836	0.013645783053717837	0.05596740521893917	0.22882614384717564	0.11681516619736428	-0.005690141120425624;0.4522253103732423	1.9112893633108232	0.0	0.0	0.0	1.0
t__SGB4613	0.08784810953847814	0.1728665552540384	0.6463498706011128	0.7957285073622589	0.09835257114533903	0.17098384942485212	0.6808002517205164	0.8716715421303091	-0.03812080727396735	0.4006531926528126	0.9274965391785095	0.9717582368376148	0.08209109920187241	0.01353204323832753	0.4803805173931881	0.7301256697827879	0.1163273108015806	-0.14591042996922557;0.31009262837297036	0.705690681201211	0.0	0.0	0.0	1.0
t__SGB19227	-0.07786758230314862	0.17284870222977694	0.6841954502946239	0.8125296251433564	-0.4787688566391955	0.17331135488635976	0.04677413100413271	0.3405841517206879	0.28574370257872644	0.4026560027146065	0.497449999071058	0.8006735026947556	-0.1805195984331802	0.039372537975796366	0.3629481927802469	0.6341998083849733	0.1984251445149943	-0.569432881682569;0.2083936848162086	-0.9097617082473081	0.05915259958231203	0.06527669014130012	0.5531308196759955	0.5498457242570235
t__SGB2240	-0.7699593401052208	0.17907085544304174	9.373760556549437e-05	0.001236443654363902	-0.5753103155120002	0.17437964454204968	0.017239393893609303	0.18499590613835806	-0.22709513878682533	0.4019060271642725	0.5889898357692938	0.8531890516457584	-0.631022388614113	0.014232448509690621	1.2273012828245555e-07	1.0460383241304673e-05	0.11929982610922206	-0.8648500477881882;-0.39719472944003775	-5.289382299990913	0.0	0.0	0.0	1.0
t__SGB29339	-0.010416637429325984	0.1727844084431909	0.9565936147904645	0.9777728092138696	0.1658450749380977	0.17117406815211417	0.48814481666877807	0.800095350397938	-0.038120807273967355	0.4006531926528126	0.9274965391785095	0.9717582368376148	0.06869911601194963	0.01354013300017211	0.5549285838224987	0.784177985681488	0.11636207715648647	-0.15937055521476384;0.2967687872386631	0.5903909391335583	0.0	0.0	0.0	1.0
t__SGB6334	-0.47978991927243897	0.17525150779842075	0.013227135092970087	0.061065273679211905	-0.36934873281011316	0.17233136579961364	0.12392782162218692	0.5255965133774699	-0.7629967837700712	0.41493739896088866	0.07895553741301145	0.38073590854359946	-0.451001631097197	0.01388123409832324	0.00012922509637358637	0.003446848192905358	0.11781864919580108	-0.6819261835209671;-0.22007707867342688	-3.827930757784228	0.0	0.0	0.0	1.0
t__SGB14963	0.09746374503057567	0.1728857874681916	0.6107417773156609	0.7751453485289259	-0.5456556539530759	0.17403139634764156	0.023747941555737773	0.21567802658817584	0.7427829103892907	0.4142009335916742	0.08665808371342534	0.38073590854359946	0.029696277027121385	0.12855948670100556	0.9339924347155117	0.9724471245449374	0.358551930270924	-0.6730655063038896;0.7324580603581324	0.08282280618230865	0.23891435989637952	0.31847511194361605	0.8313796571184922	0.047872796848317765
t__SGB15204	-0.041885448149649535	0.1728021812360464	0.8267748812631244	0.9002670808535727	0.20619354291164346	0.1713340385402545	0.3889603618377677	0.7430484153728395	0.7427829103892909	0.4142009335916742	0.08665808371342522	0.38073590854359946	0.18569093986785662	0.03522611369478975	0.3224825805949558	0.592238720771314	0.1876862107209524	-0.18217403314521008;0.5535559128809233	0.9893691132372943	0.032842823475758634	0.05389127704139119	0.40716232367940663	0.7949706431000774
t__SGB14835	0.17236273278374914	0.17310376450866652	0.3685271048494835	0.5783683175258183	-1.0798447530511537	0.18291071611790743	1.3102494302441173e-05	0.0026728910058123768	0.2975207573131637	0.4028270885781052	0.48008979026660636	0.8006735026947556	-0.23593273523734895	0.1971111874728781	0.5951322833301627	0.8021977736372509	0.4439720570856662	-1.1061179671252548;0.6342524966505568	-0.5314134785555317	0.6407580397332691	0.5220189750078785	0.9275603344196337	0.00012897046764701357
t__SGB25431	0.1466223919883075	0.17301523816984957	0.4441093524497922	0.6449189548025817	0.1810942181728659	0.171230464997168	0.4491241867010205	0.7799499993538848	0.757977494412368	0.414752805426003	0.0808104852223913	0.38073590854359946	0.21112435552723438	0.01363765932297206	0.07062594519842436	0.26043139010374244	0.11678038929106231	-0.017765207483247752;0.44001391853771654	1.8078750791027942	0.0	0.0	0.0	1.0
t__SGB7264	0.1373713170747952	0.17298690237787365	0.4733210307335769	0.6725698726525815	0.16584507493809766	0.17117406815211417	0.48814481666877807	0.800095350397938	0.3135808445841466	0.4030714031251036	0.45699494089314074	0.8006735026947556	0.16527262376521462	0.013568222646873854	0.15593993544532347	0.41841459730441566	0.11648271394019738	-0.06303349555757223;0.39357874308800145	1.418859658868063	0.0	0.0	0.0	1.0
t__SGB14397	-0.5080060258801185	0.17554800361516534	0.008802355523656125	0.04494474617608749	0.48777196304398274	0.17340296347411302	0.042850241698095884	0.3262623316678249	0.8792493796965073	0.4195272786714479	0.04524758780271433	0.3423883382495985	0.23552516639043744	0.16868724307646898	0.5663394704101994	0.7853155496927571	0.4107155257309723	-0.5694772640422683;1.040527596823143	0.5734508476913814	0.45131695133482	0.43546288140448297	0.9017946589361346	0.002181172703691171
t__SGB9214	-0.06399633266676845	0.1728274584729191	0.7381365583765491	0.8389617989804609	0.17574167442684685	0.17121010681830315	0.4626129833552235	0.7850433229156764	0.2857437025787265	0.4026560027146065	0.497449999071058	0.8006735026947556	0.07612684923522879	0.013557180726371193	0.5132326672694838	0.7541933625127162	0.11643530704374508	-0.15208635257051156;0.3043400510409691	0.653812414533572	0.0	0.0	0.0	1.0
t__SGB4348	0.46204927600333595	0.17507352084047942	0.016940769100932687	0.07538302073828682	0.3306385660336138	0.1720441698618911	0.16806226774487457	0.5837397889069624	0.23204515262354825	0.4019627470054128	0.5809513668114729	0.8494400788772158	0.38128843678374935	0.01377420792555508	0.0011590103437599808	0.016052293261075733	0.11736357154396368	0.15125583655758054;0.6113210370099181	3.2487801092600614	0.0	0.0	0.0	1.0
t__SGB5065	0.04130921435126321	0.1728016635948287	0.8291205510000861	0.9013511799163734	-0.06230034028899389	0.17092201795477172	0.7943793823951707	0.913989985144184	-0.49009271686957645	0.406586363740902	0.24930489478737194	0.6070985130206772	-0.05034373421377081	0.013556000049052391	0.6654550882322119	0.8407345926582562	0.1164302368332745	-0.2785469984069888;0.1778595299794472	-0.4323939861589555	0.0	0.0	0.0	1.0
t__SGB4262	0.4908581926260518	0.17536585393521237	0.011296740583245446	0.05413064977904677	0.05379828606154177	0.17091147817061114	0.8219266139282152	0.9189457128429835	0.09794332992272863	0.4008569286317592	0.8152434792125527	0.9622309953574324	0.24789720322590603	0.022507178653212074	0.09845620449093762	0.3199104826274454	0.15002392693571273	-0.0461496935680909;0.541944100019903	1.6523844448634737	0.032170046530903794	0.02139311569451467	0.4025814162718672	0.7976928691323576
t__SGB5066	0.20376935293191445	0.1732310499279647	0.2880380549353711	0.5139229708025623	0.06530826597191866	0.17092611630657328	0.7846933493919344	0.9072150628843236	-0.04266303408624146	0.4006623793220706	0.9188876911419873	0.9717582368376148	0.11872858095345394	0.01355365794538602	0.3078099466563855	0.592238720771314	0.11642017842876733	-0.10945496876693002;0.3469121306738379	1.0198281995083784	0.0	0.0	0.0	1.0
t__SGB6358	0.20223565529235224	0.17322434279312007	0.2916664408045787	0.5187261900665702	-0.6724263079390775	0.17564325322469224	0.005554108397772567	0.09467618622664621	-0.2933935398281721	0.40276635424368895	0.48613311436138895	0.8006735026947556	-0.24768748520689252	0.07406751978673971	0.36276861615892164	0.6341998083849733	0.2721534857148438	-0.7811083172079865;0.28573334679420137	-0.9101021967670617	0.25640715871938885	0.16163291156800233	0.8411980515590484	0.03709870289406067
t__SGB4421	0.22159046927855897	0.17331267931778768	0.24813176729151817	0.47157513001083295	0.41225186974666417	0.17268612054082982	0.08628116418152501	0.43652753384990733	-0.1860106363722248	0.40148220645150756	0.6577337062156419	0.8695898101500685	0.2729906199176141	0.014301988941559358	0.022447839157269334	0.126899009113543	0.11959092332430316	0.0385924102019799;0.5073888296332483	2.2827035056609284	0.0010778984365902105	0.001433652445676474	0.02209768407621263	1.0
t__SGB5062	-0.20090531838000397	0.17321856582289444	0.29483878350324566	0.5232960712900852	0.20142826114287213	0.1713133469460852	0.3999852288781168	0.7511587010117855	-0.30650888827984435	0.4029622567599089	0.4670815216993235	0.8006735026947556	-0.03657773837190539	0.022873088361106395	0.8088927894900044	0.903481059228755	0.15123851480726197	-0.33300522739413885;0.2598497506503281	-0.24185465202775877	0.030028749460330753	0.022529372856319715	0.38764012452548996	0.8111301815080028
t__SGB4651	0.3763766173316054	0.17430629656315033	0.050901427476083616	0.1714248682173272	-0.03344915188305206	0.17089251910791203	0.8887040325456106	0.946811603904362	-0.12035663235192323	0.40097934575199495	0.7740764616625185	0.9440405245522077	0.13294213870815633	0.02295308812146069	0.38022063218641167	0.6501303402199755	0.15150276605217705	-0.16400328275411066;0.4298875601704233	0.8774898450525418	0.03064017587930009	0.022683743153966665	0.3921108956612712	0.8100379965474545
t__SGB9286	0.6128298605819433	0.17679238317124682	0.001678904199415038	0.012401505686345746	0.30010812335203263	0.17183977425173516	0.21058652440808018	0.642782008386096	0.8253713924151496	0.41732557744912874	0.058823990081492604	0.3650338688100195	0.48772804981724166	0.016960183124043633	0.000180327845300976	0.004162567762364197	0.13023126784318592	0.23247476484459728;0.742981334789886	3.7450917732331743	0.008450920717497111	0.0070505831773541115	0.147131968336159	1.0
t__SGB15467_group	0.484245903082326	0.1752972378385345	0.012417043125756045	0.05846375685299622	0.009503216913613435	0.17088153473645215	0.9682838187633707	0.9835883367159498	1.3153051786423269	0.4418157684532025	0.004373974546050252	0.13759565505074012	0.5164421282348609	0.12893759077883457	0.15036547764312336	0.4134117846863044	0.35907880859058583	-0.18735233660268735;1.2202365930724093	1.4382417337908053	0.17906048942742211	0.31509893523245247	0.7838752622638712	0.11020551469121806
t__SGB6272	0.039867180022438206	0.17280039960885832	0.8349973397585235	0.9036324243373854	-0.48583682809147416	0.17338313316661477	0.04366904273963202	0.32854010463178124	-0.15358472141034882	0.4012069896691113	0.7143085556391588	0.9118132254011382	-0.21238573654771695	0.029731111742888318	0.21804545195511915	0.5043723606811524	0.17242712009103534	-0.5503428919261462;0.1255714188307123	-1.2317420625919222	0.06297468447298553	0.03983566548438248	0.5688520025145966	0.5289012800617691
t__SGB3580	0.1510259263084206	0.17302937284890585	0.4305784647429197	0.6352609040414848	0.2196634632330636	0.17139512896425912	0.35882213173793465	0.7259552640665603	0.7427829103892908	0.4142009335916742	0.08665808371342529	0.38073590854359946	0.22998928837805047	0.013647981739533225	0.04899075372790729	0.213707697364257	0.11682457677874646	0.0010131178917074102;0.45896545886439355	1.9686721297833258	0.0	0.0	0.0	1.0
t__SGB4435	-0.05573372693448164	0.17281677766430764	0.7709193431150925	0.8680677156214659	0.26273482510700996	0.17161622514890837	0.27273144846900177	0.6775480827436188	1.0539041490991732	0.4275238810407061	0.018468113209456273	0.23032041566158534	0.3245502731117563	0.0902912474542002	0.28010298249818866	0.5741414097056722	0.3004850203491019	-0.26440036677248335;0.913500912995996	1.0800880281309715	0.10337547038493046	0.20561938455307954	0.6810311600667988	0.3122226492578321
t__SGB6191	-0.15775683072430602	0.17305178387460915	0.4103706241899501	0.6194695525919137	0.2852513176124859	0.17174738817486782	0.23392362254974747	0.6557600302681893	0.14833178933021707	0.40116733631104134	0.7236446875968345	0.9163409301226202	0.07486698840332616	0.02193272269705871	0.6131889572444806	0.8125770321365788	0.14809700434869946	-0.2154031401201248;0.36513711692677714	0.5055266899730751	0.0317850985640561	0.020188044994734432	0.401310142003071	0.798119803583175
t__SGB15082	0.11078220170926817	0.17291571816331208	0.5629345170821979	0.740773687561847	0.15776167095470303	0.17114617647373817	0.5095562684295252	0.8158791118784883	-0.015194851087844756	0.40062258933134726	0.9710644397656706	0.9919873474572557	0.12187706378104579	0.013547245831548113	0.2950442113809608	0.5848364828920842	0.11639263650054549	-0.10625250376002335;0.35000663132211496	1.0471200536854803	0.0	0.0	0.0	1.0
t__SGB3940	-0.9560988963679203	0.1823878794752232	1.7613856346472619e-06	4.2426419199764484e-05	-0.575693942666909	0.1743842656925763	0.01716675230760573	0.18499590613835806	-1.3853492509275853	0.44608984159824777	0.0029316864885890587	0.1169574208634414	-0.8589726787804157	0.04053929491825487	1.9883016923571972e-05	0.0007867993839756338	0.20134372331477055	-1.253606376477366;-0.46433898108346544	-4.266200428992472	0.054899214251726836	0.06403521713617634	0.5131254754060351	0.6245301620819811
t__SGB15041	-0.04670919402579662	0.17280679568756846	0.8072021460973496	0.8929465570481756	0.13736981155885175	0.17108198874618627	0.5657020281196246	0.8303689203757982	0.30695449061460495	0.4029690614196521	0.4664420932644897	0.8006735026947556	0.06800443884683573	0.01354808130613781	0.5590524493760984	0.7850825271339886	0.11639622548063064	-0.16013216309520034;0.29614104078887177	0.5842495198278768	0.0	0.0	0.0	1.0
t__SGB5076	0.1631617311663624	0.17307048493435573	0.39456397011693245	0.5996939353766271	0.06058955642977659	0.17091977313463125	0.7999028412613869	0.9149452036660706	-0.3687513257243199	0.40400714305601715	0.3829077538415029	0.7421468768083894	0.07135645771083414	0.013560700682274338	0.5400333541800642	0.7707870741350911	0.1164504215633174	-0.15688636855326799;0.29959928397493624	0.612762553822406	0.0	0.0	0.0	1.0
t__SGB15309	-0.042124630077120105	0.1728023982029472	0.8258017032231496	0.9002670808535727	-0.28064400589061284	0.17171968088936726	0.24152404596231034	0.6557600302681893	1.4078583102284394	0.44750137126803935	0.002575604153250611	0.1169574208634414	0.29063236915146007	0.2575824596790652	0.5668847573155451	0.7853155496927571	0.5075258216870007	-0.7041182413550612;1.2853829796579812	0.5726454827173261	0.2561427845333101	0.6939347476156953	0.8389451811275338	0.03943921035541276
t__SGB6385	0.1456552739262197	0.173012189728641	0.44711360390565835	0.6465211783182696	-0.18248169368372108	0.17123584147625348	0.445664827818096	0.7782934375632199	-0.6943485781785115	0.4125118017844855	0.10779113035644362	0.42961356990985444	-0.13972330774232875	0.04456383775737145	0.5080497831443742	0.7523603521686683	0.21110148686679459	-0.5534822220012461;0.27403560651658865	-0.6618774212163385	0.05433903075815739	0.0789212066122499	0.5321342680137622	0.5814409574251654
t__SGB15272	0.010594904292852486	0.1727844488921332	0.9558515331880053	0.9777728092138696	0.20845019369452203	0.17134400517562423	0.38380531533211104	0.7423049620083864	0.5041450356691397	0.40693090387193587	0.23639895763711105	0.5996332355823567	0.14266341067687768	0.013587674250242756	0.2209962219823285	0.5060234667414722	0.11656617970167314	-0.08580630153840166;0.37113312289215705	1.2238833857470062	0.0	0.0	0.0	1.0
t__SGB14999	0.28602813967353313	0.17366447435544702	0.13669251727724052	0.33322428207271687	0.05040779174117608	0.17090770544673486	0.8329763551620915	0.9210956102989993	-0.35306001283080274	0.4037258341286474	0.40313850965786513	0.7570180688607148	0.109981852483499	0.01936389789294771	0.42931788918856073	0.6944295200305478	0.13915422341038633	-0.16276042540085817;0.3827241303678562	0.7903594284676958	0.010732778744853207	0.013811731460659529	0.18437272005314187	1.0
t__SGB4136	0.16854430080550428	0.1730897326456042	0.3791984778032532	0.5873401106307536	-0.5771197680314599	0.1744014670270185	0.016899140030660828	0.18499590613835806	0.28574370257872644	0.4026560027146065	0.497449999071058	0.8006735026947556	-0.09156856582667154	0.07474479364337044	0.7376767920317	0.8754428791252507	0.2733949407786663	-0.6274226497528573;0.4442855180995143	-0.33493145690945014	0.20554680521578436	0.1637872127408746	0.810402156338448	0.07417705100820508
t__SGB71368	-0.2979817126823958	0.17373946315464356	0.12117531958210961	0.30936003248151484	-0.8395957372935889	0.17825023379998012	0.0005914144835181198	0.024269898064373213	-0.8358941140287447	0.4177455413986616	0.05591748229192965	0.36175935704340006	-0.6084555978813543	0.0357256519850368	0.001285792010698783	0.017588364788324096	0.1890123064380645	-0.9789197184999607;-0.23799147726274789	-3.2191321789977354	0.07790213315762701	0.05373830766488116	0.6101238801524096	0.4570160995930556
t__SGB69175	-0.2993287648940491	0.17374810404541147	0.11951774539839528	0.30725211578056144	0.04189871943131885	0.17089931801592337	0.8608503339761918	0.9348313664704233	0.7023626589737839	0.41278389587467107	0.10401829975816279	0.41933109055231016	0.05391550850173837	0.07042501847059526	0.8390055825984102	0.919866205724777	0.26537712499496874	-0.4662236564884003;0.574054673491877	0.20316562138790428	0.08771128023519628	0.15072245800182743	0.6468817730068388	0.3814930429097058
t__SGB6365	0.08323765219792334	0.1728580411133747	0.6637250738355888	0.8063407412254538	-0.531998397792419	0.1738769870990467	0.027410752494612122	0.23184056308420023	-0.23715458849879584	0.4020225676305459	0.5727120080699801	0.8442724920519731	-0.2261157754030941	0.03914065974929961	0.25307075952117897	0.5476609405263013	0.19783998521355486	-0.6138821464216616;0.16165059561547343	-1.1429225247819212	0.10291448948391027	0.0646026584236291	0.6824350084832546	0.3096383071728526
t__SGB10115	0.4056378403218465	0.1745510746722737	0.03558470811484724	0.12969689668174586	0.06273628262584739	0.17092259996808462	0.7929735464668226	0.913989985144184	0.05837156333375915	0.4007021116391009	0.889200461061566	0.9687651040867405	0.2153790749389506	0.014588734603326036	0.07455733379745277	0.26734474384329343	0.12078383419699026	-0.021357240087150314;0.4521153899650515	1.7831779920786575	0.0033077975350408544	0.0022207435432418598	0.06503872453003653	1.0
t__SGB4044	0.27445082160182965	0.17359474322250987	0.15315898304865527	0.35464561587117016	-0.09382542361800823	0.1709745629605262	0.6947278174494681	0.879723910553155	0.6394643686653004	0.41072784466503254	0.13685225103348267	0.4728869924380884	0.1747868316690365	0.034183510835973055	0.3444716111578803	0.619601534355408	0.18488783312044374	-0.18759332124703323;0.5371669845851063	0.9453668676790267	0.04644892385184345	0.051265400270179014	0.49295735190175144	0.6631201754127102
t__SGB4393	0.23325045478603681	0.17336976654053926	0.2242382136023803	0.44367132262756676	-0.06005106552992571	0.17091907947583815	0.8016435306187377	0.9149452036660706	-0.4037148279797984	0.4046771568182008	0.3402679448964535	0.7126973212576001	0.026783213505663032	0.022074461224233576	0.8569425065890184	0.9281449631482233	0.1485747664451591	-0.2644233287268488;0.3179897557381749	0.18026757939107424	0.01865532328908871	0.02052514501244917	0.2821785257898251	0.9211117264478398
t__SGB19850_group	0.31049772314489443	0.1738212332280615	0.10645700228540117	0.27951269794365996	0.2309129153608037	0.17144909224443391	0.3348226392005821	0.7061970994113416	-0.5360160023073617	0.4077472570539337	0.20901049088093682	0.5653117518413844	0.11310771198224878	0.05174618987591126	0.6190303355991142	0.8157276892042471	0.22747788876264713	-0.33274894999253957;0.5589643739570371	0.4972250823914872	0.040490798083149517	0.09879558926780088	0.45855867357599833	0.7103895069975505
t__SGB4808	-0.4392361927050136	0.17485424985483744	0.02305967606824016	0.09414040317834754	0.19703373109045197	0.17129469186358248	0.4103189132011472	0.75146009227582	0.03713929536597893	0.4006513432516575	0.9293580219543736	0.9717582368376148	-0.09066248906962442	0.04318052756956986	0.6626202092734284	0.8390325604768515	0.20779924824110857	-0.49794901562219723;0.3166240374829484	-0.4362984459136692	0.11657727440039696	0.07572222583436136	0.7096368153121065	0.251865919412178
t__SGB4867	-0.6005406708878696	0.17663493783673526	0.00206243278080405	0.014838802085265503	0.05196803912519959	0.17090941110678814	0.8278871668058876	0.9191372553315866	0.38212164528828807	0.40425632906429143	0.3662034884995613	0.7313345413806018	-0.12011094952839249	0.07913828541449638	0.6694069643564895	0.842359357547675	0.28131527760592095	-0.6714888936359976;0.4312669945792126	-0.4269620567733591	0.17785484322030612	0.17616845674728612	0.7868555235329826	0.10696876659301867
t__SGB4342	0.2719151350613568	0.1735798515155046	0.15696143847538224	0.35637965948918754	0.28032121908538743	0.17171775647114645	0.24206304366397965	0.6557600302681893	-0.7382903809400132	0.41403976542646226	0.08845556482820516	0.38434810129275027	0.031051420931577325	0.09427878561857195	0.919448283664974	0.9638114458853275	0.30704850694730945	-0.5707636526851492;0.6328664945483038	0.10112871493918664	0.0847211458943655	0.21881412295236322	0.6379585437097655	0.39988081927102503
t__SGB15052	0.6583748334308072	0.17740237922303198	0.0007632047111558207	0.00640629409061098	-0.2827110849323406	0.1717320565665191	0.23809263206033676	0.6557600302681893	0.29161768208090405	0.40274047977216393	0.4887469164743753	0.8006735026947556	0.21110637394709839	0.08521198162908053	0.46956459232201997	0.7242083388460072	0.29191091385743106	-0.36103901721346643;0.7832517651076633	0.7231876710515952	0.30553014350347263	0.1936129458766781	0.8630824149052624	0.018879992174843045
t__SGB4825	-0.4390710215050766	0.17485270178791273	0.02311027948060517	0.09414040317834754	0.40799132109515585	0.17264918346033578	0.08954314419998838	0.44490494965734134	0.3281237562089194	0.4033035793893095	0.4366686554232385	0.7886077276168654	0.06534073728685341	0.07926169575412433	0.8164698041807301	0.9064614659641773	0.2815345374090439	-0.48646695603487256;0.6171484306085794	0.23208782086980437	0.253280540120677	0.1766516494559766	0.8403439170168834	0.037831581492714685
t__SGB3934	0.1088024601272604	0.17291102716634585	0.5699241353023763	0.7446650258431992	0.26064574941926677	0.1716045974566603	0.2765457584917862	0.6779064291264334	-0.39088135226690596	0.4044243107972267	0.35552691587079155	0.7201532409229195	0.12575354988391022	0.017928294008687326	0.34763618750734837	0.6232700578610711	0.1338965795257195	-0.13668374598650004;0.3881908457543205	0.9391841847592145	0.005924195748348672	0.010307133205758472	0.11089837307278465	1.0
t__SGB8130	0.08099876122583184	0.17285407193127203	0.672229861072343	0.8098737971653464	-0.5517634463358457	0.17410167232343451	0.022253836544214714	0.20895975331347375	0.8987220825077484	0.42035427070770864	0.0410815688551671	0.32818260645807223	0.0756254908853922	0.16426090967178217	0.8519778192038931	0.9254817879195232	0.4052911418619733	-0.7187451471640754;0.8699961289348598	0.18659546946413982	0.27607082877815264	0.4224988590556666	0.8499966935429594	0.030006074014536817
t__SGB8095	0.19351289824175832	0.1731871555453668	0.3128918494474645	0.5374948359500631	0.07161342966701446	0.17093533382228684	0.7645003828808397	0.9002388060520067	0.2265735271828797	0.40190012103360057	0.5898400844410208	0.8531890516457584	0.1397236958829964	0.013558271868790389	0.23015366689033878	0.5162151071143631	0.11643999256608698	-0.08849868954653406;0.3679460813125269	1.1999631123618844	0.0	0.0	0.0	1.0
t__SGB4960	0.2840706416296214	0.1736524838170521	0.13937527888691856	0.3342593268543415	-0.21620173875338447	0.17137906206892414	0.3664222086327501	0.7313047090545539	0.2938778051468024	0.4027734370200057	0.48542175197258386	0.8006735026947556	0.07195966982181583	0.030937986532385234	0.682456833893293	0.8439309954841169	0.1758919740419819	-0.27278859930046867;0.41670793894410035	0.4091128672229268	0.06170104397203599	0.0430928700252258	0.5648095720376926	0.5344626299601275
t__SGB17241	0.06206689797285583	0.17282483248756286	0.745751314872708	0.8440168098865786	0.15154812353642239	0.17112568102271905	0.5263467337445457	0.8210992815460325	0.36857607242224893	0.4040039347365013	0.3831299761140783	0.7421468768083894	0.12895752503684846	0.013558357376708206	0.26807845569946065	0.563818476935891	0.11644035974140671	-0.09926558005630867;0.35718063013000556	1.1074985110252162	0.0	0.0	0.0	1.0
t__SGB7106	-0.26665122008345965	0.17354937466193904	0.16508565993589142	0.3710241606672773	0.36500324191461353	0.17229756812994682	0.12837278875917277	0.529779516406662	0.7523718826714887	0.41454799281319404	0.0829267145551876	0.38073590854359946	0.2119308310933589	0.0822408169117265	0.45990080287817814	0.7156883280744682	0.28677659756633994	-0.3501513001366674;0.7740129623233851	0.7390102012920806	0.17605563942672817	0.18401561568829503	0.7849766648809133	0.1093933582146589
t__SGB8056	0.2963657132037738	0.1737291479167644	0.12318778023051397	0.3130551846224988	0.2271916778177153	0.17143094522847963	0.34264309286748673	0.7149690148722699	0.029798841153390685	0.4006390412730593	0.9432918999774877	0.9740609740680861	0.2416643067398547	0.013625937675788314	0.038426030933586874	0.18382510632952204	0.11673019179196234	0.01287313082760852;0.4704554826521009	2.070281073216697	0.0	0.0	0.0	1.0
t__SGB16971	-0.049036786184195706	0.17280920197122815	0.7978004340856143	0.8889131603810628	0.1173254351685656	0.17102752047068928	0.6236655780671769	0.855224579824792	0.3121616832706852	0.40304930295045066	0.45900850924374437	0.8006735026947556	0.05811510630689606	0.013544708285419411	0.6175335215835194	0.8155269867872937	0.11638173518821332	-0.16999309466200205;0.28622330727579415	0.499349027688167	0.0	0.0	0.0	1.0
t__SGB8163	0.31147694655407365	0.17382777095412089	0.10536871181841852	0.27744641675463066	0.37480810805384696	0.17237438420211826	0.11851663877417447	0.5149664147520993	-0.32477566423687043	0.4032492069004135	0.4412982773153672	0.7912243715111971	0.2508451508853222	0.027032671399143206	0.12709152597571527	0.3745143903752461	0.1644161530967782	-0.07141050918436304;0.5731008109550075	1.5256721809910636	0.013892109551873984	0.032782821663760536	0.22509435551568874	0.9849879019765738
t__SGB9738_group	0.2916967592971975	0.17369965685197497	0.12915071202599018	0.32229502010089445	-0.19492427828521675	0.17128588255130017	0.4153357391720882	0.756237143059459	-0.400181750089681	0.4046067490084077	0.34442336465517986	0.7146462322807852	-0.028914078736790527	0.03870606430270646	0.8831580613932035	0.9409030115612207	0.196738568416837	-0.41452167283379104;0.35669351536021	-0.14696700789003017	0.07353015803006482	0.06355009479742475	0.6069822317542874	0.4627611096133054
t__SGB17256	0.06817154634327015	0.1728334160219627	0.7217481280844569	0.8327888756129955	0.009576233551279444	0.17088154961491017	0.9680402632523288	0.9835883367159498	-0.07553717340657723	0.4007596494979017	0.8569500316054373	0.9622309953574324	0.02893605291765168	0.013522803755970777	0.8034908757811734	0.903481059228755	0.1162875907221866	-0.19898762489783406;0.2568597307331374	0.24883182064353276	0.0	0.0	0.0	1.0
t__SGB19823	0.18701298068507868	0.17316050580330306	0.32936150122840824	0.5512576183702059	0.19867161968432684	0.17130159694827043	0.40644881807401545	0.75146009227582	0.17733549644165642	0.40140344536826467	0.6726828153132034	0.8841103835459235	0.1915929133501486	0.013580478029737927	0.1001604866763468	0.32355049340347597	0.11653530808187675	-0.036816290490329806;0.420002117190627	1.6440760873566063	0.0	0.0	0.0	1.0
t__SGB8047	0.2177331591261655	0.17329443427551594	0.2564193290774452	0.4799199605030562	0.32850670647058106	0.1720292630773227	0.17080201618691881	0.5893762478921409	0.5911573672551269	0.4092734292093239	0.16751671882999714	0.5228409139820756	0.29948070195150056	0.013687473085647248	0.010473034159236505	0.07567728379541211	0.11699347454301563	0.07017349184718993;0.5287879120558112	2.5598068877028592	0.0	0.0	0.0	1.0
t__SGB17137	-0.16473711129979343	0.17307605395051437	0.3900278056129016	0.5993769883759986	0.23009708409509408	0.1714450886879723	0.33652713762562125	0.7061970994113416	0.44789258242327024	0.4056086360812402	0.29121142996752236	0.6584046346570235	0.09016725083204091	0.02694782974117691	0.5828192594859729	0.7962561522940296	0.1641579414502293	-0.2315823144104085;0.4119168160744903	0.5492713300098158	0.03754741330725235	0.032749843270501636	0.44123866177565035	0.7431823167542685
t__SGB8255_group	0.32445328958046993	0.17391632639480303	0.09177380482413794	0.25421343936286206	0.3065433907786087	0.1718812309961481	0.20102448425096842	0.6293485471783643	-0.20436883766931993	0.4016612226531601	0.6265829249012034	0.8615240524429624	0.27132558581081534	0.013678310239364838	0.020344767420972465	0.11926985345205021	0.11695430834032938	0.04209514146376975;0.5005560301578609	2.319928095519796	0.0	0.0	0.0	1.0
t__SGB17234	0.07604999642839019	0.17284568224982097	0.6911784405774501	0.8158403632855983	-0.16240930121486832	0.17116204335528448	0.49718514529255387	0.8074638324086464	0.8959621249620111	0.42023605521359925	0.041650128784641686	0.32818260645807223	0.17226305679261417	0.08349151936089684	0.5510608860230657	0.7807870354393309	0.2889489909324773	-0.3940769654350413;0.7386030790202696	0.5961711658403723	0.08599870180641091	0.18714442037466095	0.6416259121163218	0.39097027447521693
t__SGB969	-0.08532488723983114	0.17286183881895545	0.6558356220195226	0.8032211580335197	0.3064541279366749	0.17188065000824312	0.2011548903952466	0.6293485471783643	0.03728140421795182	0.4006516080324534	0.92908848008291	0.9717582368376148	0.10378772350475209	0.017465564076594376	0.43225747161198735	0.6953230535200764	0.1321573459047751	-0.15524067446860712;0.36281612147811126	0.7853345025522492	0.014559075263897053	0.009226099131502965	0.2350441889401335	0.9717321964958825
t__SGB5868	0.08240858235104374	0.17285655870386898	0.6668693966652177	0.8063407412254538	0.187686684885866	0.17125637502399857	0.4328250009574067	0.7747497593874099	0.7520101512173293	0.41453482496399907	0.08306490968981815	0.38073590854359946	0.197526021114122	0.01846961833494612	0.14610325529229273	0.40879395672692004	0.13590297397388373	-0.0688438078746901;0.4638958501029341	1.4534341327370826	0.00534266662667542	0.011475765483616463	0.10048088822268644	1.0
t__SGB17168	-0.1311353995322311	0.1729688411115657	0.4936002237306838	0.68534968407719	0.4201845972954917	0.17275589457918572	0.0804664799965674	0.4245564754104604	-0.3530068976115713	0.4037249023405709	0.4032081356744608	0.7570180688607148	0.047887598617743166	0.049996465011540404	0.830416499736212	0.9155238623957441	0.22359889313576756	-0.39036623192836123;0.48614142916384756	0.2141674225044852	0.10691009791668925	0.09423556353084303	0.6913138690670083	0.2865591531605481
t__SGB7298	0.18676819377026865	0.17315951988429099	0.32999265559827595	0.5514809387675562	0.34532290401531823	0.1721494312041489	0.15008970861783114	0.5695184833854687	-0.19732140018238742	0.4015905194353109	0.638461378230163	0.8615240524429624	0.22727024165888157	0.013643520423869513	0.05168891700212086	0.2197272902585931	0.11680548113795651	-0.0016685013715131702;0.4562089846892763	1.9457155558518477	0.0	0.0	0.0	1.0
t__SGB10116	-0.3441234677449799	0.17405736122696644	0.07391640413459509	0.2166650152939983	0.11655434748473012	0.17102559605770548	0.6259465037342993	0.8572913796509315	-0.2516963935905037	0.40219989956684515	0.5495918606880978	0.8307609572202079	-0.12969284702647	0.024205342618171394	0.4045035032913742	0.6709429365970697	0.1555806627385659	-0.43463094599405916;0.17524525194111917	-0.8336051842406842	0.03987959071873664	0.02581520377939426	0.45624614309584316	0.7145391131296394
t__SGB17154	0.148526110341326	0.1730212976385776	0.43822982992217474	0.6408218086826678	0.01578784636474469	0.17088323225628846	0.9473340931524075	0.9785416738896435	0.21592701636672224	0.40178252169865863	0.6073250877315335	0.86037103307673	0.09262274805946057	0.013542032225985724	0.4260718001736845	0.6927121581881736	0.11637023771560202	-0.13546291786311937;0.32070841398204053	0.7959315876437574	0.0	0.0	0.0	1.0
t__SGB8028_group	0.18879618635641163	0.1731677267499015	0.32478760408378715	0.547644495496495	0.16911232316319463	0.17118573582697116	0.479631763923139	0.7967496168318411	0.6235187229578464	0.41023570982030527	0.14641971430077744	0.49137768165038154	0.2148323824443427	0.013621360096454014	0.06566149751380523	0.247458977024817	0.11671058262408775	-0.0139203594988693;0.4435851243875547	1.8407275297073507	0.0	0.0	0.0	1.0
t__SGB6796_group	-0.1407848994004884	0.17299714370649513	0.46241943442731503	0.6614311150966664	0.2776240891664724	0.17170176222028236	0.24660024526554863	0.6572649898407794	-0.2563786895278038	0.40225922639360784	0.5422533940816749	0.824165652458842	0.026238899892729983	0.02506842388744853	0.8683751487907505	0.934780384016654	0.1583301104889671	-0.28408811666564554;0.3365659164511055	0.16572274099788734	0.036761723072951974	0.028059328005629724	0.4365734963895558	0.7497605146622571
t__SGB6806_group	-0.37822379823778207	0.17432121687965518	0.04979137333107686	0.1687120539780831	0.5691275207425706	0.17430557513261713	0.018448321290221253	0.19283716971287876	-0.05424261800565087	0.4006904715784278	0.8969894347377632	0.9717582368376148	0.059236116409455364	0.08709542781713331	0.840918152253548	0.919866205724777	0.29511934504049936	-0.5191977998699233;0.637670032688834	0.20071919176062947	0.311149924762475	0.19940580981514314	0.8657346938756731	0.01655296241660844
t__SGB1829	0.25403761716549095	0.1734787484400725	0.18585135122739788	0.39324631056130177	-0.04374186557931506	0.1709010036461611	0.8547964042454017	0.9332330166716553	-0.2226606002665725	0.401856245905443	0.5962375286547638	0.8554212437497243	0.07441154908390527	0.014361303801105348	0.5346449589958431	0.7685587581095628	0.11983865737359271	-0.16047221936833644;0.309295317536147	0.6209310978170419	0.002284768401681111	0.0018467498008330155	0.04602678563966515	1.0
t__SGB4335	0.008997044977572822	0.1727841108310435	0.9625043373043546	0.9801974317400964	0.04921236704453753	0.1709064337756042	0.8368803778123323	0.9217330602545369	-0.8031789021239529	0.4164559699405295	0.06539668910341659	0.37514666096977917	-0.1333719055432552	0.05459242525305341	0.5681225723201093	0.7853155496927571	0.23365021988659332	-0.5913263365209781;0.32458252543446764	-0.5708186605088147	0.04087657060007212	0.10614695226928131	0.4609120662826501	0.7069340084274224
t__SGB6478	-0.17729452999509152	0.17312235116052058	0.355027001028567	0.5648860009936917	-0.5811531806216764	0.17445034778802346	0.0161620556937245	0.18499590613835806	-0.517138083906368	0.4072578682514177	0.22492129411888034	0.5850139085398888	-0.3930304614258663	0.019126866024509418	0.004484968741974571	0.04073233906645758	0.13829991332068656	-0.6640982915344119;-0.12196263131732066	-2.8418706273120837	0.019508505920413498	0.012643711238367548	0.28765889199316336	0.9211117264478398
t__SGB14341	0.13526593372244725	0.17298071090240785	0.4801154413137142	0.6762433638796904	0.28040288488938603	0.17171824314614131	0.2419265952075657	0.6557600302681893	0.07810476231734935	0.4007695232967224	0.8521465331081588	0.9622309953574324	0.19734067568942393	0.013594537942842704	0.0905464424382274	0.30680568263472774	0.11659561716823966	-0.031186733960325785;0.42586808533917364	1.6925222446798713	0.0	0.0	0.0	1.0
t__SGB15107	0.2509501299572237	0.1734619780197513	0.19121997986065759	0.3965688733456911	-0.4364363383600487	0.17290290101500086	0.06955739590740619	0.40140413888232324	-0.8049411339693644	0.41652422190884564	0.06485203670272167	0.37430028375162494	-0.26234412706694593	0.09098101728758062	0.3844353831798748	0.6533043014774559	0.30163059739950226	-0.8535400979699703;0.3288518438360785	-0.8697530334413575	0.2072560513674267	0.20879947285614692	0.8106003799859697	0.07417705100820508
t__SGB15090	0.06803003024644563	0.17283320793553625	0.7223015428376252	0.8327888756129955	0.21825431923361868	0.17138855808945191	0.3619036769016948	0.7264751836063134	-0.589047273635814	0.40921238896969225	0.16897322572116938	0.5230949574685699	0.017437626834403214	0.04051274817193579	0.930961938243273	0.9703723683664596	0.20127778857076056	-0.3770668387642875;0.4119420924330939	0.08663463046879065	0.031611708375116745	0.06822289434128231	0.3989136198443408	0.798119803583175
t__SGB5077	0.44494398880706637	0.17490809535283144	0.021369748830531214	0.08901384099334055	0.30612768475981883	0.17187852670131978	0.20163233018421678	0.6293485471783643	0.5684625195947212	0.4086279082399779	0.183720019662852	0.5385232322392592	0.390354307137335	0.01378814111133339	0.0008862641663274218	0.012920798635405044	0.11742291561417384	0.16020539253355426;0.6205032217411157	3.3243452106056908	0.0	0.0	0.0	1.0
t__SGB15239	-0.6981020258797719	0.1779682691096626	0.00037141366998970983	0.0035784899682486824	-0.5478615584093138	0.17405669040759575	0.02319846929272884	0.21419919980286295	0.33237297199121146	0.40337337822066355	0.43083626082148196	0.7864358764253739	-0.39400621788863466	0.08522342248456921	0.17712585325034746	0.4460351031849659	0.2919305096843583	-0.966190016869977;0.17817758109270765	-1.349657554856609	0.08522991160932009	0.1931403319017868	0.6342566839952993	0.4077231159123813
t__SGB15408	-0.8229918264708608	0.17994894593067487	3.200278039040796e-05	0.0005275269738734108	-0.6336770284020957	0.17511659766130142	0.008861480733521313	0.1264934554465898	-0.015020894669608691	0.4006224577250219	0.9713955523385582	0.9919873474572557	-0.599883361091466	0.04100244155538233	0.0030512748256910083	0.03101662850335447	0.2024905962146942	-0.9967649296722667;-0.20300179251066536	-2.962524543388816	0.03565488650044992	0.06838497434184265	0.4176859189848632	0.7786474886674216
t__SGB6461	-1.0463925750590333	0.18422835292060696	2.1212505936065628e-07	7.122259568836581e-06	-0.4498746406704753	0.17302857223801577	0.06149123689817346	0.3828644144060536	-0.6587169550991747	0.4113377835128977	0.125994001477245	0.4579708309066348	-0.7278245983523886	0.037581323026997626	0.00017375626327775784	0.004162567762364197	0.19385902874768982	-1.1077882946978606;-0.3478609020069165	-3.7544013454212766	0.09125229670445938	0.058152510653885575	0.642695366750047	0.38883585863200926
t__SGB14247	0.24809025418402222	0.1734466254523297	0.19629503116302907	0.4005430838464755	-0.0796228769103737	0.17094826612082462	0.7390825624263542	0.8920517202270157	-0.1503442524261047	0.40118236541066243	0.7200626063348304	0.913893892117975	0.0614519231946202	0.014411238155833526	0.6087212440932503	0.8096796380015863	0.12004681651686365	-0.17383983717843254;0.29674368356767294	0.5118996486340619	0.0027827761961510926	0.0019717489437925495	0.055531198163160454	1.0
t__SGB6184	0.35899826918682676	0.17416944241572124	0.06240853673215448	0.1975675962835062	0.08160291661897527	0.17095167416158413	0.7328419123650722	0.8913159592760702	0.2983778150277427	0.4028398058876212	0.4788403464327353	0.8006735026947556	0.22449151971060144	0.013634136138957718	0.05453186812899413	0.22629704077500185	0.11676530366062395	-0.004368475464221477;0.45335151488542436	1.922587555315932	0.0	0.0	0.0	1.0
t__SGB4343	0.14137433228414942	0.17299893749265366	0.4605514735478067	0.6601436386687837	-0.2517822995332303	0.171556287873532	0.2931368733516997	0.689168910091153	-0.6103057099272859	0.40983689501564124	0.15475610316419766	0.5043228303115618	-0.14654677899069793	0.037211204408664926	0.44743676569415536	0.7069340939026498	0.19290205910944788	-0.5246348148452158;0.2315412568638199	-0.7596952550286199	0.054407863315740504	0.05931327798321295	0.5326660186730346	0.5814409574251654
t__SGB4447	0.06453206402910382	0.17282820186120212	0.7360267917676551	0.8389617989804609	0.10805515226777562	0.17100522394520892	0.6513237737299004	0.863398905225723	-0.2856932489252473	0.4026552844813664	0.49752513345896765	0.8006735026947556	0.05543442879825075	0.013542212445939023	0.6338183336142302	0.8204097122015971	0.11637101205170909	-0.17265275482309905;0.28352161241960055	0.4763594285286325	0.0	0.0	0.0	1.0
t__SGB3579	-0.1666356588140734	0.17308283623531284	0.3846039186668385	0.5943391100179318	-0.6894206883876929	0.17588356252319043	0.004496702199682166	0.08552522777838749	-0.47793821798256514	0.40629598357553565	0.26088652198664586	0.6222837348455598	-0.43365145591731447	0.029389586852203334	0.011420738337806657	0.07958602564962122	0.17143391394996305	-0.769661927259242;-0.09764098457538689	-2.529554660018354	0.06084114853787503	0.038267067723120246	0.5560023661112662	0.5470338731543579
t__SGB7088_group	0.1531448251709953	0.17303632280963824	0.42415482894091183	0.6299779496870379	-0.10431573211828267	0.17099674843188645	0.6626221751176871	0.8657846344698081	0.43319476554394953	0.4052882493575794	0.30693752542084995	0.6774637015264975	0.05801170318375594	0.014152947359547948	0.6258105467642208	0.8186518132405627	0.11896616056487638	-0.1751619715234018;0.29118537789091364	0.4876319695306981	0.0014294749860729774	0.0013639760337477973	0.029260108910540487	1.0
t__SGB15213	0.27910345756776056	0.17362242355614366	0.14636683437994155	0.3465266078909727	-0.3558500730915369	0.17222766562825056	0.13814475572715962	0.5525790229086385	-0.15760899846878487	0.4012382988432292	0.7071868534729949	0.9077127156627908	-0.060513431830170265	0.042333382078579715	0.768673586380985	0.8908894704080872	0.20575077661719704	-0.46378495399987646;0.3427580903395359	-0.2941103446853888	0.11481717117829776	0.07342362695175272	0.7066793291294348	0.257105644686941
t__SGB7985	-0.3315997508109568	0.17396661968853747	0.0849177645244359	0.24171727181648114	0.15805621308314668	0.17114716840383357	0.5087674439102199	0.8157949751845495	-0.788595007329715	0.41589644943815246	0.0700609018349252	0.38073590854359946	-0.23403775748456715	0.06469208387041754	0.35749246668157575	0.6287327826717237	0.2543463856051773	-0.7325566732707146;0.26448115830158037	-0.9201536594581875	0.11253562808858879	0.134136022848205	0.7005017120136214	0.26975568914701786
t__SGB17237	0.37577828616262315	0.17430147902600265	0.0512654573874713	0.17212765692520665	0.030266113186439493	0.17089035324731947	0.8992348893069064	0.94981149413923	0.1365283774102296	0.40108325536527917	0.7447822430166571	0.9267114053617324	0.194252268025974	0.013796360923780449	0.09816750822241671	0.3199104826274454	0.11745791128647082	-0.03596523809550878;0.4244697741474568	1.653803187017413	0.0006213003696531625	0.0003934363510093429	0.012909941037253863	1.0
t__SGB33551	0.10721730404479089	0.1729073320280533	0.575550653907789	0.7475042123169785	0.13054868928091087	0.17106249279710967	0.585132040719452	0.8386477556761205	0.4436546115170306	0.405515185178986	0.2956853692675716	0.6605229619928817	0.14579435478487565	0.013567976455351113	0.2106971494985812	0.49531114166166484	0.11648165716262417	-0.0825096932538677;0.374098402823619	1.2516507606114067	0.0	0.0	0.0	1.0
t__SGB6174_group	-0.5136553000315556	0.17560933899717154	0.00809686319717694	0.042118894002216196	-0.57908877371401	0.17442528850681935	0.01653566729000099	0.18499590613835806	0.7727570354891612	0.41529959932759064	0.07545429746016194	0.38073590854359946	-0.17819814924115612	0.1754508305468428	0.6705251229771128	0.842359357547675	0.4188685122408258	-0.9991804332331746;0.6427841347508625	-0.42542741703798026	0.18061869408420686	0.4561313323139917	0.7858504692707025	0.10821117336254994
t__SGB19882	0.16879096984361638	0.17309062963474967	0.3785033552395801	0.5873401106307536	-0.3186118481171457	0.17196132046175203	0.18396261609515596	0.61068184633915	0.3008050410181196	0.4028760181823029	0.47531218872175773	0.8006735026947556	-0.015067098893940683	0.034469618338237785	0.9353192629076854	0.9724471245449374	0.1856599535124303	-0.3789606077783041;0.3488264099904227	-0.08115427483898358	0.06642641255615085	0.05236118554709974	0.5828111350866997	0.5078987634141057
t__SGB1853	0.1852515740436937	0.17315344011363354	0.333920726098034	0.5546988973262694	-0.1403617885489749	0.17109085282055836	0.5572793415295363	0.8277017565881049	-0.2887470236225623	0.40269898265180487	0.4929891839137812	0.8006735026947556	-0.008865389740016584	0.016135727543649548	0.9443594816923546	0.9749646294497676	0.1270264836309718	-0.2578372976567213;0.24010651817668816	-0.06979166459312278	0.007806474972438649	0.006071400118798714	0.14150527821254727	1.0
t__SGB4327_group	-0.07506664019542074	0.17284407808177255	0.694967554651966	0.8172608497625099	0.026469341853439028	0.17088805276051577	0.911819584130569	0.9576266343285975	-0.46868973259243685	0.40607978076952783	0.26996226928482203	0.6350704763642947	-0.06029434336698219	0.013553744475080272	0.6045272000029667	0.8080802679785872	0.11642055005487764	-0.28847862147454234;0.16788993474057798	-0.5179012067763036	0.0	0.0	0.0	1.0
t__SGB4425_group	-0.43738799193355465	0.17483696000971544	0.023631494375960477	0.09591097351122421	0.34907254361529017	0.1721770319852382	0.14574687618874638	0.562674351279202	0.021234000481922904	0.40062809767700175	0.9595731180379088	0.985363313054683	-0.02925877684535023	0.06113030981908805	0.9057990627557555	0.9531105047800352	0.24724544448601687	-0.5138598480379433;0.4553422943472428	-0.1183389926806315	0.19856745895981046	0.12540537828626977	0.8056798904526865	0.08066807021737132
t__SGB5054	-0.27196488470611513	0.17358014237057565	0.15688614518554486	0.35637965948918754	-0.09086032167026296	0.17096871755945736	0.7039069897404979	0.8813727600712724	-0.18651013291973162	0.40148685537625184	0.6568773316276248	0.8695898101500685	-0.18058538003725494	0.013586161681325738	0.1213107535469291	0.3662460897275135	0.11655969149464036	-0.40904237536675003;0.04787161529224018	-1.549295281427187	0.0	0.0	0.0	1.0
t__SGB4423	0.19221214405345244	0.17318174990194374	0.316143056052861	0.5410003879220282	-0.36990156218447134	0.17233569370961052	0.12337115202745931	0.5255965133774699	-0.41570094914560984	0.4049205352398173	0.32642736153141616	0.698601544199593	-0.14603305841002007	0.04028194919728613	0.46685514473945533	0.7214442125122964	0.20070363523684898	-0.539412183474244;0.24734606665420394	-0.7276054478918006	0.09275558451857707	0.0676776676398516	0.6601891405499115	0.3530368181586939
t__SGB29334	-0.28430686031174845	0.17365392643571237	0.1390493809460356	0.3342593268543415	0.15928603862285262	0.1711513300178238	0.5054808067194336	0.8128591510592006	0.28574370257872644	0.4026560027146065	0.497449999071058	0.8006735026947556	-0.011439847515670185	0.028450633701156164	0.9459268742405236	0.9749646294497676	0.1686731564332516	-0.34203923412484327;0.3191595390935029	-0.06782257329842069	0.04707304683515954	0.03668232405835866	0.49781950287350724	0.6544498243472695
t__SGB14313	-0.34760210901620325	0.1740831542433988	0.07107880870635162	0.21285221634226376	-0.7327980353762198	0.17652253381720504	0.002578174081791568	0.07000721926270871	0.08138043023973109	0.40078259875180466	0.8460268745517361	0.9622309953574324	-0.4243272327660623	0.04421478231355573	0.043593198220903684	0.19649372315690752	0.2102731136250085	-0.836462535471079;-0.012191930061045686	-2.0179814026190157	0.06308573881747004	0.07782788599934805	0.5643137932896383	0.5344626299601275
t__SGB14294	-0.2506656042693533	0.1734604427896118	0.19172047318576746	0.3965688733456911	-0.43507058837448215	0.1728903372173465	0.07042425243059366	0.4040571743670439	-0.058668790703440055	0.40070298248372016	0.8886401932187877	0.9687651040867405	-0.3188716615039602	0.013714004823926096	0.006470908330353131	0.05271887080905345	0.11710680946864745	-0.5484010080625091;-0.0893423149454112	-2.722913065011223	0.0	0.0	0.0	1.0
t__SGB5121	0.15883716969534095	0.17305547165663374	0.4071810874579139	0.6154933764029586	0.2937842670333304	0.17179988261459114	0.22030309895755845	0.6479449839646735	-0.3847873235623125	0.40430705216881135	0.3629320556252945	0.728511360376724	0.15491556109205984	0.021356838964301163	0.2891216225908524	0.5813915750102803	0.1461397925422818	-0.13151843229081245;0.4413495544749321	1.0600505064165806	0.00960212899259083	0.01865726397931608	0.1679591615245474	1.0
t__SGB4350	-0.754730692984572	0.17882875539147433	0.000126476767930055	0.0015570695429611217	-0.07525122842184274	0.1709410378583742	0.7529221983649499	0.8941455474687723	-0.2981509815533285	0.40283643653591	0.4791708460166594	0.8006735026947556	-0.38945553503015656	0.047665415857345475	0.07444947469691177	0.26734474384329343	0.2183241073664232	-0.8173707854683461;0.03845971540803289	-1.7838411878928047	0.13618959779607356	0.08725635911184842	0.7369105506497524	0.19969615216764625
t__SGB15095_group	-0.3489583082359743	0.17409327926906834	0.06999728135557057	0.2119763451704755	-0.5917432328590161	0.1745802419557724	0.014361009787298087	0.17456675675199518	0.07706349498155626	0.4007654792982633	0.8540938619084903	0.9622309953574324	-0.40163386822755076	0.022845532364656154	0.007878489979230574	0.06062060345130192	0.15114738623163868	-0.6978827452415626;-0.10538499121353895	-2.657233302149418	0.01621992335442595	0.021837946897282162	0.25151232464363354	0.9503421219633396
t__SGB15179	-1.4720952134508707	0.1947845010469904	2.8355501520622764e-12	4.488270812121432e-10	-0.9041546730164706	0.17939912424443544	0.00022681815059722457	0.012978579752613316	-0.2639185992969803	0.4023570395446844	0.5305469927366702	0.8153204825967136	-0.9454990865383702	0.1115806696671526	0.004647202315099852	0.04119280132104509	0.334036928597951	-1.6002114665903542;-0.29078670648638627	-2.8305226326529276	0.19309523353777788	0.2666792559629318	0.7808499721428332	0.11672995976372291
t__SGB4365	0.017721808979407627	0.17278662820524018	0.9262225636699482	0.959116449108694	-0.205534070838895	0.17133114631706262	0.39047485693016126	0.7437647049652578	-0.2216794333471619	0.40184536332592036	0.5978469761443956	0.8554212437497243	-0.10549952534260058	0.013558550250135198	0.3649185382174098	0.6341998083849733	0.1164411879453967	-0.3337242537155781;0.12272520303037697	-0.9060327123429294	0.0	0.0	0.0	1.0
t__SGB5785	0.1304852516153061	0.17296700625612785	0.49574126367253024	0.687460976406963	0.10708301984681129	0.1710029919063831	0.6542533601253917	0.8640199320845459	0.1959997761015837	0.4015775351756347	0.6407001978456688	0.8615240524429624	0.12514766338797548	0.013545820330763741	0.2822510257317732	0.5741414097056722	0.11638651266690545	-0.10296990143915918;0.35326522821511014	1.0752763401902432	0.0	0.0	0.0	1.0
t__SGB15377	0.05101080972216723	0.17281133439083818	0.789849995824456	0.8866806437421452	-0.5446363469062663	0.17401974167239773	0.0240056763360465	0.21624625512471157	0.0930223624848846	0.4008334124104594	0.8243600939725801	0.9622309953574324	-0.1830878733982575	0.04481253263263924	0.3871003037336105	0.6557414726676648	0.21168970837676365	-0.5979997018167142;0.23182395502019926	-0.8648879286677421	0.10883470962481442	0.0800532212598168	0.6945692543024213	0.27867310736235573
t__SGB14291	-0.7859958953830238	0.17933066287282862	6.807700787083566e-05	0.0009796016197517652	-0.24628386284410902	0.1715271524126631	0.3037621291289823	0.6936823936162562	-0.9128883375763633	0.4209662359255409	0.038272436670551406	0.32446004994653016	-0.5799272443870269	0.041504310382066825	0.004418842419789737	0.04046344959609115	0.2037260670166359	-0.9792303357396333;-0.1806241530344206	-2.846603053205121	0.08933660836443892	0.06906167511505218	0.6427129452507354	0.38883585863200926
t__SGB13947	0.18915566920312996	0.173169190709496	0.32387062445417336	0.547644495496495	0.1151876029844311	0.17102221618333413	0.6299983156443502	0.8596528740565763	0.3123657062472568	0.4030524740438745	0.4587187056525953	0.8006735026947556	0.165130148794789	0.013569899148384737	0.15632249577497603	0.41841459730441566	0.11648991007115053	-0.06319007494466605;0.39345037253424403	1.4175489421695804	0.0	0.0	0.0	1.0
t__SGB14248	0.0820926098301885	0.17285599763466108	0.6680693144810168	0.8063407412254538	-0.1441926876079519	0.17110248041748397	0.5465859666635605	0.8210992815460325	0.07317716680763382	0.40075086483322403	0.8613701887548341	0.9622309953574324	-0.02331880639133916	0.013540538348940461	0.8411711393363885	0.919866205724777	0.11636381889977855	-0.25139189143490515;0.2047542786522268	-0.2003956780708882	0.0	0.0	0.0	1.0
t__SGB15042_group	-0.1168774530096684	0.17293069112251	0.5416812441166767	0.721373579905382	-0.731537524275092	0.17650344952777824	0.0026210941282951614	0.07000721926270871	0.3740993308077746	0.40410576864812564	0.3761670921803604	0.7376869701519279	-0.22685758842042392	0.09465465590438009	0.46090061909596747	0.716238269226272	0.30765996799125506	-0.8298711256832838;0.37615594884243597	-0.7373646623628074	0.1871054611584879	0.22070888409607986	0.7938300891790098	0.09797342746591414
t__SGB4247	0.0658425781666665	0.17283004645667602	0.7308743577852113	0.8360805712987713	0.2772549653641173	0.17169958519351158	0.24722585502232838	0.6572649898407794	-0.2997269117399568	0.40285989753101054	0.4768774461423809	0.8006735026947556	0.13240821752194112	0.013720627089560157	0.2583123076550744	0.5535977502549757	0.11713508052483747	-0.0971765403067403;0.3619929753506226	1.1303890937597052	0.000251927856942434	0.00029613351437164783	0.005283354605884684	1.0
t__SGB15085	-0.49275720288935615	0.1753857270625736	0.010992225218089438	0.05326739623038231	-0.44852106663482	0.1730157455851021	0.062266536225458115	0.38491473169357904	0.9124262138907403	0.42094613586343355	0.03836125139259517	0.32446004994653016	-0.08032705362376631	0.19390886334985885	0.8552562443053786	0.927224969364344	0.4403508412048952	-0.943414702385361;0.7827605951378283	-0.18241603309755036	0.1956271213046369	0.5099390277362488	0.7994343391515086	0.08960554904933238
t__SGB4364	0.07933104782182843	0.17285118562153987	0.6785927027894922	0.8111878388502399	-0.6456438751873107	0.17527607522518723	0.00768738591975589	0.11830032776513232	-0.6344043205331451	0.41057039317806365	0.13983090983061108	0.4796676411526845	-0.3562424849825762	0.06218440757037784	0.15312461202481775	0.4157508308063727	0.24936801633404762	-0.8450037969973095;0.13251882703215712	-1.4285813001189456	0.17887686911127315	0.12718219666430328	0.786420491678563	0.10743046301173848
t__SGB4891	0.22288625958179603	0.17331887984869154	0.24539072362598463	0.4687255685350121	-0.4436775730654423	0.17297015687934647	0.06510807325811449	0.3914466342329132	-0.18720195201280068	0.40149331479161054	0.6556920205372179	0.8695898101500685	-0.12492602587191598	0.04558381840425269	0.5584646488120346	0.7850825271339886	0.21350367304627968	-0.5433932250426241;0.2935411732987922	-0.5851235441969967	0.13000122055027769	0.08219745227128786	0.7312982282472122	0.21121484177755265
t__SGB15507	0.3257734429638644	0.17392553556692153	0.09047447102067334	0.25250809544308833	0.18985081229144357	0.17126508166258006	0.42755083248185743	0.7677898255914068	1.3422148569860093	0.4434364078694938	0.00375282920701009	0.12994171129272436	0.5182933784503864	0.10910684799956767	0.11662545351766584	0.3550027541142136	0.3303132573778529	-0.12912060601020525;1.165707362910978	1.569096507251293	0.09542859320030785	0.2574401509410362	0.6598663853148212	0.3530368181586939
t__SGB15065	-0.2614117056618185	0.17351962554242345	0.17348630269116894	0.37913771870180507	-0.12977367788295424	0.17106034034797782	0.5873593602145983	0.8386477556761205	-0.1789442728159114	0.4014177684459944	0.6698998426093631	0.881530909276929	-0.19332853081951631	0.013588256704034666	0.0972176631945747	0.31868985449582476	0.11656867805733521	-0.4218031398118933;0.035146078172860695	-1.6584946663324618	0.0	0.0	0.0	1.0
t__SGB15413	-1.0560137365362836	0.18443310562275536	1.681943213821722e-07	6.426183037636096e-06	0.01748063937648428	0.170883833709798	0.941696868949999	0.9772152042692518	0.8545194763444929	0.4185008627970162	0.051085105498759456	0.3559892886328646	-0.10649421190630208	0.2984895268723467	0.8454538014760498	0.9217640509503284	0.5463419504965243	-1.1773244348794898;0.9643360110668856	-0.1949222676558489	0.6463413553852939	0.8208489432738575	0.9273731604348082	0.00012897046764701357
t__SGB15460	0.19691300671598316	0.1732014570264326	0.3044988882387874	0.5295559340962969	0.2481128373815138	0.17153677304354586	0.3001994345270288	0.6929228544640521	1.4761541924949124	0.45189485420799674	0.0017347540167719428	0.09624339680404241	0.5477579833908287	0.15121245927276328	0.15894652799034015	0.4187563687295651	0.3888604624704899	-0.2144085230513315;1.309924489832989	1.4086234941727904	0.12876531695847251	0.37865598341102225	0.7228203188094544	0.22672015130727516
t__SGB4654	0.34903352372670793	0.17409384194476063	0.06993770131783351	0.2119763451704755	0.3786587216638555	0.17240509902725165	0.11481396296395135	0.5078692610652754	-0.5508776722168517	0.4081444399198868	0.19710924964294554	0.5571353280724073	0.15836686766173821	0.07296074499344687	0.5576741099296612	0.7850825271339886	0.2701124673047264	-0.3710535682555255;0.687787303579002	0.5862997337441563	0.06310955717837811	0.15818633231704846	0.5674602982770353	0.5302888457399417
t__SGB15398	-0.5995485059399426	0.1766223596082276	0.002096702887871305	0.014966415064946484	-0.8955192477909096	0.17924095788878064	0.00025858756053545877	0.013209371902396181	-0.5014172608228592	0.4068632844795738	0.23886392871810802	0.6015028023174175	-0.7240681834966047	0.014446060730191009	1.6986994033629799e-09	2.68879848418026e-07	0.12019176648252994	-0.9596440458023634;-0.48849232119084607	-6.024274413188271	0.0	0.0	0.0	1.0
t__SGB15238	-0.3001316620546941	0.17375327269553303	0.1185383431222333	0.30544298646380114	-0.44737844130868026	0.17300494725860308	0.06292735798018372	0.385212777027865	0.28290322843436116	0.4026157625809556	0.5016900086537841	0.8009690628074824	-0.2783314891993536	0.029132680014749376	0.10295518015964111	0.3291775123153369	0.1706829810342829	-0.612870132026548;0.0562071536278409	-1.630692688355664	0.019105648543897354	0.03812622403343842	0.28504251785505685	0.9211117264478398
t__SGB15270	-0.2266118717821868	0.17333690754801934	0.23762966445635336	0.46030361576510403	-0.6540461368819351	0.17538974315041012	0.00694927894937568	0.11111334860637012	-1.400993891118609	0.44706897042679516	0.002679468167400644	0.1169574208634414	-0.6634135548593291	0.0999085621795039	0.03582945032481355	0.1764401375995263	0.31608315706393453	-1.2829365427046406;-0.04389056701401739	-2.098857658287498	0.13340149059736212	0.2299292035890225	0.7267061614339189	0.2186841878989907
t__SGB14943	0.2518253037877848	0.17346671107289305	0.18968660669029744	0.3963827363897494	-0.5643280596955668	0.17424860830188899	0.019437888342779396	0.19510955110742115	-0.8508745075406465	0.4183518450946453	0.05200032502731803	0.35786559087123215	-0.3293633172491798	0.10768556533441222	0.31553152997488065	0.592238720771314	0.328154788681214	-0.9725467030643592;0.31382006856599964	-1.003682800341944	0.2823752000376994	0.25671531408188974	0.8526126496816646	0.026944307524453953
t__SGB6584	0.17545647676210577	0.1731153629625676	0.36002107030782415	0.5698619227158132	-0.1467717671897239	0.17111048435342022	0.5394451979506039	0.8210992815460325	-1.1008774134760813	0.4298921484639986	0.014364776241647559	0.1989521509468187	-0.27171043134241746	0.12817708698116592	0.44789506671449475	0.7069340939026498	0.35801827744008535	-0.9734262551249847;0.4300053924401498	-0.758928938726846	0.14445972437251306	0.31511995084232325	0.748808079815548	0.1768203756718523
t__SGB9391	0.08233912068955801	0.172856435176823	0.6671331062312171	0.8063407412254538	-0.16792508997925643	0.1711814698612285	0.4827156791125584	0.7978039155871847	-0.784338539351953	0.4157349402557888	0.07147613359379383	0.38073590854359946	-0.17871132856403305	0.04746062236975421	0.4120314807212657	0.6783519771755757	0.21785458996714807	-0.6057063248996433;0.24828366777157718	-0.8203239077541689	0.047366702362221076	0.08658487006826109	0.4974097384799228	0.6544498243472695
t__SGB6376	-0.4443493976927608	0.1749024545126194	0.02154055127320056	0.08938925397268248	0.008907020856997055	0.17088141751181526	0.9702726101358603	0.9835883367159498	0.07090697872756004	0.40074267742672626	0.8656265091006925	0.9622309953574324	-0.17527277777799924	0.02700889147405211	0.28619742365779244	0.5776079151417742	0.16434382091837865	-0.49738666677802135;0.1468411112220229	-1.0665005644784689	0.04508434012241987	0.032893434593117235	0.4863083514127196	0.6687603767136255
t__SGB9199	-0.037971198835939066	0.1727988060493214	0.8427382722507992	0.9075933693012356	0.22324362320125593	0.17141201239041562	0.3510682597461503	0.719918201185937	0.2857437025787265	0.4026560027146065	0.497449999071058	0.8006735026947556	0.1097629988563874	0.013569914420666865	0.34606325733109244	0.6214555739430314	0.11648997562308469	-0.11855735336485859;0.33808335107763343	0.9422527412275962	0.0	0.0	0.0	1.0
t__SGB6263	-0.35873482532763673	0.17416741676369166	0.06259849223963106	0.1976043572692627	-0.37431721209606683	0.17237049069031254	0.11899540488792848	0.515001360455439	0.583028507272483	0.4090394294205394	0.17318356782354985	0.5257188853383375	-0.14637603273790534	0.08031673912909695	0.6055080519969249	0.8080802679785872	0.2834020803189295	-0.7018441101630072;0.4090920446871965	-0.5164959712828485	0.0710298596529096	0.17909619924698353	0.5959797985283871	0.486898449192575
t__SGB15218	0.10736556865229258	0.17290767535029086	0.5750232644874512	0.7475042123169785	-0.33735054637840045	0.17209172368850653	0.15965418861307995	0.573877808999715	-0.30485870444679813	0.40293714239174855	0.4694540175444254	0.8006735026947556	-0.13949051306824511	0.023575202068602794	0.36362292048346223	0.6341998083849733	0.15354218335233738	-0.4404331924388264;0.16145216630233616	-0.9084833237531375	0.03623395389700997	0.02421408563498312	0.43251949973004755	0.7578148692858336
t__SGB47427	-0.31655672398747864	0.17386201214864283	0.0998656902013239	0.2692242937787515	-0.4218098259833064	0.17277035024290144	0.07931582449917171	0.4245564754104604	0.5518438233985721	0.4081706230440957	0.19635428254963747	0.5564208313682821	-0.15965415872075675	0.07562754265273497	0.5615432278146577	0.7853155496927571	0.27500462296611483	-0.6986632197343418;0.3793549022928283	-0.5805508176509048	0.06879536116165276	0.16577040789411218	0.5883417619318811	0.49934999020016174
t__SGB6340	-0.5055393889627817	0.17552142889826544	0.009127459867356151	0.04617911202297085	-0.06907936982820366	0.17093152731106104	0.7725973985069691	0.9020420627457553	-0.4607006347704945	0.40589632938212744	0.27798678234375	0.6403520890579522	-0.3053793686219473	0.022583741181792807	0.04214510906250313	0.19376257610478614	0.1502788780294583	-0.5999259695596856;-0.010832767684209044	-2.0320844327975722	0.0324534672656489	0.021403220653971152	0.40337934944821746	0.7976928691323576
t__SGB14211	-0.8188133217460593	0.17987779799638154	3.489138355553348e-05	0.0005522807568504442	-0.22919247078523933	0.17144066590649723	0.3384237137853878	0.7088345460760108	0.03959794252257371	0.4006560668347301	0.9246958869858342	0.9717582368376148	-0.40143360397220335	0.06057774326628081	0.10288776928722765	0.3291775123153369	0.24612546245011063	-0.8838395103744201;0.08097230243001347	-1.6310120861776887	0.13064218433380884	0.12318762136840149	0.7277509692305949	0.21679448908744
t__SGB6486	0.21950627942914117	0.17330278156902226	0.2525858763058337	0.473545094664744	-0.12125110186647031	0.17103751420623084	0.6121100784954063	0.8503656054131227	-0.6585848750163386	0.41133354059512856	0.12606597782177223	0.4579708309066348	-0.08627265914641277	0.0503390237200025	0.7005918573273004	0.8556122905662386	0.22436359713643944	-0.5260253095338341;0.3534799912410085	-0.38452164365125974	0.06358067384814042	0.09476033795740069	0.5711033708040232	0.5276235275461021
t__SGB49168	0.21109568813615134	0.17326378475752816	0.27113142021691583	0.4953322797160189	0.2165760152284394	0.17138078696485856	0.36559563794285654	0.7313047090545539	0.3790631955961461	0.4041985588435174	0.36998110595813416	0.7323934652122914	0.2276269317252175	0.013609453242705119	0.05103244792817163	0.2197272902585931	0.11665956129998568	-0.0010258084227544317;0.4562796718731894	1.951206820844143	0.0	0.0	0.0	1.0
t__SGB14202	-0.009290247943135032	0.17278416873351915	0.9612833535825451	0.9801974317400964	0.2916023786904324	0.171786314015617	0.22372989285210626	0.6512192760375093	0.2710964885443323	0.402452767298659	0.5195313841310285	0.814344604133516	0.15286103258724054	0.013595049669440726	0.18985399221062194	0.46642621589660554	0.11659781159799153	-0.07567067814482284;0.38139274331930395	1.3110111630077428	0.0	0.0	0.0	1.0
t__SGB4817	-0.8421823462237618	0.1802799863596803	2.1438644431250747e-05	0.0003770479052353306	0.23905646760954677	0.171489826713557	0.31811747236057514	0.7054769714909027	0.51826902576765	0.4072867088926483	0.22394272847724717	0.5850139085398888	-0.0701526209401831	0.1726792545173817	0.8659382500364854	0.934780384016654	0.41554693419321687	-0.8846246119588881;0.744319370078522	-0.16881996994246679	0.5014280202244497	0.44920716041643516	0.9105156412994955	0.0010354950129247106
t__SGB13972	0.18410167871882777	0.17314886335426197	0.33691922220050086	0.5576761838778896	-0.07427314643944224	0.17093947647954116	0.7560297875231244	0.8950780462016403	1.2390444197293773	0.43737079919902605	0.006722696727178996	0.1482779023941976	0.3625009811675284	0.14103943846431846	0.33442062045183496	0.6054543259160673	0.37555217808490804	-0.37358128787889133;1.098583250213948	0.9652479796977002	0.1449109409831031	0.3515042354768556	0.7484384273917459	0.1768203756718523
t__SGB6308	-0.4615671597377407	0.17506877501148904	0.017053484986792364	0.07558104546146376	0.04922115207138438	0.17090644300967217	0.8368516726894022	0.9217330602545369	-0.26695802543006325	0.4023972640058358	0.5258670735858297	0.814344604133516	-0.21244495918168443	0.028206185632886745	0.20588832119134404	0.48848877918631517	0.16794697268151856	-0.5416210256374608;0.11673110727409197	-1.2649525965826627	0.05690615154970409	0.035873647397602085	0.5438004294848553	0.5650828227904481
t__SGB14949	-0.011537025662942946	0.17278467405897416	0.9519303692104103	0.9757066133997545	-0.09028516303074284	0.17096760540449024	0.7056926427619279	0.8815191073057678	-0.3963787616668401	0.4045316404690703	0.34893478571865066	0.7159624862523425	-0.07989117599103705	0.013546828878260577	0.4924581976153559	0.7403577787758675	0.11639084533699623	-0.30801723285154964;0.14823488086947556	-0.686404293737376	0.0	0.0	0.0	1.0
t__SGB17169	0.106199526389815	0.17290498804569118	0.579177197491511	0.74880785860046	0.24011694606221928	0.17149523444032247	0.31598341762727766	0.7054769714909027	0.9076507367833986	0.42073896664704524	0.0392900647169211	0.3255764701675791	0.2909201351659613	0.038141242884148524	0.13632339917518554	0.3931129390569664	0.19529783123257802	-0.09186361404989157;0.6737038843818142	1.4896229688260478	0.026725438578144058	0.061173416612794955	0.35695969978662934	0.8326388466765686
t__SGB6249	-0.5126212045034243	0.17559806248975054	0.008222044767780712	0.04240600346342758	-0.44984680457857423	0.17302830807973607	0.06150709906523245	0.3828644144060536	-0.5943671886509719	0.40936668305430207	0.16532047061652902	0.5198520019481276	-0.4902122406493277	0.0139276241976571	3.269983343234806e-05	0.0011631376718826691	0.11801535577058225	-0.7215223379596689;-0.25890214333898653	-4.15380047323912	0.0	0.0	0.0	1.0
t__SGB5050	0.1550680932710585	0.17304271468937815	0.4183736324552967	0.6264297091357685	-0.4100807661665625	0.17266725106866793	0.08793107807950494	0.4425281114060735	0.029798841153390685	0.4006390412730593	0.9432918999774877	0.9740609740680861	-0.10195944563695337	0.035091302581655666	0.5862441989817542	0.7989650337906318	0.18732672682149673	-0.469119830207087;0.26520093893318025	-0.5442866982569462	0.08298703592483446	0.05402804999936417	0.6354979804581015	0.40624607775118454
t__SGB6430	0.165088518677304	0.17307730346113168	0.38902035131179014	0.598659096185366	0.23893821223461925	0.17148922516354628	0.3183560340662918	0.7054769714909027	-0.2426404112345152	0.402088235048097	0.5639322200100831	0.8375829755645738	0.1649425146182931	0.013592214079262088	0.15713435087138783	0.4187563687295651	0.11658565125804328	-0.06356536184747172;0.3934503910840579	1.4147754276657922	0.0	0.0	0.0	1.0
t__SGB5180	0.3170279363915118	0.17386521617361886	0.09936718848250231	0.2692242937787515	-0.1202734519485956	0.17103499466270217	0.6149789067929934	0.8503656054131227	0.17479455984294476	0.40138108565263725	0.6770880738821845	0.8867772882523173	0.10552325150774661	0.02138429344471264	0.4705361601762741	0.7242083388460072	0.14623369462853847	-0.18109478996418876;0.392141292979682	0.7216069577931121	0.029688796431890433	0.018801765831373718	0.3848678678068301	0.8120397119093578
t__SGB6517	0.1258451599745543	0.17295417518948436	0.5111663300262748	0.6957890585615631	-0.17609238050866613	0.1712114220900495	0.46172224001741835	0.7850433229156764	-0.050573320028441206	0.4006808433838057	0.903920261550234	0.9717582368376148	-0.02867216794851696	0.013555086753143639	0.8054741660062736	0.903481059228755	0.11642631469364492	-0.256867744748061;0.1995234088510271	-0.2462687926175681	0.0	0.0	0.0	1.0
t__SGB15091	0.24817290868288275	0.1734470667131387	0.19614696769429335	0.4005430838464755	-0.2826881573775069	0.17173191880524435	0.23813050062131474	0.6557600302681893	0.4223881582162697	0.4050593479428551	0.3188777423973015	0.6910106418146063	0.06137730440126813	0.04320522653049315	0.7677770666443453	0.8907821883161618	0.20785866960628116	-0.3460256880270429;0.4687802968295792	0.2952838316416002	0.09113569823894255	0.07562364406405511	0.6565562312987885	0.36082336203082055
t__SGB1858	0.320521587714481	0.17388911816891753	0.0957335597879236	0.2625563966460875	0.2901340030543393	0.17177723890991659	0.22605766823092524	0.6512192760375093	0.26952247818035746	0.40243155763690447	0.5219361082745653	0.814344604133516	0.30213486485047286	0.013673141712985119	0.009770530826320067	0.07122202733922786	0.11693220990379477	0.07294773343903513;0.5313219962619106	2.5838463593483127	0.0	0.0	0.0	1.0
t__SGB6783_group	-0.18215733538207496	0.17314118913001572	0.34202905269355355	0.5582030305867655	0.27054207914262096	0.17166049439406922	0.25879965413834116	0.6649797937799192	-0.9446285309560831	0.42236876075401397	0.032601895920529075	0.309577046440667	-0.20245173959587542	0.11082284127269523	0.5430915574915995	0.7724588519906191	0.3329006477504891	-0.854937009186834;0.4500335299950832	-0.6081446250222202	0.15762921380131018	0.2656401913825552	0.7654468809698597	0.14573818241743317
t__SGB7038_group	0.005755803962385293	0.1727835944535611	0.9760071024591825	0.984541559046725	0.16051428322826414	0.17115551837350965	0.502209712278255	0.811752182005414	0.9783702956964127	0.4239069270618004	0.027425600867591052	0.2813663496415823	0.2736146230214809	0.06943460132814942	0.2990987224464261	0.5886347859158795	0.2635044616854702	-0.2428541218820407;0.7900833679250024	1.038368084059535	0.060662453926439014	0.1468044695465082	0.5574325116352189	0.5454272772952414
t__SGB19880	-0.08528274603522601	0.17286176121397373	0.655994530040956	0.8032211580335197	0.08459967002519864	0.1709569912521838	0.7234308003847917	0.8904985139375601	-0.36431039915374863	0.4039263066690582	0.3885649107871362	0.7487476889602553	-0.029701763779302594	0.013548166938501794	0.79858619356644	0.903481059228755	0.11639659332859272	-0.2578390867033443;0.19843555914473912	-0.2551772601750741	0.0	0.0	0.0	1.0
t__SGB17130	-0.18106635279610925	0.17313691861581532	0.34491805609912574	0.5595449577713489	0.5394164033296532	0.1739603866924825	0.0253643572141369	0.22304529994653716	0.1375150570619737	0.4010900176854946	0.7430071279537982	0.9267114053617324	0.17054270975005514	0.052070995939817184	0.454840710047973	0.7128196700610383	0.22819070081801576	-0.2767110638532557;0.617796483353366	0.7473692360762088	0.1588021096048254	0.09999441952267252	0.7681533747710012	0.14063388029174512
t__SGB1024	0.4865321778078373	0.17532086041540243	0.012018900627865278	0.05715425706298167	0.1623145141810318	0.1711617151682538	0.4974358244701653	0.8074638324086464	-0.4021393735988485	0.404645685940525	0.3421166503714539	0.7146462322807852	0.1797721450915438	0.052363185569042646	0.43209349392591934	0.6953230535200764	0.22883003642232513	-0.2687347262962134;0.6282790164793011	0.7856142834315646	0.06408458948449855	0.1005853363578231	0.5719970482641081	0.5263511926947589
t__SGB6506	-0.33119006671500567	0.17396370732308403	0.08529914555978713	0.24171727181648114	-0.38419496016622456	0.1724497997989175	0.10965237350834485	0.5041279246773697	-0.9369078061556114	0.42202362120871384	0.03390576583007956	0.309577046440667	-0.40289708653381695	0.013834339738441765	0.0006138304439917697	0.009791218282664195	0.11761947006529899	-0.6334312478618029;-0.17236292520583094	-3.4254285137498064	0.0	0.0	0.0	1.0
t__SGB6499	-0.1299589730658335	0.17296552765097298	0.4974780476219398	0.6881469123159917	-0.0994582643607214	0.170986183915043	0.6774150702319082	0.8707377004837057	-0.2893813543317131	0.4027081173229539	0.4920499555164578	0.8006735026947556	-0.12914301018339974	0.013550863395865776	0.26725847754408605	0.563818476935891	0.11640817581194964	-0.35730303477482106;0.09901701440802155	-1.1093981095625316	0.0	0.0	0.0	1.0
t__SGB2071	0.18139002511327273	0.1731381829249079	0.34405930972655985	0.5595449577713489	0.5126374401718584	0.17366457444309663	0.03344358177818962	0.2704780190528036	0.8452906647050592	0.418124693437463	0.05343081910566402	0.3592384845357486	0.40966930195407153	0.02568776323450224	0.01058662363563978	0.07567728379541211	0.1602740254517314	0.09553221206867801;0.723806391839465	2.5560554855936326	0.02757475016360234	0.02872724439007547	0.3620273128244738	0.8318301321960025
t__SGB6529	-0.2904618457707821	0.17369193410527067	0.13076521389767615	0.32413390827432925	-0.32813680133648865	0.17202668624402317	0.17128082294338393	0.5893762478921409	-0.66220418538509	0.4114500985689604	0.1241060005919975	0.45382656322090176	-0.33808292910046467	0.013727725141480865	0.0039076873743304485	0.03700613342528322	0.11716537518175267	-0.5677270644566998;-0.10843879374422943	-2.8855191098565927	0.0	0.0	0.0	1.0
t__SGB6502	0.2514626135290303	0.17346474761344133	0.1903209528513959	0.3963827363897494	0.03176326296080635	0.170891345013378	0.8942793239240905	0.94981149413923	-0.7022385588243638	0.4127796599992535	0.10407585731217084	0.41933109055231016	-0.03690602288482652	0.06404626173176668	0.8840546705188776	0.9409534821661061	0.25307362907218656	-0.5329303358663121;0.4591182900966591	-0.14583116787051514	0.0632059641711487	0.13275829376854004	0.5693276577169797	0.5288317289010881
t__SGB6540	-0.567209023314752	0.17622329599658276	0.0035491709040885167	0.021847118676278202	-0.46720655224769986	0.17319614042489748	0.05225827844113815	0.35167274058138254	-0.913911880313954	0.421010787713916	0.03807638861035577	0.32446004994653016	-0.5478531112256613	0.01404892611538614	3.798118281217455e-06	0.00021041575277944702	0.11852816591589588	-0.7801683164208172;-0.31553790603050536	-4.622134384618773	0.0	0.0	0.0	1.0
t__SGB6350	-0.4319316046014035	0.17478633122200848	0.025392873605459946	0.10084338335071548	-0.22303719242268719	0.17141103152811202	0.35151240689674357	0.719918201185937	-0.7343969452446635	0.41390083008762346	0.09003924071638172	0.38818474207685194	-0.3583263319127275	0.013773170530196438	0.002263804631194022	0.02612807845169767	0.11735915188086712	-0.5883502695992271;-0.12830239422622794	-3.053245751779712	0.0	0.0	0.0	1.0
t__SGB6518	0.26063479477267715	0.1735152641970335	0.17475897795440182	0.3811672196328291	0.17684209960997682	0.1712142425617055	0.4598213125957529	0.7850433229156764	-1.1516065691347253	0.43255016474037056	0.010905605241874883	0.19180016838091063	-0.1617504995660065	0.1889328497098882	0.7097978407365548	0.8604551504771365	0.43466406535379504	-1.0136920676594448;0.6901910685274317	-0.37212760947779205	0.18033148919048175	0.49339004048668456	0.7874380847237977	0.10638603251662504
t__SGB6370	0.1962550104110977	0.17319867002740086	0.3061112032179565	0.5299550205710871	0.09526122308787499	0.17097746087025176	0.6902990735968639	0.8761184118503152	-0.8800427604152645	0.41956065053637337	0.04507067027229791	0.3423883382495985	-0.10200847688133952	0.09732313819995522	0.7436790138084977	0.8790600107844906	0.3119665658367179	-0.7134629459213065;0.5094459921586275	-0.3269852864128086	0.08838508686982655	0.22699799310770985	0.6478360793875882	0.3809552702009441
t__SGB15447	0.19212976998489986	0.17318140879559915	0.31634970078546815	0.5410003879220282	0.2911465362837613	0.17178349188837538	0.22445066449673723	0.6512192760375093	-0.10214473394688299	0.4008779641487498	0.8074809919845454	0.9622309953574324	0.21288121757965267	0.013614256390847648	0.06807872760922762	0.25397720603038454	0.11668014565832376	-0.015811867910661886;0.44157430306996726	1.8244853602003204	0.0	0.0	0.0	1.0
t__SGB14215	0.47503344561525007	0.1752031474385623	0.014143706202571316	0.06475713418367363	-0.2941327647825409	0.17180205910016055	0.21975930618551506	0.6479449839646735	0.6138289726093434	0.4099424419455961	0.15249633590898665	0.501382611831327	0.21127507165877524	0.08129808616716364	0.45870390070044564	0.7148297074206663	0.28512819251551336	-0.34757618567163096;0.7701263289891814	0.7409827481275115	0.22615719991659372	0.18172699582892307	0.8240209853776195	0.05673376089949303
t__SGB6347	0.25202576953117933	0.17346779751873057	0.18933666847079084	0.3963827363897494	0.13689842376489605	0.17108060957971066	0.5670346445302357	0.8303689203757982	0.07090697872756004	0.40074267742672626	0.8656265091006925	0.9622309953574324	0.18328231863617528	0.013582225598376888	0.11579734874111014	0.354429454157873	0.11654280586281114	-0.045141580854934554;0.41170621812728514	1.572660940152126	0.0	0.0	0.0	1.0
t__SGB15081	0.17379780806584458	0.17310911904960374	0.3645658485725157	0.5754116242426601	-0.012839455050575342	0.1708823308250262	0.9571588263414205	0.9801589460132106	0.6283664076030246	0.41038407268328025	0.14345477363948342	0.4859574711553822	0.13263289182651725	0.017093730208050703	0.3103656590443775	0.592238720771314	0.13074299295966382	-0.12362337437442386;0.3888891580274584	1.014455068100181	0.005583644084301655	0.008269378268808926	0.10492881934561227	1.0
t__SGB14110	-0.347903155050861	0.174085398419917	0.07083754464997531	0.21270460561564403	0.0687351937993811	0.17093102088086787	0.7736990910574559	0.9023774662017486	-0.32821280154305305	0.4033050329837543	0.43654593640951667	0.7886077276168654	-0.15946995198908231	0.02104516976190724	0.2716522221995714	0.5647104356418858	0.14506953423068278	-0.4438062390812206;0.12486633510305595	-1.099265623445793	0.02675111569200418	0.01788863361140732	0.35997939312019084	0.8318301321960025
t__SGB5104	-0.07890261062664904	0.17285045381241362	0.6802310943675596	0.8111878388502399	-0.05880958572748428	0.17091750384451088	0.8056604366116723	0.9149452036660706	-0.23602278717838696	0.40200920508178545	0.5745320027140683	0.8442724920519731	-0.08275151673891015	0.013533720875308597	0.47688359110072764	0.7268047028055107	0.11633452142553644	-0.31076717873296156;0.14526414525514125	-0.7113238248190832	0.0	0.0	0.0	1.0
t__SGB6465	-0.6646641891143942	0.1774898766960848	0.0006823231559243924	0.005860574083443619	0.15674377780720483	0.17114276271455617	0.5122873042936824	0.8165136214501729	-0.7975453921958342	0.41623871075034424	0.0671649678670069	0.3763633658852039	-0.3821801570372258	0.09124262800337717	0.2057891409334207	0.48848877918631517	0.3020639468777715	-0.9742254929176579;0.20986517884320627	-1.2652293032239061	0.2631774865235377	0.20925888086093097	0.8431882495827803	0.03544575519767735
t__SGB15322	-0.04226351058602109	0.17280252475116134	0.8252367534418491	0.9002670808535727	0.25500141501699863	0.1715736417294907	0.2870346621845354	0.6839449584956241	-0.3668338449055381	0.40397212176721103	0.3853437240320585	0.743834226877214	0.05133336034993335	0.021390261939299573	0.7255977301456771	0.8698911911018775	0.1462541005896914	-0.23532467680586178;0.3379913975057285	0.35098749466140805	0.01787986376083825	0.018829111416072637	0.2737070529303178	0.927453106583817
t__SGB15064	0.17308417494579978	0.17310645081894832	0.36653232377407163	0.5760536379314487	0.10501472095434207	0.17099831006210411	0.6605042200027009	0.8640362169574883	0.8551328182189382	0.41852599550946046	0.05093252545240074	0.3559892886328646	0.24419876410785515	0.032662897543218716	0.17663489101951324	0.445811980067473	0.18072879555626634	-0.11002967518242687;0.5984272033981372	1.3511890197477063	0.018733242157141627	0.04698499345184133	0.28076770907275045	0.9211117264478398
t__SGB6511	0.0011767012987235438	0.1727832516449342	0.9950942389614308	0.9959931497464005	-0.26374380356781374	0.171621874031336	0.2709023131059101	0.6760355020751091	-0.7550929009179838	0.41464723359626965	0.08189355189294045	0.38073590854359946	-0.2231110864361157	0.03181635407487906	0.21099897009413882	0.49531114166166484	0.17837139365626725	-0.5727190180023995;0.12649684513016807	-1.2508232506500714	0.03020155811904438	0.044920593656084015	0.38669835288101917	0.8111301815080028
t__SGB13995	-0.2601202977293954	0.17351238304910843	0.17560565887410312	0.38151190202452206	0.2826764384666049	0.17173184839589775	0.23814985795655944	0.6557600302681893	0.5030307341321495	0.40690323824988234	0.2374035704811951	0.5997870766531108	0.10507139861815332	0.04837026332286849	0.632832387312058	0.8200915615693103	0.21993240625898788	-0.3259961176494629;0.5361389148857696	0.477744050571717	0.1019421127699174	0.08957261815165782	0.6809348860264565	0.3122226492578321
t__SGB15111	0.07505673139944989	0.17284406202353275	0.6950057751325338	0.8172608497625099	0.10960764290362014	0.17100883026820118	0.6466565234812649	0.863398905225723	0.1079750782347018	0.40090861699224895	0.7967425515672003	0.9570517617105196	0.09381823782508654	0.013533731357488204	0.41998230374942214	0.6883733617668043	0.1163345664774155	-0.13419751247064782;0.3218339881208209	0.8064519485986124	0.0	0.0	0.0	1.0
t__SGB6513	-0.3173383620027322	0.1738673294949218	0.09903988385328989	0.2692242937787515	-0.3409594333770963	0.17211768186250737	0.15526835237609518	0.573877808999715	-0.45899079481225846	0.40585746590806915	0.27972654517548196	0.6418439074033246	-0.34007026781713273	0.0137161729282953	0.003687778561627164	0.035530944750286064	0.11711606605541061	-0.5696177572857375;-0.11052277834852794	-2.9037029612678142	0.0	0.0	0.0	1.0
t__SGB6522	-0.026450162319020427	0.1727907915940064	0.890080523982636	0.9410393326075961	-0.5876463370694799	0.1745297240503768	0.015035378286136153	0.1791311735595576	-0.511216348261875	0.4071078511732136	0.2300985478417558	0.590569193746641	-0.33931237121775726	0.03584432759681046	0.0730989508057156	0.26515068171692335	0.18932598236061118	-0.7103912966445551;0.031766554209040676	-1.7922123893775204	0.08342571946934633	0.05539912192404563	0.6335878814384837	0.4078075521401481
t__SGB6476	-0.13695528634020707	0.17298567135848522	0.47465937287082915	0.6725698726525815	-0.022332895033213174	0.17088589688540476	0.9255555541048339	0.9683810707725741	-0.24382231917009212	0.40210257812941197	0.5620497477121341	0.8375829755645738	-0.09275301796562338	0.013541512320483244	0.4254125086588014	0.6927121581881736	0.11636800385193193	-0.3208343055154099;0.1353282695841632	-0.7970663317697144	0.0	0.0	0.0	1.0
t__SGB49163	-0.9283044536442622	0.1818512698739831	3.3011201992663154e-06	7.308247590061537e-05	0.14939132633501737	0.171118758770567	0.5322410352717009	0.8210992815460325	0.09603655173214105	0.4008476728983753	0.8187728919225574	0.9622309953574324	-0.25733143456778623	0.1291321200688631	0.4739275404139067	0.7266632215900468	0.35934957919672467	-0.9616566097933665;0.4469937406577941	-0.7161033418851203	0.4381953495607294	0.32154943473012404	0.8989410016452557	0.0027140860305431124
t__SGB4395	-0.08220613255951768	0.1728561989679486	0.6676381085756167	0.8063407412254538	0.19262422787116099	0.17127638483309393	0.4208474094001793	0.7608578623473683	0.14902105714167718	0.40117246103066423	0.7224170921718907	0.9158331099845021	0.06426606688967547	0.013555678842461977	0.5809640204832704	0.7962561522940296	0.11642885743002881	-0.16393449367318103;0.29246662745253194	0.5519771327164141	0.0	0.0	0.0	1.0
t__SGB6378	-0.1732009720830844	0.1731068867677529	0.36621002246251944	0.5760536379314487	-0.4149020475109067	0.17270928595990648	0.08430154529280816	0.43413464628244336	-0.8412353161625354	0.4179605819455827	0.05449165114816357	0.36153742198901334	-0.35435723855632695	0.021137867721488648	0.014796999431809565	0.09701228029849111	0.14538867810627018	-0.6393190476446164;-0.0693954294680374	-2.4373097215817148	0.013401088283034764	0.017599760861825596	0.21698746968397437	0.9902258310858523
t__SGB6445	-0.14359059405765046	0.17300574900750879	0.4535662874148483	0.6535129342726292	-0.06104521602766042	0.17092036492868415	0.7984306911246517	0.9149452036660706	-0.31357753232600155	0.4030713514290018	0.45699963428484003	0.8006735026947556	-0.11947978524161641	0.01355091861082265	0.30471040348163436	0.592238720771314	0.11640841297269991	-0.3476402746681082;0.1086807041848754	-1.0263844527253954	0.0	0.0	0.0	1.0
t__SGB6498	-0.3992446930463101	0.17449606027516054	0.038540540200614634	0.13747988871269745	0.10869294384587606	0.17100669927192513	0.6494046956510675	0.863398905225723	-0.8642296218105413	0.41890069042797895	0.048716950870313455	0.3505089711968007	-0.29896570662352145	0.06900887887305354	0.2550913486032269	0.5498856308411973	0.2626954108336374	-0.8138487118574507;0.21591729861040782	-1.1380697731825002	0.12265214482872248	0.14591212011063445	0.717351203354914	0.2350439611381371
t__SGB4924_group	0.023809411105178403	0.17278935838106502	0.9009944302038098	0.9479916618897805	0.29160729146728714	0.17178634445448812	0.22372213396556911	0.6512192760375093	-1.3037344535192779	0.4411272139322432	0.004670672367437959	0.1398677022465205	-0.2563538324508247	0.2232842494283988	0.5874646204357048	0.7996447167601486	0.4725296280958463	-1.1825119035186835;0.669804238617034	-0.542513775239564	0.23051764114046358	0.5934434613839035	0.8248212358526705	0.0564567274772901
t__SGB15101	-0.08329808685383591	0.1728581497526867	0.6634961030912072	0.8063407412254538	-0.48914092043354923	0.17341703810498768	0.04227896136666058	0.32531311940458285	-0.7330074448573348	0.4138514130774362	0.09061030478559058	0.38913262675362154	-0.349181498187455	0.029813444829407062	0.04314557913939421	0.19649372315690752	0.17266570252776625	-0.6876062751418768;-0.010756721233033117	-2.0222979611790786	0.04399969413581009	0.039475309024417156	0.4767324007929617	0.6814882356030325
t__SGB6440	-0.2226993373784526	0.17331798318308123	0.24578479721917154	0.4687255685350121	0.08016878945796442	0.17094919739316786	0.7373602097868394	0.8920517202270157	-1.5015504079957718	0.45357036484475094	0.00149649544043604	0.09211760822239626	-0.469063045477954	0.213690936392717	0.310248288719972	0.592238720771314	0.46226716992743166	-1.37510669853572;0.436980607579812	-1.0147011857917343	0.21827071683224727	0.5624560643909945	0.8156829620889405	0.06683141766018977
t__SGB4810	-0.14733391029619564	0.1730174937844491	0.4419065567105467	0.6434066554997184	-0.21595290410950307	0.1713779169275565	0.36697239912845847	0.7313047090545539	-0.14719181392598948	0.4011589125701408	0.7256766675865511	0.9168184124126553	-0.17903648892803942	0.013574508938822914	0.12437511584513827	0.37234914063281205	0.11650969461303602	-0.40739549036959;0.04932251251351119	-1.5366660218505748	0.0	0.0	0.0	1.0
t__SGB14011	-0.04475245521155693	0.17280486328891156	0.8151278081213904	0.8959936621016871	-0.22361985641376114	0.17141380239382858	0.35025969890028785	0.719918201185937	-1.0198368965419204	0.42586309391208027	0.022104260179620968	0.24738909372747506	-0.3205347258533061	0.06827184106059692	0.21991846671617532	0.5060234667414722	0.26128880775991326	-0.8326607890627361;0.19159133735612388	-1.2267449516928077	0.0611510744208106	0.14328360072484222	0.558690983680367	0.5446934351719196
t__SGB14190	0.3323279677155515	0.1739718052094159	0.0842433006116319	0.24119270562710116	-0.5551976314437147	0.17414151686203683	0.021450590624504943	0.204890124240961	-0.24105763074621728	0.40206913553408274	0.566458255221848	0.8399138415497979	-0.14147207513289323	0.0771069489543574	0.6104184243380208	0.8109635661469149	0.27768138028027267	-0.6857275804822276;0.4027834302164412	-0.5094762745348678	0.2674235954744164	0.17053363089889947	0.8472801694397084	0.03179013480249269
t__SGB6383	-0.04702043733741206	0.1728071106791531	0.8059432929416317	0.8929465570481756	-0.679754376438281	0.1757461806079916	0.005073032024678289	0.08922094418005624	-0.38125628096788267	0.40423993717883727	0.36726971734266045	0.7313345413806018	-0.36521435753701104	0.04122373575855825	0.07205603170013553	0.2626252734333887	0.20303629172775553	-0.7631654893234119;0.03273677424938981	-1.7987639275185077	0.11115790798492527	0.0697806827363416	0.6966609185795687	0.27519502114323896
t__SGB4158	-0.21681056431665632	0.1732901176088806	0.25843004686227594	0.4812461661853916	-0.17104098265220896	0.1711927297233783	0.47464519904859104	0.7956231173159438	-0.8166747645245114	0.41698219483249255	0.06132649761063185	0.369292170394457	-0.24932752044316145	0.016021108160154132	0.04886035603752248	0.213707697364257	0.12657451623511792	-0.4974135722639926;-0.0012414686223303217	-1.9698082035725442	0.002215289431147101	0.005519925158744822	0.04410440967514477	1.0
t__SGB14972	0.085383446127913	0.17286194672145566	0.6556148315893785	0.8032211580335197	-0.34684250220229096	0.17216058144854082	0.1483178320719488	0.5665649674064485	-0.35288906488855265	0.40372283572100864	0.40336262404602885	0.7570180688607148	-0.1587757893669731	0.023123774218712645	0.29642486255185085	0.585452313204012	0.15206503285999923	-0.4568232537725716;0.1392716750386254	-1.0441308325836631	0.03363918287826798	0.023051634342682547	0.4141804947259229	0.7836230187196616
t__SGB4159	0.06807123823271323	0.17283326848349773	0.7221403791482386	0.8327888756129955	-0.30910019360449864	0.17189794353436427	0.19731562842676623	0.6246449037053057	0.9144856378933126	0.4210357814566072	0.03796689141253565	0.32446004994653016	0.14043482442086633	0.11433012323374779	0.6778995181372698	0.8424737256018251	0.33812737723193576	-0.5222948349537277;0.8031644837954603	0.4153311263066882	0.1442333070965731	0.27606590695888017	0.7493979977013433	0.17663507014477087
t__SGB80143	-0.008009307268153036	0.17278392943305873	0.9666182065351041	0.9816800850970626	0.10848270697897806	0.1710062119983186	0.650037027154007	0.863398905225723	-0.681105627642108	0.41206863601112126	0.11427916950140592	0.43931749047574153	-0.07032600606013101	0.03829413549200974	0.7193133631196134	0.8675105177026335	0.1956888742162153	-0.453876199523913;0.313224187403651	-0.35937661934948983	0.026977401983765564	0.062182787797931446	0.3614772838334417	0.8318301321960025
t__SGB6927	0.260154474853516	0.17351257426359765	0.17554931957246916	0.38151190202452206	0.13730956535086494	0.17108181221676771	0.5658722597398026	0.8303689203757982	0.7520101512173293	0.41453482496399907	0.08306490968981815	0.38073590854359946	0.2419196612753501	0.013661100127264353	0.03847110153872091	0.18382510632952204	0.11688070896116413	0.012833471711468425;0.4710058508392318	2.06979974219469	0.0	0.0	0.0	1.0
t__SGB72480	0.15920882213708656	0.17305674610783373	0.4060873062810838	0.6146786002178154	0.17429499199589357	0.17120470885931022	0.4662975774051177	0.786883663531035	0.21737380967225847	0.4017981724380417	0.6049344950887601	0.8598495813763348	0.17108072054460224	0.013568243389712938	0.14190852182894198	0.4052439231609993	0.11648280297843513	-0.057225573293130605;0.3993870143823351	1.4687208426489788	0.0	0.0	0.0	1.0
t__SGB6428	-0.6746252098595571	0.17763006650272908	0.0005705138938146223	0.005057035154772812	0.3162864516672541	0.1719456509461304	0.18716293453404906	0.61068184633915	-0.11953030171632482	0.4009743869190099	0.7755830235239474	0.9440405245522077	-0.16296477376197294	0.09279546729064023	0.5926698116150071	0.8018189324045979	0.30462348446999327	-0.7600268033231597;0.4340972557992139	-0.5349711432968185	0.3412722742065849	0.21573644385760216	0.8755953576581326	0.010533153338188024
t__SGB13979	0.09345810861741932	0.17287753352508103	0.6254687288194958	0.7830727135954817	0.38795822371112926	0.1724805488752559	0.10625089670000822	0.4925773788435527	0.8074781441885528	0.4166227243374202	0.0640749493975689	0.3736581259605597	0.3171139975959528	0.028077501239230813	0.058424221518953434	0.2311929908678586	0.1675634245270453	-0.011310314477055994;0.6455383096689616	1.8925012931134595	0.027872456977579375	0.03506893159874845	0.36640016588930013	0.8283063211613466
t__SGB15355	0.12270954832260998	0.172945766912726	0.5217318734101162	0.7041156099128	-0.1669421209623628	0.1711779605204648	0.48527722656420635	0.800095350397938	0.15245661303566746	0.40119835778815255	0.7163097708045933	0.9122400054452383	-0.008777552795390272	0.013554989328012622	0.9399030180982502	0.974193212397438	0.11642589629465011	-0.2369723095329045;0.21941720394212394	-0.0753917562564954	0.0	0.0	0.0	1.0
t__SGB5843	0.41223491358380965	0.17460874149384267	0.03274173698025884	0.12214762482870975	0.17941625734982825	0.17122401748408017	0.45332831435479737	0.7799499993538848	0.6719740709299905	0.41176775445022756	0.11894188662685794	0.44673766231375794	0.32420255531036407	0.013735025586902799	0.0056693669790466306	0.04855805400373891	0.11719652548989154	0.09449736535017667;0.5539077452705514	2.7663154172461133	0.0	0.0	0.0	1.0
t__SGB48024	0.7109614363552715	0.1781581409914004	0.0002923182704013309	0.0031603903638575325	-0.001986271035728526	0.17088061234871615	0.993369299573693	0.9982138426654714	-0.09294944209246903	0.40083307304259064	0.8244953809454005	0.9622309953574324	0.2535363208717388	0.0665218628683619	0.3256024649759399	0.5946093752961863	0.2579183259645617	-0.25198359801880216;0.7590562397622798	0.9830101057129805	0.17906467670793538	0.14032837695177042	0.7873423177477912	0.10638603251662504
t__SGB5197	0.11411042281537323	0.17292379471535346	0.5512791236074478	0.7288988889702294	0.2722837065589676	0.17167054513401095	0.2557610274412887	0.6623589163412635	0.13069803774849797	0.4010442882587272	0.755300795262542	0.9288271710886754	0.18844336954957588	0.013588566932774762	0.1059715201065865	0.3316848708420843	0.11657000871911592	-0.04003384753989131;0.4169205866390431	1.6165682032643933	0.0	0.0	0.0	1.0
t__SGB14136	0.07200392980407587	0.1728392155042303	0.7068180317268784	0.8240585962157906	-0.41340115420218376	0.17269614868230182	0.08541806197978706	0.43614383720554867	-0.5882817614792714	0.409190296144955	0.16950413033131184	0.5230949574685699	-0.23860403747834932	0.03652740644095958	0.21186923733257945	0.49582422388379205	0.1911214442205782	-0.6132020681506826;0.13599399319398395	-1.2484419969272011	0.06955004134750838	0.057378603706388615	0.5920172332732585	0.49486897735929797
t__SGB4710	0.22454382777945145	0.17332686391144647	0.24191580667460333	0.4653519336726745	0.22486027894153907	0.17141972516496518	0.34760238249725683	0.7190370918606633	0.4770805040970356	0.4062757598595815	0.2617186105036379	0.6222837348455598	0.24554162040936853	0.013628396928868596	0.03543891513341002	0.1760821433534453	0.1167407252370337	0.016729798944782465;0.47435344187395456	2.103307306947201	0.0	0.0	0.0	1.0
t__SGB4212	-0.40121317903801	0.17451290823989912	0.037608706403246935	0.13529365809999222	0.3938152624096158	0.17252899101396424	0.10112576803486811	0.47679723822397396	-0.060573924647245	0.4007086693113662	0.8850504778749047	0.9671694687154538	-0.015270221694286166	0.06227593314802766	0.9512073587404211	0.9785865863364777	0.24955146392683747	-0.5043910909908876;0.47385064760231527	-0.061190671671487486	0.20399548393139993	0.12862469951923353	0.8098375399588238	0.07485854478689254
t__SGB14255	-0.13369310252366676	0.17297614780716544	0.48522611709526164	0.678909949046797	0.016919284600412733	0.17088362747612593	0.9435659412993883	0.9772152042692518	0.32168586596386256	0.40319951742644694	0.44559731069940867	0.7963255165402336	-0.025875572868578896	0.013546835405565156	0.8240677673767904	0.9127833237092517	0.11639087337744809	-0.25400168468837714;0.20225053895121936	-0.22231616721928088	0.0	0.0	0.0	1.0
t__SGB10080	0.32536415050445056	0.17392267646286502	0.09087569790819772	0.25297517573910727	0.18439608984333064	0.17124332686655086	0.4409170080549981	0.7782934375632199	0.03981110424228878	0.4006564906197449	0.9242918133426103	0.9717582368376148	0.2356231332527399	0.013625869811577882	0.04353580247768485	0.19649372315690752	0.11672990110326438	0.006832527090341711;0.4644137394151381	2.0185327925901126	0.0	0.0	0.0	1.0
t__SGB6609	-0.2342144443698635	0.17337461635513934	0.22233992290444338	0.4414921766633033	-0.4962207075309796	0.17349043835955277	0.039427395669633186	0.3098266269642097	0.07090697872756004	0.40074267742672626	0.8656265091006925	0.9622309953574324	-0.3229886788869225	0.01605366195631983	0.01079770246551881	0.0766913739217618	0.1267030463576935	-0.5713266497480017;-0.07465070802584325	-2.549178478117234	0.005352151650687506	0.005464628210237932	0.10057681478903206	1.0
t__SGB14209	-0.2589876305634011	0.17350606008612104	0.17748053121523166	0.38407896208296227	-0.2601633619615497	0.17160192559216172	0.2774317203195164	0.6779064291264334	0.16958449812379844	0.4013362436180369	0.6861577261831745	0.8912810792625526	-0.2232741813280538	0.013626707194664796	0.05578862101002713	0.22882614384717564	0.11673348788871511	-0.4520718175899354;0.005523454933827832	-1.9126832014212283	0.0	0.0	0.0	1.0
t__SGB4751	0.1892828864259023	0.1731697094536754	0.32354652401790596	0.547644495496495	0.20180702168060138	0.17131497397538625	0.3991020450739545	0.7507726077112761	0.7689414711955546	0.4151574943223373	0.07680658467946169	0.38073590854359946	0.24104185232566366	0.013657130215647878	0.039151678534997014	0.18390188411791694	0.11686372497763314	0.011988951369502704;0.4700947532818246	2.0625891599108046	0.0	0.0	0.0	1.0
t__SGB14198	0.16536088475277877	0.17307827374737828	0.3882406046305866	0.5982901111692489	-0.05908184770774086	0.17091784657098788	0.8047790633754418	0.9149452036660706	-0.0641618524922137	0.4007198724130813	0.8782968953536274	0.9671694687154538	0.041955987532744154	0.013542575129777034	0.7184496391904527	0.8675105177026335	0.11637257034961905	-0.1861342503525092;0.2700462254179975	0.36053158752698716	0.0	0.0	0.0	1.0
t__SGB14193	0.2648231417062086	0.17353892865341372	0.16798076808672532	0.3744923360967639	-0.30612145004132835	0.17187848617017742	0.20164145690281526	0.6293485471783643	-0.4858225220384762	0.4064835383778253	0.2533292988655553	0.610303727306851	-0.11060611746304348	0.04966606097290753	0.6196787242991584	0.8157276892042471	0.2228588364254546	-0.5474094368569344;0.3261972019308475	-0.49630572983827276	0.11113533959131912	0.09314212945785202	0.6993013018971244	0.2719052494666844
t__SGB17152	0.03983563673833796	0.17280037246202998	0.8351259950554898	0.9036324243373854	0.28116179813538483	0.17172277248843276	0.2406612084412712	0.6557600302681893	-0.004810603104284929	0.4006173878241568	0.9908372336762516	0.9973927312472347	0.14720109804282325	0.013581109418741601	0.2065472971022999	0.48881558422909654	0.1165380170534131	-0.08121341538186644;0.37561561146751293	1.2631165499869135	0.0	0.0	0.0	1.0
t__SGB4274	-0.12546301096259704	0.17295313911058627	0.5124479177514671	0.6965662203013379	-0.6187887236078649	0.17492215553387236	0.01054714348373856	0.13687546809793602	-0.400443215816941	0.40461193875725754	0.3441146606480773	0.7146462322807852	-0.37476573562474835	0.026349179011329663	0.02095762788170874	0.12103871804448937	0.16232430197394862	-0.6929213674936876;-0.05661010375580905	-2.308746940953391	0.048922768854319953	0.03070686754146586	0.5033966800504045	0.6445062152094083
t__SGB3926_group	-1.0712045818419749	0.18475973403473334	1.1631382844075628e-07	4.602704354012785e-06	-0.15727585706996156	0.17114454442745763	0.5108587585054674	0.8161322489170915	0.4292930322506315	0.4052049523290466	0.31121154566149306	0.6814671790374196	-0.31556997169619794	0.18511397626951873	0.46327829483713057	0.7179193715797773	0.4302487376733588	-1.158857497535981;0.5277175541435853	-0.7334593784114155	0.42177638377650023	0.4859144196885721	0.8937424098019459	0.004028763209269807
t__SGB8594	0.2829707185823133	0.17364578207591794	0.1409006203375812	0.33646096408198267	-0.14365093886180716	0.17110081713610922	0.5480919165728791	0.8210992815460325	-0.8629013607045922	0.4188457534856069	0.04903497155044706	0.35052095792190546	-0.15579767202038988	0.0968385824118544	0.6166154124479599	0.8152862493942	0.3111889818291361	-0.7657280764054967;0.45413273236471696	-0.5006529187011299	0.1348696857695567	0.22561665583374316	0.7369162020555847	0.19969615216764625
t__SGB6346	-0.28684843493539436	0.17366952326040655	0.13558035263320695	0.33322428207271687	-0.467347504258633	0.17319752846220612	0.052188282313715376	0.35167274058138254	-0.3526939065834411	0.40371941441433395	0.4036185759841662	0.7570180688607148	-0.3752612274985338	0.01376900374102214	0.0013837022951252997	0.018438325963746744	0.11734139824044257	-0.6052503680498013;-0.14527208694726637	-3.198029281444145	0.0	0.0	0.0	1.0
t__SGB6579	0.22671243659807622	0.17333739828257383	0.23742263006693703	0.46030361576510403	-0.09966025227261152	0.17098661319523473	0.6767973741560631	0.8707377004837057	-0.8177514168859893	0.41702452398807527	0.06101165442638563	0.369292170394457	-0.13567915651587184	0.07813355268494054	0.6273969309307994	0.8197591974897709	0.2795237962767044	-0.6835457972182124;0.4121874841864688	-0.4853939389888695	0.09334757486470588	0.17219100336247187	0.6605122058854345	0.3530368181586939
t__SGB6493	-0.23575051641311914	0.17338238535383996	0.21933918073596248	0.4363156413921839	0.31112942881564176	0.1719113052652555	0.19440829173840804	0.6194710565085706	0.2876300351146144	0.40268294569876745	0.4946455589829891	0.8006735026947556	0.07923234125288106	0.03551649135980778	0.6741757657835978	0.842359357547675	0.18845819525774882	-0.29014572145230666;0.4486104039580687	0.420423962696434	0.08003440795329539	0.055107519902395714	0.6270816110223547	0.4225636461659691
t__SGB4272	-0.22046021876057803	0.17330730025743857	0.25054027185048783	0.47157513001083295	0.14571296473301254	0.17110718133422076	0.5423710087426405	0.8210992815460325	-0.7652137625465654	0.41501929400910126	0.07814807914029977	0.38073590854359946	-0.18076780697653438	0.0554984875375395	0.4428870820247415	0.7040443140364614	0.2355811697431259	-0.6425068996730612;0.28097128571999236	-0.7673270625731285	0.0745287658266202	0.10866988521200939	0.6086646526494999	0.460174337167746
t__SGB6271	0.1485519727839914	0.17302138049452984	0.43815026819199065	0.6408218086826678	0.04281933148340087	0.17090015088475569	0.8578254686614066	0.9336646554782304	-0.426119645835232	0.40513774784314927	0.3147185473422446	0.686433367037809	0.05197242403740079	0.013562049411173836	0.6553928581976269	0.8331410187773346	0.11645621241983545	-0.17628175230547669;0.28022660038027825	0.4462829672841787	0.0	0.0	0.0	1.0
t__SGB6503	-0.3220580043074632	0.1738997115235559	0.09417001489573894	0.25955317538427547	0.23510540109626163	0.1714698881788221	0.3261522779669096	0.7061970994113416	-0.3679765020334671	0.40399296988947037	0.3838908738284169	0.7423230160591378	-0.09860980066243676	0.03967942708568867	0.6205742248691726	0.8157276892042471	0.19919695551310182	-0.4890358334681163;0.2918162321432428	-0.495036685718577	0.09082085400601343	0.06614106722448009	0.6557877202223655	0.3620925411616602
t__SGB15212	-0.3506192466829273	0.17410573230080525	0.06869137980702396	0.2113156506189478	-0.4071000684773738	0.17264150423095737	0.09023805409377837	0.44635608899958235	0.030510401998064318	0.4006401157087364	0.9419403068561065	0.9740609740680861	-0.34403076409844613	0.01374179077583181	0.0033378379161346228	0.03362113100979238	0.11722538451987186	-0.5737925177573949;-0.1142690104394973	-2.934780427528703	0.0	0.0	0.0	1.0
t__SGB72500_group	-1.1443026830419027	0.18638807592502646	1.8944913796118962e-08	1.311935280381238e-06	-0.27188475843100035	0.17166823720566327	0.25645485118267336	0.6623589163412635	-0.023731290202877623	0.40063090920075445	0.9548237415485359	0.9823785446103948	-0.5264403796236953	0.1149914675914959	0.1205556444304623	0.36496080335779296	0.33910391857289984	-1.1910840600265789;0.1382033007791884	-1.5524455802197468	0.3084941535253417	0.2793153579944385	0.8595233386889616	0.02111413797019549
t__SGB5115	-0.11729978383754248	0.17293175822779727	0.5402237775349508	0.721373579905382	0.1443995084462386	0.17110311704755735	0.546011594457511	0.8210992815460325	-0.4325133589281516	0.40527364911739655	0.3076809389176673	0.6777544340373267	-0.028256556031157162	0.016417519259164785	0.8254592873255147	0.9127833237092517	0.12813086770628218	-0.27939305673547027;0.22287994467315592	-0.22052887439996444	0.006532524894171011	0.00673461224676058	0.12106969558631345	1.0
t__SGB6510	0.06459005527043049	0.17282828270218134	0.7357985365387887	0.8389617989804609	-0.005993652650800749	0.17088095388087265	0.979993482626337	0.9898202176389985	0.12720943077606087	0.4010217835102233	0.7616180455607601	0.9345213670889503	0.03716569802574674	0.013523884535993253	0.7492800569694138	0.883193939491607	0.11629223764290227	-0.1907670877543417;0.2650984838058352	0.3195888115926635	0.0	0.0	0.0	1.0
t__SGB5858	0.3453299877331175	0.1740662782354952	0.07292179177474817	0.21555751521513528	0.2457980973484127	0.17152460909951917	0.30471311594646555	0.6936823936162562	-0.08269345062184202	0.40078799059794457	0.8435766305099017	0.9622309953574324	0.26273314460798214	0.013657574014089383	0.024565703513055093	0.13269251669609988	0.11686562374834347	0.033676522061228925;0.4917897671547353	2.2481644831139342	0.0	0.0	0.0	1.0
t__SGB7061	0.10054698268839693	0.1728923763449039	0.5995131782811602	0.7644374616713863	0.2301809443319226	0.17144549956905475	0.33635167043505354	0.7061970994113416	0.14506661120404163	0.40114338163108354	0.7294703013994734	0.9192857342365119	0.16415100110083292	0.013570454323271043	0.15880125831042347	0.4187563687295651	0.11649229297799508	-0.06417389313603744;0.3924758953377033	1.4091146882295498	0.0	0.0	0.0	1.0
t__SGB6456	-0.4213657007766874	0.17469005868644957	0.029132591268129383	0.11169173399684207	0.13313668494258413	0.17106977312490765	0.5777232564113854	0.8358683401762756	-0.7588182788046062	0.4147836475743691	0.08049714817711642	0.38073590854359946	-0.27050471229217365	0.061607429225124785	0.2757885525525712	0.5688257955898648	0.2482084390691114	-0.756993252867632;0.21598382828328466	-1.0898288281683044	0.12542535974952929	0.12550011334808048	0.7223165066629956	0.22735113596898798
t__SGB4418	-0.12470897372276261	0.17295110399629976	0.5149816439528011	0.6975545984103956	0.08357887085848376	0.17095515855068283	0.7266318920161827	0.8906063455242593	0.43604557043729897	0.4053495759520376	0.30384110177194845	0.6733118815266378	0.0182333799864552	0.013562278192914713	0.8755859333361742	0.937342235880658	0.11645719468076977	-0.21002272158785357;0.24648948156076395	0.15656722657999955	0.0	0.0	0.0	1.0
t__SGB4949	-0.5295771278442558	0.1757857361431339	0.0063754040906185095	0.03514401856918064	-0.2218452964727522	0.17140538583293552	0.3540838711728198	0.7225136818775033	-0.26785246108712124	0.402409188114236	0.524494186372162	0.814344604133516	-0.3629818555835112	0.013779005779276437	0.0019863891486264773	0.024454657518645964	0.11738400989605201	-0.5930545149797731;-0.13290919618724928	-3.0922598052745465	0.0	0.0	0.0	1.0
t__SGB4419	-0.27348357565424225	0.17358904657605026	0.1546009959512444	0.3550608050856418	0.03845069106979311	0.1708963594425778	0.8721975575085156	0.9397217710891068	0.5262778246421486	0.40749268821212487	0.21710594073984474	0.574113084343074	-0.007450407500247229	0.03926383843632602	0.970006897486972	0.9885075357388813	0.19815104954636506	-0.39582646461112275;0.3809256496106283	-0.03759963682909446	0.045570133222563494	0.06494216353982693	0.48899603329307967	0.6675935878256034
t__SGB6188	0.07175876448933269	0.17283883501124872	0.7077698051576062	0.8240585962157906	-0.1544753649237965	0.17113523427777985	0.5184011762818148	0.8205550047432154	-0.3011020213686297	0.40288046881434597	0.4748815546417382	0.8006735026947556	-0.06407483601074135	0.013553766795048851	0.5820632346951418	0.7962561522940296	0.11642064591406823	-0.2922593020023151;0.16410962998083237	-0.5503734797867031	0.0	0.0	0.0	1.0
t__SGB4051_group	0.04798436740432589	0.17280809948601855	0.8020478258550964	0.889666705850062	0.0772799262466428	0.17094434148360949	0.7464895076349602	0.8941455474687723	-0.2935069366901693	0.4027680117293194	0.485966485799769	0.8006735026947556	0.03305897186510913	0.013536951120108689	0.7763048306466085	0.8941224036969253	0.11634840402905701	-0.19498390003184263;0.26110184376206086	0.28413773391212943	0.0	0.0	0.0	1.0
t__SGB14026	0.24438984705305358	0.1734270198533231	0.2030088940128075	0.4097658962730131	-0.17971775496191136	0.1712251715740175	0.45257126148477456	0.7799499993538848	-0.06032323848028858	0.40070791063509054	0.8855226865053022	0.9671694687154538	0.02013563443840919	0.02031831242432465	0.8876639573148548	0.9429833793910442	0.14254231801231748	-0.25924730886573305;0.2995185777425515	0.14126074781995065	0.025446057118428785	0.01621918561711299	0.3494769404113411	0.8430818268030048
t__SGB4208	0.11999811008757057	0.1729386667974094	0.5309589202691984	0.713093919585784	-0.22317501258899544	0.17141168628489065	0.3512158393232351	0.719918201185937	-0.24070761337976138	0.40206492860738274	0.5670176475444484	0.8399138415497979	-0.06989248858022137	0.014838457580460459	0.5661249835824165	0.7853155496927571	0.12181320774226602	-0.30864637575506276;0.16886139859462002	-0.5737677373056361	0.004397736909151282	0.0029739728340029414	0.0849728853647906	1.0
t__SGB6442	0.1291933506512776	0.17296338724523908	0.5000105362873108	0.6884045491775895	-0.6396119814949384	0.1751953357252093	0.00826032053041648	0.1230886608668801	-0.005503573075448414	0.40061756678475374	0.9895174083532956	0.9973927312472347	-0.2003822227909134	0.06312691354829641	0.4251380808539882	0.6927121581881736	0.25125069860260374	-0.6928335920520168;0.29206914647018994	-0.7975389676740855	0.1948326508646403	0.13086975696929948	0.8018437636887901	0.08585875474527226
t__SGB43319	0.39495926365989314	0.1744596629651597	0.04063799952449232	0.14260126181510321	-0.09119051764083087	0.17096935923039838	0.7028825990937322	0.8813727600712724	-0.2319439607331433	0.4019615753317221	0.5811151442138354	0.8494400788772158	0.0883612010962324	0.034656020295623716	0.635037411614584	0.8210285321691472	0.18616127496239307	-0.276514897830058;0.4532373000225228	0.47464866747438467	0.06602983838398023	0.05284559178336368	0.5811148063264678	0.5101278271297223
t__SGB4300	-0.1779861343970329	0.173124999392866	0.35315938874908315	0.564751034512734	-0.14210516794714237	0.17109610562809713	0.5524002063351983	0.8228886974555475	-0.10794328554685502	0.40090844523705493	0.79680099864242	0.9570517617105196	-0.15545630912794955	0.013560051218090168	0.1818799464800258	0.45592715044616877	0.1164476329432684	-0.3836936696967556;0.0727810514408565	-1.3349890006238736	0.0	0.0	0.0	1.0
t__SGB15288_group	-0.8423954471178223	0.18028370177681183	2.1342749939045973e-05	0.0003770479052353306	-0.1835019497293414	0.1712398210496671	0.44313087296706277	0.7782934375632199	0.8371023932688797	0.41779407736121454	0.05559205637263027	0.36175935704340006	-0.12124464717317894	0.2258451262012961	0.798624652437995	0.903481059228755	0.4752316553022285	-1.0526986915655467;0.8102093972191888	-0.25512746430174593	0.35717886319921904	0.6050122737222052	0.8778794641171423	0.009618615078039447
t__SGB14948	0.2643714334392466	0.17353635847687865	0.1687020403166171	0.37534510174861796	-0.09723346973172445	0.17098151316813454	0.6842331170008851	0.8716715421303091	-0.5616981508846999	0.4084402025025968	0.18878279868421563	0.5485393539945489	-0.03327985952409382	0.04407710830580599	0.8740496869341658	0.9366025658830326	0.20994548889129766	-0.4447730177510373;0.3782132987028496	-0.15851666877836537	0.05901902222145855	0.07785128458353964	0.5531959431967987	0.5498457242570235
t__SGB1699	-0.8627374319390279	0.1806423317381386	1.3864879736169885e-05	0.00027432654906564704	-0.01463832088172009	0.1708828587204617	0.9511637028692654	0.9785416738896435	0.4465675173744071	0.40557932411030706	0.2926050164108061	0.6584046346570235	-0.19690564013385928	0.14268183284858713	0.6021694290929773	0.8067759702962743	0.37773248847377044	-0.9372613175424493;0.5434500372747308	-0.5212833053610434	0.33815657735918775	0.360855641381756	0.8730977228655226	0.011804197709561329
t__SGB4420	-0.17639527957044568	0.17311892318600394	0.35746475270464717	0.567436885382162	0.05072824337041626	0.1709080515229169	0.8319305262507065	0.920858164920862	-0.2460688099001346	0.40213003119667295	0.5584806452963726	0.8350830701597584	-0.07685318542549927	0.01355273421769383	0.5091519328890264	0.7523603521686683	0.11641621114644571	-0.3050289592725328;0.15132258842153432	-0.6601587929091923	0.0	0.0	0.0	1.0
t__SGB14002	-0.32085341423753044	0.17389140182708476	0.09539410632665114	0.2622746149129763	-0.5639131521738069	0.1742437053746768	0.01952559839483119	0.19510955110742115	1.1046277673765983	0.4300851059870971	0.014077166307280764	0.19743671225907705	0.008022347201938054	0.2521876345720305	0.987254374611098	0.998063729077643	0.5021828696521123	-0.9762560773162021;0.9923007717200782	0.01597495192835937	0.2698809786461301	0.6812315347380298	0.8453205275474076	0.034161929225009734
t__SGB14990	0.46366775537084653	0.17508948802629706	0.016567199712975517	0.07401797291119706	0.3508851901892101	0.17219047999947298	0.14368265333167285	0.5605647179277942	0.657027775321075	0.41128358144265353	0.1269170947723268	0.4595560163651572	0.42684518703420615	0.013839150623672466	0.0002851784436053162	0.00574504937299437	0.11763991934574108	0.19627094511655363;0.6574194289518587	3.628404281540841	0.0	0.0	0.0	1.0
t__SGB58517	0.22833832684691943	0.17334536229723965	0.23409325927223879	0.4570779269573328	0.11780721699963344	0.1710287292895085	0.6222422854282657	0.8543301762757353	-0.2670679898910467	0.4023987278582921	0.5256981810614412	0.814344604133516	0.1354809513063888	0.013579174023691172	0.24497961515536115	0.5374063372849706	0.11652971305075445	-0.09291728627308993;0.3638791888858675	1.16263009458695	0.0	0.0	0.0	1.0
t__SGB4141	-0.22093563996472654	0.17330955953891686	0.24952516991207016	0.47157513001083295	-0.014884946666661987	0.17088293648286773	0.9503419772817304	0.9785416738896435	-0.32754863889396296	0.4032942004296752	0.43746177276679543	0.7886077276168654	-0.134070753471105	0.01357093355084061	0.24978253892759716	0.5442267166618162	0.11649434986659486	-0.3623996792096309;0.09425817226742092	-1.1508777346252244	0.0	0.0	0.0	1.0
t__SGB7967	0.17774718920549992	0.1731240832832594	0.3538039258887846	0.564751034512734	0.09087941579576851	0.1709687546017923	0.7038477378406622	0.8813727600712724	0.4439058594571244	0.4055207012358811	0.2954187668561719	0.6605229619928817	0.1593736560540566	0.013576520647095873	0.1713749895483554	0.43870625887935166	0.11651832751587139	-0.06900226587705133;0.3877495779851645	1.367799036013006	0.0	0.0	0.0	1.0
t__SGB9656	-0.516182548813052	0.1756369904703388	0.00779815985501445	0.04114457675883815	-0.3733745316627329	0.172363027939373	0.11991908934792714	0.515001360455439	0.35780637623553546	0.40380965568029265	0.3969478717728394	0.7557014466053369	-0.28320560439611653	0.05372494290636349	0.22176864599120272	0.5066384737283559	0.23178641657000415	-0.7375069808733247;0.1710957720810916	-1.2218386589991685	0.046796140175810845	0.10420664271390076	0.4923182841998955	0.6633419565168029
t__SGB6816	-0.6845015270294276	0.17777101143567395	0.00047686575822526744	0.004330879181258986	-0.31649875337307243	0.17194707682354607	0.18686904163384246	0.61068184633915	-0.6182872077584927	0.41007682945953594	0.1496754513042352	0.49652814384758265	-0.5065713653879773	0.015985727104921823	6.160277249200874e-05	0.0018447532951660994	0.126434675247425	-0.7543833288729302;-0.2587594019030243	-4.006585728137063	0.00728271363576935	0.004675096766686523	0.1295621524546174	1.0
t__SGB15285	-0.9010641790810717	0.1813392445571892	6.041246525622726e-06	0.00012395742871092557	-0.10151090938403129	0.17099058684800136	0.6711481867961748	0.8677155087166414	0.7717426350999262	0.41526175560470935	0.07581177259948209	0.38073590854359946	-0.1314431686879714	0.22324083482195783	0.7808617479943936	0.8965749396661016	0.4724836873606938	-1.0575111959149313;0.7946248585389883	-0.27819620487263036	0.4130728499418021	0.5976822747295204	0.892472090825239	0.00436015381663609
t__SGB4139	-0.24893572518127807	0.17345114598401565	0.19478439836035444	0.3996687284875421	-0.1599709193770037	0.17115366152890252	0.5036554155772641	0.8123001462294157	-0.03812080727396735	0.4006531926528126	0.9274965391785095	0.9717582368376148	-0.1898328092845123	0.013585915538265022	0.10338788292936574	0.3291775123153369	0.11655863562287018	-0.41828773510533784;0.038622116536313256	-1.6286464599562014	0.0	0.0	0.0	1.0
t__SGB13977	0.019488928268279124	0.17278733828371504	0.9188904115291139	0.9566052013353005	0.46579652135168453	0.1731822774556064	0.0529628729659465	0.35167274058138254	0.8190757915421254	0.4170766630609085	0.06062633378752858	0.3690877903108883	0.3445121209926644	0.04469860860790061	0.10320472342797093	0.3291775123153369	0.21142045456365052	-0.06987196995209066;0.7588962119374194	1.6295117788092026	0.07471939361607086	0.07868984254537154	0.6070935271626043	0.4627611096133054
t__SGB15011	0.1843519182034518	0.1731498569299916	0.33626520503880897	0.5576761838778896	0.21853599865462411	0.1713898682062765	0.36128635713102497	0.7264751836063134	-0.1567874498612511	0.4012318415522045	0.7086385370472148	0.9077127156627908	0.1713737495361726	0.01358521609754364	0.14147587793719119	0.4050523843783148	0.11655563520286627	-0.0570752954614453;0.3998227945337905	1.470317151443556	0.0	0.0	0.0	1.0
t__SGB3986	-0.7322686685369226	0.17847991292473936	0.0001952626350333951	0.0022304226764639358	-0.2355030043646445	0.17147187969860697	0.3253377354561434	0.7061970994113416	-0.6961022694829019	0.412571091525505	0.10695577589066757	0.42867906283452906	-0.5099959244317697	0.029331085920995918	0.002902791987189568	0.030342391715151334	0.17126320655936558	-0.8456718092881261;-0.17432003957541314	-2.977848743331732	0.056322771488432025	0.037690674336825665	0.5342936792942372	0.5803430456055789
t__SGB9274	-0.7759811476415446	0.17916783057571659	8.317255632939533e-05	0.0011519399051621254	-0.023599640189277966	0.17088651828081866	0.9213464730745557	0.9658012224849648	1.1107195359451194	0.43039974338013365	0.01362153986282747	0.19743671225907705	0.04773295121018318	0.2873180019988814	0.9290416939453687	0.9692826712725693	0.5360205238597505	-1.0028672755549277;1.098333177975294	0.08905060363448411	0.4573741786698307	0.7855507749809753	0.9016975611048712	0.002181172703691171
t__SGB5967	-1.9374648432898804	0.20943304454704392	3.3803704330467795e-18	3.745450439815832e-15	-0.4432586111365577	0.17296623615722798	0.0653588694341958	0.3914466342329132	-0.9214690775607184	0.4213411281651717	0.03665691381035687	0.3210676064432327	-1.1068243031379759	0.20593288681999777	0.014727045294638197	0.09701228029849111	0.4537982886922314	-1.9962689489747494;-0.21737965730120234	-2.4390226466645637	0.8126514179643118	0.5406412663711381	0.9340904390210716	4.754883905352022e-05
t__SGB15323	-0.717480731831346	0.17825564490707116	0.0002585967747452292	0.0028750004677476843	0.10724134648271448	0.17100335405493258	0.6537758633359889	0.8640199320845459	-0.35171398444250834	0.40370226364034134	0.4049053244732417	0.7578295599938374	-0.3129636185886761	0.06655591063097722	0.22508738613199575	0.5121084678321381	0.25798432245192193	-0.818612890594443;0.19268565341709082	-1.2131109968785028	0.2225714783464763	0.14007399971265216	0.8209474006392676	0.059735662728084685
t__SGB5060	0.10428615159684862	0.17290064190518284	0.5860241537935627	0.7541250424461675	0.10371204212221047	0.1709954080932464	0.6644535710665138	0.8667163602431213	0.5040350806991218	0.4069281712966998	0.2364979458027887	0.5996332355823567	0.13677955977229347	0.013570324098381355	0.24033223245388768	0.5304544094798955	0.11649173403457155	-0.09154423893546676;0.3651033584800537	1.1741567837912092	0.0	0.0	0.0	1.0
t__SGB9450_group	-0.04796022214802171	0.17280807447269075	0.802145342187917	0.889666705850062	0.3565915506028084	0.1722332632388347	0.1373321708322345	0.5525790229086385	-0.28569324892524733	0.4026552844813664	0.49752513345896765	0.8006735026947556	0.0900190251964806	0.029589701903032888	0.6007543705036751	0.8058545308935495	0.17201657450092675	-0.24713346082533583;0.427171511218297	0.5233159970639667	0.04388840594089332	0.03958916812170517	0.48004452852269713	0.6774677706926194
t__SGB15087	0.25911849943834786	0.17350678924600435	0.17726314029437293	0.38407896208296227	-0.1447008124730757	0.1711040461418574	0.5451753702587585	0.8210992815460325	0.8979108538306964	0.42031948959225834	0.04124795109237174	0.32818260645807223	0.24456786151849114	0.07717530517539717	0.37866442087298324	0.6501303402199755	0.2778044369253255	-0.29992883485514693;0.7890645578921291	0.880359810755044	0.10746976396033031	0.16902334201116087	0.6904725551751043	0.28814255463013266
t__SGB8595	0.20065709275883836	0.17321749210597984	0.2954332855588758	0.5232960712900852	-0.28270728975737386	0.1717320337622706	0.238098900107974	0.6557600302681893	-0.018036984766873328	0.40062495416431093	0.9656554580004376	0.989774511993048	-0.038865195526716224	0.025329159544012034	0.8070738335380563	0.903481059228755	0.15915137305097946	-0.350801886706636;0.2730714956532035	-0.24420270326079377	0.04578190279756616	0.028739584258944323	0.4911688159076072	0.6644214644957261
t__SGB6604	-0.20873523408853456	0.17325311243897898	0.2765017785434501	0.5005947232453313	-0.05591612511052354	0.1709139592898259	0.8150424336249084	0.9177510329841448	-0.5476052579684717	0.4080560845265676	0.19968325681669225	0.5616752470870573	-0.16527951844250993	0.013595545187461493	0.15633902823468238	0.41841459730441566	0.11659993648137847	-0.3938153939460117;0.06325635706099186	-1.417492354028047	0.0	0.0	0.0	1.0
t__SGB4194	-0.1803181974419502	0.17313400482366822	0.34690830018467744	0.5619508722289804	0.06514572113804247	0.1709258899006539	0.7852159253664859	0.9072150628843236	0.07989680212146154	0.40077661007527127	0.8487974080839003	0.9622309953574324	-0.044548006699990705	0.013547431954591677	0.7019152096795311	0.8556122905662386	0.11639343604598877	-0.2726791413501287;0.18358312795014728	-0.38273641721848584	0.0	0.0	0.0	1.0
t__SGB6310	-0.6954340157459113	0.17792928443617323	0.00039018306402555526	0.0037269209908647864	-0.0444234002696981	0.17090164530686866	0.8525600278543377	0.9325138310588412	-0.7887648114652429	0.41590290938287633	0.07000495703428249	0.38073590854359946	-0.45116161217273604	0.05660163971984179	0.05791427640809732	0.23071325089571115	0.23791099117073553	-0.9174671548673776;0.015143930521905602	-1.8963462341635253	0.14582154297891434	0.11096553119742027	0.7485734400202085	0.1768203756718523
t__SGB66053	-0.276513792124308	0.17360695975926596	0.1501180108235293	0.3531438556103407	-0.4389721631702494	0.172926330551061	0.06797137588323568	0.39830249020823	-0.6622251745332608	0.41145077627980536	0.12409470880335881	0.45382656322090176	-0.3828346206154565	0.013787962284037022	0.0011128382880292165	0.01560790915362496	0.11742215414493562	-0.6129820427395303;-0.15268719849138268	-3.2603270090150023	0.0	0.0	0.0	1.0
t__SGB14025	0.3532564266257975	0.17412562442071297	0.06665956013369297	0.20688737430849244	0.20734658333378145	0.17133911753175693	0.3863210757966845	0.7423049620083864	0.2284847018214268	0.40192182683535876	0.5867277469701895	0.8531890516457584	0.2748442359933387	0.013654577917990539	0.01867000857459855	0.11428933425776351	0.11685280449347606	0.045812739186125606;0.5038757328005518	2.352055110570182	0.0	0.0	0.0	1.0
t__SGB6606	-0.028814845865536114	0.17279220277958102	0.8803253573977723	0.9333976038246237	-0.1974122328867673	0.17129628251466913	0.4094226060093904	0.75146009227582	-0.16213032054613213	0.40127443799071094	0.6992181304998035	0.9008531262718399	-0.11791055146859837	0.013553158401674365	0.3111459845497708	0.592238720771314	0.11641803297459705	-0.3460898960988086;0.11026879316161182	-1.0128203376733482	0.0	0.0	0.0	1.0
t__SGB6541	-0.2926137961010076	0.17370541267681866	0.12796196117379868	0.3207734230329614	-0.15479930040602763	0.17113630266199698	0.5175257703563785	0.8205550047432154	-0.415417519810405	0.4049146997218669	0.32675006559995556	0.698601544199593	-0.2386987762983691	0.013626783306436973	0.040873334705719966	0.18869856189140718	0.11673381389484785	-0.4674970515322709;-0.009900501064467326	-2.0448126239873012	0.0	0.0	0.0	1.0
t__SGB15384	-0.35415158181755046	0.1741324098977641	0.06598136825428241	0.20535774164535087	-0.2508390742427608	0.17155124449553436	0.29494142699016723	0.689168910091153	0.12403934817289904	0.40100186046533765	0.7673732901515589	0.9405415989910699	-0.2655413566890646	0.013665460630484884	0.023114421166221755	0.12741680921479456	0.11689936112094404	-0.49466410448611486;-0.03641860889201429	-2.2715381345355308	0.0	0.0	0.0	1.0
t__SGB4183	0.09043511706282598	0.17287153347505496	0.6366843428274742	0.7923083928874886	-0.15117447087798924	0.17112447469685055	0.5273654673508994	0.8210992815460325	-0.29159902431140583	0.40274020875119526	0.4887744209085987	0.8006735026947556	-0.05332428600276142	0.013554515679135752	0.6469391298595442	0.82717192160367	0.11642386215521178	-0.2815150558269765;0.17486648382145364	-0.4580185282950977	0.0	0.0	0.0	1.0
t__SGB14005	-0.3727251503328237	0.17427701361249767	0.05315751284484966	0.17477306893796268	-0.33947649407444686	0.17210698234954405	0.15705922390480836	0.573877808999715	-0.5862740851883047	0.4091324850671581	0.17090286516572412	0.5230949574685699	-0.37483481323332096	0.013762979703595035	0.0013978514268544462	0.018438325963746744	0.11731572658256452	-0.6047736373351474;-0.1448959891314945	-3.1950943334909114	0.0	0.0	0.0	1.0
t__SGB14246	-0.14517451003472925	0.1730106818057288	0.4486113869121987	0.6472153863264534	-0.49257792641072157	0.17345254368253057	0.04087330422267477	0.3166966509001653	-0.9042571690352559	0.42059234640331067	0.03996245482201332	0.3255764701675791	-0.4078988680583667	0.03492197308522667	0.02905455276048996	0.14835227861116532	0.1868742172832482	-0.7741723339335332;-0.04162540218320021	-2.1827455600261216	0.0437345871999196	0.05238410648804729	0.4735763739108561	0.68648672213742
t__SGB14007	-0.17832520838519508	0.17312630149764258	0.3522460515377498	0.564751034512734	0.134895182948072	0.17107480134220285	0.5727147262564589	0.8358683401762756	-0.06187726492329006	0.40071266441704634	0.8825961296136582	0.9671694687154538	-0.02339686714755086	0.013557461313192746	0.8407447215496566	0.919866205724777	0.11643651194188508	-0.2516124305536456;0.2048186962585439	-0.2009409828355948	0.0	0.0	0.0	1.0
t__SGB3965	-1.1242476136548045	0.18593207127919956	3.136893168351321e-08	1.9309320169629245e-06	-0.16926655020735418	0.17118629219335552	0.47923194835371496	0.7967496168318411	1.070099091786731	0.4283301932100567	0.016943009864737454	0.22617897506179638	-0.12071497912872649	0.39166639688557753	0.8470474493861677	0.9219337661295421	0.62583256297957	-1.3473468025686837;1.1059168443112306	-0.19288702165640934	0.6793501324961271	1.0967056909489297	0.929565028007929	0.0001008290707623279
t__SGB14017	0.2750515697286685	0.1735982913909755	0.15226858426121495	0.35464561587117016	-0.08437567047964573	0.1709565871887955	0.724132816839117	0.8904985139375601	-0.7760717312008473	0.4154235814566186	0.07429643301525675	0.38073590854359946	-0.10326260076730721	0.07914965907386447	0.7135859420829855	0.86324337561305	0.2813354920266273	-0.6546801651394967;0.4481549636048823	-0.36704434276473663	0.1007881803916175	0.1752521370532502	0.6775453750250935	0.3191628820949668
t__SGB13993	0.0051587940569990266	0.17278352408638964	0.9784950755939328	0.984541559046725	0.1696292965478655	0.17118760277483042	0.4782922964920817	0.7967496168318411	-0.5298902748330258	0.40758659638795075	0.21407515220488021	0.5729354315048485	0.010915771622694017	0.02375275807120401	0.9435356283290317	0.9749646294497676	0.1541192981790535	-0.29115805280825086;0.3129895960536389	0.07082676700235317	0.013507324860477753	0.024681783072582526	0.22137690467905288	0.9878835276445519
t__SGB15345	0.2862359204742664	0.17366575188963673	0.13641013480052117	0.33322428207271687	0.26593630269530977	0.17163422298648479	0.26695697907166105	0.6721983900332338	-0.2493967808901136	0.4021711596772446	0.5532150817384514	0.83343114748704	0.23164474840610896	0.013645225301515065	0.04736264096668963	0.20991122476436844	0.11681277884510352	0.0026917018697060757;0.46059779494251185	1.983042871647419	0.0	0.0	0.0	1.0
t__SGB14023	0.2206359986610778	0.1733081350294372	0.2501646137751671	0.47157513001083295	0.08812705710368794	0.17096349528798205	0.7124073087980882	0.8859116702000918	0.30998775531649225	0.40301564108551413	0.46210326165650173	0.8006735026947556	0.16656012960060712	0.013575210611049314	0.1528477157804664	0.4157508308063727	0.11651270579232685	-0.06180477375235349;0.39492503295356773	1.429544773404243	0.0	0.0	0.0	1.0
t__SGB17167	0.11028993943583046	0.1729145438586086	0.5646685707251975	0.7412947587245484	0.41724921902266443	0.17272992411416016	0.08257944767644619	0.43159447181840743	0.5749152562292827	0.4088089787818958	0.17899126367389512	0.5288595204018022	0.29071216919049253	0.01457018702714174	0.016022121024142688	0.10175296425264295	0.12070702973373895	0.05412639091236418;0.5272979474686209	2.4084112568402904	0.002602228433000579	0.0020196481303174046	0.051487941321549324	1.0
t__SGB15102	-0.12398317290527841	0.17294915665596994	0.517426692740631	0.6991570433617307	-0.03584282265800314	0.1708942903888079	0.8807977032873056	0.944747197717652	1.1233542867297228	0.4310570969450226	0.01272054188967878	0.1968720400728065	0.23507066657470457	0.1405961682423732	0.5307120819836304	0.7676618627126142	0.3749615556858772	-0.4998539825696148;0.9699953157190239	0.6269193814942304	0.1293430424174457	0.3513318522376775	0.727637903878818	0.21679448908744
t__SGB2321	0.18369509592632746	0.17314725188318675	0.3379836156400725	0.5576761838778896	0.07134230258650588	0.17093492000508503	0.7653654831236374	0.9002388060520067	0.07123358520185864	0.4007438394503286	0.865013902587758	0.9622309953574324	0.12210871922606881	0.013548845769823233	0.2941558421804116	0.5848364828920842	0.11639950931951232	-0.10603431904017532;0.35025175749231297	1.049048401835483	0.0	0.0	0.0	1.0
t__SGB14243	-0.15930844696868549	0.17305708824074167	0.4057944101150204	0.6146786002178154	-0.3888746694460515	0.17248808156601192	0.10543549578168973	0.4908509635550934	-0.327361532669528	0.4032911526189984	0.43771999321694244	0.7886077276168654	-0.2789152705717275	0.013670576356211826	0.01705606014872596	0.10616918339768742	0.11692123997038274	-0.5080809009136776;-0.04974964022977732	-2.3854970289605153	0.0	0.0	0.0	1.0
t__SGB15108	-0.19210511412864353	0.17318130672539855	0.31641157024073635	0.5410003879220282	-0.660701245652776	0.17548076506974541	0.006411000329606201	0.1060207218687115	0.7210862135093972	0.4134310466473255	0.09563892099979851	0.39855353529284887	-0.11454777734991833	0.15019553600803723	0.7675596292672324	0.8907821883161618	0.3875506883080421	-0.8741471264336809;0.6450515717338443	-0.29556850447100946	0.21114543739700897	0.3820217599599835	0.8121898909843528	0.07243872277311078
t__SGB3983	-1.0260826429085916	0.1838015494565046	3.448244480821699e-07	1.1237220249266007e-05	-0.20825406437701335	0.17134313467711706	0.3842516639761395	0.7423049620083864	-0.610896665084253	0.4098545578382379	0.1543751861123327	0.5043228303115618	-0.6115722473416857	0.06554529256202546	0.016904203502896342	0.10581840384863925	0.25601814889188124	-1.113367819169773;-0.10977667551359849	-2.3887847404129077	0.2156734117777276	0.13564005988273986	0.8112406896080225	0.07341898585043619
t__SGB14203	-0.07395049917745525	0.17284228257821535	0.6992776743908335	0.8190271281448663	-0.1603738928759731	0.17115503801435894	0.5025830296531715	0.811752182005414	0.11434293739516513	0.40094403644791254	0.7850610174026099	0.9496152917926767	-0.09804489183187547	0.013544511074240248	0.39953701579164225	0.666697309483644	0.1163808879251239	-0.3261514321651183;0.13006164850136737	-0.8424483914829274	0.0	0.0	0.0	1.0
t__SGB15290	-0.7014018700913285	0.1780166806760611	0.0003493793421999918	0.003533257028267693	-0.5729912894487117	0.1743517726848108	0.017684345608369376	0.18661195175307876	-0.332612393350668	0.4033773373889973	0.430509079365755	0.7864358764253739	-0.6094623314106675	0.014164736711821148	3.0415085472412784e-07	2.1062446689645853e-05	0.11901569943423913	-0.8427331023017762;-0.3761915605195588	-5.120856612260801	0.0	0.0	0.0	1.0
t__SGB15119	-0.8081681269409317	0.17969805212574907	4.342633935636111e-05	0.0006682831112062238	-0.3217152960687387	0.17198240938295575	0.1797555783003852	0.605377449108896	1.83047892519849	0.477193587038227	0.0002164032947575628	0.033843923168536474	0.18063795674126987	0.6352707048851425	0.8207065120083308	0.9102530683736041	0.7970387097783536	-1.381557914424303;1.742833827906843	0.22663636599469933	0.6549159713275885	1.8136403654855349	0.9265076154508792	0.00013393671546724746
t__SGB6302	-0.5815561042545847	0.17639771741990545	0.002817367988590377	0.0187570737759668	-0.4730419441487436	0.17325394568828537	0.049426032896333155	0.3496901413871705	-0.3023868579410683	0.4028997737737973	0.4730211284410982	0.8006735026947556	-0.5070596373243236	0.013964035118597824	1.7790941294393292e-05	0.0007300875168217692	0.11816951856802085	-0.7386718937176444;-0.27544738093100274	-4.290951198489053	0.0	0.0	0.0	1.0
t__SGB4921	0.19461310680527646	0.17319175609312334	0.3101593473812527	0.5352905870692025	-0.06175886298009011	0.17092130069324601	0.7961264900799223	0.9141017108896932	1.171372128492078	0.43361362840806916	0.009785042310537546	0.1802478996323898	0.3439295226584947	0.12102432174160696	0.3228449344276838	0.592238720771314	0.34788550090742065	-0.33792605912004975;1.0257851044370392	0.9886285049575012	0.12503212953350373	0.2936664143558105	0.7202067853963746	0.230062393565999
t__SGB2227	-0.701187155004333	0.17801352407733384	0.0003507746147197168	0.003533257028267693	-0.5361335547008415	0.17392334057383865	0.02625289943131956	0.22725166070235994	-0.16223880743346086	0.4012753176472625	0.6990273550732307	0.9008531262718399	-0.576889381876338	0.014119149193532009	1.203932119997475e-06	7.020825205037907e-05	0.11882402616277572	-0.8097844731553784;-0.3439942905972976	-4.854989352793547	0.0	0.0	0.0	1.0
t__SGB6330	0.19418455277498092	0.17318996099791184	0.3112218128989921	0.5358931839823693	-0.044512367375278986	0.17090172980069057	0.8522681807179694	0.9325138310588412	-0.2647236260571257	0.40236764900243294	0.5293052644223462	0.815106254510091	0.04494458750435955	0.013558639305103155	0.6995084904220195	0.8556122905662386	0.1164415703479782	-0.1832808903776777;0.2731700653863968	0.3859840379174338	0.0	0.0	0.0	1.0
t__SGB1928	-0.6317397740207626	0.17704059567556765	0.0012161958809672382	0.009489753775434507	-0.6532092672534925	0.17537835918568007	0.007019796392099195	0.11111334860637012	-0.5398895719421137	0.4078497698874094	0.2058560918947253	0.5653117518413844	-0.6338105819112034	0.01419875196701011	1.0430817587447905e-07	9.631121572410233e-06	0.11915851613296513	-0.867361273531815;-0.4002598902905918	-5.319054000336449	0.0	0.0	0.0	1.0
t__SGB8640	0.17918186821604098	0.17312960222066562	0.3499452779027086	0.564751034512734	0.043156766482037257	0.17090046069116824	0.8567172807065475	0.9336204615324878	-0.577613721844254	0.408885282576971	0.1770426629567686	0.5259068915713127	0.006529723458165192	0.03242501487145651	0.9710732536554347	0.9885075357388813	0.18006947234735962	-0.34640644234265966;0.3594658892589901	0.03626224574906929	0.02171814571481268	0.04684046518357704	0.31341889975869974	0.8890271431132426
t__SGB6328	-0.18355409393518074	0.1731466938572096	0.33835325451544074	0.5576761838778896	9.716452023019483e-05	0.1708805703138987	0.9996756352504914	0.9996756352504914	-0.5612271132992404	0.40842721208269517	0.1891394044936457	0.5485393539945489	-0.12885973991888183	0.013587521648815083	0.2689558052059058	0.563818476935891	0.1165655251299246	-0.35732816917353405;0.09960868933577038	-1.1054704191076568	0.0	0.0	0.0	1.0
t__SGB4930	-0.5333635678662295	0.17582845178623652	0.006018447359211532	0.03367898825255746	0.12309215451084825	0.1710423141315592	0.6067239924583683	0.8498738099163995	0.3809501358660451	0.404234146864251	0.3676474183655192	0.7313345413806018	-0.07211537456617259	0.07154435854154566	0.7874583144401015	0.8991017831909962	0.2674777720513345	-0.5963718077867881;0.452141058654443	-0.26961258878861966	0.168747103916412	0.15455179167654007	0.7784624268155962	0.1207838312704508
t__SGB5071	0.1511943077928138	0.17302992160654235	0.43006592146922784	0.6352609040414848	-0.18647458979704978	0.1712515419850447	0.43579554413926036	0.7774384754264906	0.8195221091352329	0.4170942515973875	0.06049696617595604	0.3690877903108883	0.16439917363030948	0.07087202090469734	0.5368812985350195	0.7685587581095628	0.26621799508053046	-0.3573880967275302;0.6861864439881491	0.6175359166857937	0.08758945467475629	0.15155953740503697	0.6461282597151252	0.38172102895298776
t__SGB4155	-0.630667841778475	0.17702633320374292	0.0012388603208288297	0.009599001646701702	0.12930002491204973	0.17105903116209215	0.5887225510247505	0.8386477556761205	-0.3259675823120202	0.4032685003780077	0.43964669790705513	0.7907930864951576	-0.2641648998545955	0.05770465837702057	0.271467877072602	0.5647104356418858	0.2402179393322251	-0.7349920609457568;0.20666226123656567	-1.0996884770094184	0.1827586914358502	0.11535079682124068	0.7911116777511304	0.10246208327637861
t__SGB4905	0.27289672304984325	0.173585599988706	0.15548097289658752	0.3550608050856418	0.03935102805687023	0.17089710748445272	0.8692319447777244	0.9391051308750145	-0.26576127211548933	0.4023813714049841	0.5277070629673867	0.814344604133516	0.11905278926837473	0.013586339342453393	0.3070733272414654	0.592238720771314	0.11656045359577748	-0.10940569977934911;0.34751127831609857	1.0213823436312326	0.0	0.0	0.0	1.0
t__SGB6371	-0.2846305077443842	0.17365590492075803	0.1386038264409788	0.3342593268543415	0.15651571752978577	0.17114200087817763	0.5129002531853072	0.8165136214501729	-0.042381589891327176	0.40066178008417475	0.9194208260101	0.9717582368376148	-0.05973998117425043	0.02143953937964577	0.6832756108637894	0.8440015349354277	0.14642246883469	-0.34672802009024284;0.22724805774174195	-0.407997363039251	0.030231307142317015	0.018975921557918964	0.38943834838497576	0.8111301815080028
t__SGB14109	-0.3484466520900725	0.17408945481702562	0.07040369586889439	0.2119763451704755	0.07079310586140422	0.17093408658133413	0.7671187418182484	0.9003893706934525	0.03755206062555147	0.40065211512281146	0.9285751425261622	0.9717582368376148	-0.11597294243087984	0.020954929950147822	0.4230450989117842	0.6923692313061401	0.1447581774897288	-0.3996989703107483;0.1677530854489886	-0.8011495063144782	0.026628703660417277	0.01773625380784441	0.35947740122853833	0.8318301321960025
t__SGB4402	0.03858343265317624	0.1727993121426813	0.8402369182283516	0.9075933693012356	0.08321856159987938	0.17095451697370057	0.7277629312099643	0.8909220994870545	-0.08319352910817819	0.4007900668161635	0.8426438518286203	0.9622309953574324	0.048987032486516445	0.013525905402282396	0.6736022487006661	0.842359357547675	0.11630092605943598	-0.17896278258997808;0.27693684756301096	0.4212093071510149	0.0	0.0	0.0	1.0
t__SGB5100	-0.19009427598226905	0.17317302616549068	0.321484447873998	0.547644495496495	0.038292154850970705	0.1708962295156598	0.8727199480601904	0.9397217710891068	0.17205429096551322	0.40135733214574937	0.6818521890664682	0.8897463087140359	-0.0536580093188109	0.013551315466363352	0.6448420857470327	0.8269502673700374	0.11641011754294964	-0.2818218397029922;0.17450582106537038	-0.4609393964318756	0.0	0.0	0.0	1.0
t__SGB5058	-0.14071425310709473	0.1729969292145258	0.4626436048735708	0.6614311150966664	0.07635152846582106	0.1709428187398522	0.7494311295799039	0.8941455474687723	-0.23636358028584678	0.40201322195701394	0.5739836819892716	0.8442724920519731	-0.04810754023791947	0.01354598837198638	0.6793572712464706	0.8424737256018251	0.11638723457487242	-0.2762265200046694;0.18001143952883047	-0.41334034968389666	0.0	0.0	0.0	1.0
t__SGB69292	0.21681016085147897	0.17329011572512082	0.25843092859233574	0.4812461661853916	-0.10801476240520073	0.17100513080808924	0.6514453833652567	0.863398905225723	0.10159357794374602	0.400875154351817	0.808498168585974	0.9622309953574324	0.056407823403803604	0.013564863295904273	0.6281593952903382	0.8197887043365073	0.11646829309260213	-0.17187003105769658;0.2846856778653038	0.48431913876298177	0.0	0.0	0.0	1.0
t__SGB6601	0.2083032086324388	0.17325117204444715	0.2774925835802494	0.5008744576986467	-0.05218940858719193	0.17090965731760827	0.8271656939160824	0.9191372553315866	-0.6314050003937696	0.4104776267357343	0.1416215374354057	0.48431068974823926	-0.04893721533971818	0.04381017502749806	0.8151372184358849	0.9064614659641773	0.2093088030339337	-0.45918246928622825;0.3613080386067919	-0.23380390423323166	0.04476568808473056	0.07703847467675257	0.4842770226290565	0.669660575634045
t__SGB9280	0.19720937400055163	0.17320271534749943	0.3037745535304781	0.5295559340962969	0.13341157753237368	0.17107055480671338	0.5769389378742069	0.8358683401762756	0.7427829103892908	0.4142009335916742	0.08665808371342529	0.38073590854359946	0.21084622320943627	0.013636354979927597	0.07098400704993701	0.26043139010374244	0.11677480455957782	-0.018032393727336254;0.43972484014620883	1.8055797567347993	0.0	0.0	0.0	1.0
t__SGB4900	-0.38462561221838987	0.17437348173399578	0.04610181673085965	0.1591302583731853	-0.2895281566311535	0.17177350776614345	0.22702317618743517	0.6516623813877672	-0.10863520715858954	0.40091219465054573	0.7955292589949854	0.9570517617105196	-0.31695430020268023	0.013698448095775632	0.00676743759407894	0.0543356583640541	0.11704036951315402	-0.5463534244484621;-0.08755517595689835	-2.7080767219131014	0.0	0.0	0.0	1.0
t__SGB25497	-0.2758708552040281	0.17360314268301452	0.15106071101615567	0.35460861823284	-0.034918632964818785	0.17089359200107934	0.8838489363663663	0.9460477499252179	-1.1307890427091787	0.431446909184816	0.01221700502512372	0.1968720400728065	-0.38007676562983617	0.09001012928652981	0.20520847797061492	0.48848877918631517	0.30001688166923174	-0.9681098537015304;0.20795632244185802	-1.2668512635527969	0.09062125368310667	0.2042860717494026	0.6509948653883116	0.3745944742097948
t__SGB15292	0.09924266068424599	0.1728895639991714	0.6042517504292249	0.76778777462796	0.48743647756773995	0.17339952009882598	0.042991245869587046	0.3262623316678249	0.8306474601913918	0.41753553415830746	0.05735031226473586	0.363109405653299	0.37554581695859995	0.03470228734545349	0.04380320362793877	0.19649372315690752	0.18628549955767756	0.01042623782555191;0.740665396091648	2.015969132596516	0.049454581321160734	0.05199419308422691	0.5051291832068819	0.6422568102647
t__SGB6463	-0.516777780205606	0.1756435222065351	0.007729276674200025	0.04097626102877334	-0.23729955461767674	0.17148091994396839	0.32167396414521016	0.7061970994113416	-0.9844305051687063	0.4241883034094211	0.02658028057592522	0.2806423147993445	-0.4597677031083951	0.03048962840382617	0.008461692115965702	0.06332130470106767	0.174612795647473	-0.8020087825774422;-0.11752662363934802	-2.633069938566377	0.029575285969425883	0.04063949701985868	0.37679266931435523	0.8208123790618266
t__SGB15104	0.20570344104911545	0.17323957990980263	0.2835065019654351	0.5074720584453992	0.06984840880377957	0.1709326680314566	0.7701374153236527	0.9010689083195429	-0.5170612414259573	0.40725591086966234	0.22498790163655952	0.5850139085398888	0.047871030065369836	0.02726605790188364	0.7718859081111598	0.8921177260006419	0.16512437101131874	-0.2757727371168149;0.3715147972475546	0.2899089321108659	0.01612950107653827	0.033556833302771816	0.2533324012977084	0.9503421219633396
t__SGB6449	-0.19996056988449895	0.1732144863015108	0.2971057961050177	0.5237038405939272	-0.5746543456202683	0.17437174962028976	0.017364236677246604	0.18499590613835806	-0.6392101289238309	0.41071990518896584	0.1370006539464137	0.4728869924380884	-0.41263631620468294	0.018699805492857286	0.002548595510913909	0.02823843826092611	0.13674723212137527	-0.6806608911625784;-0.14461174124678744	-3.017511285628302	0.01630200076041582	0.011526172535806628	0.25171316762146917	0.9503421219633396
t__SGB1504	0.09589509085549118	0.1728825139159239	0.616490512734579	0.7768110980227569	0.07263689364920149	0.17093691005703904	0.7612374454090831	0.8982439717926135	-0.2856932489252472	0.4026552844813664	0.49752513345896776	0.8006735026947556	0.053246717642514006	0.013541056001258888	0.6472545632043158	0.82717192160367	0.11636604316233705	-0.1748307269556666;0.2813241622406946	0.45757951542815545	0.0	0.0	0.0	1.0
t__SGB6250	-0.1484720558771672	0.17302112450981913	0.4383961470951825	0.6408218086826678	-0.43145488267541393	0.17285726139759353	0.07276253084204375	0.4113310416989004	0.029798841153390685	0.4006390412730593	0.9432918999774877	0.9740609740680861	-0.2628345208610744	0.01367952710634608	0.024625550313725375	0.13269251669609988	0.11695951054252099	-0.49207516152441555;-0.03359388019773327	-2.2472265798814206	0.0	0.0	0.0	1.0
t__SGB16986	0.15634320601724283	0.17304699630315162	0.4145667402580572	0.6241031904971839	0.03984976501298529	0.1708975293083881	0.8675899565998028	0.9387594452271303	0.4787234123755236	0.4063145283457209	0.2601265030660681	0.6222837348455598	0.12871503690753447	0.013570161437045989	0.26918770243599854	0.563818476935891	0.11649103586562354	-0.09960739338908767;0.35703746720415663	1.1049351218407204	0.0	0.0	0.0	1.0
t__SGB6836_group	-0.6475814730255521	0.17725406230336807	0.0009233434782842714	0.007467624627291772	-0.1373228276184075	0.1710818510703477	0.5658347837560528	0.8303689203757982	-0.26822584915153347	0.4024141776074625	0.52392164697839	0.814344604133516	-0.3710058819049044	0.02872707927807812	0.028600761240918926	0.1471502316974017	0.1694906465799164	-0.7032075492015406;-0.03880421460826827	-2.1889460533149347	0.05708834188419477	0.03683362938678758	0.5418232001543801	0.5678606263085071
t__SGB9243	0.2201577451399914	0.17330586536987067	0.2511876184279028	0.47172183257307854	-0.1831319477544943	0.1712383752799888	0.4440488631950521	0.7782934375632199	-0.016588908040307257	0.400623698731173	0.9684111580944157	0.9916816665144293	0.013211127968724387	0.01822274076467346	0.9220384814051938	0.9656130788250991	0.13499163220242008	-0.25137247114801897;0.2777947270854677	0.09786627328806786	0.017660377421572362	0.011099945244942297	0.2717056854741677	0.9294275491365995
t__SGB14185	-0.37243215417693853	0.1742746760893699	0.05334214937611981	0.17486124706728032	-0.04654419028629332	0.1709037054665673	0.8456086469893763	0.9304214308482909	-0.0731433616924088	0.4007507410243907	0.8614335379131637	0.9622309953574324	-0.19500789272296107	0.013625994443986668	0.09480405146343007	0.3135608627506881	0.11673043495158693	-0.42379954522807145;0.033783759782149314	-1.6705831071719996	0.0	0.0	0.0	1.0
t__SGB4122	0.09576675782831483	0.17288224845133113	0.6169618829061607	0.7768110980227569	-0.03166924794773514	0.1708912813258323	0.8945903929185316	0.94981149413923	-0.5434357739435867	0.4079442434313773	0.20300081890358285	0.5616752470870573	-0.02048405911451066	0.01541439029018257	0.8689532816246277	0.934780384016654	0.12415470305301596	-0.26382727709842196;0.22285915886940064	-0.1649881849885594	0.002325539440432008	0.0043451432595602545	0.046693933323542824	1.0
t__SGB4111	0.06763527403462576	0.17283262976689953	0.7238460579754428	0.8332626829472185	0.013171299982523829	0.17088242300917683	0.9560526841650162	0.9799318908925421	-0.5252903047310921	0.4074671249997011	0.21794017276026928	0.5748877138250481	-0.00608227063230206	0.01356009146566572	0.9583440486120358	0.9806438689299829	0.1164478057571963	-0.2343199699164068;0.22215542865180266	-0.052231732429412356	0.0	0.0	0.0	1.0
t__SGB6344	-0.1369477018991453	0.17298564895098156	0.47468379098765234	0.6725698726525815	-0.747823282125189	0.17675238576410293	0.0021142441955912293	0.061646909703028475	-0.6824460773907697	0.41211312653243326	0.11360782800064306	0.43931749047574153	-0.4829833159805057	0.042687538119656726	0.019404828798935014	0.11547485561254305	0.20660962736440122	-0.8879381856147321;-0.07802844634627931	-2.3376612316746455	0.108562094131757	0.07300474357523913	0.688937541913751	0.29181326438144695
t__SGB4937	-0.2943404940844283	0.17371629889241644	0.125747023986694	0.3173751767135693	-0.4144551372038873	0.1727053692933075	0.08463274692870737	0.43413464628244336	-0.6070956157509615	0.40974123520223127	0.15683861199690263	0.5044575985607149	-0.3754459928000399	0.013770254857542219	0.0013768599771413204	0.018438325963746744	0.11734672921535656	-0.6054455820621387;-0.14544640353794103	-3.1994585218563314	0.0	0.0	0.0	1.0
t__SGB6823	-0.8453781039030809	0.1803357950299382	2.0043151566776393e-05	0.0003640624907539056	-1.052941459335213	0.18233731269792014	2.0726215490983667e-05	0.0028705808455012378	-1.08618561388694	0.4291417458452996	0.015545650490546363	0.21005586272591917	-0.9593378593766421	0.015092666974157138	5.773159728050814e-15	3.198330489340151e-12	0.12285221599204932	-1.2001282027210587;-0.7185475160322254	-7.808877126308637	0.0	0.0	0.0	1.0
t__SGB4713	-0.49062767956490805	0.17536344668759818	0.01133421547720113	0.05413064977904677	-0.10059362275813116	0.17098860816232242	0.6739459085446453	0.8696758374116272	0.20469369435690177	0.401664541278039	0.6260378350553051	0.8615240524429624	-0.21612492060678506	0.032374116526352525	0.22968375470671631	0.5162060856288878	0.17992808709690805	-0.5687839713167249;0.13653413010315468	-1.201173891713647	0.046063162335657465	0.04669444558759905	0.4907907851248631	0.6644214644957261
t__SGB1677	-0.03823455963300528	0.17279902276041112	0.8416620821408809	0.9075933693012356	-0.1092523364228044	0.1710080003842101	0.6477234496762646	0.863398905225723	0.9467207929942703	0.42246273007238894	0.03225654481592054	0.309577046440667	0.16958626773178695	0.09504700826837689	0.5822683247093328	0.7962561522940296	0.3082969481982864	-0.4346757507368544;0.7738482862004283	0.5500744289648779	0.0835999259751959	0.22007410250369103	0.6348947491904384	0.406932335213837
t__SGB15353	-0.5021707253301615	0.1754853385561216	0.009588963565967244	0.048293507414053215	-0.2656910437579596	0.17163283656459374	0.2673963193250662	0.6721983900332338	-0.07367131075504672	0.40075268112588025	0.8604442958760814	0.9622309953574324	-0.35493899455503314	0.013765369482115822	0.002484362221867986	0.02780478123060332	0.11732591138412615	-0.5848977808679203;-0.1249802082421459	-3.0252396113332503	0.0	0.0	0.0	1.0
t__SGB15086	0.02119324662169913	0.17278808701375112	0.9118254292104192	0.9540156520917322	0.2724610454623518	0.1716715721220245	0.2554530354013759	0.6623589163412635	0.6674064713365985	0.4116186959862741	0.12133337081639337	0.4496233273062336	0.20402874200036603	0.02016113658963744	0.15073954519902877	0.41341439623892046	0.1419899172111789	-0.07427149573354463;0.4823289797342767	1.4369241563604687	0.012672053350503174	0.015590786768757242	0.20959688808039006	0.9973388493416872
t__SGB4637	0.26241823096998207	0.1735252950135124	0.17184792389627168	0.3770445538159783	0.2457054605903253	0.17152412464883277	0.3048946982771812	0.6936823936162562	0.10722653713262786	0.40090458651640964	0.7981189781773648	0.9570517617105196	0.24153023753425737	0.013619872429873716	0.03849045547693963	0.18382510632952204	0.11670420913520521	0.01278998762925515;0.4702704874392596	2.069593199114503	0.0	0.0	0.0	1.0
t__SGB5040	-1.6919105278971713	0.2013366001096423	5.0154114582320875e-15	1.3892689739302883e-12	-0.03988497199575504	0.1708975592866147	0.8674740666364176	0.9387594452271303	-0.19479947026376512	0.4015658180546888	0.6427365402582979	0.8617635139477755	-0.6591382887967847	0.284737297197606	0.21673800666323761	0.5023968857382161	0.5336078121594604	-1.7050096006293272;0.38673302303575774	-1.2352485735343985	1.0425837604267634	0.7811840138913289	0.9509199844899677	7.848862937365197e-07
t__SGB15038	0.029044143404355176	0.1727923460409651	0.8793803745895223	0.9333976038246237	-0.4380225743674783	0.17291754138096013	0.0685617336016848	0.39830249020823	0.20267146922520793	0.40164396819546216	0.6294345490206078	0.8615240524429624	-0.13920601419256703	0.034048956441874896	0.4506044667749567	0.7082029113666133	0.1845235931849228	-0.5008722568350158;0.2224602284498817	-0.7544076710725	0.061706726305820185	0.051210303207529805	0.5643056515466043	0.5344626299601275
t__SGB4317	0.096456792566066	0.1728836800081058	0.6144292526392954	0.7757564181797408	-0.0033397567193506478	0.17088068933787745	0.9888512418802096	0.996042887275702	-0.639210128923831	0.41071990518896584	0.13700065394641361	0.4728869924380884	-0.051709456629629814	0.029860721301338718	0.764756835970059	0.890689787625865	0.17280255004292824	-0.39040245471376916;0.2869835414545095	-0.29924012473649236	0.017313384055464055	0.04014287009785751	0.2667474932867946	0.9365465164513961
t__SGB6935	0.4537817444162088	0.1749928058688494	0.018968080285463203	0.08178759889641575	0.06740665683121123	0.1709290897475944	0.7779559871928309	0.9047932143481747	-0.09891662476868708	0.4008617231851962	0.8134434669461704	0.9622309953574324	0.2128260847084701	0.02334340024024759	0.1636278597530636	0.425963211874512	0.15278547129962192	-0.08663343903878884;0.512285608455729	1.3929733167567009	0.028885806128181746	0.023549893546489183	0.3773699818715498	0.8208123790618266
t__SGB1477_group	-0.27434448071723444	0.1735941159473403	0.1533170126374463	0.35464561587117016	0.285527682365524	0.17174906436687476	0.23347322985009145	0.6557600302681893	0.05467637387259521	0.4006916542867966	0.8961706703977954	0.9717582368376148	0.01431015063775754	0.03313626873233921	0.9373407301570336	0.9724471245449374	0.18203370218819154	-0.34247590565109787;0.37109620692661294	0.07861264406391794	0.07766052666091898	0.04891161869898761	0.6203904598772709	0.43335910858015547
t__SGB6384	-0.27390182960960996	0.1735915074598208	0.1539761694203239	0.3549299246731243	0.3175182090296887	0.1719539369345502	0.18546259210641158	0.61068184633915	-0.4099831170606854	0.40480356467631146	0.3329803718941906	0.7067946500708496	-0.06119802183378128	0.04985541696003157	0.7840212701376934	0.8991017831909962	0.22328326618900837	-0.49883322356423765;0.37643717989667513	-0.27408243742716215	0.11733459328311394	0.09378370632694517	0.7107778151987574	0.24935442909114183
t__SGB14925	-0.043076132678330846	0.17280327356118888	0.8219329451247321	0.8999028687729281	-0.3561796682365776	0.17223015241346284	0.13778309113319773	0.5525790229086385	0.9363684140065888	0.42199960411846554	0.03399861550447573	0.309577046440667	0.09785348137353987	0.13378405872161608	0.7890603563839413	0.8991017831909962	0.36576503211982425	-0.6190459815813156;0.8147529443283954	0.26753099061006785	0.15325781494365295	0.3327452714799833	0.7602141344896618	0.15518138725113265
t__SGB6329	-0.041853002031127844	0.17280215189864023	0.8269069180667548	0.9002670808535727	0.11045658124188562	0.17101082401457415	0.6441102790101159	0.863398905225723	-0.037144375687866944	0.40065135270001534	0.9293483858148373	0.9717582368376148	0.029006656690737636	0.01352944054898874	0.8030685708106331	0.903481059228755	0.11631612334061318	-0.19897294505686422;0.2569862584383395	0.24937778063490199	0.0	0.0	0.0	1.0
t__SGB6311	-0.44716671798406893	0.17492924739774254	0.020741766529316873	0.0877170889865767	0.09816633306622499	0.17098345877864704	0.6813710794422823	0.8716715421303091	0.08958233797176017	0.4008176922693188	0.8307482717277878	0.9622309953574324	-0.12905161760398062	0.03576005419900452	0.49496087521960286	0.7431119915221137	0.18910328976251187	-0.49969406553850393;0.24159083033054266	-0.6824398336277068	0.07979216661238182	0.055764577776889375	0.6260800496887204	0.42325175359838957
t__SGB20608	0.10448756960546392	0.1729010957006801	0.5853015992398021	0.7540862464624426	0.17429499199589357	0.17120470885931022	0.4662975774051177	0.786883663531035	-0.14744669809093316	0.40116079038709834	0.7252221624917559	0.9168184124126553	0.11554886797650069	0.013553560235316649	0.3209442255285957	0.592238720771314	0.11641975878396522	-0.11263385924007116;0.3437315951930725	0.9925193900368698	0.0	0.0	0.0	1.0
t__SGB6484	-0.07593022997817772	0.1728454857567663	0.6916395143672691	0.8158403632855983	0.17759004504100478	0.17121706825440774	0.45792930459255754	0.7850433229156764	-0.13121824127901607	0.4010476961047026	0.7543602838411451	0.9288271710886754	0.036592081355367366	0.013549867506765446	0.75325186070142	0.8848675005151715	0.11640389815966408	-0.1915595590375742;0.26474372174830896	0.3143544325738667	0.0	0.0	0.0	1.0
t__SGB6447	0.008265914794996321	0.17278397453301686	0.9655493604457117	0.9816800850970626	0.25850481100775285	0.17159277660065178	0.2804927520562871	0.6779064291264334	-0.06007513029350262	0.4007071628573425	0.8859900819008896	0.9671694687154538	0.11782658527763053	0.013570978680018773	0.3118085780055819	0.592238720771314	0.11649454356328787	-0.1105027201064137;0.34615589066167474	1.0114343700022226	0.0	0.0	0.0	1.0
t__SGB5063	-0.16414606270195872	0.1730739583248009	0.3917259049957891	0.5996939353766271	0.09064908284132084	0.17096830827793763	0.7045626163371166	0.8813727600712724	0.10416372362351924	0.40088838664269416	0.8037578654172173	0.9622309953574324	-0.023442578977765152	0.01354693666557417	0.8403766157187929	0.919866205724777	0.11639130837641688	-0.2515695433955422;0.20468438544001194	-0.20141176609124767	0.0	0.0	0.0	1.0
t__SGB12676	0.46025784063960634	0.1750559107613435	0.01736296116107199	0.07637243288466021	0.15266791418193615	0.1711293140154396	0.5232998159070628	0.8210992815460325	0.06926524376038903	0.4007369171826738	0.8687071651465157	0.9634910300123517	0.2830403396407465	0.013697479287466625	0.015588959244816847	0.10042190025149456	0.1170362306615632	0.05364932754408261;0.5124313517374104	2.4183993113997477	0.0	0.0	0.0	1.0
t__SGB5072	-0.11871787846957632	0.1729353694453595	0.535344484854904	0.7163788517140504	0.06004546053648127	0.17091907228829598	0.801661654195645	0.9149452036660706	-0.15370136149169064	0.40120788577654576	0.7141017607239937	0.9118132254011382	-0.03883366395852843	0.013535323374685581	0.7385376073052556	0.8754428791252507	0.11634140868446445	-0.26686282498007874;0.1891954970630219	-0.33379056002193697	0.0	0.0	0.0	1.0
t__SGB6422	-0.13557717338448066	0.17298162018134533	0.47910764492787383	0.6762433638796904	0.4054252950016618	0.17262711852197482	0.09155574397553291	0.44886621382694897	-0.5407901424231192	0.40787370525449945	0.2051280458298063	0.5653117518413844	-0.012576201163237705	0.06757639014164711	0.9614146308115121	0.9827005635970069	0.2599545924611587	-0.5220872023871087;0.49693480006063334	-0.04837845349901555	0.12986388826962886	0.14305646352363857	0.7305810002353165	0.2123551409396593
t__SGB6438	0.15395239252732923	0.17303899703024964	0.4217216093625321	0.6299779496870379	0.10957065035841154	0.17100874373979305	0.646767571729102	0.863398905225723	-0.26643757182374506	0.40239034380792876	0.5266668316208084	0.814344604133516	0.09818390954387775	0.013555944198860328	0.39906791954193377	0.666697309483644	0.11642999698900763	-0.13001888455457722;0.3263867036423327	0.8432870573134814	0.0	0.0	0.0	1.0
t__SGB2230	-0.28218161251194285	0.1736409899757273	0.14200290396050852	0.33836390879192135	-0.35309881431567103	0.1722069958937183	0.1411926368982775	0.556731109193208	-0.49110366580500103	0.40661083507408996	0.24835916640217448	0.6061276572105933	-0.33229492103138847	0.013710754197364686	0.004541517926189398	0.0409105842456736	0.11709292974968508	-0.5617970633407712;-0.10279277872200573	-2.8378734885338557	0.0	0.0	0.0	1.0
t__SGB4301	-0.00600910307363177	0.1727836266348066	0.9749515761800979	0.984541559046725	-0.3537896811952326	0.17221217140615205	0.14042241425485316	0.5556715535513476	-0.013591326866392235	0.4006214335835514	0.9741168181268584	0.9920233772836021	-0.16522657112791883	0.01489379504883778	0.17577761873630227	0.44466119077585137	0.1220401370403925	-0.4044252397270881;0.07397209747125047	-1.3538707439605104	0.004535473541455059	0.0030173887767727795	0.08726505067666689	1.0
t__SGB58520	0.010686559143125449	0.17278446995587346	0.9554700113593244	0.9777728092138696	-0.15386738439734293	0.1711332350977773	0.5200462750157582	0.8208137787998007	-0.9424561494999291	0.42227139099398553	0.03296404965276541	0.309577046440667	-0.25277819033648435	0.06511257288713528	0.32187107863064	0.592238720771314	0.2551716537688606	-0.7529146317234512;0.24735825105048243	-0.9906201829355847	0.05719084732965982	0.13484019349280246	0.5432045811265633	0.5654099836819724
t__SGB4950	0.40517385519259685	0.17454705315656116	0.03579244547115472	0.1300263264984899	0.06944791884606265	0.1709320724072091	0.7714182027876715	0.9016153678151266	-0.48577411684077776	0.40648237780068963	0.25337519364724864	0.610303727306851	0.09387555931685383	0.052646001974358446	0.6824383756970307	0.8439309954841169	0.22944716597587003	-0.35584088599585145;0.5435920046295591	0.40913802058782595	0.06603566620602834	0.10136232105223997	0.5800761909655202	0.5107440165740506
t__SGB2238	-0.9594567889117139	0.18245367108401997	1.6314035729523441e-06	4.016878130735994e-05	-0.7587986843805309	0.1769230392796913	0.0018256742642637574	0.057786370867764204	0.3387602415183204	0.40347996362058136	0.42216065104606393	0.7770000022575396	-0.5304985378911149	0.14637740247818706	0.16556768685669132	0.42861915195610745	0.3825929984698976	-1.2803808148921143;0.2193837391098844	-1.3865871566200512	0.16776864187887375	0.3710563968519932	0.7674872447281609	0.1417108527455805
t__SGB1667	-0.24221210872726703	0.17341561839807573	0.20703835482114874	0.4148254921190467	0.14897599881087487	0.171117437135917	0.5333799510244808	0.8210992815460325	1.2076991037251965	0.43560831353308604	0.008005455778684212	0.16127354550512923	0.29351293873741513	0.16933865675945278	0.4756835369114738	0.7268047028055107	0.41150778456725795	-0.5130423190144104;1.1000681964892407	0.7132621781288382	0.2007476088435333	0.4349467001493716	0.8046171305756278	0.08189697209902562
t__SGB1666	-0.5299248563205403	0.17578964668371463	0.006341836936850357	0.03514401856918064	0.014872440766390278	0.17088293250842307	0.9503836440649989	0.9785416738896435	0.2893140537769637	0.4027071472214664	0.4921495560834298	0.8006735026947556	-0.14617683248761748	0.053507765119174905	0.5274315089553006	0.7669214067224055	0.23131745528423683	-0.5995590448447217;0.3072053798694867	-0.6319316988335325	0.10968459204442776	0.10390693189322281	0.6959879910921751	0.2762833606705007
t__SGB1883_group	-0.6478410390798799	0.1772576018042926	0.000919147849284755	0.007467624627291772	-0.08650305809954642	0.17096046788145763	0.7174751127218111	0.8882261730678956	0.3922605065654425	0.40445109877985563	0.353865277644968	0.7191559009965917	-0.1871592708988726	0.08184260193531195	0.5129721993636984	0.7541933625127162	0.2860814603138623	-0.7478789331140427;0.3735603913162975	-0.6542167069950588	0.15316224455743155	0.18381432561116098	0.7601030761627375	0.15518138725113265
t__SGB6289	-0.7638834788284175	0.1789737228844732	0.00010568980081446858	0.0013498865644168661	-0.010694194362646006	0.17088179163944955	0.964311564672865	0.9835883367159498	-0.0012800224931337168	0.40061684940948855	0.9975618850833554	0.9993657944596364	-0.29892133234652907	0.06780694537240575	0.2509926464026968	0.5442267166618162	0.2603976677553118	-0.8093007611469402;0.21145809645388203	-1.1479416652357148	0.19507543799198573	0.14388013840009364	0.8007493452223048	0.08774338107192345
t__SGB5904	0.5516938452177604	0.1760393900664181	0.0045345266787375	0.02672476361724016	0.30150019001067185	0.17184866839897317	0.20849037332516454	0.6399095114800064	0.3972110440458597	0.40454801782713534	0.34794404680809865	0.7153214442695472	0.42135292957007264	0.013842652751651387	0.0003419357244762722	0.0060137267098366596	0.11765480335137783	0.1907495150013721;0.6519563441387732	3.5812641521459674	0.0	0.0	0.0	1.0
t__SGB6460	0.21117311011210665	0.17326413682689007	0.27095650730912885	0.4953322797160189	-0.3418942311085783	0.17212445011658362	0.15414752605293652	0.573877808999715	-0.6652834744508342	0.4115497422006364	0.1224585349790173	0.4507775971985089	-0.18923684054331702	0.05975793945506209	0.4388602595773867	0.7005859104428783	0.24445437090602837	-0.6683674075191326;0.28989372643249856	-0.7741192756829955	0.12165400342680648	0.12070199290769815	0.7170882112938552	0.2350439611381371
t__SGB4704	0.07700400311886987	0.17284725847701438	0.6875098786406615	0.8138471640318942	0.11367514821099618	0.17101852236903747	0.6344952489786964	0.8622653850284427	0.2371899146844653	0.40202298572875894	0.572655248877878	0.8442724920519731	0.10740269475603703	0.013540980730649525	0.3560200339828823	0.6271386290191313	0.11636571974017745	-0.12067411593471078;0.33547950544678484	0.9229753830926053	0.0	0.0	0.0	1.0
t__SGB1404	0.5434421893859819	0.17594358229369417	0.005155279719414453	0.029443556335624815	0.12806984585076972	0.17105565323943347	0.5922699348448216	0.8386477556761205	0.025049494169510456	0.40063251919535275	0.9523174450613622	0.9815513759330132	0.2926834503923157	0.024103057335674305	0.05940010607391821	0.23130154711630338	0.15525159366548966	-0.011609673192044034;0.5969765739766755	1.8852202639732083	0.03339654210364566	0.025296625769320166	0.41083914142972916	0.7881733912011847
t__SGB6343	0.06365150248979236	0.1728269832582914	0.7394955931871645	0.8395093414460844	-0.0755020541175926	0.1709414415570642	0.7521259175208437	0.8941455474687723	0.07445475070022353	0.4007555858007467	0.8589767610237949	0.9622309953574324	0.00014566722594180597	0.01352671358062284	0.9990006775351028	0.99995045721499	0.11630440052131664	-0.22781095779583882;0.22810229224772244	0.001252465300443276	0.0	0.0	0.0	1.0
t__SGB8774	0.07715994566407461	0.17284751799523232	0.6869109172467571	0.8138471640318942	0.009318421292594938	0.17088149758982432	0.9689002394250159	0.9835883367159498	-0.14043232252403767	0.4011102956357582	0.737767310763613	0.9257601136195733	0.027442736173136598	0.01352578927411676	0.8134604567250803	0.9064614659641773	0.11630042680109459	-0.20050610035700878;0.255391572703282	0.23596419143045064	0.0	0.0	0.0	1.0
t__SGB6492	-0.2727246862061688	0.17358459100613557	0.15573966721265517	0.3550608050856418	0.09705345340432239	0.170981139855944	0.6847859394362921	0.8716715421303091	-0.29592075355062464	0.40280344401167045	0.48242740188863764	0.8006735026947556	-0.10701698888146795	0.01737036381731431	0.4167999561649871	0.6841694095271196	0.13179667604804876	-0.3653384739356435;0.15130449617270764	-0.8119854922779164	0.013149354950869803	0.00898485113177903	0.21703096192629806	0.9902258310858523
t__SGB4444	-0.32652674492801664	0.1739308070146026	0.08973978244254878	0.2517257694844153	-0.27118879220175346	0.17166421904460863	0.2576683907373301	0.6639455277603762	-0.040703959345682814	0.4006582904158938	0.9225995275367143	0.9717582368376148	-0.27656217128354704	0.013657536574533408	0.017957152779267904	0.11115377251077564	0.11686546356615973	-0.5056184798732202;-0.04750586269387397	-2.3665004428530763	0.0	0.0	0.0	1.0
t__SGB47358	-0.2955529367338001	0.1737239807777856	0.1242098895427548	0.31493033778803736	-0.3737955083706697	0.17236635832553057	0.11950589644629242	0.515001360455439	-0.5242792614874667	0.4074410009405436	0.2187968268201375	0.5748877138250481	-0.35064090397700237	0.01373309072353563	0.002770509292685519	0.029516579772072643	0.11718827041788624	-0.5803299139960594;-0.12095189395794534	-2.9921160430701663	0.0	0.0	0.0	1.0
t__SGB6451	-0.1873858064416828	0.17316200988988534	0.3284017347529502	0.5512576183702059	-0.4559174013541292	0.1730862939262102	0.05812797789002761	0.3722878583939341	-0.639210128923831	0.41071990518896584	0.13700065394641361	0.4728869924380884	-0.3476147741255475	0.013763294407697295	0.0030462027630913102	0.03101662850335447	0.11731706784478248	-0.5775562271013212;-0.11767332114977383	-2.963036670720945	0.0	0.0	0.0	1.0
t__SGB72475_group	-1.1173449014165457	0.18577673002199147	3.7273835842760126e-08	2.064970505688911e-06	-0.31082591160062367	0.17190930122698952	0.1948411154778001	0.6194710565085706	1.0505299623423203	0.42735724571813183	0.01880162488601658	0.23032041566158534	-0.17389765152550832	0.3866076966478295	0.7797244775633756	0.8965749396661016	0.6217778515256309	-1.392582240515745;1.0447869374647283	-0.27967810545007793	0.6003421545863635	1.0817448361748037	0.9209043085596008	0.0002651296764773595
t__SGB6421	-0.41615146572982575	0.17464340807380485	0.03114873049851836	0.11790125642975582	-0.1801217409907333	0.17122672100054503	0.4515579958993421	0.7799499993538848	-0.8257275999941225	0.41733971363543837	0.058723448469499936	0.3650338688100195	-0.35062095318102976	0.01910728980387511	0.011196029179035838	0.0785139261415931	0.13822912067967122	-0.6215500297131853;-0.07969187664887417	-2.5365201735859273	0.010060421293961239	0.012666568367822552	0.17224242292666578	1.0
t__SGB6938	-0.1352003060682146	0.17298051943902187	0.48032809329721693	0.6762433638796904	0.09282698728654833	0.1709725737058373	0.6978137424677757	0.8807034202577348	-0.6523606435113815	0.41113451006915597	0.129496847577678	0.4673697300197629	-0.1112647871659437	0.030088928419974712	0.5212384421771361	0.7629223169514753	0.17346160503112704	-0.45124953302695264;0.22871995869506528	-0.6414375512435598	0.025146315490320734	0.04068295351865514	0.34542323701002514	0.8434859667747026
t__SGB15177	-0.846079818132807	0.18034807530187869	1.9748664838867317e-05	0.0003640624907539056	-0.14488882507169618	0.17110462687196093	0.5446538953837341	0.8210992815460325	0.04460108299864512	0.4006666133909892	0.9152175509887219	0.9717582368376148	-0.36965042305460205	0.07283944452591318	0.17079786479098114	0.43870625887935166	0.2698878369358523	-0.8986305834488725;0.15932973733966838	-1.3696446170060699	0.18345162229063558	0.1579832051213741	0.7895224247086033	0.10408195390051021
t__SGB6458	0.3168454493664136	0.1738639747883646	0.09956000508820148	0.2692242937787515	0.054189778571614736	0.1709119296030862	0.8206529786491136	0.9184681821648665	-0.6432357182547589	0.4108459701687034	0.1346663999962542	0.4728869924380884	0.009085118597825105	0.06420252553516356	0.9713976603986632	0.9885075357388813	0.25338217288349935	-0.4875439402538336;0.5057141774494838	0.03585539777497402	0.06887942165191305	0.13333574566183046	0.59018668114128	0.496458329206017
t__SGB7082	-0.1259176540834268	0.1729543720897173	0.5109234025772069	0.6957890585615631	0.12031196138635267	0.17103509352182505	0.6148657910982922	0.8503656054131227	0.5165261832454963	0.40724228932236983	0.22545211096257445	0.5850139085398888	0.05509568865684828	0.01989347445290666	0.69607294034398	0.8531513472357631	0.1410442287118004	-0.22135099961828048;0.331542376931977	0.3906270335202927	0.012109681815272649	0.015120202265639182	0.20315783612595115	1.0
t__SGB4263	0.2460457983126881	0.17343575731138053	0.199983778760804	0.4058278880347451	0.28435226803066366	0.17174194642615384	0.23539311369503715	0.6557600302681893	-0.639210128923831	0.41071990518896584	0.13700065394641361	0.4728869924380884	0.065928525408888	0.07041060146757866	0.8037794649620684	0.903481059228755	0.26534996036852665	-0.4541573969134242;0.5860144477312001	0.24845877239749467	0.059460308642502985	0.15083597496390086	0.5537694302105204	0.5498457242570235
t__SGB14079	0.03475017042117188	0.17279627673809028	0.8559240334831751	0.9172309551794516	-0.3788603489050896	0.1724067158262162	0.1146226466267168	0.5078692610652754	-1.0601016288554883	0.42783116734927407	0.017869909231148753	0.23032041566158534	-0.3751213470209692	0.08602235530064631	0.20090165006616578	0.4828612326969885	0.2932956789668854	-0.9499808777960647;0.19973818375412622	-1.2789869538559495	0.11790672399953689	0.19324137923681706	0.7080838391004721	0.2547101734791129
t__SGB13990	-0.3496691377327369	0.17409860164648447	0.06943589515666604	0.2119420711669035	-0.25635868142062396	0.1715810241266906	0.2844879756037844	0.6808049178595964	0.07962447654727133	0.4007755227897058	0.8493061682180493	0.9622309953574324	-0.26984129785628863	0.013663958986788082	0.020974218289297797	0.12103871804448937	0.11689293813908555	-0.4989514566088963;-0.04073113910368095	-2.3084482446254952	0.0	0.0	0.0	1.0
t__SGB15194	-0.6208034732524201	0.1768961678995789	0.0014667495530995827	0.011207989688512674	-0.27274402998764263	0.1716732122868914	0.25496210416969534	0.6623589163412635	-0.7217940529884711	0.41345582584980184	0.09533380115929589	0.39855353529284887	-0.46928949315150215	0.017058946008846228	0.0003268145537289602	0.005936238123470293	0.13060990011804705	-0.7252848973828743;-0.21329408892012997	-3.593062185388334	0.010143468329429209	0.007367178090174667	0.1720611148388673	1.0
t__SGB6450	-0.08875338521936318	0.1728682808746171	0.6429606152063674	0.7942033017264828	-0.43810651305354203	0.1729183175487672	0.06850937793266486	0.39830249020823	-0.5784372524105488	0.40890863764712165	0.17645135604808132	0.5259068915713127	-0.29570906191455426	0.01825940097521428	0.028642434993204402	0.1471502316974017	0.1351273509516644	-0.5605586697798164;-0.03085945404929208	-2.1883731149316366	0.01406636959247243	0.010800862980284653	0.2267262741593873	0.9838985014104549
t__SGB14196	0.40583671092420326	0.17455279973165141	0.03549598795536699	0.12969689668174586	-0.06651619702308176	0.1709278164789582	0.7808129827390989	0.9059065810208603	-0.24920271432240607	0.40216874626623356	0.5535214209569248	0.83343114748704	0.09992150444221534	0.035209733946829434	0.5943729664840738	0.8021977736372509	0.18764256965526088	-0.26785793208209596;0.4677009409665267	0.5325097850972319	0.06447474130914443	0.054293616650185776	0.5751953326283011	0.5184471361928059
t__SGB4655	-0.25255392421207556	0.17347066401695554	0.1884170126403622	0.3963827363897494	0.34020866132290567	0.1721122592429512	0.15617305308083848	0.573877808999715	0.8672660765543588	0.4190265685506175	0.04799688539807934	0.34758528771942426	0.24183850575427032	0.09520434392007683	0.43316614892128746	0.6953230535200764	0.30855201169345314	-0.36292343716489783;0.8466004486734385	0.7837852180154872	0.17944817007457614	0.22075066988463293	0.7877558266827046	0.10638603251662504
t__SGB14945	0.1771759073210748	0.1731218979725374	0.35534796271895586	0.5648860009936917	-0.47742767125624896	0.1732978499897401	0.04738407329298981	0.3405841517206879	-0.15444453759266494	0.40121361128313693	0.7127846880638482	0.9118132254011382	-0.15084300045036875	0.043727688637568055	0.47069331713894735	0.7242083388460072	0.20911166547461682	-0.5607018647806177;0.25901586387988024	-0.7213514373194017	0.12283902489176532	0.07712836755537412	0.7199463944042156	0.230062393565999
t__SGB13987	-0.28603161900129154	0.1736644957404323	0.13668778497759004	0.33322428207271687	0.1453930735095232	0.1711061880993726	0.5432565419881413	0.8210992815460325	-0.8311794080775655	0.41755677094125315	0.05720356797620062	0.363109405653299	-0.23163443061454542	0.06684533873768234	0.37029734445863527	0.641037389730836	0.2585446552100475	-0.7383819548262385;0.2751130935971477	-0.8959165310393301	0.10142335005482102	0.14006958778785086	0.6782980493186567	0.3191628820949668
t__SGB20700	0.06556929622631356	0.1728296587439906	0.7319477925630038	0.8360805712987713	-0.220240455027807	0.17139783162140074	0.3575651819117328	0.7259552640665603	-0.6351818462916984	0.4105945097144575	0.13936977007652196	0.4795705131825662	-0.1522889666324978	0.02680761563897249	0.3523085543907616	0.6265776537158328	0.16373031374480565	-0.47320038157231686;0.16862244830732126	-0.9301207769616772	0.025475410309750576	0.032251382995056706	0.3481805388183608	0.8430818268030048
t__SGB4110	0.012744422693847617	0.17278499065269984	0.9469068461114991	0.9740979395911826	0.08546149622157102	0.17095855584516342	0.7207320282686083	0.8892773800908886	0.19089029849629352	0.40152815419249055	0.6493883870870878	0.8658511827827837	0.0613551467346939	0.013529369657070276	0.5978550565989773	0.8039118964947413	0.11631581860207267	-0.16662385772536853;0.2893341511947563	0.5274875547632573	0.0	0.0	0.0	1.0
t__SGB8773	0.4041867734762774	0.17453851278996002	0.03623786836582846	0.1312142423180978	-0.11472004116094488	0.17102106906883802	0.6313870325848433	0.8598525533326357	0.17118282948026475	0.40134985641515813	0.6833701342198959	0.8897463087140359	0.14657192148532863	0.028823684165306125	0.38795692453143094	0.6557414726676648	0.16977539328567648	-0.18618784935459728;0.4793316923252545	0.8633284167317228	0.05985809681354201	0.03758037030723699	0.5570430395573325	0.5454272772952414
t__SGB4913	-1.0030257349026603	0.18332599246847414	5.945940775314872e-07	1.882314965442537e-05	-0.38168832313232814	0.17242948173514042	0.11196593507611124	0.5078692610652754	-0.01098339042567977	0.4006198288956692	0.9790819836481959	0.9934477735777234	-0.5301480316560576	0.07826796574226706	0.0580947626352919	0.23071325089571115	0.27976412518810745	-1.0784857170247482;0.018189653712632925	-1.894982179361265	0.16420484380994066	0.17290508205126126	0.7670056750854769	0.14230492725332886
t__SGB6489	-0.3450308669085771	0.17406406466094684	0.07316733785774551	0.2156101338999522	-0.5094807454843467	0.1736306642511913	0.03452904520149104	0.2772332035018266	-0.37036362879967555	0.4040367294527783	0.380867307376907	0.7421468768083894	-0.42262320917844237	0.013831063903905257	0.0003261837650951893	0.005936238123470293	0.11760554367845615	-0.6531300747882164;-0.19211634356866833	-3.593565370812206	0.0	0.0	0.0	1.0
t__SGB14216	0.20764818264113064	0.17324823769495515	0.278999477744043	0.5026527176266661	-0.6931262603314113	0.17593671330473876	0.004292149379628833	0.08552522777838749	0.48764465566983123	0.4065273080752013	0.2516061656202434	0.6090558367626576	-0.04929784907861018	0.1263931253602054	0.8897150310952322	0.9433533535440357	0.3555181083435911	-0.7461133414320487;0.6475176432748284	-0.1386648047501597	0.34557002954451943	0.3130827131375808	0.8766036715252297	0.010307360219816708
t__SGB9992	0.22588458156730098	0.17333336496900414	0.23913078849516317	0.46159741054467035	0.22246451066400164	0.17140831513401636	0.3527464466080612	0.7211126620696159	-0.40769391649629133	0.4047571789298552	0.3356292405457083	0.7069908717198571	0.1550409134192587	0.019449598173918198	0.2662634208784618	0.563818476935891	0.13946181618607367	-0.1183042463054457;0.42838607314396315	1.111708693169455	0.005576849341971395	0.013967067112163977	0.10494964096268536	1.0
t__SGB8245_group	0.18121239113547333	0.17313748878345891	0.3445304256046562	0.5595449577713489	0.1820648053818121	0.1712342217358752	0.44670262870022714	0.7782934375632199	0.02979884115339069	0.4006390412730593	0.9432918999774877	0.9740609740680861	0.16880649302586545	0.013569532456791017	0.14730187955750584	0.4100765893208957	0.11648833614053819	-0.059510645809589396;0.39712363186132027	1.449127857935988	0.0	0.0	0.0	1.0
t__SGB17345	-0.7730451429922272	0.17912046136649967	8.817297924657967e-05	0.00119141050006354	-0.4460546103961865	0.17299247006086524	0.06370029840427163	0.3856826810488141	-0.8561016577274957	0.418565728994598	0.0506923398137904	0.3559892886328646	-0.6250153061753491	0.01466267471084254	2.4485258598438975e-07	1.9378333233621703e-05	0.12108953179710681	-0.8623507884976784;-0.3876798238530197	-5.161596522006558	0.0014441593158427625	0.001018027234212661	0.02815577842007009	1.0
t__SGB15014	-0.8468151546308358	0.18036095401139088	1.9444541087024228e-05	0.0003640624907539056	-0.3773874332785111	0.17239492435370624	0.11602609679146698	0.5078692610652754	1.0581718201795864	0.4277353132121018	0.018054209354885997	0.23032041566158534	-0.11195916977008205	0.31170017453822296	0.841061839670072	0.919866205724777	0.5583011504002324	-1.2062294245545377;0.9823110850143736	-0.20053544523385142	0.3884408264387844	0.858536342419278	0.8851729434237403	0.006653428360038612
t__SGB15016	-0.7995245511042585	0.17955370411469768	5.179689422127258e-05	0.0007652127839622669	-0.5291828891063127	0.1738456247269252	0.028224369758904976	0.2369136491883842	-0.08400156586811615	0.4007934480423227	0.8411371489549345	0.9622309953574324	-0.5780594688558525	0.028617350544311106	0.0006329180822810532	0.009877087819259254	0.16916663543474258	-0.909626074307948;-0.24649286340375698	-3.417100939380234	0.025967494062505453	0.03578012975242895	0.34481301829766925	0.8434859667747026
t__SGB17348	-0.7637380902770569	0.17897140739529202	0.00010599289810854455	0.0013498865644168661	-0.7567066102429254	0.17689033115308472	0.0018776872354227573	0.057786370867764204	0.900422626180018	0.4204272734311157	0.04073475946266358	0.32818260645807223	-0.26492212081345384	0.28860117374272504	0.6219145150480705	0.8157276892042471	0.5372161331742793	-1.3178657418350412;0.7880215002081337	-0.49313880290246226	0.31288336589452864	0.7908664721853064	0.8603305027650777	0.02075141191412637
t__SGB15191	-0.724446732759672	0.1783607536532918	0.00022665643333005431	0.0025626053890785735	-0.4511574326764543	0.1730407629412423	0.0607639554783477	0.3825823406632858	-0.5110355561668284	0.4071032974286315	0.23025802499869033	0.590569193746641	-0.577481489690953	0.014111419260442704	1.1661540211260757e-06	7.020825205037907e-05	0.1187914948994359	-0.8103128196938474;-0.3446501596880587	-4.861303329668725	0.0	0.0	0.0	1.0
t__SGB2212	-0.590740506235102	0.17651156886044442	0.002424935255502152	0.016792676644352404	-0.9772066987934517	0.18079185458614233	7.227369913960145e-05	0.006700002895489731	-0.3569898048357416	0.40379515642032315	0.3980085304778822	0.7564210150420128	-0.7226821399441468	0.026850017068132757	1.0319407764525224e-05	0.0004573561521237579	0.1638597481632776	-1.0438472463441708;-0.40151703354412266	-4.410370136929736	0.033645242564921615	0.03044079395423133	0.4004813790730553	0.798119803583175
t__SGB2241	-0.8360792536720286	0.1801739455415279	2.4367934015097946e-05	0.0004099400471375291	-0.542589605779511	0.17399640286190285	0.0245306176992822	0.2190651653136739	-0.062386893538643635	0.4007142496902247	0.8816367632555154	0.9671694687154538	-0.5828117403420053	0.036200866764734836	0.0021901744219998687	0.02589408395529221	0.19026525369792258	-0.9557316375899336;-0.2098918430940771	-3.0631538287453943	0.038793498113663526	0.05560950824172605	0.4393062776665939	0.7447892783611672
t__SGB1670	-0.3603578982240394	0.17417992003481578	0.061435830962655924	0.1950455607639621	-0.18005369220830122	0.17122645976719253	0.4517285828742764	0.7799499993538848	0.07406611567228413	0.4007541410631839	0.8597046849738271	0.9622309953574324	-0.23954919177289674	0.013643324668629499	0.040281231938667394	0.1867431171047844	0.11680464318095192	-0.4684862924075625;-0.010612091138230972	-2.050853332960325	0.0	0.0	0.0	1.0
t__SGB72886	-1.7548310531130042	0.2033365077581949	7.850439201722863e-16	2.8994288785029774e-13	-0.20724141775375157	0.1713386531236425	0.3865613385188077	0.7423049620083864	-0.30828815671236426	0.4029894858138866	0.46453142264497815	0.8006735026947556	-0.7756221605488812	0.25644947247084704	0.12561773615806904	0.37314866397624796	0.5064084048185289	-1.7681826339931979;0.21693831289543541	-1.5316139170850154	0.9125014374725775	0.6960787263570569	0.9436744925601525	7.194123025892433e-06
t__SGB9256	-0.050306258434845284	0.17281056365207922	0.7926851057459164	0.8880637989549802	0.17429499199589354	0.17120470885931022	0.4662975774051177	0.786883663531035	0.19599977610158364	0.4015775351756347	0.6407001978456688	0.8615240524429624	0.07421386094528928	0.013549489404685828	0.5237577517519161	0.7645897087498328	0.11640227405289738	-0.1539345961983896;0.3023623180889682	0.6375636691733688	0.0	0.0	0.0	1.0
t__SGB1303	-0.2842115237149522	0.17365334405966232	0.1391808401073773	0.3342593268543415	-0.2587563691015246	0.17159416052648047	0.28002698839211243	0.6779064291264334	-1.2261000111054132	0.4366383509408951	0.0072265403693923015	0.1482779023941976	-0.47743520804930684	0.07716635535968161	0.08566874438149363	0.29296595300831774	0.2777883283359501	-1.0219003315877688;0.06702991548915527	-1.7187014692421092	0.05986301266676788	0.1669936761280355	0.5501264126868121	0.5530823296065754
t__SGB6525	-0.02269024678010401	0.17278879641439607	0.9056256431095687	0.9493218661924334	-0.9769579661512947	0.18078694792168973	7.256320825440141e-05	0.006700002895489731	-0.4954261236633699	0.40671601774795557	0.24434582808208402	0.6043195926672972	-0.49651733715345747	0.0865846203909199	0.09152945459292927	0.3082511723068864	0.29425264721140554	-1.0732525256878123;0.08021785138089732	-1.6873844359902566	0.3119413091993927	0.19638726679095425	0.8626596908498324	0.019067858952838346
t__SGB14210	-0.4236945123467538	0.17471107763152854	0.028269459813433838	0.10951944571078563	0.1622375457791668	0.17116144881627124	0.4976394295430727	0.8074638324086464	-0.7636803960647114	0.41496262793822214	0.07870578492376276	0.38073590854359946	-0.2659596032574342	0.06760330584877573	0.30635676565994974	0.592238720771314	0.26000635732376953	-0.7755720636120225;0.24365285709715412	-1.0228965398959513	0.14284142004865938	0.14231809573736487	0.7474991462952721	0.17690162883902855
t__SGB6419	0.02308490782118133	0.17278899149831894	0.9039921176736491	0.9485068810439424	-0.05846685919844471	0.1709170746660625	0.8067702743517607	0.9149452036660706	-1.1812479603293515	0.4341507739843235	0.00926707501152738	0.1770330881512472	-0.3149283842088308	0.12935392630836387	0.3812297145986796	0.6508513463410431	0.35965806859900123	-1.0198581986628732;0.39000143024521167	-0.8756327515064272	0.1156306992189348	0.3179261440666287	0.7045141772452078	0.2599607133509786
t__SGB4146	-0.5895548605011814	0.17649677525955762	0.0024725841506456703	0.01691125456120619	0.07566469898602153	0.17094170404801828	0.7516097213913754	0.8941455474687723	-0.8248477160224721	0.41730480542759013	0.05897207808392914	0.3650338688100195	-0.379353979306783	0.07091613744050768	0.15429262534488464	0.4169664119076395	0.2663008401047726	-0.9013036259121374;0.14259566729857137	-1.4245316656062035	0.17289460597304113	0.15118618451325608	0.7801876431931808	0.1177512939325108
t__SGB14822	0.1986465966839316	0.17320884424150235	0.3002783504663982	0.5272716518490796	0.34483500391222227	0.17214586140587093	0.1506620570435262	0.5697391099120377	0.08011185571040479	0.4007774713182486	0.8483956913692341	0.9622309953574324	0.25587697874310794	0.013642107505448751	0.028470743339556348	0.1471502316974017	0.11679943281304388	0.02695009042954194;0.48480386705667394	2.190738196072235	0.0	0.0	0.0	1.0
t__SGB1557	0.15322927359813068	0.17303660180000785	0.4238999957277666	0.6299779496870379	-0.30233106588618575	0.171853996399041	0.20724656432275557	0.6399095114800064	0.07090697872756002	0.40074267742672626	0.8656265091006925	0.9622309953574324	-0.05662118901436831	0.023809124675752254	0.7136560758678283	0.86324337561305	0.1543020566154329	-0.3590532199806168;0.2458108419518802	-0.36695031975811787	0.03823509933212939	0.024893616211830494	0.44638420556093666	0.7323931456013254
t__SGB35190	-0.030575937349417572	0.17279333220780632	0.8730720558422521	0.9292640133268159	0.25561636041292696	0.1715769817033933	0.2858788966840242	0.6826590894954716	0.7427829103892909	0.4142009335916742	0.08665808371342522	0.38073590854359946	0.21024896194253953	0.034580071837193777	0.25821040586610033	0.5535977502549757	0.18595717742855147	-0.15422710581742136;0.5747250297025004	1.1306310670547872	0.036041503906354994	0.052157028691066296	0.4295011191158027	0.7633580263797604
t__SGB14942	0.5397983245570801	0.1759017175320943	0.005453364606528674	0.0308282040001723	-0.5603089933759084	0.1742012612833572	0.02030233150236645	0.19907064871346924	-0.039723653338827665	0.40065631648416167	0.924457584513234	0.9717582368376148	-0.018294285751844573	0.11214713939709876	0.9564342242424411	0.9806438689299829	0.3348837699816143	-0.6746664749158086;0.6380779034121195	-0.05462876195179289	0.4312110922564387	0.2721318325400969	0.8987350944840395	0.0027140860305431124
t__SGB9297_group	0.16854430080550428	0.1730897326456042	0.3791984778032532	0.5873401106307536	-0.14763580092377954	0.17111319744836045	0.537063533047478	0.8210992815460325	0.36857607242224893	0.4040039347365013	0.3831299761140783	0.7421468768083894	0.044766623872650096	0.017038757375313192	0.7316333569832931	0.8726046927206553	0.1305325912380245	-0.21107725495387789;0.3006105026991781	0.34295361371489774	0.009843555587082223	0.008221252932688997	0.1719357526925742	1.0
t__SGB4398	-0.09718408047326814	0.1728851999630656	0.6117649173692324	0.7755555245367386	-0.40597545281186587	0.17263183777339416	0.09112117288241262	0.44872115357205855	-0.7570781166574592	0.41471984923668215	0.0811468296785457	0.38073590854359946	-0.3136819743106045	0.024198022886733388	0.04374704168330679	0.19649372315690752	0.15555713704852436	-0.6185739629257123;-0.008789985695496771	-2.016506476412939	0.023194426909273137	0.02531555233717769	0.3250734308153594	0.8730116606784741
t__EUK944036	0.08093875706488184	0.1728539670416328	0.6724583875380132	0.8098737971653464	0.07373334400951798	0.17093862349787553	0.7577465770190782	0.8950780462016403	0.9372225224721465	0.4220376400922022	0.03385169839440519	0.309577046440667	0.2487871109650201	0.05902445540048357	0.3058219932630535	0.592238720771314	0.24294949145961095	-0.22739389229581736;0.7249681142258575	1.0240281198793109	0.04408031208524565	0.117901205176825	0.47842810287002346	0.6800950145332271
t__SGB4330	-0.3700031587734109	0.17425536715454498	0.05489378611776798	0.1788891618190792	0.17632861500639277	0.17121230952518354	0.4611227844556155	0.7850433229156764	0.4472281281643234	0.4055939269938808	0.2919096467896648	0.6584046346570235	0.012410471693300775	0.053394032882796615	0.957167518675784	0.9806438689299829	0.23107148868433902	-0.4404896461280037;0.46531058951460524	0.053708364298697235	0.11038288798774278	0.10351686435675343	0.6979839643157014	0.2721626111368489
t__SGB6543	-0.49967111484232124	0.17545871004741515	0.009944896757209734	0.04941231213896137	0.10537536152522148	0.17099911985205943	0.6594125423818052	0.8640362169574883	-0.2678226688561196	0.40240879030470184	0.5245398834344226	0.814344604133516	-0.2071229519137478	0.03832081559037872	0.29002746818648495	0.581542590779356	0.19575703203302486	-0.5908067346984764;0.1765608308709809	-1.058061361896851	0.09889021956784132	0.062422121209825036	0.6739197502644674	0.3273422947833499
t__SGB47307	-0.19191631013082858	0.1731805255477023	0.3168856062828487	0.5410003879220282	-0.2602458165945513	0.1716023819470037	0.27728014423060493	0.6779064291264334	-0.23239793766367378	0.40196683577844067	0.5803805708044374	0.8494400788772158	-0.22689945009585272	0.013607172265205103	0.05175886530459639	0.2197272902585931	0.11664978467706275	-0.4555330280628957;0.0017341278711902608	-1.9451338956519202	0.0	0.0	0.0	1.0
t__SGB6264	-0.5411609789409378	0.17591734141309007	0.005340098097602716	0.030342711241763128	0.11924630854159987	0.1710323695003186	0.617999395789615	0.8516708091230019	-0.04887392730196805	0.40067661252447445	0.9071328830171537	0.9717582368376148	-0.17833434370487594	0.04616500181158519	0.4065382790403831	0.6733100346438632	0.21486042402356278	-0.599460774791059;0.2427920873813071	-0.8300008925111253	0.12875452278762864	0.08375035712229428	0.7289197550753603	0.21555016418868286
t__SGB6363	-0.9530593620005579	0.18232850402177106	1.887684261165225e-06	4.450115236959722e-05	-0.08106617728505845	0.17095074206335556	0.7345318533114452	0.8920517202270157	-0.13765312139895466	0.4010909677994641	0.7427588554812802	0.9267114053617324	-0.4228374675984295	0.0850584228354368	0.14710805608279642	0.4100765893208957	0.2916477718677734	-0.9944671004592653;0.1487921652624064	-1.449822382974126	0.2682421282314855	0.19277441771807227	0.8446233349897284	0.03477522033149398
t__SGB15013	-0.33191102465472844	0.17396883484877335	0.08462892858401312	0.24167230121414057	-0.6308439401175922	0.17507925798717527	0.009162154302101707	0.12850211350289484	-0.3299316424682929	0.40333316795436563	0.4341812592443681	0.788154562739104	-0.46754408727485564	0.013925263340293101	7.430639222283375e-05	0.002166617962707889	0.11800535301541665	-0.6988345791850723;-0.23625359536463902	-3.9620582908113837	0.0	0.0	0.0	1.0
t__SGB7045	-0.1455161620811555	0.17301175289110135	0.4475467001535314	0.6465211783182696	-0.5498774534932033	0.17407989173032876	0.022706120912726276	0.2114149745487455	0.5290248517473555	0.40756404256839746	0.2147982408033311	0.5734854236387732	-0.13980936511592063	0.08506002742004178	0.6316733489249775	0.8199777174456551	0.29165052274947456	-0.7114443897048908;0.43182565947304946	-0.47937292824952604	0.11921073437716495	0.19283582973360996	0.7120272065950541	0.24830220077345455
t__SGB19800	-0.04614999073412213	0.17280623500416517	0.809465164294977	0.894204787675807	-0.23272813788933308	0.17145805064766956	0.3310503543276484	0.7061970994113416	0.033213144712933955	0.40064442778294346	0.9368081749785868	0.9740609740680861	-0.12552018149762753	0.013562380412220548	0.28111480178002757	0.5741414097056722	0.11645763355066317	-0.35377714325692733;0.1027367802616723	-1.0778184106155808	0.0	0.0	0.0	1.0
t__SGB5234_group	-1.049690894686023	0.18429836058057666	1.959302417500226e-07	7.00292605996855e-06	0.08755951459193134	0.17096243089913257	0.7141769197015366	0.8861232105591295	-0.7796350720094124	0.4155574141959188	0.07306905246590649	0.38073590854359946	-0.5565165951196112	0.12810743652043613	0.11997970750045428	0.3642123723575434	0.3579209920086221	-1.2580417394565104;0.14500854921728812	-1.5548587748276161	0.48161289751881553	0.31573041285819536	0.905141705641735	0.001671674074020681
t__SGB4245	-0.030832177818264958	0.17279350212194658	0.8720175773084585	0.9290341112093962	-0.5627225199577386	0.17422965503168508	0.019779238119803776	0.19567317711377308	-0.3972629393302478	0.404549040119932	0.34788233468964225	0.7153214442695472	-0.311003112303301	0.03073521444145533	0.07606788281629528	0.27013850692453584	0.1753146155956637	-0.6546197588708018;0.03261353426419983	-1.7739713899301017	0.06626987057645209	0.04215559181861872	0.5796024470574723	0.5108425531355895
t__SGB8596	0.017349254957545048	0.17278648711028935	0.9277691999133962	0.9598209836639058	-0.14945446891076827	0.1711189600210602	0.5320679941132677	0.8210992815460325	-0.4874840028969191	0.40652344261827994	0.25175773757878805	0.6090558367626576	-0.10139731309790143	0.013569057978899643	0.38404602702256807	0.6533043014774559	0.11648629953303367	-0.32971046018264744;0.12691583398684458	-0.8704655698084628	0.0	0.0	0.0	1.0
t__SGB2076	-0.30802400917498657	0.1738048082285333	0.10924640729522091	0.2854835360450584	-0.8038378529224631	0.17764754366731744	0.0009838333605419111	0.036813650268374326	0.2600169298853029	0.4023060733073584	0.5365875293577744	0.8189242183586971	-0.36063353417356475	0.083765152907901	0.2127471499960616	0.4962607204118658	0.2894221016230464	-0.9279008533547357;0.20663378500760615	-1.2460469748204188	0.13921008702917323	0.18915967969271905	0.7397746497127782	0.19424400648153217
t__SGB5809_group	0.5755183516917863	0.17632380492191047	0.0031064658375857695	0.02012844531020487	0.2045915517011655	0.17132702874352265	0.39264565720718825	0.7437647049652578	0.08443775418304698	0.4007952868412762	0.8403240701184355	0.9622309953574324	0.3522686650930133	0.01982377653342908	0.012350696421461915	0.08449796504868308	0.14079693367907228	0.07630667508203165;0.6282306551039949	2.5019626201232654	0.018964120403971118	0.014503310703991813	0.2830045808316082	0.9211117264478398
t__SGB4193	0.2923077553716735	0.17370348981032507	0.12835771998550308	0.321039173236879	-0.20734658241042436	0.1713391175276784	0.38632107790579395	0.7423049620083864	-0.47050609847402575	0.40612191780179324	0.26816177759642157	0.632843592917833	-0.05248363208103236	0.04513097943121334	0.8048688045623855	0.903481059228755	0.21244053151697145	-0.4688670738542964;0.3638998096922317	-0.24705093564897027	0.08673965760248943	0.08080471230181295	0.6452498209386565	0.383287282492193
t__SGB15100	0.36428957853026633	0.17421043775440279	0.058694221965742255	0.18795721947411104	-0.42122390029405926	0.1727651324093651	0.07972908814483007	0.4245564754104604	0.9358561910303059	0.42197680830780265	0.034087003308448896	0.309577046440667	0.22964438694698389	0.14769710273536515	0.5501442794927032	0.7804863785888797	0.38431380763038575	-0.5236106760085723;0.98289944990254	0.5975439403619988	0.31953523620141244	0.37336079940435757	0.8675351848753016	0.01535293284238295
t__SGB1613	-0.04335244833148054	0.17280353142702604	0.8208102762762303	0.8995625975411109	0.09253147795295644	0.17097198901901325	0.6987280630533506	0.8807630191844283	0.5462580291104847	0.40801985670706353	0.2007505556197695	0.5616752470870573	0.0677688033808263	0.013567616664106849	0.5606975072586986	0.7853155496927571	0.1164801127407887	-0.16053221759111955;0.2960698243527722	0.5818057845774663	0.0	0.0	0.0	1.0
t__SGB8655	0.0673485465932154	0.17283221192788317	0.7249686158493851	0.8332626829472185	-0.18848261586827744	0.17125956563129469	0.430880834512959	0.7725177421365025	-0.19197417341979198	0.4015385209031746	0.6475410365387211	0.865232805527976	-0.07268532683631888	0.01355482211946593	0.5324244474221178	0.7684359830953394	0.1164251782024229	-0.3008786761130678;0.15550802244043	-0.6243093457838164	0.0	0.0	0.0	1.0
t__SGB8651	-0.3962871639738413	0.17447089999277604	0.039977846842868814	0.141068325802225	0.027284141766860417	0.1708885205071597	0.9091168697694334	0.9571410853915446	-1.088432996578719	0.4292559652593143	0.01535928156714727	0.21005586272591917	-0.3933976747816477	0.09002249612507288	0.18980313024547613	0.46642621589660554	0.3000374911991381	-0.9814711575319583;0.19467580796866296	-1.3111617258542716	0.1254261516954092	0.20448335606001022	0.7203060686749067	0.230062393565999
t__SGB15099	-0.14327040946803335	0.1730047584130937	0.4545716896267308	0.6541109507875554	-0.3086919738729426	0.17189526600354524	0.1979043635659855	0.6247237459575838	-0.15275035586258232	0.40120059929312596	0.7157884824165404	0.9122400054452383	-0.22027560104839056	0.013611649992847993	0.05902068732442722	0.23130154711630338	0.11666897613696622	-0.44894679427684436;0.00839559218006325	-1.8880392058107458	0.0	0.0	0.0	1.0
t__SGB20534	0.16334290609460347	0.17307112267907165	0.3940406564837243	0.5996939353766271	-0.4710052970407889	0.17323369139235342	0.05039937589940752	0.3496901413871705	-0.578017914205351	0.40889674135509785	0.17675225003344902	0.5259068915713127	-0.23844502277019763	0.05463744352963027	0.30768067070120675	0.592238720771314	0.2337465369361229	-0.6965882351649986;0.21969818962460325	-1.0201007719543613	0.13705586518247628	0.10654298672260877	0.7402505459385927	0.1940836324962621
t__SGB2215	-0.39769498439773915	0.1744828537201983	0.039288033266973846	0.13907712734762626	-0.43786445742429986	0.17291607969297845	0.06866044731928875	0.39830249020823	0.7142406061052033	0.41319258237549406	0.09863312985971971	0.40326755676962894	-0.12312537171631005	0.12352281169731401	0.7260930864696324	0.8698911911018775	0.35145812225258644	-0.8119832913313794;0.5657325478987594	-0.35032729056641954	0.11950462405667396	0.30380956185006475	0.7112124700260165	0.24935442909114183
t__SGB4986	0.2516134919086228	0.17346556406736136	0.19005687450703687	0.3963827363897494	-0.8775211628604592	0.17891574538938138	0.00033886247076022106	0.016324331200101082	-1.0208948075052027	0.42591394233040325	0.021981968091440415	0.24738909372747506	-0.5055579657113489	0.16574934737326527	0.21431733940402364	0.4978272789510654	0.4071232582072231	-1.3035195517975062;0.2924036203748084	-1.2417810958223938	0.5323825262019242	0.4251103495453529	0.9138020729026803	0.0006995706015560482
t__SGB4887	-0.6367847572656866	0.17710803081505105	0.0011146349540959366	0.008821539493844984	-0.32600947477547637	0.17201192247522926	0.1740541894341681	0.5915706806535529	1.0356033081151705	0.4266257300115802	0.020345616788986897	0.23729414107576297	-0.03988069919546037	0.24587481862529717	0.9358970838499827	0.9724471245449374	0.4958576596416528	-1.0117617120931;0.9320003137021792	-0.08042771634158362	0.2766708356137857	0.6630590175090242	0.8482840893656505	0.03103080260072463
t__SGB15036	-0.2213845319972427	0.17331169718928446	0.24856938364239087	0.47157513001083295	-0.4252896911496819	0.17280148560299335	0.07689756757045674	0.42370978654659175	-0.8049130050520773	0.41652313137737734	0.06486069898945125	0.37430028375162494	-0.36187653009855725	0.013784447412389834	0.00205452623812441	0.024801102283508663	0.11740718637455645	-0.5919946153926878;-0.1317584448044266	-3.082234923372461	0.0	0.0	0.0	1.0
t__SGB53819	0.2671495701836067	0.17355223469042322	0.16430305612737464	0.3700158255876649	-0.05847295071612082	0.17091708227226388	0.8067505449895848	0.9149452036660706	0.9312685651958912	0.42177314353718387	0.03488803822791871	0.3142759866384872	0.27875218577193406	0.06749733310407255	0.2832985494100646	0.5741414097056722	0.25980248864103006	-0.23046069196448482;0.7879650635083529	1.0729388591696165	0.08089825937909591	0.14150196655989508	0.6266301917908738	0.4227582654404346
t__SGB4929	-0.42222409900386504	0.17469779306732597	0.02881180815812281	0.1108454286083336	-0.29407388738143375	0.17180169121179784	0.21985110950716438	0.6479449839646735	-0.37212437522406555	0.4040691848043306	0.3786471702536379	0.7412386301078282	-0.3583443434330216	0.013741734334691244	0.0022364649971327033	0.026084244387610898	0.11722514378191755	-0.58810562524558;-0.12858306162046318	-3.0568897752829853	0.0	0.0	0.0	1.0
t__SGB6837	-1.074757547885906	0.18483671769227358	1.0665531063108008e-07	4.376817932564323e-06	0.23208495820494154	0.17145486848622982	0.33238377926199325	0.7061970994113416	0.06743352806167102	0.4007306495277977	0.8721468286351599	0.9663386861277572	-0.2802866285503454	0.17683084382969724	0.5050687973903383	0.7501558009497249	0.4205125965172711	-1.1044913177241966;0.5439180606235059	-0.6665356302562833	0.6493695051598003	0.46214468684104343	0.9284832496946702	0.00011717196402738494
t__SGB13997	0.10332828782972324	0.17289849580190325	0.5894660504747866	0.7559356295440551	0.05683655106157919	0.17091506744902799	0.8120549883100322	0.9165125284014326	-0.0016790459373591774	0.4006168789734444	0.9968018514850053	0.9993657944596364	0.07294463176039599	0.013529058628183667	0.530572158764546	0.7676618627126142	0.11631448159272201	-0.15503175216133913;0.30092101568213114	0.6271328450382765	0.0	0.0	0.0	1.0
t__SGB6420	0.07009948017547993	0.17283629391872044	0.7142235059278631	0.8286488424796569	0.24894885512027692	0.1715411941232116	0.2985803574944853	0.6921067700918194	-0.1348940981783101	0.40107216152535763	0.7477256285138888	0.9267114053617324	0.13529742044944776	0.013573037721089162	0.24551278579626468	0.5374063372849706	0.11650338072815382	-0.09304920577773373;0.36364404667662925	1.1613175480731113	0.0	0.0	0.0	1.0
t__SGB20792	0.06876299849148654	0.17283429037546022	0.7194367844754151	0.8327888756129955	-0.7546681104810316	0.17685854169413573	0.0019296892798802128	0.057786370867764204	0.18558082947903817	0.40147821608015133	0.6584709844006386	0.8695898101500685	-0.21314232259532095	0.08972193058302118	0.47672828941266854	0.7268047028055107	0.29953619244261814	-0.8002332597828525;0.3739486145922106	-0.7115745207856724	0.25759093042457804	0.2067418661494807	0.8414559036475207	0.037057581595370995
t__SGB7115	0.18996122772537624	0.1731724813369123	0.3218219821902555	0.547644495496495	0.471348276668309	0.17323709634412512	0.05023433252195335	0.3496901413871705	-0.8784558344474842	0.41949392734236135	0.045425167619757206	0.3423883382495985	0.004257703920595874	0.15128138447894685	0.9912659816459495	0.9984751887851927	0.38894907697402603	-0.7580824869484951;0.7665978947896869	0.0109466872982969	0.16932562992923764	0.384438852744542	0.7771379743315512	0.12345360956455839
t__SGB15109	-0.3835093484102001	0.17436430646953793	0.046727868259213864	0.16079030444474832	-0.5231162283193619	0.17377859394664646	0.030049313538969148	0.2484674582177449	-0.030883391304112568	0.40064068903845684	0.9412318935836388	0.9740609740680861	-0.41709443326463674	0.0138436484421808	0.0003926997459975379	0.0067986143525823745	0.11765903468149312	-0.6477061412403633;-0.18648272528891022	-3.544941826131118	0.0	0.0	0.0	1.0
t__SGB14950	0.06274568833246523	0.17282574716924587	0.7430694737437499	0.8418414896810581	-0.5459559697533054	0.17403483414145413	0.023672470239085617	0.21567802658817584	-0.5755926705659882	0.4088281015943898	0.17850049667884654	0.5288196532624652	-0.30276825399834817	0.0461895106104113	0.15890456909520578	0.4187563687295651	0.21491745068842433	-0.7240064573476599;0.1184699493509635	-1.408765333054714	0.1152186601867134	0.08320172201915221	0.7049840537305483	0.2594610425098939
t__SGB3677	0.17360141569550544	0.17310838365970593	0.3651063578078858	0.5754450134440078	-0.3484765998042756	0.17217262566709998	0.14643052240429477	0.5633507598054119	0.09745939969242659	0.40085456236546924	0.8161388491695188	0.9622309953574324	-0.059770250094893666	0.031102792291227185	0.7346769432887119	0.8743523664488645	0.17635983752325013	-0.4054355316404639;0.2858950314506766	-0.3389107799955528	0.06580876597794565	0.04357452131973879	0.5807283362943202	0.5101278271297223
t__SGB7114	0.27716638128877696	0.1736108431408756	0.1491658053776989	0.352400239570342	0.504425606963842	0.17357678305175117	0.036330699371377013	0.2896001072193218	-0.36215593609891156	0.4038874369274524	0.3913289257657061	0.7489101310139944	0.24516130899150143	0.049432020090872136	0.27016808029286454	0.5642853876980517	0.222333128640048	-0.19061162314299265;0.6809342411259955	1.102675568373851	0.049005097362434115	0.09243771893631038	0.5047928385052801	0.6422568102647
t__SGB8619	-0.04375403072302677	0.17280390913422367	0.8191793117686641	0.8995546852722298	-0.1334950544424411	0.1710707924992531	0.576700863561427	0.8358683401762756	-0.286599542977241	0.40266820516180346	0.4961764866963091	0.8006735026947556	-0.10557793128362382	0.013545365880355863	0.36432894595069176	0.6341998083849733	0.11638456031774946	-0.33369166950641277;0.12253580693916512	-0.9071472280805828	0.0	0.0	0.0	1.0
t__SGB5099	0.5251726329383363	0.17573641807343618	0.006814803638374765	0.03719607109024256	0.16196325781968518	0.1711605006566288	0.4983653701526556	0.8074638324086464	-0.13100839169759831	0.4010463197575901	0.7547396384184972	0.9288271710886754	0.27429721764696585	0.027733621855487993	0.09953894263356178	0.322482890169551	0.16653414621478682	-0.052109708934016286;0.6007041442279479	1.6470929468914561	0.03464668611827241	0.034562178798202586	0.4197882350851386	0.7786474886674216
t__SGB6418	-0.15647437640872286	0.1730474387341802	0.41417630532019956	0.6241031904971839	-0.0271295514583033	0.17088843067267548	0.9096295694199427	0.9571410853915446	-0.8350066219096077	0.4177099323645899	0.05615758972153864	0.36175935704340006	-0.21508784366551228	0.040034833454856235	0.2823875966165339	0.5741414097056722	0.2000870646864915	-0.6072584904510356;0.1770828031200111	-1.0749712581496704	0.02893261495157424	0.06645305800740088	0.3764849209999505	0.8208123790618266
t__SGB13994	-0.1533639403755255	0.17303704701286446	0.42349381009628506	0.6299779496870379	-0.2503696606938421	0.17154874156420996	0.2958422957186507	0.689168910091153	-0.30110202136862974	0.40288046881434597	0.4748815546417382	0.8006735026947556	-0.2105643771621081	0.013598194678159108	0.07096607381112152	0.26043139010374244	0.11661129738648442	-0.43912252003961755;0.017993765715401344	-1.8056944899964136	0.0	0.0	0.0	1.0
t__SGB6526	-0.30465614425603493	0.17378265497100306	0.1131376972758749	0.2928891789291341	0.3380050988740141	0.1720964115687019	0.15885176116463964	0.573877808999715	-0.6859527141124058	0.4122299052854994	0.111867279413992	0.43798213989647744	-0.14714942495115924	0.08381492822118228	0.6112612126496373	0.8111106869650276	0.2895080797165811	-0.7145852611956582;0.42028641129333977	-0.5082739835627859	0.18288634274912502	0.18882283064076222	0.7916367505000508	0.10195358804085283
t__SGB15017	-1.1119620333748996	0.18565616635214205	4.2623051728890403e-08	2.2488733959814557e-06	-0.33592084975264414	0.1720815154140204	0.1614176551643434	0.573877808999715	-0.5332041339677417	0.4076732882140007	0.21132366704299144	0.5683170463195012	-0.6786676428878071	0.0621108772674849	0.006466054632903617	0.05271887080905345	0.24922053941737005	-1.1671399001458524;-0.19019538562976185	-2.723160958059084	0.19109501124175837	0.1257836574633886	0.7903811235005378	0.10319752895206483
t__SGB14208	-0.1708918563112172	0.1730983222886468	0.3726151849373216	0.5829260980784241	0.17572103919761975	0.1712100295102669	0.46266542406492484	0.7850433229156764	0.04743712672707392	0.4006731481975929	0.9098503569682461	0.9717582368376148	0.007977968154963518	0.013802255530094561	0.9458593276028577	0.9749646294497676	0.11748300102608275	-0.22228871385615867;0.2382446501660857	0.06790742562996246	0.0008844015939950908	0.000556762386641338	0.018359458228723608	1.0
t__SGB4948	0.018397702938043256	0.1727868918342536	0.923417353261421	0.958002272859227	-0.42376104513580093	0.17278777755197974	0.07795227794866366	0.42403848498121965	-0.4938780044118735	0.40667824300869865	0.24577760374582386	0.6054029923325396	-0.2414837508354506	0.026078402245165812	0.13481901973723698	0.3910457431121952	0.16148808700695483	-0.558000401369082;0.07503289969818089	-1.4953657282784616	0.041719711028669275	0.03031983547756028	0.46587567403864555	0.6968906784745574
t__SGB6501	-0.28475984318110675	0.17365669618277726	0.13842608611164348	0.3342593268543415	0.11017924615790868	0.17101017099911195	0.6449416353903765	0.863398905225723	-0.9663393813975651	0.4233529329826316	0.029177620696460165	0.29389821574252606	-0.2872193044370771	0.08308550748703498	0.3190365903281709	0.592238720771314	0.2882455680267001	-0.8521806177694092;0.277742008895255	-0.9964396205754396	0.11195785383690118	0.18549360548221633	0.6985655864445167	0.2721626111368489
t__SGB6508	-0.2655167843989464	0.1735428838812539	0.16687774628315707	0.3742925969265952	-0.10278042218143703	0.1709933549155931	0.6672837744185313	0.8667648558683854	-0.24484330798067042	0.4021150240649202	0.5604261956418211	0.836862836618784	-0.18814640154376813	0.013588925960503265	0.10652757145582559	0.3324860540086049	0.11657154867506593	-0.4166266369468974;0.040333833859361096	-1.613999330730447	0.0	0.0	0.0	1.0
t__SGB6468	-0.37694935873340063	0.17431091511602148	0.050555020264938355	0.17077732455351127	-0.49264457249900845	0.1734532345469612	0.04084644811933644	0.3166966509001653	-1.3521562324353364	0.4440419083350546	0.003545745736132411	0.12988057388963345	-0.6216161735585647	0.06955392031166899	0.018422730858205894	0.11340214328273406	0.26373077240183596	-1.1385284874661632;-0.10470385965096618	-2.3570104007864248	0.05438536356852098	0.14443710838736662	0.521877050301905	0.6029913248609069
t__SGB4372	-0.58138534274917	0.17639561683289098	0.0028251907979667604	0.0187570737759668	-0.14704031620857824	0.17111132590535075	0.5387043837187119	0.8210992815460325	-0.7544241606515913	0.4146228123474877	0.08214643098877807	0.38073590854359946	-0.416563712339931	0.029596880089435573	0.015462768117652903	0.10042190025149456	0.17203743804601246	-0.7537570909101154;-0.07937033376974661	-2.4213550089517057	0.04778310922266167	0.03868786979750122	0.49568533962938105	0.6574973672919273
t__SGB4103	-0.11699108338584695	0.1729309778550836	0.5412889097860354	0.721373579905382	0.14243179718368465	0.17109709695696815	0.5514884439818251	0.8228886974555475	-0.2856932489252473	0.4026552844813664	0.49752513345896765	0.8006735026947556	-0.01096363041152953	0.013556255906077643	0.9249789488630753	0.9659535111595546	0.11643133558487441	-0.23916904815788337;0.2172417873348243	-0.09416391520766695	0.0	0.0	0.0	1.0
t__SGB6487	-0.5522572949609998	0.17604598287214052	0.004494745380241743	0.026631967279721128	0.23046842654319089	0.17144690924396683	0.3357506012749556	0.7061970994113416	-0.7168202658296083	0.4132821929525332	0.09749553935612443	0.40009280595031804	-0.29088259975129516	0.08650717606797659	0.3226682848826741	0.592238720771314	0.2941210228255991	-0.8673598044894694;0.28559460498687905	-0.9889894879216975	0.2396323782799433	0.19618591686566877	0.8315192116731981	0.047872796848317765
t__SGB7980_group	-0.1783988813452347	0.1731265847414209	0.3520478045956762	0.564751034512734	-0.5331794864462374	0.17389019127882413	0.027075584032840543	0.23184056308420023	-0.038120807273967355	0.4006531926528126	0.9274965391785095	0.9717582368376148	-0.3205484686080077	0.01891083755102174	0.019754477365993228	0.11642532405064095	0.13751668099187728	-0.5900811633520872;-0.05101577386392819	-2.3309788041418886	0.01586247296755892	0.012361975339532046	0.24880342540880182	0.9533765255287977
t__SGB16955	0.10550035486350026	0.17290339076199243	0.5816747555981563	0.7511604069962204	-1.0196351325537998	0.1816450796413131	3.6177637252434865e-05	0.004453869119521982	-0.20436883766931999	0.4016612226531601	0.6265829249012033	0.8615240524429624	-0.3882923480272427	0.12246069175540325	0.267178007141484	0.563818476935891	0.3499438408593631	-1.0741822761115944;0.29759758005710896	-1.1095847467230928	0.4571533188319305	0.30158149481279795	0.902032967285137	0.002181172703691171
t__SGB14081	0.0888626276195348	0.17286849030563417	0.6425521292598644	0.7942033017264828	-0.290949869068164	0.17178227566769497	0.22476214960899094	0.6512192760375093	0.40997955431843847	0.4048034922873165	0.3329844831561223	0.7067946500708496	-0.02309410323811738	0.032247585713038915	0.8976714642485262	0.9472571260832067	0.1795761279041257	-0.37506331393020376;0.328875107453969	-0.12860341465012068	0.0450935744569087	0.04647736930923063	0.48678203417911736	0.6687603767136255
t__SGB14242	-0.14221320830446732	0.1730015032849551	0.4579003820265195	0.6580462040017946	-0.31341433289395865	0.17192645387096778	0.19117283714384037	0.6139695755228265	0.6078526639603956	0.409763751556483	0.1563454501959853	0.5044575985607149	-0.05423937826166055	0.06039794511765992	0.8253255218203941	0.9127833237092517	0.24575993391450104	-0.5359288487340826;0.4274500922107615	-0.22070065448719656	0.055425491756855176	0.12273890551415113	0.5368522018329708	0.5760830229572185
t__SGB14024	0.28475840459980395	0.1736566873797153	0.1384280621169751	0.3342593268543415	-0.38440378153827837	0.17245149833652562	0.10946137366511	0.5041279246773697	-0.16363148594129043	0.4012866621485756	0.6965801229801571	0.8995463592797367	-0.07182191254274567	0.04637791549692444	0.7387536931246474	0.8754428791252507	0.2153553238183919	-0.4939183472267938;0.35027452214130245	-0.3335042350906205	0.13233152669136655	0.08441764649291739	0.7349769726458409	0.20285762164872703
t__SGB1644	-0.16416664766353165	0.17307403118480094	0.391666687652402	0.5996939353766271	0.2918215472660628	0.17178767244675727	0.2233839430392392	0.6512192760375093	0.5674673523271316	0.40860015762084895	0.1844580374796255	0.5392599090433379	0.14977260090720243	0.03941627514172704	0.45061647338760147	0.7082029113666133	0.19853532466976007	-0.2393566354455273;0.5389018372599321	0.7543876695813774	0.0688164322132081	0.06522037772186817	0.5903516349314198	0.496458329206017
t__SGB15471	0.04901735892741307	0.17280918140314463	0.7978787849466156	0.8889131603810628	-0.3161329956594675	0.1719446208811946	0.18737558113530328	0.61068184633915	1.2708879549918306	0.43920001371015305	0.005622765247202048	0.1482779023941976	0.26149166768369086	0.21138240561415503	0.5695240089050182	0.7853155496927571	0.4597634235279651	-0.6396446424311208;1.1626279777985025	0.5687526547395861	0.23854329301573288	0.5585285664857266	0.8297916185017563	0.049786768367675344
t__SGB47582	-0.07930497792391197	0.17285114097867335	0.6786923531904658	0.8111878388502399	-0.368702132836794	0.17232631186753455	0.12458142604697456	0.5255965133774699	0.2920762506440476	0.4027471462882432	0.4880711960157833	0.8006735026947556	-0.1581177733404713	0.024012346136027277	0.3075466550426831	0.592238720771314	0.15495917570775625	-0.46183775772767355;0.1456022110467309	-1.0203834178795064	0.021699766679076308	0.025291690457690266	0.31325613335230906	0.8890271431132426
t__SGB15497	0.0667302031191703	0.1728313168735542	0.7273915068302821	0.8351811290859611	0.274484184064637	0.17168333521686868	0.25195780865250283	0.6623589163412635	0.2735495714862542	0.4024860663656494	0.5157958619950931	0.814344604133516	0.17987806418529836	0.013591101290218175	0.12284374604632187	0.36908680218132106	0.11658087875041162	-0.04862045816550842;0.40837658653610515	1.542946545894545	0.0	0.0	0.0	1.0
t__SGB7121	0.18862467495558025	0.17316702926302252	0.325225702199182	0.547644495496495	0.26725920409357956	0.17164172306769407	0.26459588177433857	0.6721983900332338	-0.7245835358616192	0.4135536989214071	0.09413947333276476	0.3968157196323305	0.008632068164666825	0.08101364122393842	0.9758059108510406	0.9910109525416618	0.28462895359386475	-0.5492406808793081;0.5665048172086417	0.030327442291706797	0.07164536225940737	0.18077809807451653	0.5990791887549078	0.4789209586888057
t__SGB19694	-0.27684996130650613	0.1736089590787645	0.14962691594811472	0.3527374954691726	-0.021671936592266634	0.17088558626207143	0.9277526001301379	0.969764038626597	0.418195827245414	0.4049720702704351	0.3235963239185201	0.6948541219025587	-0.07358722738222329	0.02542254399995616	0.6444237386695804	0.8269502673700374	0.15944448563671357	-0.3860984192301819;0.23892396446573533	-0.4615225612122339	0.02102834311456465	0.02889606226696431	0.30678573514077806	0.8921498215007201
t__SGB10107	0.2304113043468917	0.17335559825523464	0.22989708689179134	0.45244400049041705	0.2588081752561506	0.17159444569947496	0.27993113453188906	0.6779064291264334	0.03651752903144477	0.4006501966500044	0.9305374452028061	0.9717582368376148	0.22709702593184278	0.013611511240125312	0.05159262881327997	0.2197272902585931	0.11666838149269626	-0.0015730017938418994;0.45576705365752745	1.946517325656563	0.0	0.0	0.0	1.0
t__SGB1680	-0.49264988027637047	0.17538460194659886	0.011009236224510423	0.05326739623038231	-0.09788403201398897	0.17098286804434332	0.682236696073417	0.8716715421303091	0.49147497945064145	0.4066198354951642	0.24801248236000964	0.6061276572105933	-0.12165817166528206	0.06815638257693421	0.6412138855915597	0.8261220758551722	0.26106777391500124	-0.6333510085386844;0.39003466520812036	-0.4660022561991572	0.0956964610594243	0.1447241712886077	0.6659061202199621	0.34702111962581256
t__SGB6190	-0.46865414730112426	0.17513902323801298	0.015461853706976515	0.06964119474524381	-0.6768847380310165	0.17570574900494385	0.00525669074959861	0.09100645860242594	0.3594645328815696	0.4038391986764653	0.39479968059517134	0.7537440884460614	-0.35188531695248837	0.08268176057945059	0.22104274178959615	0.5060234667414722	0.28754436280242146	-0.9154722680452344;0.21170163414025767	-1.2237600957396515	0.08729535870604191	0.1859270665153193	0.6409614897961279	0.39186831671872946
t__SGB4834	0.08954677842935327	0.17286980775922783	0.6399964003919696	0.7923083928874886	0.4642177279383982	0.17316680368155948	0.0537613075493378	0.3545686235992041	0.08619146296182972	0.4008027758193962	0.8370569087194406	0.9622309953574324	0.2570694722023876	0.017416170198235117	0.0514228942696171	0.2197272902585931	0.13197033832734958	-0.0015923909192175345;0.5157313353239927	1.9479337210209489	0.013137051565216194	0.008885208053050351	0.21601195100981616	0.9902258310858523
t__SGB8022	0.3406996426053545	0.1740322243003143	0.07680011691568579	0.22334522189653505	-0.05277973855590911	0.1709103190074116	0.8252424517119353	0.9189634537656526	1.2286762413881749	0.436783609199556	0.0071234618733987355	0.1482779023941976	0.41777332122936073	0.1256094525585815	0.23848926849370233	0.5296376294605498	0.35441423865101906	-0.27687858652663666;1.1124252289853582	1.1787712672591844	0.15549615512581766	0.3063964022428284	0.7608022902295173	0.15518138725113265
t__SGB1474	-0.03380707488192703	0.1727955785719632	0.8597926230514525	0.9186992253349882	-0.0956322296762869	0.1709782168292109	0.6891564322645041	0.8756712465012276	-0.47131726073252656	0.40614078680798393	0.2673605597245989	0.632843592917833	-0.09843785849423248	0.013557260660921777	0.3978723983101906	0.6659254038182646	0.11643565030059212	-0.326651733083393;0.1297760160949281	-0.8454271371362958	0.0	0.0	0.0	1.0
t__SGB1636_group	0.39802718439387863	0.1744856804743258	0.03912675835460642	0.1389501546695638	0.2535245033481895	0.1715656527272544	0.2898234740002128	0.6876325678634599	0.313718196874115	0.40307354732730144	0.4568003414353179	0.8006735026947556	0.3236424283935682	0.013703451921309865	0.005697244603326768	0.04855805400373891	0.11706174405547641	0.09420141004483445;0.553083446742302	2.7647155866752824	0.0	0.0	0.0	1.0
t__SGB1653	-0.5005272650599935	0.1754678161627013	0.00982166621389088	0.04901984759004998	0.2808959648225269	0.17172118456390564	0.24110391252501204	0.6557600302681893	0.22313348808548916	0.4018615079826607	0.595462586307913	0.8554212437497243	-0.034429334421121116	0.0688237547310086	0.8955870738576013	0.9459585108047877	0.2623428190955655	-0.5486212598484295;0.4797625910061873	-0.1312379524616578	0.20938787099838313	0.14703300034331993	0.8135498942182496	0.0701500767579218
t__SGB1657	-0.7099491771497186	0.1781430765022024	0.00029791404020624695	0.0031739303514280925	0.017860862122156127	0.17088397722150028	0.9404310728991865	0.9772152042692518	-0.12039980403520457	0.40097960576381764	0.7739977762160326	0.9440405245522077	-0.29673665803009025	0.056554616392514	0.21211252898999766	0.49582422388379205	0.23781214517453478	-0.7628484625721784;0.16937514651199792	-1.247777559099472	0.1679505096571079	0.11220751077985522	0.7764017692394898	0.12345750976178299
t__SGB6973	-1.2030396353002468	0.18776323768033662	4.214173719015008e-09	4.244822255153299e-07	-0.12687481423417235	0.17105240268534905	0.5957254332127255	0.8387087420580684	0.03373000823587935	0.4006452940679964	0.9358270358427644	0.9740609740680861	-0.4684430862192681	0.15299912693425563	0.23107216398716468	0.5172281973692494	0.39115102829246867	-1.2350991016725068;0.29821292923397047	-1.1976015716083128	0.4639121751760911	0.3911865870975431	0.9016502112150191	0.002181172703691171
t__SGB1614	0.07786721010169827	0.17284870160405583	0.6841968774898479	0.8125296251433564	-0.28613792526676746	0.17175277126901517	0.23248091751522101	0.6557600302681893	0.09537789444711083	0.40084451793077197	0.8199929722701624	0.9622309953574324	-0.08513272573604116	0.016713989373271357	0.5102162167225499	0.7527557498383293	0.12928259501290712	-0.33852661196133915;0.1682611604892568	-0.6585010590755995	0.010915818147584936	0.007431566731576113	0.18731392487414134	1.0
t__SGB6548	0.25306410484181174	0.17347343861598913	0.1875318230192857	0.39578144743879723	0.1435446550361304	0.17110049155539828	0.5483876068087221	0.8210992815460325	-0.6722191025552758	0.4117757779826471	0.118814717886275	0.44673766231375794	0.013216787653887415	0.0645667619743381	0.9585174278440176	0.9806438689299829	0.2540999054984832	-0.4848190271231397;0.5112526024309145	0.05201413840732935	0.05510253083925725	0.1342944171561322	0.5353757910435096	0.5787456224828899
t__SGB1617_group	-0.010118315115820736	0.172784342288872	0.9578355428390309	0.9781398907517477	-0.1474506039773691	0.17111261458649438	0.5375735686050145	0.8210992815460325	-0.047805244551957955	0.400674025935154	0.9091540132775375	0.9717582368376148	-0.0767837642403771	0.01353575334414072	0.5092691914499108	0.7523603521686683	0.11634325654777213	-0.30481654707401046;0.1512490185932563	-0.6599760615162825	0.0	0.0	0.0	1.0
t__SGB10064	0.4092098625463314	0.1745821855738901	0.03401998347628828	0.126067363517483	-0.46346025750767555	0.17315939786471737	0.054147971837370946	0.3550056378450119	-0.19732140018238742	0.4015905194353109	0.638461378230163	0.8615240524429624	-0.06685134268568566	0.0757658463612988	0.8081063134464379	0.903481059228755	0.2752559651693289	-0.6063530344175703;0.4726503490461989	-0.24286973270337955	0.25859047495155724	0.16680327465279662	0.8431709093140543	0.03544575519767735
t__SGB1945	0.4718942475063288	0.1751714870596921	0.014779275922919468	0.06711244968276546	0.29859851906428975	0.17183017514058815	0.21287704231318763	0.6444474395710708	-0.3783837929938346	0.404185787696616	0.37082376713366016	0.7323934652122914	0.23944944343446958	0.04794692357738087	0.2741581188766786	0.5677891508698316	0.21896785969036842	-0.18972756155865253;0.6686264484275917	1.0935369408691447	0.04211233497438157	0.08835467117680453	0.46708365617886444	0.696789305870516
t__SGB15892	-0.08532488723983114	0.17286183881895545	0.6558356220195226	0.8032211580335197	-0.5378932945337068	0.17394317165364087	0.02577327901130727	0.2248566389332949	0.4937711423650218	0.40667563976405446	0.24587666656104945	0.6054029923325396	-0.12638708883036598	0.07708715863680252	0.6489582443137296	0.8278082089259418	0.2776457430554312	-0.6705727452190111;0.41779856755827915	-0.45520989243164134	0.11999693640775538	0.17010015529425124	0.7138123658333472	0.2438619750085085
t__SGB9360	0.023410328657513337	0.1727891548865499	0.9026454903372909	0.9479916618897805	0.051970357456556246	0.17090941367985413	0.8278796102896342	0.9191372553315866	0.2710964885443323	0.402452767298659	0.5195313841310285	0.814344604133516	0.0573328839504835	0.013531274094051018	0.6221027954671379	0.8157276892042471	0.11632400480576233	-0.17066216546881066;0.2853279333697777	0.49287233573343586	0.0	0.0	0.0	1.0
t__SGB19436	-1.1833960132362706	0.18729681064426784	6.996095173820891e-09	5.844139478153268e-07	-0.21096400670882937	0.1713552346219062	0.37811286536521493	0.7388872219129774	-0.3404524900870872	0.4035085376161732	0.41988059246780085	0.7766739506749972	-0.6035888473028364	0.10009993160872052	0.05642191482960568	0.22983632952648198	0.31638573230902894	-1.223704882628533;0.01652718802286035	-1.9077625368810327	0.3352355475436167	0.2352616724836361	0.8686272064597086	0.014611371314317124
t__SGB5752	-1.0801783008767523	0.18495460050149692	9.341320165033909e-08	4.015102369454306e-06	-0.701779315179351	0.17606187421933686	0.003847284356419639	0.08552522777838749	-0.07408030402806526	0.4007541936750291	0.8596781075516351	0.9622309953574324	-0.7023781234713937	0.07253412100811624	0.009108539631316859	0.06683617159933165	0.2693215940249059	-1.2302484477602094;-0.1745077991825782	-2.6079532390055595	0.09916746379274856	0.15565262836991267	0.6600597232851055	0.3530368181586939
t__SGB1475	0.006667956252578674	0.17278371683089375	0.9722062723168514	0.984541559046725	0.05855220608044791	0.1709171813070319	0.806493862040165	0.9149452036660706	0.2528338558054622	0.4022142119796668	0.5478043338207723	0.8303244895669161	0.051286633883119985	0.013530116553673413	0.6592755975080604	0.8357864554221178	0.11631902919846526	-0.17669866334587192;0.2792719311121119	0.4409135309719097	0.0	0.0	0.0	1.0
t__SGB8603	-0.35006831910673597	0.17410159521775423	0.06912227994390112	0.21156764137525538	0.010005275337461551	0.17088163934040143	0.9666092059864518	0.9835883367159498	-0.9079442752985883	0.4207516724797074	0.03923238903159601	0.3255764701675791	-0.3135943648177847	0.05591766157850416	0.18478890515249802	0.46010361103138836	0.23646915565989607	-0.777073909911181;0.1498851802756116	-1.3261533578984595	0.0734340566250297	0.10923034423383084	0.6033267412913713	0.47248340799218563
t__SGB9330	-0.07873547380437272	0.17285016940143896	0.6808706589627466	0.8111878388502399	-0.25025170874064595	0.17154811337110418	0.29606895415468304	0.689168910091153	0.029798841153390685	0.4006390412730593	0.9432918999774877	0.9740609740680861	-0.14865881088680719	0.013572055319046013	0.20193768676783241	0.4835286444145958	0.11649916445642867	-0.37699717322140736;0.07967955144779301	-1.2760504470605571	0.0	0.0	0.0	1.0
t__SGB1668	-0.6430285468566225	0.17719219681199955	0.0009999189846931606	0.007970577230503754	-0.051042835850798565	0.1709083934040595	0.8309041119066167	0.920858164920862	-0.06588889211012333	0.400725494655495	0.8750494167931901	0.9671694687154538	-0.2939240625973139	0.041626021898138715	0.14968902166175502	0.4134117846863044	0.20402456199717403	-0.693812204111775;0.10596407891714721	-1.4406307736682462	0.10107416496249459	0.07118614170378344	0.6773474930123387	0.3191628820949668
t__SGB1672_group	-0.5736347502397642	0.17630089796491447	0.0032021072956090473	0.020273913620198997	0.08198442942534283	0.17095234043120117	0.7316415023196047	0.8913159592760702	0.6956519306020207	0.41255585276785933	0.10716976570863226	0.42867906283452906	0.00083530725225176	0.12506996588860733	0.9981154424947973	0.99995045721499	0.35365232345993053	-0.6923232467292121;0.6939938612337156	0.002361944759982333	0.23774004235052512	0.3084653529235055	0.8306497089349206	0.04871623261233117
t__SGB1663	-0.9641249779843833	0.18254547906989949	1.4660833114517385e-06	3.699316752286821e-05	0.10239365097950064	0.17099250795376192	0.6684601717183399	0.8671061310259296	0.0036317978207993495	0.4006171386421165	0.9930824367644632	0.9973927312472347	-0.31335812585022704	0.12261829066339566	0.3708528581385071	0.641037389730836	0.35016894588669006	-0.9996892597881396;0.3729730080876855	-0.8948769716193665	0.4219451146669622	0.30235187201698704	0.8952268636857003	0.0036059793873611293
t__SGB1662	-0.46575177492543063	0.17511012809515136	0.016096963720677447	0.07220824211542758	-0.429357201429146	0.17283819583785387	0.07414830956574912	0.4149309444386365	-0.4566463988047507	0.40580440830839554	0.28212481212810486	0.6458559748717773	-0.448101974507384	0.013858191959531354	0.00014095859118046228	0.0036321423029756325	0.11772082211542423	-0.6788347858536155;-0.2173691631611525	-3.806480165998365	0.0	0.0	0.0	1.0
t__SGB1675	-0.4554674833866497	0.17500914827584532	0.01853810174893503	0.08116444812670041	0.1925841112219438	0.17127622017296967	0.42094392564885985	0.7608578623473683	0.46206255548575276	0.4059273856096814	0.27660667312861476	0.6403520890579522	0.002245003419539139	0.0712227451133136	0.9932881445923101	0.9991740678945129	0.2668758983372489	-0.5208317573214687;0.525321764160547	0.008412162482736251	0.1658886896203457	0.15352674827764756	0.7757199906927242	0.12393824219608755
t__SGB9299	0.14769544153275818	0.17301864406246356	0.44078971708057757	0.6426250085858947	-0.18709373512363045	0.17125400683458716	0.4342766901344667	0.7760944720467566	0.3813833008578525	0.40424234092672645	0.3671130847495977	0.7313345413806018	0.025145685162623516	0.02059209546929791	0.8608974093306248	0.930917539906001	0.14349946156448778	-0.25611325950377256;0.30640462982901956	0.1752319129875146	0.01901193272638298	0.01686536347678933	0.28612814461570013	0.9211117264478398
t__SGB8617	-0.0796374842862737	0.17285171147145892	0.6774217968496521	0.8111878388502399	0.12054389076283123	0.17103568958509865	0.6141847292477365	0.8503656054131227	0.352564372402228	0.4037171445886063	0.4037885186793163	0.7570180688607148	0.049036744178882874	0.013552065980639065	0.673587437616562	0.842359357547675	0.11641334107669561	-0.1791334043314405;0.2772068926892063	0.4212295921184533	0.0	0.0	0.0	1.0
t__SGB4329	-0.2544193958609468	0.173480836294744	0.18519540967300585	0.39324631056130177	-0.33623717073553233	0.17208377031619637	0.16102621156443447	0.573877808999715	-0.4623491429649709	0.40593393210923273	0.27631689531090997	0.6403520890579522	-0.3095039099972028	0.013686403814928362	0.008155016944813465	0.0623155777576091	0.11698890466590565	-0.5388021631423778;-0.08020565685202771	-2.645583449824385	0.0	0.0	0.0	1.0
t__SGB49027	-0.12007767934877774	0.1729388729005235	0.5306869573953243	0.713093919585784	0.07388727627147007	0.17093886610388415	0.7572568867375697	0.8950780462016403	-0.6067351204170063	0.4097305226701905	0.15707389124859805	0.5044575985607149	-0.08980179038417577	0.02157833918696263	0.5409808741187943	0.7707870741350911	0.14689567450051969	-0.37771731240519435;0.1981137316368428	-0.6113303927397676	0.012093400821771115	0.0192212635695141	0.20267086513819013	1.0
t__SGB5057	0.005979919480370769	0.17278362285644788	0.9750731853148764	0.984541559046725	-0.14762045455920378	0.171113149121725	0.537105787849119	0.8210992815460325	-0.3030905298849966	0.40291038104748506	0.4720040411839871	0.8006735026947556	-0.09088902606428799	0.013548387025439885	0.4348906823911669	0.6953230535200764	0.11639753874305026	-0.3190282020006665;0.1372501498720905	-0.7808500681868129	0.0	0.0	0.0	1.0
t__SGB4114	0.06396599386140393	0.17282741655968817	0.7382560956732395	0.8389617989804609	-0.37713073652503526	0.17239287397740943	0.11627207887372534	0.5078692610652754	-0.15715970168951474	0.40123476324644813	0.7079806241648087	0.9077127156627908	-0.1569507238503214	0.021423464867650822	0.2835829108202228	0.5741414097056722	0.14636756767689632	-0.4438311564970382;0.1299297087963954	-1.0723053360891206	0.03005720808617117	0.018847266081424573	0.3874724344882245	0.8111301815080028
t__SGB8641	0.20827367963570528	0.1732510395642164	0.2775603944286724	0.5008744576986467	0.11323584402017331	0.17101745860704642	0.635803988779998	0.8622653850284427	0.07810476231734934	0.4007695232967224	0.8521465331081588	0.9622309953574324	0.1532113040040804	0.013562402828077618	0.18830973300707443	0.4662184278554472	0.11645772979101739	-0.07504584638631367;0.38146845439447447	1.3155958327456412	0.0	0.0	0.0	1.0
t__SGB14004	-0.248272704532044	0.17344759967944776	0.19596830831520445	0.4005430838464755	-0.5272880312796074	0.17382460814664577	0.02878371583245763	0.23979215896513573	-0.4145094580662348	0.40489602990398704	0.3277854491254234	0.698601544199593	-0.38975379571056545	0.013805271718535236	0.0009093390780707811	0.013085035045486044	0.11749583702640377	-0.6200456362823168;-0.15946195513881406	-3.317171106436559	0.0	0.0	0.0	1.0
t__SGB5969	-0.12887612941954546	0.17296250410626984	0.5010618491499799	0.6884045491775895	0.2766313091322879	0.17169591349804114	0.24828541127288042	0.6572649898407794	-0.21697124159325418	0.40179380720970426	0.6055992208104416	0.8598495813763348	0.03874704415390193	0.02261977394223168	0.7966933837663639	0.903481059228755	0.15039871655779408	-0.2560344402993745;0.3335285286071783	0.25762882184578023	0.029711714106778368	0.02190942577586705	0.38523734294746925	0.8120397119093578
t__SGB70776	-0.21041029960513222	0.17326067361497235	0.272683273079991	0.49611340980727425	0.1624733718646694	0.17116226529923947	0.49701573896384355	0.8074638324086464	-1.1678809115810265	0.43342466221921955	0.009974657425866963	0.1802478996323898	-0.3215058612763532	0.13884750884650562	0.3882368285830218	0.6557414726676648	0.3726224749615965	-1.0518459122010824;0.40883418964837587	-0.8628192953457477	0.1660019667518494	0.34571815992671684	0.7733921157500918	0.1291232175198778
t__SGB17008	0.18701298068507863	0.17316050580330306	0.32936150122840824	0.5512576183702059	0.19867161968432687	0.17130159694827043	0.40644881807401545	0.75146009227582	0.7420805897230638	0.4141756777121089	0.08693698994722984	0.38073590854359946	0.23660561762650548	0.013650343109774095	0.04285384455900387	0.19620685855940617	0.11683468282053106	0.007609639298264609;0.4656015959547464	2.025131681060441	0.0	0.0	0.0	1.0
t__SGB19434	0.0714251753603451	0.17283831936870406	0.7090655966501431	0.8240585962157906	0.019440279523943144	0.17088460641218806	0.9351747138866295	0.9732258553453563	-0.12181453443807477	0.4009881778190282	0.771420643165105	0.9437762599895596	0.03109442371274042	0.01352467281664946	0.7891812372066809	0.8991017831909962	0.11629562681652934	-0.1968450048476571;0.2590338522731379	0.2673739723832926	0.0	0.0	0.0	1.0
t__SGB6287	-0.26290457988397625	0.17352804221939913	0.17106047493484594	0.3770445538159783	-0.38993350318234743	0.17249680632786374	0.10449966601060805	0.48857471208005615	-0.6281842989947084	0.41037847947093703	0.14356525833242123	0.4859574711553822	-0.35139521877655605	0.013744783609274365	0.002724029901159053	0.029303156606643014	0.11723814912081462	-0.5811819910533527;-0.12160844649975941	-2.9972770929234063	0.0	0.0	0.0	1.0
t__SGB8642	-0.3138894311132578	0.17384396453551124	0.10272560010584506	0.27294955615653793	0.0417228146847575	0.17089916093590415	0.8614285425688648	0.9348313664704233	-0.6659471555768304	0.4115712758394318	0.12210585863148996	0.4507775971985089	-0.21258085226276438	0.031114505267900296	0.2281436988281067	0.5158841189827392	0.17639304200534753	-0.5583112145932455;0.13314951006771678	-1.2051544088474861	0.039938892535037046	0.043188395859843326	0.45493609948880304	0.7152037007351679
t__SGB10108	0.27294268289565843	0.17358586964629322	0.1554119182784108	0.3550608050856418	0.17642434450360647	0.17121266947867322	0.4608799918733244	0.7850433229156764	-0.11616978953164815	0.4009545717548406	0.781719144415016	0.9486799693448387	0.19523745322255304	0.013601523334836973	0.09412006628273417	0.31223063904571696	0.11662556895825621	-0.03334866193562913;0.4238235683807352	1.6740535970498407	0.0	0.0	0.0	1.0
t__SGB49026	-0.06932130693143275	0.17283512265800074	0.7172573414429086	0.8312982576555886	-0.18583747378831267	0.17124901408599152	0.43736171204359475	0.7778439437308234	-0.7729230555309099	0.4153057973583859	0.07539593217468256	0.38073590854359946	-0.2046902093008929	0.02331802192457531	0.18009848990216293	0.45249235104670416	0.1527023965908044	-0.5039869066188695;0.09460648801708368	-1.3404518453590477	0.010753533348495058	0.023342347683698184	0.18348654393899233	1.0
t__SGB7970	0.12489715551250329	0.17295161074435794	0.5143486971229251	0.6975500078484712	-0.3618116824102273	0.17227299593282078	0.13171650894034312	0.5405255255774081	-0.4076939164962914	0.4047571789298552	0.3356292405457081	0.7069908717198571	-0.1616817505063917	0.030488115406109555	0.35446290485058274	0.6271386290191313	0.17460846315717218	-0.5039143382944492;0.1805508372816658	-0.9259674335536381	0.05816251094567048	0.041796169757998894	0.5495726290909634	0.5532193318729971
t__SGB14786	-0.6693397615781862	0.17755543404012086	0.0006274941992132126	0.005517964862922536	-0.2351409712622516	0.17147006620695707	0.32607935326297366	0.7061970994113416	0.2726186471688503	0.40247339465821486	0.5172117046257216	0.814344604133516	-0.29511028898683167	0.06268758335328141	0.2385281381776303	0.5296376294605498	0.2503748856280945	-0.785845064817897;0.19562448684423356	-1.1786736846489743	0.096813875160502	0.12929960761978707	0.6665472480712377	0.3462280307944906
t__SGB20916	-0.6915596893833805	0.17787292387924178	0.0004190411330635732	0.003968355345593497	0.29431205271287203	0.17180317980797818	0.21947992668267216	0.6479449839646735	0.20230379025558087	0.4016402494505028	0.6300530408888811	0.8615240524429624	-0.0950253621710891	0.1056418582687683	0.7700095538062834	0.8915053141247253	0.3250259347633175	-0.7320761943071914;0.5420254699650131	-0.29236239945063514	0.3574456382188635	0.25301698772844355	0.8804352537071407	0.008483934845651969
t__SGB8589	0.34851045462426516	0.1740899314171462	0.07035291014508076	0.2119763451704755	0.15715333344143922	0.17114413361315478	0.511187527751319	0.8161322489170915	-0.3867089541748897	0.4043438321094816	0.36058591911765436	0.7264167243315656	0.15993067821589807	0.02911278678742303	0.3485917526767315	0.6238834953026086	0.17062469571378883	-0.17449372538312802;0.49435508181492416	0.9373243277993636	0.02133858970380056	0.038249825686053444	0.3092810107989105	0.8890271431132426
t__SGB9210	-0.43208767577121876	0.17478777074992732	0.025340938061614166	0.10084338335071548	0.2327844904016852	0.17145832987112722	0.33093369256187843	0.7061970994113416	-0.22589024972231656	0.4018924048012944	0.5909547695386775	0.8536869421758211	-0.12202817829170687	0.04611124955400047	0.5698499115099067	0.7853155496927571	0.2147353011360742	-0.5429093685184123;0.2988530119349985	-0.5682725553092904	0.13075378293181864	0.08361779929739739	0.7323896211490272	0.2095598529224019
t__SGB8645	-0.1311757904907759	0.17296895540365878	0.4934673753091272	0.68534968407719	0.23014792280382498	0.1714453377592332	0.33642075679941374	0.7061970994113416	-0.18981036899272452	0.4015178833292281	0.6512313092510928	0.8672647724161189	0.026249006038804378	0.017301810084305078	0.8418270149863933	0.919866205724777	0.1315363451077499	-0.23156223037238544;0.28406024244999417	0.19955705791659428	0.012565972035975537	0.008868189865273931	0.20973570252630752	0.9973388493416872
t__SGB8629	0.2818081472788451	0.17363872660756724	0.14252691882543925	0.3388837469068384	-0.031946932841782856	0.17089146997942842	0.8936716598966685	0.94981149413923	-0.6032448111679032	0.4096271187715051	0.15936667847560648	0.5074088498591148	-0.016182294416416037	0.05117773703826824	0.9429744634782173	0.9749646294497676	0.2262249699707533	-0.45958323555909253;0.4272186467262604	-0.07153186678954188	0.060653857596827836	0.09718135471478925	0.5596657566156487	0.543255299192111
t__SGB5108	-0.004987226063997986	0.1727835052883347	0.9792101065609125	0.984541559046725	-0.01988222039119714	0.1708847920077094	0.9337044199594482	0.9732258553453563	0.21019850871926118	0.4017215737211867	0.6168345058464086	0.8615240524429624	0.006148325071481197	0.013524950686940582	0.9578374598042716	0.9806438689299829	0.11629682148253485	-0.2217934450342871;0.2340900951772495	0.05286752460732159	0.0	0.0	0.0	1.0
t__SGB6176	-0.19797047297555206	0.17320595546227893	0.3019197027400927	0.529314921892441	-0.2969758047941038	0.17181991018800033	0.21535940967337636	0.6474253794489306	0.07810476231734932	0.4007695232967224	0.8521465331081588	0.9622309953574324	-0.22023260665037475	0.013618047012786813	0.05912976325753627	0.23130154711630338	0.11669638817369976	-0.4489575274708263;0.008492314170076787	-1.887227274956992	0.0	0.0	0.0	1.0
t__SGB5239	-0.6579005681678182	0.1773958132377241	0.0007696554403469973	0.006411866375221602	0.09449679427389415	0.17097591253260846	0.6926556421906366	0.8781034914727979	-0.6675647063798024	0.4116238437084743	0.12124985528668017	0.4496233273062336	-0.36377410055801696	0.06819592884101643	0.16361839911979037	0.425963211874512	0.2611435023909583	-0.8756153652442952;0.14806716412826126	-1.3930046017894415	0.19941505100378684	0.1439791290276502	0.8037580945606305	0.08273116024005975
t__SGB4326	-0.5992480445861019	0.17661855441839153	0.0021071847925375918	0.014966415064946484	-0.28099723873264776	0.17172178933650087	0.2409351882332154	0.6557600302681893	-0.4187068533106048	0.40498266343232703	0.3230185592206115	0.6948541219025587	-0.4342162893570536	0.013876139302567475	0.00022768143291851395	0.004946490738700264	0.11779702586469437	-0.6650984600518546;-0.20333411866225262	-3.6861396641355704	0.0	0.0	0.0	1.0
t__SGB9192	-0.10915450726506405	0.172911855167747	0.5686781524557878	0.7439142773565678	-0.6416695499054647	0.17522279617597367	0.008060680862230137	0.12234567664864371	-0.13490005380210568	0.4010722017114334	0.7477148950826076	0.9267114053617324	-0.3358852477669588	0.03362374574977413	0.06698761749524906	0.2507509465700539	0.18336778820112906	-0.6952861126411718;0.02351561710725414	-1.8317570990087924	0.07220550846248532	0.04972618200892386	0.5998687926987969	0.47870546917617085
t__SGB14111	0.10749892724358294	0.17290798456078554	0.5745490945227867	0.7475042123169785	-0.32688112199752783	0.17201796029824806	0.17291376059323948	0.591322366473177	-0.1319967056872395	0.4010528210455708	0.7529535728282046	0.9288271710886754	-0.11292268094491065	0.02085172347845878	0.4342109240103422	0.6953230535200764	0.14440125857643615	-0.3959491477547255;0.1701037858649042	-0.7820062100437795	0.027858145064081723	0.017482380153966928	0.36996408508996087	0.8274884408408204
t__SGB20876	-0.6864884876966532	0.17779960122303837	0.00045986811230329903	0.004246115570267128	0.06233513211939105	0.1709220642553332	0.7942671601060548	0.913989985144184	-0.38861066212617057	0.40438040779549594	0.3582741471092098	0.7230742349672212	-0.32523049311926927	0.056247900970011	0.17027592478539555	0.43870625887935166	0.23716639932758393	-0.7900766358013338;0.1396156495627952	-1.3713177500749067	0.17600578100566425	0.11107214183075681	0.7841381402819654	0.11020551469121806
t__SGB17364	-0.4702918509249897	0.17515540482301056	0.015113414997735369	0.06834964823465628	-0.8252568260947228	0.1780056513511123	0.000726692216516134	0.028756249139281306	0.24641906967841265	0.4021343340380362	0.5579252346524538	0.8350830701597584	-0.433054414724937	0.08478550999605686	0.13695089754150636	0.3931129390569664	0.29117951506941014	-1.0037662642609808;0.13765743481110693	-1.4872420356277718	0.11106052176342456	0.19187551645056855	0.6923686940709262	0.28433207992625137
t__SGB14832	-0.37396376392895775	0.1742869152341561	0.05238293543861449	0.172738965672574	-0.7111349774683512	0.1761988429787542	0.003414249713704213	0.08048912091030358	-0.4004775328132306	0.40461262015094246	0.34407415772062644	0.7146462322807852	-0.5286860961099368	0.014037185844292303	8.108809842477527e-06	0.00037435672106104584	0.11847863032755022	-0.7609042115519352;-0.29646798066793834	-4.462290749380816	0.0	0.0	0.0	1.0
t__SGB14237	-0.1940822409172871	0.17318953302402634	0.31147582173704497	0.5358931839823693	-0.050044167048928646	0.17090731540056733	0.8341634461121005	0.9214886323950223	-0.1652802764255693	0.4013002178241862	0.6936872097862219	0.8979035379008573	-0.12482537652496029	0.013552974064509173	0.28361936975954505	0.5741414097056722	0.11641724126824675	-0.3530031694107239;0.10335241636080333	-1.0722241410732252	0.0	0.0	0.0	1.0
t__SGB14062	-0.21552801009870082	0.17328414702735867	0.2612435924213233	0.4826924231399803	-0.4724853711856184	0.1732484021712594	0.04969043055125837	0.3496901413871705	-0.487484002896919	0.40652344261827994	0.25175773757878794	0.6090558367626576	-0.3559778340792551	0.013760721187757285	0.0024084984362069406	0.027230778237931533	0.11730610038594448	-0.5858977908357063;-0.1260578773228039	-3.0346063240365635	0.0	0.0	0.0	1.0
t__SGB4333	-0.43365707437095413	0.1748022743993532	0.02482383883816209	0.09965512113291158	0.12768173758389545	0.17105459422830527	0.5933911509062562	0.8386477556761205	0.2430725647450746	0.40209347143717244	0.5632435351666705	0.8375829755645738	-0.07902200257214	0.04380732086405962	0.7057647786151016	0.8574422968262417	0.20930198485456275	-0.489253892887083;0.331209887742803	-0.3775501824650629	0.09847202609533588	0.0773693708627271	0.6736788424442772	0.3273422947833499
t__SGB6462	-0.1188273281485078	0.17293564996276453	0.5349688330997244	0.7163788517140504	-0.5418835241454146	0.1739883711365108	0.02471403038286032	0.2190651653136739	-0.9269848953588485	0.42158378806156044	0.03565146917838436	0.31856312781975704	-0.4333991152914387	0.04401684842246365	0.03885173783664131	0.18390188411791694	0.20980192664144828	-0.8446108915086774;-0.022187339074200063	-2.065753743206173	0.0689632679481153	0.07638776555932	0.5857978555123251	0.5029965468821379
t__SGB3546_group	-0.42732298474610547	0.1747440525792875	0.02696904392939824	0.10634057179278737	0.07773567058759479	0.17094509571808564	0.7450468475613217	0.8934111548679052	-0.5383358641836676	0.4078085659257061	0.20711686845525346	0.5653117518413844	-0.23181641014013132	0.035776774780534745	0.22035473061709854	0.5060234667414722	0.1891474947773159	-0.6025454999036706;0.13891267962340786	-1.2255854110732458	0.07234897941550346	0.05544473969922442	0.6016166555625285	0.47636055268884797
t__SGB3668	-0.19654384957805857	0.17319989228696725	0.3054027453858607	0.5295559340962969	-0.8419528076421094	0.17829080966667427	0.000571585812818169	0.024269898064373213	0.11070314600875442	0.40092354306552586	0.791731898662842	0.9555979779067854	-0.3726023421147501	0.07512130625447717	0.17400326713738945	0.4421917889638246	0.2740826631775114	-0.9098043619426724;0.1645996777131723	-1.3594524286763507	0.16944639810556966	0.1644814641053976	0.7759879283922065	0.12387748043029466
t__SGB69261	0.11498383399648163	0.17292595374551084	0.5482404446107682	0.7257472074417337	-0.05663194574596097	0.17091481954843554	0.8127188425212803	0.9165125284014326	-0.03812080727396735	0.4006531926528126	0.9274965391785095	0.9717582368376148	0.022584062920822146	0.013531191778954293	0.8460596027224585	0.9217640509503284	0.11632365098703829	-0.20541029301377287;0.25057841885541715	0.1941485048757509	0.0	0.0	0.0	1.0
t__SGB19690	0.021980334145943994	0.17278845396643536	0.9085650258388739	0.9515028815023368	0.041772239336385936	0.17089920500455621	0.8612660734159492	0.9348313664704233	0.21071588524255974	0.40172701136494443	0.6159727881955028	0.8615240524429624	0.04696533491288241	0.013526389042085443	0.6863460031203743	0.8467991436418097	0.1163030053011763	-0.18098855547742312;0.27491922530318796	0.4038187559406722	0.0	0.0	0.0	1.0
t__SGB9325	-0.5151381800772051	0.17562554775754557	0.007920365064674329	0.041395115526694136	0.2993550481301611	0.17183497969328845	0.21172689932303929	0.6435492785569755	-0.19829456940821166	0.4016001358211565	0.6368150869526591	0.8615240524429624	-0.1264529062546348	0.06547649890785782	0.6211783194385547	0.8157276892042471	0.2558837605395423	-0.6279850769121377;0.3750792644028681	-0.4941810531000607	0.2172358666866498	0.13751836115727878	0.8189142815957585	0.06108302134393413
t__SGB8644	0.05229476491770288	0.17281276652212116	0.7846906226117188	0.8826773704099335	-0.20203026229652205	0.1713159343672429	0.39858205486097154	0.7507726077112761	-0.8755560701230901	0.41937228889131606	0.04607942772866303	0.34497301299566646	-0.23384876890378772	0.057417908826751525	0.3291072463366853	0.5976220702222305	0.23962034309872676	-0.7035046413772922;0.2358071035697167	-0.9759136719349364	0.058721017834436194	0.11363888735206863	0.5500892244511322	0.5530823296065754
t__SGB1612	0.1470902203173344	0.17301672002626842	0.44266028548409586	0.6436582628823861	-0.25830515998857423	0.17159167918742824	0.28086278749766885	0.6779064291264334	-0.06063269156143188	0.4007088476185042	0.8849397870360629	0.9671694687154538	-0.05722577958559081	0.018350995258286595	0.67270610684498	0.842359357547675	0.13546584535699985	-0.32273883648531054;0.2082872773141289	-0.4224369577053233	0.018180337109786105	0.011398660940465167	0.2774107094155788	0.9232059317857894
t__SGB71764	-1.1202640450982806	0.18584232263211634	3.465430601110127e-08	2.0208932137000107e-06	0.05302966102459357	0.17091060138244477	0.8244285454240141	0.9189634537656526	-0.5432787667803557	0.4079400480183737	0.20312657967651898	0.5616752470870573	-0.5328327115461682	0.126588738866479	0.13423943801642557	0.39038660714488066	0.35579311244946693	-1.2301872119471233;0.16452178885478697	-1.497591417320778	0.4949984758579078	0.3123325791943806	0.90746588694232	0.001403056484824805
t__SGB8616	0.1290296460434158	0.17296293122361256	0.5005529269957391	0.6884045491775895	-0.12009018847969492	0.17103452463259106	0.6155173425463216	0.8503656054131227	-0.639210128923831	0.41071990518896584	0.13700065394641361	0.4728869924380884	-0.09460144774731999	0.033403601903746714	0.6047316716444575	0.8080802679785872	0.18276652292951986	-0.4528238326891789;0.26362093719453894	-0.5176081824558268	0.030902846654273574	0.049312941746625184	0.39342667564554834	0.8086841931985833
t__SGB19692	-0.20701300751984558	0.17324540105100983	0.28046607193282946	0.5036570627254052	-0.038331169825347226	0.1708962614402391	0.8725913851298189	0.9397217710891068	0.8723092239033446	0.419236526774294	0.046822052941794035	0.3458588977300519	0.11401668636790649	0.0923971145171524	0.7075911414112515	0.8587195889196786	0.3039689367635325	-0.48176242968861716;0.7097958024244302	0.3750932170302778	0.0879722656300042	0.2128314191386053	0.6468659832440605	0.3814930429097058
t__SGB1478	0.31667705914799277	0.17386282992419516	0.09973819465779295	0.2692242937787515	-0.335775827439931	0.1720804823184612	0.16159736137898112	0.573877808999715	0.0785742556880277	0.4007713644204307	0.8512688232717405	0.9622309953574324	0.005940523955073617	0.0439954893880393	0.9774055028714412	0.9916464167194929	0.2097510176090674	-0.40517147055869845;0.41705251846884567	0.028321788484218596	0.12299349672964352	0.07796620338649499	0.7207310395136176	0.230062393565999
t__SGB5112	-0.2335029086103924	0.17337103471115262	0.22373995198650892	0.44347740035966354	-0.18513967467558762	0.17124625529768586	0.43908080523581694	0.7782934375632199	0.29891315238908245	0.40284776775945236	0.4780608803923807	0.8006735026947556	-0.1664581483424789	0.013599563980535077	0.15346759007202748	0.4157508308063727	0.11661716846388905	-0.39502779853170145;0.062111501846743605	-1.427389727731413	0.0	0.0	0.0	1.0
t__SGB4246	-0.7600390169107107	0.17891263339092361	0.00011398949734619118	0.0014191052029166272	-0.2182440183041662	0.17138851021072116	0.3619262647569359	0.7264751836063134	-0.2833019369808008	0.4026213869513779	0.5010936196016282	0.8009690628074824	-0.4526745973079207	0.03356380938694243	0.013478351025635549	0.09161971126628336	0.18320428321123508	-0.8117549924019414;-0.09359420221389997	-2.470873439055928	0.07296652354274163	0.04913805386302653	0.5995722519203038	0.47870546917617085
t__SGB53511	-0.09671707704992041	0.17288422266485276	0.6134751364839376	0.7757564181797408	-0.1996638235614033	0.17130580759211095	0.4041151355886615	0.75146009227582	0.2295819694183563	0.40193437069628124	0.5849445369933032	0.8527875618270788	-0.11690440257231792	0.013564153894758636	0.31548915237072017	0.592238720771314	0.11646524758381203	-0.3451762878365895;0.11136748269195366	-1.0037706955303543	0.0	0.0	0.0	1.0
t__SGB2285	0.5238982435768613	0.17572222272796648	0.006946976929208988	0.03754756311006614	-0.04464219241499364	0.17090185340135206	0.8518423401804893	0.9325138310588412	-0.6905063415155457	0.4123823945702194	0.1096406590236808	0.43386375070799404	0.002485345782965295	0.1120232570079619	0.9940752668735742	0.9991740678945129	0.3346987556116125	-0.6535242152157952;0.6584949067817258	0.007425620027847708	0.19267142202255527	0.2704194403471502	0.7995034948576071	0.08960554904933238
t__SGB41382	-0.03664371208657378	0.17279773650286273	0.8481673598776617	0.911512545823908	0.11338078278149404	0.17101780911736636	0.6353720714499969	0.8622653850284427	0.4589256689742234	0.40585598842645176	0.2797929668554204	0.6418439074033246	0.07369918883584238	0.013558760999639324	0.5267821883308741	0.7669214067224055	0.11644209290303624	-0.15452731325410862;0.3019256909257934	0.6329256628632846	0.0	0.0	0.0	1.0
t__SGB4904	0.08979204510550771	0.1728702825216583	0.6390812257272865	0.7923083928874886	-0.14616260820032823	0.1711085811194658	0.5411275227685142	0.8210992815460325	-1.0145341351281496	0.4256089204417633	0.022726829763077976	0.251813273774904	-0.26048288780544304	0.09284775879272364	0.39263030369163054	0.6611464688302836	0.3047093021105914	-0.8577131199422021;0.33674734433131603	-0.8548570260283791	0.09392629777445798	0.21328499731825626	0.6606895566652585	0.3530368181586939
t__SGB1676	-0.0362523327330248	0.17279742843425752	0.8497694072631186	0.9123493248522629	0.11825470797492431	0.17102985650023203	0.6209215736385302	0.8535745702127685	-0.023694748903503204	0.4006308658102436	0.9548932243189487	0.9823785446103948	0.036274722760246916	0.01353038182215845	0.7551527071287192	0.8848675005151715	0.11632016945550952	-0.19171280937255175;0.26426225489304556	0.3118523892292074	0.0	0.0	0.0	1.0
t__SGB9311	0.3051050675290662	0.17378559400792976	0.11261270924653607	0.2922128380448758	-0.08205579418954986	0.170952465406552	0.7314170304547645	0.8913159592760702	1.5810546562320305	0.4589583948872855	0.0009403155987363999	0.08159500309612952	0.5239743220791206	0.23155037970655243	0.2761988068838874	0.5688257955898648	0.48119682013345894	-0.4191714453824589;1.4671200895407002	1.088898139297341	0.25157989189933955	0.6141441769814899	0.8352640070836105	0.044137303286112754
t__SGB8653	-0.012548120209930836	0.1727849370365565	0.9477234466419628	0.9740979395911826	0.13206067764956475	0.17106672887440194	0.5807981715623018	0.8368798288586822	-0.4773254396159319	0.4062815314998945	0.2614807929435517	0.6222837348455598	0.01628612492633139	0.013563781956185296	0.8887874395745676	0.943272493341591	0.11646365079365019	-0.21198263062922298;0.24455488048188576	0.1398386948661525	0.0	0.0	0.0	1.0
t__SGB4153	0.016704897432828717	0.17278625015264154	0.9304448608188968	0.9616911434583374	0.2539116004837751	0.17156774218559415	0.2890907513237616	0.687365992417871	-0.2118126074722642	0.40173858190711353	0.6141480118585007	0.8615240524429624	0.10687989471767381	0.013575199052047491	0.35897270976791895	0.6303355981344758	0.11651265618827635	-0.12148491141134782;0.33524470084669544	0.9173243338042465	0.0	0.0	0.0	1.0
t__SGB6512	-0.002372424563015627	0.1727832974732194	0.9901093670318534	0.9939891069046353	-0.08571337648958148	0.17095901611034425	0.7199439379383605	0.8892773800908886	-0.4648647255689298	0.4059915650351085	0.27378280420647927	0.6399817448539642	-0.07905364452339095	0.013554154670895723	0.49712210715434235	0.7441913125537413	0.11642231174004286	-0.307241375533875;0.14913408648709306	-0.6790248650955181	0.0	0.0	0.0	1.0
t__SGB14189	-0.5441820161766262	0.17595211542021003	0.005096608050235017	0.02940348296641298	-0.3021027791703001	0.17185253106372392	0.20758776246263888	0.6399095114800064	0.9811828179074552	0.42403731999315003	0.02703025406364168	0.2806423147993445	-0.024132161475455154	0.20573452622033017	0.957569529893106	0.9806438689299829	0.4535796801228315	-0.9131483345162049;0.8648840115652946	-0.053203797553100375	0.22192028150378196	0.5444746250028121	0.8189258667077363	0.06108302134393413
t__SGB73196	0.21620511460373565	0.1732872947142467	0.2597555665765665	0.481794582292076	0.16441222302547043	0.17116902284571792	0.49190405266046977	0.8038785993330391	-0.0454832550826269	0.4006686029495177	0.9135475906891268	0.9717582368376148	0.17007756207601243	0.01357553522644631	0.14436798274826446	0.4082000796568986	0.11651409883119858	-0.058290071633136764;0.39844519578516163	1.4597165817882234	0.0	0.0	0.0	1.0
t__SGB26749	0.2523175869767602	0.17346938058807032	0.18882812491259646	0.3963827363897494	0.08910344626420388	0.17096534251840398	0.709366570265296	0.8838791161426409	-1.284780152063328	0.4400101368584814	0.005199202782600305	0.1452181378762984	-0.24022133292282138	0.21698006321776062	0.6060602009839404	0.8080802679785872	0.4658111883776093	-1.1532112621429356;0.6727685962972929	-0.5157053735860166	0.21011135597375447	0.5749967819930907	0.8112507396479098	0.07341898585043619
t__SGB1437	-0.40564071748904856	0.17455109962372253	0.03558342319005913	0.12969689668174586	-0.3496181462019103	0.17218107259073423	0.1451231486734965	0.562674351279202	0.6875312777079525	0.41228265945048054	0.11109111589265613	0.4367975912323813	-0.10988623718770056	0.1070287817469617	0.7369561881255999	0.8754428791252507	0.3271525359017743	-0.7511052075551781;0.531332733179777	-0.33588685744038765	0.10103112583766444	0.2558627264398647	0.6764018397866649	0.3210410234437151
t__SGB49036	-0.04892362302468666	0.1728090822772866	0.798256854313319	0.8889131603810628	-0.6884079362291536	0.1758690829290018	0.00455414119036539	0.08552522777838749	-0.6451292753180121	0.4109055288611648	0.13357983159674305	0.4728869924380884	-0.4189132440249687	0.0474546997508777	0.05447716289724269	0.22629704077500185	0.21784099648798363	-0.8458815971414166;0.008055109091479218	-1.9230229882283727	0.12567892756889879	0.08621054028186169	0.7206357982211294	0.230062393565999
t__SGB20361	-0.7002530035447921	0.17799980140086016	0.0003569065483546826	0.003562634734927823	-1.169433970437256	0.18491038349575967	2.6968567574824197e-06	0.0007470293218226303	0.595435407082207	0.4093978248977487	0.16459472457421181	0.5195753698809877	-0.47887956250338076	0.2640366909316431	0.35136064754408647	0.6258964589692088	0.513845006720551	-1.4860157756756607;0.528256650668899	-0.931953324913429	0.361345933208803	0.719071764028364	0.8743471996369239	0.011230912164002984
t__SGB8646	0.007759918561549571	0.17278388696454225	0.9676570422558496	0.9818351674171074	-0.011430391705952692	0.17088196559519475	0.9618565752211334	0.9835883367159498	-0.7546476567292951	0.4146309717939794	0.08206184242318332	0.38073590854359946	-0.12681437235855306	0.03926096608729085	0.5221649237507395	0.7632700996250916	0.19814380153638633	-0.5151762233698702;0.2615474786527642	-0.6400118064519186	0.024847977067164045	0.06462234839440084	0.3423616838666223	0.8468153533060444
t__SGB9322	-0.6169650553135338	0.17684604709557	0.0015655504881369583	0.011790357501197331	0.03155330109675162	0.1708912030411957	0.8949740507104538	0.94981149413923	-0.6392101289238309	0.41071990518896584	0.1370006539464137	0.4728869924380884	-0.35788869756084035	0.05189627989450458	0.11617955290043014	0.3546196821313405	0.22780755012620757	-0.8043914958082072;0.08861410068652648	-1.5710133284106105	0.13702099765679465	0.09857228836233348	0.738560684779926	0.19654735055924222
t__SGB4154	-0.228807762917637	0.173347672231252	0.2331382398199573	0.4570779269573328	-0.12170117781610729	0.17103868096027294	0.610791385386124	0.8503656054131227	-0.8381560911426889	0.41783645648523765	0.05530964164576537	0.36175935704340006	-0.25753740042044465	0.025249875524113993	0.10507554408165709	0.33074915580248876	0.15890209414640827	-0.5689855049474049;0.05391070410651555	-1.6207300589956755	0.012450694955234046	0.028039389067232492	0.20587752527425568	0.9984887676342064
t__SGB4148	0.14159991253067958	0.1729996259656398	0.45983772226701314	0.659974347502397	0.10843641845456206	0.17100610484026493	0.6501762838660572	0.863398905225723	0.07090697872756004	0.40074267742672626	0.8656265091006925	0.9622309953574324	0.12027877515945834	0.013543616071769383	0.3013575052924411	0.5899366004664748	0.11637704271792347	-0.10782022856767165;0.34837777888658833	1.0335266505352947	0.0	0.0	0.0	1.0
t__SGB1471	-0.03847350223179302	0.17279922067430786	0.8406859326318508	0.9075933693012356	-0.12144639063454864	0.171038019932978	0.6115377387383435	0.8503656054131227	-0.20537968039469848	0.40167156630357914	0.6248875100230922	0.8615240524429624	-0.09087244852222606	0.013537012398242433	0.4347815705009004	0.6953230535200764	0.11634866736771175	-0.3189158365629411;0.13717093951848897	-0.7810355767550831	0.0	0.0	0.0	1.0
t__SGB15348	-0.29711904858991944	0.1737339496991801	0.12224636436005387	0.31137694646193037	-0.3416335857930343	0.1721225611193538	0.15445941390373102	0.573877808999715	1.3505811208698923	0.4439457301470771	0.0035777996556656034	0.12988057388963345	0.170570347055226	0.28925066243062153	0.7511288804688514	0.8834934177913879	0.5378202882289042	-0.883557417873426;1.224698111983878	0.3171511949036567	0.27616524157910227	0.788797088151906	0.8483527416801467	0.03103080260072463
t__SGB14300	0.22098860007296073	0.17330981151370073	0.24941227164418694	0.47157513001083295	-0.6549882029926769	0.1754025746592877	0.006870667564736728	0.11111334860637012	-0.5043654730525338	0.40693638387029796	0.23620060082759514	0.5996332355823567	-0.28355995742035667	0.08093867077839711	0.3189074639322702	0.592238720771314	0.28449722455306503	-0.8411745175443641;0.2740546027036508	-0.9967055315418955	0.26932836643138014	0.18082817687109154	0.8472556761587827	0.03179013480249269
t__SGB15352	-0.1361427704325196	0.1729832778962285	0.4772792313089278	0.6745221789416991	-0.6831266259723825	0.17579390035964926	0.004864712317612674	0.0883623155395876	0.04698512070880996	0.40067207971551494	0.9107054875606739	0.9717582368376148	-0.3222256404163607	0.04623649272253534	0.13399362268183013	0.39038660714488066	0.21502672560064562	-0.7436780225936261;0.09922674176090468	-1.4985376330140854	0.09856913014361336	0.08365999650107679	0.6711808756633668	0.33294499671299094
t__SGB15380	-0.14810309413159423	0.17301994445637278	0.4395323648011016	0.6416361794461404	0.01398865409704157	0.17088266009575917	0.9533285586156635	0.9789509202466683	-0.44444125824269254	0.40553246588831526	0.2948512226899697	0.6605229619928817	-0.0972560679595554	0.013562838586019877	0.40365823810697066	0.6705447193740982	0.1164596006605719	-0.3255168852542763;0.13100474933516554	-0.8351056281140248	0.0	0.0	0.0	1.0
t__SGB9204	-0.5985346001556059	0.1766095263223606	0.0021322690819172846	0.01504811555900861	-0.4786389583360164	0.17331004528096305	0.04683291230208441	0.3405841517206879	0.005226601932101191	0.4006174923715965	0.990044922016637	0.9973927312472347	-0.4902208623000225	0.013969538778971337	3.3592423736683585e-05	0.0011631376718826691	0.1181928034144691	-0.7218787569923819;-0.25856296760766306	-4.147637149962127	0.0	0.0	0.0	1.0
t__SGB17195	0.0336590118843249	0.17279547070640489	0.8604002910765529	0.9186992253349882	-0.6984850657699376	0.17601405245780538	0.0040113993531693684	0.08552522777838749	0.1889208582303886	0.4015094670462071	0.6527509922825634	0.8681608389590715	-0.21124067633331498	0.07556846369880084	0.44222867236484187	0.7040077140520759	0.2748971875061672	-0.7500391638454027;0.3275578111787727	-0.7684352039017346	0.20087492357633177	0.16608953045757419	0.8060444634908115	0.08066807021737132
t__SGB9209	-0.35275244878306294	0.17412181159547407	0.06704393442530916	0.2074991043107334	-0.0595942524512952	0.17091849588317906	0.8031209751226305	0.9149452036660706	1.1296100239004714	0.4313849439600218	0.012295578424339596	0.1968720400728065	0.1644099241515873	0.1865303142614752	0.7034450971680555	0.8565023820463796	0.43189155382048766	-0.6820975213365685;1.010917369639743	0.38067408982006395	0.20180060261785504	0.486469380476447	0.8055607135002155	0.08066807021737132
t__SGB15122	-0.3326346793103613	0.1739739926137697	0.08396054424039977	0.2410059145553444	-0.42194343150751407	0.17277154103118816	0.0792218372154302	0.4245564754104604	-0.32393379175088816	0.40323562161743176	0.4424671037877108	0.7920089676846263	-0.3730583304142643	0.013756999345140975	0.0014694875049494627	0.019155201829223586	0.11729023550637528	-0.6029471920067598;-0.14316946882176873	-3.1806426920678046	0.0	0.0	0.0	1.0
t__SGB15220	-0.12704544378705923	0.172957449838124	0.5071520561501563	0.6928785181434935	-0.7270592754873816	0.17643589743973054	0.0027789752811370407	0.07113480046967173	-0.6189358016015539	0.4100964577979013	0.14926863071127383	0.49652814384758265	-0.4582532926539774	0.039973848816130406	0.021904730176211418	0.12510536616104254	0.19993461135113752	-0.8501251309022069;-0.06638145440574789	-2.2920158223588643	0.1004129817988829	0.06589440136089801	0.6727255662347909	0.32923537808199876
t__SGB4282	-0.04552794204839267	0.17280561924089183	0.8119844030386132	0.8952027050415755	-0.6884079362291535	0.1758690829290018	0.004554141190365399	0.08552522777838749	0.03260397717656638	0.4006434239639101	0.9379646623742945	0.9740609740680861	-0.2847389678364503	0.05400648000737787	0.22048182810910522	0.5060234667414722	0.23239294311010794	-0.7402291363322618;0.17075120065936122	-1.2252479099657547	0.1371162523691366	0.10517620392926204	0.7396403536008801	0.19424400648153217
t__SGB14227	0.34528956424921714	0.17406597898039047	0.07295493520367845	0.21555751521513528	-0.0018844291398400692	0.17088060813865302	0.9937092675631904	0.9982138426654714	0.2613687672759807	0.40232364670938325	0.534490441920155	0.8179770851485246	0.1766370963512905	0.014098541943070525	0.13684859785902148	0.3931129390569664	0.11873728118443055	-0.056087974770193394;0.4093621674727744	1.4876296188467222	0.0017705201712283239	0.0011272413590700363	0.03593217340689162	1.0
t__SGB14905	-0.7783279910948178	0.17920581439936828	7.937166495699612e-05	0.0011132127186373633	-0.7146868772962695	0.17625129034442186	0.0032619453880721695	0.07857033673878182	0.18849959039024308	0.4015054948705843	0.653471245209265	0.8681608389590715	-0.526757840749582	0.07894712208284538	0.06082742477137493	0.23277812490852437	0.28097530511211366	-1.0774694387693247;0.023953757270160803	-1.8747478200598346	0.07469946406693728	0.1747981686204845	0.5998238226000778	0.47870546917617085
t__SGB14256	-0.5638117424302428	0.17618260745882902	0.003746347047918587	0.022807431478537334	-0.6214204821441441	0.1749562057042509	0.010229649595443159	0.13583440647895767	-0.0601603173745691	0.40070741925695713	0.8858295985302221	0.9671694687154538	-0.5461685021762182	0.014062020888212528	4.109312046196578e-06	0.00021681513081837185	0.11858339212643787	-0.7785919507440364;-0.31374505360839994	-4.6057756687704945	0.0	0.0	0.0	1.0
t__SGB7951	-0.02342832117825246	0.17278916398700506	0.9025710435284888	0.9479916618897805	0.27647553150286036	0.17169499765572446	0.248550569262894	0.6572649898407794	-0.7636803960647115	0.41496262793822214	0.07870578492376276	0.38073590854359946	-0.07526147473575455	0.0781974080915557	0.7878227623462963	0.8991017831909962	0.27963799472095296	-0.6233519443888224;0.4728289949173133	-0.26913894448019116	0.09015867190280843	0.17260057626112268	0.6529018981852684	0.3698410410097383
t__SGB4898	-0.16072830099057997	0.17306198750914686	0.40163393832233774	0.6096032926865071	-0.621951261696943	0.1749630897328943	0.01016666890031151	0.13583440647895767	-0.8739816700484068	0.4193064001584144	0.04643819381289315	0.34532562915896386	-0.4684371918866477	0.03810755779233205	0.01641127278852572	0.10331642187321874	0.19521157187096272	-0.8510518727537346;-0.08582251101956073	-2.39963844047263	0.06715283246700167	0.06058197697504917	0.5785174582995711	0.5127048062993806
t__SGB6285	-0.04481104134044291	0.1728049199458416	0.814890225748448	0.8959936621016871	-0.10330749466526054	0.17099451424687487	0.6656819698257186	0.8667163602431213	-0.4973979324093505	0.40676429676048614	0.24253128203620122	0.6029845984187056	-0.10904315160674416	0.013562540047549728	0.34910448293106255	0.6238834953026086	0.11645831892805995	-0.33730145670574163;0.11921515349225334	-0.93632771458863	0.0	0.0	0.0	1.0
t__SGB15217	-0.5068796366647293	0.1755358527286619	0.008949493598891849	0.04548641700721178	-0.9125208815882482	0.17955367249752083	0.00019959885243161157	0.012286418249679201	-0.3847802768938689	0.4043069176268609	0.36294067773280836	0.728511360376724	-0.6660156042074359	0.023715276663749608	1.526408065810614e-05	0.0006504846680454462	0.15399765148777306	-0.9678510011234711;-0.3641802072914007	-4.324842604890734	0.029488183709334957	0.02283230534174837	0.37150461971398674	0.8274884408408204
t__SGB4142	-0.6983268403364722	0.17797156050226068	0.0003698717263474047	0.0035784899682486824	0.013382033549687906	0.17088248277056628	0.9553502880584682	0.9799318908925421	0.692249452728562	0.412441018907962	0.108798283408942	0.4320734695953682	-0.0596486096088903	0.15198770784942833	0.8783969802685525	0.9385379499880002	0.38985600912314833	-0.823766387490261;0.7044691682724804	-0.15300164217822382	0.2915097258351128	0.38745531393302857	0.8565116946149027	0.023414813612741725
t__SGB1673	-0.17790204216774042	0.17312467684566812	0.35338613567113775	0.564751034512734	-0.39642739478596417	0.1725508249219461	0.09890518426667952	0.47033023247845884	0.6229150311192885	0.4102173106120857	0.1467924301681194	0.49137768165038154	-0.07920795204696197	0.07762932314229821	0.7761910074832008	0.8941224036969253	0.27862039254566096	-0.6253039214364574;0.4668880173425335	-0.28428626965623555	0.07977267159152532	0.1713825757516281	0.6243078364403296	0.4250924931937228
t__SGB2075	0.25606280756519734	0.17348985922101617	0.18239159950956826	0.3916470780166698	-0.4578394650092239	0.173104811236201	0.05709114867248955	0.36992393408841184	-0.1191963364227253	0.4009723924604492	0.776192164139947	0.9440405245522077	-0.10466262016948258	0.05112101891833548	0.6434324783944745	0.8269502673700374	0.2260995774395332	-0.5478177919509677;0.33849255161200253	-0.4629049791014004	0.15507744577908936	0.09744711466338794	0.7643445648871638	0.14798228772033284
t__SGB8711	-0.39436742766164157	0.17445466661826198	0.040935223047262256	0.14307958087181885	-0.9373406862901362	0.18001973633248197	0.00013594247040594985	0.010041617147319496	-0.20003710805669392	0.401617472359736	0.6338720580457515	0.8615240524429624	-0.5755585575774284	0.04637134934179811	0.00752235850636529	0.058695586091920715	0.21534007834538862	-0.9976251111343901;-0.15349200402046664	-2.672788837079726	0.0960950100014745	0.0830530347309453	0.6594584793117965	0.3530368181586939
t__SGB8777	0.1757962899422133	0.17311664945127014	0.3590944367164044	0.5692083489009673	-0.5638160615155646	0.17424255856329635	0.019546173441266912	0.19510955110742115	-0.14619016388038317	0.401151564465537	0.7274637924896977	0.9180294784494135	-0.18384294052368097	0.05462176246970888	0.43150528235699936	0.6953230535200764	0.23371299165794973	-0.6419204041732625;0.27423452312590046	-0.7866184041353764	0.16986683516619305	0.1070475675921191	0.7797110165951474	0.11832147845531044
t__SGB1705	0.1888071619341097	0.17316777140586265	0.3247595819795238	0.547644495496495	-0.6288595404883752	0.17505319882326859	0.009378208640501704	0.12988818967094862	-0.39718353087134267	0.4045474758942112	0.3479767675643375	0.7153214442695472	-0.2585197586678365	0.06785178187386037	0.3209730699573077	0.592238720771314	0.2604837458918701	-0.7690679006159019;0.2520283832802289	-0.9924602311852161	0.22263092639893026	0.14381492181821662	0.8216111819095993	0.059735662728084685
t__SGB14240	0.4790743518098964	0.1752442024953584	0.013361539746982136	0.061429817591934464	-0.07870104282717243	0.1709467079970286	0.7419939493457144	0.892648529723183	1.3955725068579636	0.4467286684522115	0.002764376189190424	0.1169574208634414	0.5197675456863251	0.16862407291908002	0.20560110324103809	0.48848877918631517	0.41063861596186985	-0.2850841415989398;1.32461923297159	1.2657541825890737	0.2459858824373956	0.430517894809231	0.8323394194338624	0.047583867927974595
t__SGB1473	-0.4160783060463904	0.17464275757439873	0.031177859326641202	0.11790125642975582	-0.0020458860983762883	0.17088061491595363	0.9931702934996709	0.9982138426654714	0.8112015016523135	0.41676780696861637	0.06294936507255393	0.37294487894774164	0.05040989791920224	0.1145204646259629	0.8815839501350986	0.9401299487484979	0.33840872421668283	-0.6128712015454961;0.7136909973839006	0.14896157903696602	0.1529772937419882	0.2771758501454637	0.7602387058437271	0.15518138725113265
t__SGB6273	-0.3251375433425018	0.17392109502892325	0.09109846129955217	0.25297517573910727	-0.15085589605100444	0.17112344853319983	0.5282348382732949	0.8210992815460325	-0.5615075314861848	0.4084349442789947	0.18892704595266824	0.5485393539945489	-0.2631913269924655	0.013660607043733664	0.02433269792379833	0.13269251669609988	0.1168785995969051	-0.49227338220239947;-0.03410927178253151	-2.2518350485047627	0.0	0.0	0.0	1.0
t__SGB4361	-0.3464852588954048	0.1740748452984564	0.07197983410195331	0.2146344917273392	-0.7203402847653009	0.17633527501664278	0.0030323886763768217	0.07466414785390041	0.1377252288622968	0.40109146439774457	0.742629200507093	0.9267114053617324	-0.40187823240438286	0.0493848407868479	0.07054222406791544	0.26043139010374244	0.22222700283009691	-0.8374431579513728;0.03368669314260708	-1.808413141906242	0.0684918808186296	0.09203870890157693	0.5845608733676865	0.5052071675805093
t__SGB4190	0.13023698320799318	0.1729663079909829	0.49656017182087886	0.6877358379719172	0.15901547501744537	0.1711504116971648	0.5062029009303686	0.8128591510592006	-0.20436883766931999	0.4016612226531601	0.6265829249012033	0.8615240524429624	0.11543850762552112	0.013557059194486862	0.321469082024882	0.592238720771314	0.11643478515669989	-0.11277367128161066;0.3436506865326529	0.9914434717267872	0.0	0.0	0.0	1.0
t__SGB9323	-0.014033347532222042	0.17278536336931136	0.941546476824467	0.9704497640200088	0.0013501746926608542	0.1708805896824707	0.995492729941935	0.999099587659116	-0.19514305818068778	0.40156916476628884	0.6421533423203403	0.8617635139477755	-0.022097345403740844	0.013523913878761227	0.8492970266798401	0.9234750790591392	0.11629236380244933	-0.2500303784565415;0.20583568764905982	-0.19001544625301903	0.0	0.0	0.0	1.0
t__SGB6417	-0.5975662780820574	0.17659728941170103	0.0021667578835391434	0.015194732499755512	0.07621626560682776	0.17094259841867923	0.7498600179909323	0.8941455474687723	-0.36213732548766336	0.4038871021522599	0.3913528572717534	0.7489101310139944	-0.27749081932474395	0.0468723447077625	0.19994387053574592	0.4828612326969885	0.21650021872451422	-0.7018312480247918;0.1468496093753039	-1.281711496457365	0.13451592746048802	0.08534512165495754	0.7363634501990081	0.20046920833730492
t__SGB8590	0.2752405752035098	0.17359940929387105	0.15198927556175285	0.35464561587117016	-0.12545467997612825	0.1710485793844192	0.5998438730502249	0.843435293578235	0.0790400242819049	0.4007732018319541	0.8503982715018147	0.9622309953574324	0.07336494316407371	0.017961999036168772	0.584098364252112	0.7970209206789903	0.13402238259398605	-0.18931892672013895;0.3360488130482864	0.547408139924874	0.01666214832495551	0.01044620840043715	0.26022343487334687	0.9447553787347189
t__SGB9320	-0.20979647784610483	0.17325789587209364	0.27407829296476427	0.497019228486021	0.3176064982640576	0.17195453207472716	0.18534116102078288	0.61068184633915	0.8442515151219353	0.4180825721617582	0.053700877741413924	0.3592384845357486	0.23521395448752108	0.08192943478214948	0.4112155430172224	0.6780161036653013	0.2862331825315672	-0.32580308327435065;0.7962309922493929	0.8217564169436593	0.14333621234420793	0.1827710617639825	0.748253390282077	0.1768203756718523
t__SGB20770	-0.3454513949835976	0.17406717722104462	0.07282232424261952	0.21555751521513528	-0.11461583031326263	0.1710208140331177	0.6316967314194634	0.8598525533326357	-0.8309859918217244	0.4175490477987844	0.05725688553989784	0.363109405653299	-0.30548617507724557	0.02590769771158265	0.05770705433674328	0.23071325089571115	0.16095868324381463	-0.6209651942351222;0.009992844080631114	-1.8979167132878796	0.019662927124964195	0.029586854393896973	0.2898467305067259	0.9202463621698321
t__SGB14908	-0.15053400937035166	0.17302777317735765	0.43207788302450145	0.6366253914775899	-0.09001758253995888	0.17096709040239305	0.7065239400245729	0.8815636548955257	1.9130829961941371	0.48365015981584897	0.0001329787278842851	0.033843923168536474	0.4905715588603864	0.43478275781231707	0.4568834458001978	0.7148297074206663	0.6593805864690869	-0.8018143906190239;1.7829575083397966	0.7439884778642711	0.3685384429191305	1.2133803992687429	0.8800967193651649	0.008533713119007646
t__SGB6309	-0.5441793464119838	0.17595208460714745	0.005096818672867092	0.02940348296641298	-0.3525272914264826	0.1722027219553687	0.14183228553916155	0.5572701148134432	-0.24273976144552734	0.40208943805234465	0.5637738559697052	0.8375829755645738	-0.428853971087749	0.013848809551183274	0.00026821594836912155	0.005589937615733252	0.1176809651183371	-0.6595086627196897;-0.19819927945580826	-3.6442084805856574	0.0	0.0	0.0	1.0
t__SGB4115	0.36589110504806904	0.17422296218292777	0.057607291007486155	0.1855490652217868	0.13432825172256577	0.1710731730788544	0.574327173987783	0.8358683401762756	-0.20436883766931993	0.4016612226531601	0.6265829249012034	0.8615240524429624	0.20834408112999622	0.014316654961835762	0.08164028730666795	0.2835656374162636	0.11965222506011228	-0.026174279987823845;0.4428624422478163	1.7412470267504503	0.0014399602279914882	0.0015914068764718912	0.029391238327155556	1.0
t__SGB5116	0.29850641112108917	0.17374282433738383	0.12052751786341795	0.3087608947877431	0.07791547131918061	0.1709453944985011	0.7444779361519964	0.8934111548679052	-0.5521084792982404	0.40817780304792756	0.19614787154126878	0.5564208313682821	0.051227648463943835	0.04614186775186747	0.8115067506256897	0.90548789495797	0.21480658218934415	-0.36979325262717067;0.47224854955505835	0.2384826756322976	0.04351984551315653	0.08346185218565165	0.47710768754469196	0.6814882356030325
t__SGB13986	-0.16618930532407483	0.17308123473855946	0.385874875317218	0.5954726488182138	0.0793412942580609	0.17094778825448695	0.7399714733071017	0.8921527665117178	0.24885700118738605	0.402164451597712	0.554067358386847	0.83343114748704	-0.017536450260514345	0.01355318239109252	0.8802649762292354	0.9396277395587599	0.11641813600591842	-0.24571599683211445;0.21064309631108577	-0.15063331936205226	0.0	0.0	0.0	1.0
t__SGB4570	-0.4602287074021579	0.1750556249279287	0.017369903508063514	0.07637243288466021	-0.36620025935296874	0.17230683884632134	0.12713604387437727	0.529779516406662	-0.7209873001015323	0.41342758582226613	0.09568162489882473	0.39855353529284887	-0.4374828435544692	0.013857191062327247	0.00020207491789370202	0.004477980180524437	0.11771657089096355	-0.6682073225007578;-0.20675836460818064	-3.7164083207936223	0.0	0.0	0.0	1.0
t__SGB4289	0.019358340036269895	0.17278728350196407	0.9194320189246804	0.9566052013353005	0.03527397608273971	0.1708938583669412	0.8826755543171334	0.9458457583978567	0.19599977610158367	0.4015775351756347	0.6407001978456688	0.8615240524429624	0.04154378646756603	0.01352507001408678	0.720926775712986	0.8682465950978135	0.11629733450981058	-0.1863989891716627;0.2694865621067948	0.35722045258106483	0.0	0.0	0.0	1.0
t__SGB48612	0.1556482999944119	0.17304465859149587	0.41663883080053477	0.6255227974620494	0.3384048391670551	0.1720992788998993	0.15836323279474693	0.573877808999715	-0.2209141971615066	0.401836908890412	0.5991036869582906	0.8554212437497243	0.20797699479847334	0.01363303785926791	0.07487556972181109	0.26761977823150546	0.1167606006290988	-0.020873782434560312;0.436827772031507	1.7812258045771117	0.0	0.0	0.0	1.0
t__SGB4249	-0.22961592820782578	0.17335165997704988	0.23150066406382	0.45479208472112154	-0.45681197884364855	0.1730949029102602	0.05764345923363667	0.37133112110970595	0.010031132036531117	0.40061932784630655	0.980895184380893	0.9934477735777234	-0.3131695775854594	0.013720534374567042	0.0075045176326582475	0.058695586091920715	0.11713468476316928	-0.5427535597212712;-0.08358559544964758	-2.673585353634976	0.0	0.0	0.0	1.0
t__SGB6466	-0.4395286830174882	0.17485699261482762	0.022970304724296484	0.09414040317834754	0.07101674418522748	0.17093442518285704	0.7664046515087746	0.9003893706934525	-0.8510544780222481	0.4183591891436098	0.05195479421291991	0.35786559087123215	-0.32097038845337705	0.06238548937552679	0.19877155665250923	0.4828612326969885	0.2497708737533798	-0.8105213010100014;0.16858052410324736	-1.2850593170855407	0.1146579133346829	0.12731611909560042	0.7032923738892128	0.26269987273378914
t__SGB6407	-0.3752009875825568	0.17429683797460746	0.051618778147794774	0.1725527974773602	-0.1829657455758212	0.17123772679666077	0.4444615747730105	0.7782934375632199	-0.23884726621878427	0.4020426705893324	0.5699955683221118	0.8431977165566088	-0.27412510790489225	0.013659825752649072	0.019004111715787975	0.11506314634477091	0.11687525723030119	-0.5032006120762826;-0.04504960373350192	-2.345450306601099	0.0	0.0	0.0	1.0
t__SGB69291	-0.41984799212270585	0.17467642143862241	0.02970737022923221	0.11350264211720444	0.3149986038571199	0.17193702165460825	0.18895312523531	0.6121639262009458	0.18631980015713923	0.4014850824433376	0.6572035957358746	0.8695898101500685	-0.0016111267137557874	0.05806175958176638	0.9946651596458915	0.9991740678945129	0.24096007881341336	-0.47389288118804596;0.47067062776053437	-0.006686280655657313	0.17454114533860932	0.11675164392737906	0.7848724913422922	0.1093933582146589
t__SGB1664	-0.534856918597102	0.1758453794058885	0.005882745464213685	0.03308671052968915	-0.42358850692252725	0.1727862333567411	0.07807206763192132	0.42403848498121965	0.8860282776688215	0.41981330252079535	0.04375591770348358	0.33903186584237627	-0.09490952832107259	0.18957793959146532	0.8274449809415609	0.9131564132303283	0.43540548870158413	-0.9483042861761775;0.7584852295340323	-0.21797963228277348	0.19454295089432894	0.49729256711897446	0.7985175314956375	0.09058963387751968
t__SGB26954	0.1365020677218631	0.1729843345409786	0.4761197349330246	0.6737428688451995	-0.24469152882974274	0.17151883406750032	0.3068869075138653	0.6953592914629095	-0.3467140847007182	0.40361548620188975	0.41151151073831127	0.7688950318685479	-0.08829809886829328	0.02038173850463155	0.5362542100315382	0.7685587581095628	0.14276462623714442	-0.3681167662930963;0.19152056855650978	-0.6184872345172009	0.02195125308528031	0.01632407327983233	0.3162570282458988	0.8865823051144736
t__SGB6521	0.07580053625450482	0.172845273325683	0.6921389363614281	0.8158403632855983	0.1297957111963426	0.17106040136475484	0.587295983498014	0.8386477556761205	-0.3977940244145456	0.40455950957087483	0.34725121406893267	0.7153214442695472	0.061586627961678644	0.013558112163264429	0.5968636293942442	0.8035539506304041	0.11643930677938799	-0.16663441332592183;0.2898076692492791	0.5289161337791533	0.0	0.0	0.0	1.0
t__SGB6970	-0.42675402874661533	0.17473886382641188	0.027169435071789955	0.10637361858495854	-0.14207147843094137	0.17109600350862747	0.5524942907739442	0.8228886974555475	-0.44644585714093515	0.4055766370922118	0.2927332075306597	0.6584046346570235	-0.29515973873953777	0.013700464258346243	0.011679686456730787	0.0808818287128607	0.11704898230376137	-0.52457574405491;-0.06574373342416548	-2.521677104150719	0.0	0.0	0.0	1.0
t__SGB6441	-0.11578790120602496	0.1729279558903927	0.5454504385391186	0.7237833364087944	0.05708143578480102	0.1709153653271807	0.8112606247538481	0.9165125284014326	-0.3954193711485067	0.4045128037239297	0.35007920778650037	0.7169829246348288	-0.058745476637726474	0.013553070944363876	0.6138330107385528	0.8125770321365788	0.11641765735645034	-0.2869240850563691;0.16943313178091618	-0.5046096783914675	0.0	0.0	0.0	1.0
t__SGB5055	0.08510138421080864	0.17286142766490614	0.6566785973287772	0.8032211580335197	0.023068346222135307	0.17088625348454525	0.9231115673117409	0.9667368776761899	-0.1520042351092164	0.4011949141784213	0.7171128562660672	0.9122400054452383	0.03643770695077501	0.01352760329735233	0.754063592956095	0.8848675005151715	0.11630822540711525	-0.19152641484717087;0.26440182874872087	0.31328572698303675	0.0	0.0	0.0	1.0
t__SGB14238	0.2548783847007285	0.17348335051014976	0.1844091067506856	0.39293325053799927	-0.37823930997297706	0.17240173857738608	0.11521274041024658	0.5078692610652754	0.07155024784591622	0.40074497119055574	0.8644200302552886	0.9622309953574324	-0.03804218503544394	0.042365188434765756	0.8533662425787987	0.9260820732392839	0.20582805550936384	-0.4414651738337971;0.3653808037629092	-0.18482507130187248	0.11446231674410705	0.07353956258104652	0.7060987502923307	0.2579379677086312
t__SGB6324	-0.3564083701218747	0.17414959189878232	0.06429706076406229	0.20181627004697172	0.0620368132793742	0.1709216680951082	0.7952295377570759	0.914019012276805	-0.40624363028898736	0.4047279236480798	0.33731487658546144	0.7078501576831274	-0.17705208992509994	0.022874518462374684	0.24174164999924574	0.5314479130935799	0.1512432426998796	-0.473488845616864;0.1193846657666641	-1.1706446302294264	0.03162358647862424	0.022391361963545204	0.39898839431778194	0.798119803583175
t__SGB26919	0.11977555906174622	0.17293809106200922	0.5317199656844868	0.7132514793927498	-0.20457161550788536	0.17132694185180536	0.39269165379483373	0.7437647049652578	1.3928821209264655	0.44656018603035225	0.002807480907926502	0.1169574208634414	0.36054950543668596	0.21748413738024627	0.43944693840956717	0.7005859104428783	0.46635194583087813	-0.5535003083918352;1.274599319265207	0.773127481636881	0.2309509869239835	0.5751494472941453	0.824739092082602	0.0564567274772901
t__SGB6325	-0.7382953064074059	0.17857254048407392	0.00017394113922829986	0.0020173235244532873	0.07662545600199917	0.1709432661190065	0.748562806453846	0.8941455474687723	-0.6151833568153107	0.4099831698452735	0.1516348285529922	0.501225233080592	-0.3918479750246388	0.07167017899671649	0.14327935401149738	0.4070603185762541	0.2677128666999711	-0.9165651937565822;0.13286924370730452	-1.4636874941979812	0.2288933094472982	0.1538451534677957	0.8240235940863713	0.05673376089949303
t__SGB19688	-0.1792635563274336	0.17312991778898532	0.3497263889179789	0.564751034512734	0.10708341846352282	0.17100299281748846	0.6542521577587663	0.8640199320845459	-0.03845510820999577	0.40065383356596757	0.9268626183000853	0.9717582368376148	-0.03466943336043925	0.013552107740502799	0.7658460650689976	0.890689787625865	0.11641352043685818	-0.26283993341668127;0.1935010666958028	-0.2978127732099957	0.0	0.0	0.0	1.0
t__SGB8608	-0.2052750599839156	0.1732376836936011	0.2845059607431924	0.5084396846829955	-0.21304809342759154	0.17136464593281028	0.3734336060161094	0.7362356502951054	-0.28348293861261836	0.4026239428338212	0.5008230096152777	0.8009690628074824	-0.2154343920890453	0.013597531661890235	0.06467436988266018	0.24540822544516255	0.11660845450433786	-0.4439869629175475;0.01311817873945692	-1.847502335956533	0.0	0.0	0.0	1.0
t__SGB6469	0.06744392040869883	0.17283235071627528	0.7245951542184865	0.8332626829472185	-0.28668673710787396	0.17175611170067234	0.23159108578751347	0.6557600302681893	-1.0549512075153071	0.42757568576480576	0.018365749586801823	0.23032041566158534	-0.3309001694024394	0.0920675151037436	0.2754729345179254	0.5688257955898648	0.3034262927034235	-0.9256157031011494;0.2638153642962706	-1.090545471370438	0.11199896059700494	0.21068873855868075	0.6980116898716077	0.2721626111368489
t__SGB6477	-0.11598986586273773	0.1729284609754682	0.5447507694779794	0.7237216457812964	0.04524046978623907	0.17090242764524885	0.8498804903091669	0.9323441418441158	-1.235077865996946	0.4371456684286129	0.006873393291451456	0.1482779023941976	-0.3469982621531711	0.1408112537475924	0.3551133831320188	0.6271386290191313	0.37524825615529833	-1.0824848442175559;0.3884883199112136	-0.9247165215594344	0.1323427997853725	0.35091048961875626	0.7312553449729027	0.21121484177755265
t__SGB14067	0.08954856516991712	0.1728698112131287	0.639989731440118	0.7923083928874886	-0.05298559774441818	0.17091055150069848	0.8245720296154316	0.9189634537656526	0.13161596972062609	0.40105031072995295	0.7536414661036998	0.9288271710886754	0.027070633793507267	0.013529159124361315	0.8159666393167073	0.9064614659641773	0.11631491359392103	-0.20090659685057793;0.2550478644375925	0.23273570823442594	0.0	0.0	0.0	1.0
t__SGB14065	0.0345366304775402	0.17279611697418001	0.8567996738364011	0.9172309551794516	-0.26934511049961524	0.17165362387554828	0.26090262438136025	0.6676214961074992	0.003333218811354264	0.40061708657179196	0.993651133198453	0.9973927312472347	-0.10811404512429255	0.013575765170334958	0.35346079259545027	0.6271386290191313	0.11651508559124418	-0.33648361288313117;0.12025552263454604	-0.9278974012307386	0.0	0.0	0.0	1.0
t__SGB14228	0.029015437310914525	0.17279232804369068	0.8794986688790043	0.9333976038246237	-1.2556699484664646	0.18696305319461384	5.471482184580197e-07	0.00039337665718793826	-1.8528309077574023	0.47892106563343056	0.0001896732774426836	0.033843923168536474	-0.9703059866885765	0.3050228239429589	0.07893795960740357	0.2767824659651999	0.5522887142998296	-2.0527918667162424;0.11217989333908951	-1.7568817931010832	0.8178136412750336	0.8257276152671698	0.9379731898383181	2.2072307916953804e-05
t__SGB5074	0.12112241501054229	0.17294159166184456	0.5271227610170248	0.7096622347592509	-0.3138240636770198	0.1719291819092785	0.19059691420437871	0.6139695755228265	-0.5844277812160693	0.4090794879762812	0.17219731659979434	0.5241610626169564	-0.17522332368469049	0.03589057544429125	0.35501025600501723	0.6271386290191313	0.18944808113119344	-0.5465415627018296;0.19609491533244863	-0.9249147451820731	0.05928059975601079	0.0558049577281952	0.5537402328697142	0.5498457242570235
t__SGB9315	0.21626778150677634	0.17328758653304696	0.25961814853820453	0.481794582292076	-0.04550519259982453	0.17090268417283452	0.8490127197887178	0.9323152562199202	0.05222931188626496	0.4006851052508041	0.9007913043086073	0.9717582368376148	0.08092147892639293	0.01355605762058513	0.48704296222156795	0.7365650053970215	0.11643048406918667	-0.14728226984921294;0.3091252277019988	0.6950196898460616	0.0	0.0	0.0	1.0
t__SGB15251	0.015655542079094916	0.17278588345214066	0.934803942854012	0.9643973637637293	-0.9260709053514657	0.1798067132986643	0.00016198721874279877	0.010557755198060062	-0.2778794594097078	0.4025455670117846	0.5092388931502476	0.808362025229906	-0.4104791980530758	0.08689517169133167	0.16377285943911746	0.425963211874512	0.2947798698882467	-0.9882477430340393;0.16728934692788772	-1.3924939929198408	0.3053873675860892	0.1979928489508483	0.8611399812843765	0.020145846510638627
t__SGB9324	0.10724298706006409	0.17290739146584216	0.575459280757936	0.7475042123169785	-0.1387381900659035	0.17108601908185145	0.5618422523529225	0.8303689203757982	0.20566261395756583	0.40167447057145067	0.6244133450600347	0.8615240524429624	0.0016516201805888081	0.013548228799224645	0.9886787493019296	0.9982550247376636	0.11639685906082108	-0.2264862235786205;0.22978946393979813	0.014189559700453633	0.0	0.0	0.0	1.0
t__SGB14075	-0.13851546466943182	0.17299030707651197	0.4696512371571865	0.6688606308099777	-0.015490614182031777	0.1708831329658878	0.9483241989425132	0.9785416738896435	-0.3296100100484968	0.4033278922639845	0.4346231388389824	0.788154562739104	-0.09735077416034918	0.013548521730076757	0.4029521922520005	0.6705447193740982	0.11639811738201249	-0.3254910842290937;0.1307895359083953	-0.8363603840846418	0.0	0.0	0.0	1.0
t__SGB27345	-0.19777292191246423	0.17320511326369037	0.3024004140974911	0.5293201561137758	-0.29681035605173417	0.17181886670168184	0.21561368683813667	0.6474253794489306	-0.9206895641483293	0.42130694024063364	0.03680107041361963	0.3210676064432327	-0.331654064525083	0.025859983812461913	0.039170437411397474	0.18390188411791694	0.16081039709067915	-0.6468424428228141;-0.016465686227351894	-2.0623919256792025	0.012540201545789402	0.029349878076677244	0.20607980220524982	0.9984887676342064
t__SGB8618	0.03472397902209771	0.17279625708952662	0.8560314241153323	0.9172309551794516	-0.2518180112890139	0.17155647919147216	0.29306869810445524	0.689168910091153	0.05299385653993013	0.40068711919898226	0.8993472682620574	0.9717582368376148	-0.09583862983045738	0.013569094063361991	0.41065310780042097	0.6780161036653013	0.11648645442008264	-0.3241520804938194;0.1324748208329046	-0.8227448445193168	0.0	0.0	0.0	1.0
t__SGB13978	-0.07646786906838232	0.17284637024989322	0.6895706333003307	0.815415434041373	-0.007127563562961947	0.17088111278111207	0.9762095880560084	0.9868980142026071	-0.093577853220509	0.4008360063627929	0.8233296924735898	0.9622309953574324	-0.04579316483423294	0.013524123190729109	0.6937485290418963	0.8521877718164313	0.11629326373754031	-0.27372796175981196;0.1821416320913461	-0.39377315041722893	0.0	0.0	0.0	1.0
t__SGB14213	-0.4970235306494355	0.17543064570089723	0.010334842677536427	0.0508933586076016	-0.40456296569977435	0.1726197340827199	0.09224028798232042	0.4502301281251587	-0.21095441254402603	0.40172952277173934	0.6155756989784086	0.8615240524429624	-0.4295412841778906	0.013841016916420762	0.00026114361576934364	0.005564367812931399	0.11764785130388383	-0.6601310727335029;-0.19895149562227832	-3.651076321558883	0.0	0.0	0.0	1.0
t__SGB6582	-0.024118200917314044	0.17278951819505312	0.8997172202455823	0.9479916618897805	-0.13023109400794627	0.17106160918906424	0.5860443036295294	0.8386477556761205	-0.6392101289238309	0.41071990518896584	0.1370006539464137	0.4728869924380884	-0.12293583103512702	0.0135877332828868	0.2915891851366541	0.5831783702733082	0.11656643291654249	-0.3514060395515503;0.10553437748129625	-1.0546417863120578	0.0	0.0	0.0	1.0
t__SGB4915	0.07453170454622328	0.17284321419238688	0.6970320424418519	0.8172608497625099	-0.040785085420215784	0.17089833470866353	0.8645121702656172	0.9372597697204539	-0.8000400304639579	0.4163347430781555	0.06637680974327113	0.3763633658852039	-0.141109769152441	0.05334291221517524	0.541220526784387	0.7707870741350911	0.2309608456322743	-0.5937930265916986;0.3115734882868166	-0.6109683603129414	0.04225052543418244	0.10270122650896203	0.4691006326327504	0.6932630864376044
t__SGB20471	-0.14637654255607074	0.17301446132355483	0.4448719512503241	0.6451660366521034	0.07998372701918151	0.1709488809827528	0.7379439323757659	0.8920517202270157	-0.5370937485367047	0.407775707743996	0.20812910238248042	0.5653117518413844	-0.08134824851319346	0.016995796610943883	0.5326343276328707	0.7684359830953394	0.13036792784632226	-0.33686938709198505;0.17417289006559816	-0.6239897331887241	0.006557520627357193	0.008087182253635474	0.12127431240242315	1.0
t__SGB20355	0.2003686516247016	0.1732162460932149	0.2961251233744435	0.5232960712900852	-0.9692791311426491	0.18063601960884723	8.206667818153874e-05	0.006994606109626532	-0.3398637615737658	0.40349858088236207	0.4206729393187457	0.7768426946086171	-0.3709740185923651	0.12579608748307852	0.2955852260104397	0.5848364828920842	0.3546774414634775	-1.066141803860781;0.3241937666760508	-1.045947599773034	0.49190527917588506	0.31117678548896494	0.9084454868299338	0.0012901682936918846
t__SGB6444	-0.25625531216233466	0.17349091991138918	0.18206526341978768	0.3916470780166698	-0.7583852025211563	0.1769165680976093	0.0018358468451303794	0.057786370867764204	-0.6699776198374954	0.4117024840920098	0.11998227875986578	0.4476106561142468	-0.5281174816059198	0.02874418545648494	0.001839561392467326	0.02316175025970224	0.16954110255771293	-0.8604180426190371;-0.19581692059280242	-3.114981993385026	0.05550302841592671	0.03613614510071894	0.5303425906381621	0.5830777594678163
t__SGB4145	0.10699093389890153	0.17290680875810363	0.5763563167170591	0.7475042123169785	-0.08365440008952557	0.1709552933913065	0.7263948760757442	0.8906063455242593	-0.7877205170452792	0.4158632011997868	0.07034963868038702	0.38073590854359946	-0.14351997810374867	0.05357096316235713	0.5352052050912495	0.7685587581095628	0.23145401954245065	-0.5971698564069519;0.3101299001994546	-0.6200798689409923	0.04805594754544379	0.10335205928458474	0.5012036175611534	0.6488241661689392
t__SGB14232	-0.3795618343143117	0.17433206947600952	0.04900017023931753	0.16705288807742713	-0.6927998837106227	0.1759320211337279	0.004309817132855894	0.08552522777838749	-0.13615696735499502	0.40108072245010384	0.7454508155641684	0.9267114053617324	-0.49192583423529934	0.018621508796647788	0.00031228336953792457	0.005936238123470293	0.13646064926068535	-0.7593887067862426;-0.22446296168435603	-3.604891497295729	0.012188804130876174	0.011095790857765042	0.20037106751736897	1.0
t__SGB4391	0.01194725467402942	0.1727847780944613	0.9502233343283685	0.9748587541072521	0.1390930593716128	0.1710870707992521	0.5608433808876412	0.8303689203757982	0.2523138500555461	0.40220766092827615	0.5486211436560753	0.8304265398509992	0.09089554199508772	0.013542605815912497	0.4347597308567497	0.6953230535200764	0.11637270219391013	-0.13719495430497614;0.3189860382951516	0.7810727110523721	0.0	0.0	0.0	1.0
t__SGB13966	-0.6162165052148102	0.1768363073474731	0.0015855264148722044	0.011790357501197331	-0.1462741664145988	0.17110892907736008	0.5408192324042644	0.8210992815460325	-0.21265900810586888	0.4017475523646341	0.6127414758738992	0.8615240524429624	-0.3551968388976451	0.02547051807885246	0.02603992458085269	0.13804897816069275	0.15959485605386053	-0.6680027567632117;-0.04239092103207842	-2.225615835498935	0.043194768965722906	0.028570680101129006	0.47284403580880596	0.6868786347445328
t__SGB4325	-0.04001547901436045	0.17280052752608535	0.8343925339689968	0.9036324243373854	-0.2305734301392129	0.17144742456705592	0.3355312337123152	0.7061970994113416	-0.33238993626860597	0.4033736586562426	0.43081307319765216	0.7864358764253739	-0.15242674540380788	0.013576667070832311	0.19081523904699615	0.4677506302302472	0.11651895584338332	-0.3808038988568392;0.07595040804922343	-1.3081712267374703	0.0	0.0	0.0	1.0
t__SGB4881	-0.1341059866151372	0.1729773405113822	0.4838816355395261	0.678909949046797	-0.28999365739167493	0.17177637389533046	0.22628106613216703	0.6512192760375093	-0.7052296538993164	0.4128819504440451	0.10269609826211204	0.41680321199421294	-0.25208386946290606	0.013665427027800076	0.031050844936461264	0.15709742552328346	0.116899217396012	-0.4812063355590896;-0.022961403366722533	-2.156420505442202	0.0	0.0	0.0	1.0
t__SGB26826	-0.18209957199863444	0.1731409623819787	0.3421816208086391	0.5582030305867655	0.07820210634813393	0.17094587223502172	0.7435712796023934	0.8934111548679052	0.7427829103892908	0.4142009335916742	0.08665808371342529	0.38073590854359946	0.108085782263632	0.05744520733527423	0.6520156485101072	0.8303831477576997	0.23967729833105644	-0.36168172246523866;0.5778532869925026	0.45096378762721834	0.06022804417239613	0.11419821928199814	0.5574750645883719	0.5454272772952414
t__SGB20914	-0.13149113215072059	0.1729698489162541	0.492430862700159	0.68534968407719	-0.24236560411387928	0.17150677970094355	0.3114898416381044	0.7014852531199587	0.08949501862718738	0.40081730093960816	0.8309105828792942	0.9622309953574324	-0.16399604039313556	0.013578590310220968	0.15931988182578882	0.4187563687295651	0.11652720845459642	-0.39238936896414456;0.06439728817787344	-1.4073626457552604	0.0	0.0	0.0	1.0
t__SGB8656	-0.061657195596135396	0.17282428521895773	0.7473715246443258	0.8449873972509315	0.08682357185812213	0.17096106091724964	0.7164739219226639	0.8879788652016908	0.04369316455830961	0.40066460644571567	0.9169366673140644	0.9717582368376148	0.01594160252159465	0.013527441991113904	0.8909800244707389	0.9437914599556202	0.11630753196209566	-0.21202116012411285;0.24390436516730216	0.13706423180564073	0.0	0.0	0.0	1.0
t__SGB3548	-0.6466447166321769	0.17724129969285615	0.0009386349629020476	0.007536286513735281	-1.2058294422141678	0.18576164833566688	1.3872959410432485e-06	0.0005123746342253065	0.2644858030346396	0.402364511396075	0.5296719343386873	0.815106254510091	-0.5891622933521979	0.1715280016603537	0.1548667517337612	0.4174996616082905	0.41415939161191756	-1.4009147009115563;0.22259011420716046	-1.4225496397876316	0.2714200462095067	0.44519709603268287	0.8402446483877007	0.037831581492714685
t__SGB14001	-0.607233605708935	0.17672030759510457	0.0018444943451244198	0.013445392989459586	-0.19259002444783788	0.17127624444185738	0.4209296982518008	0.7608578623473683	-0.2907645618426115	0.4027281049744038	0.49000545913776916	0.8006735026947556	-0.3837985529361267	0.019629823230330357	0.0061563617252238245	0.05167612720869695	0.14010647105087742	-0.6584072361958464;-0.10918986967640693	-2.739334950466038	0.02165079128168584	0.013922041964509769	0.30990856811609047	0.8890271431132426
t__SGB13959	-0.44630184171594417	0.17492100479655576	0.020984157621774233	0.08806987365502215	-0.5647002793035005	0.17425300974075061	0.01935949877526894	0.19510955110742115	-0.427462426852083	0.405166125132592	0.3132312238289747	0.6845368757445838	-0.4990788812688361	0.013945482342223444	2.3764635008083346e-05	0.0008777071862985449	0.11809099179117535	-0.7305372251795398;-0.2676205373581324	-4.226223132678703	0.0	0.0	0.0	1.0
t__SGB13974	0.1883818727916378	0.17316604293651688	0.3258465656392784	0.5478573516362981	-0.0365681559244148	0.1708948512806631	0.8784042494879059	0.9444818851454144	-0.278499283795368	0.4025541602698565	0.5083040946902262	0.8080357774989536	0.044895730700767654	0.0135574914561689	0.6998071718138275	0.8556122905662386	0.11643664138134911	-0.1833200864066766;0.2731115478082119	0.38558077739228813	0.0	0.0	0.0	1.0
t__SGB14380	0.08507304043823136	0.17286137560095266	0.6567855317494303	0.8032211580335197	0.15325469515050813	0.1711312283865968	0.5217068645170579	0.8210992815460325	0.3303093085842353	0.40333936923740843	0.43366275138681387	0.788154562739104	0.1370746536060811	0.013557651824753703	0.23909982610317804	0.5298452146446425	0.11643733003102442	-0.09114251325472678;0.36529182046688896	1.1772397526597176	0.0	0.0	0.0	1.0
t__SGB4241	-0.3157486547870606	0.17385652861130146	0.100725251574668	0.26957386170225156	0.12752472265292505	0.17105416670105403	0.5938450345094262	0.8386477556761205	-0.1606182234579883	0.4012622383391657	0.701879279882049	0.9032314077924626	-0.10024492652704228	0.021844632356920458	0.4976129679193382	0.7441913125537413	0.14779929755218885	-0.3899315497293324;0.18944169667524788	-0.6782503583391198	0.03157982496079949	0.019949146911676745	0.3996010891647799	0.798119803583175
t__SGB9321	0.14861263477792067	0.17302157489484996	0.437963684093194	0.6408218086826678	0.10973053633601806	0.1710091179347698	0.6462876657446874	0.863398905225723	-0.5375949623176475	0.4077889577365777	0.20772018896722869	0.5653117518413844	0.0426547710241471	0.02523142210691463	0.7882895116322131	0.8991017831909962	0.15884401816535185	-0.2686795045799425;0.3539890466282367	0.26853243525824666	0.011382230629562846	0.028388671775184806	0.19320644467729886	1.0
t__SGB14944	-0.23303412327039064	0.17336868090995922	0.2246658194435034	0.44372500524670544	-0.09985766537418822	0.1709870335932119	0.6761938806093764	0.8707377004837057	0.28725930849013226	0.40267763665858813	0.4951960095756359	0.8006735026947556	-0.12760606963778465	0.013579326806237005	0.27349665113343624	0.5674799428012123	0.11653036860079438	-0.35600559209534166;0.10079345281977234	-1.0950456191804645	0.0	0.0	0.0	1.0
t__SGB6494	0.12658304796804967	0.17295618464308393	0.5086965238389605	0.6941326950906013	-0.2656082933970271	0.17163236907196375	0.2675446660691842	0.6721983900332338	-1.024125575238027	0.42606951759938244	0.02161238117427019	0.24687132310403476	-0.2976951940187106	0.09744955454105723	0.3402687526099206	0.615037158061651	0.3121691120867938	-0.9095466537088265;0.3141562656714053	-0.9536343683353945	0.12623332711386123	0.22638739927051385	0.7228594273684508	0.22672015130727516
t__SGB8609	-0.22359569837623974	0.17332228982945844	0.24389914886541322	0.4675436971330067	-0.13352558947990695	0.17107087948191715	0.5766137900075896	0.8358683401762756	0.21675104458377506	0.4017914229170796	0.6059629609587889	0.8598495813763348	-0.14477466665449623	0.013577201410944761	0.21406158634755945	0.4978272789510654	0.11652124875294102	-0.37315631421026063;0.08360698090126817	-1.2424743830325804	0.0	0.0	0.0	1.0
t__SGB6291	-0.4465022565868492	0.17492291344091668	0.02092776798669107	0.08806987365502215	-0.5321962727554039	0.17387919730348303	0.02735434851939314	0.23184056308420023	-0.3698407490859746	0.40402712049886985	0.38152825304621873	0.7421468768083894	-0.47939908681431825	0.013911447121877283	4.8127968899969176e-05	0.0015235939868904528	0.11794679784494908	-0.7105748105904184;-0.24822336303821807	-4.064536685807515	0.0	0.0	0.0	1.0
t__SGB27377	0.25554275136937216	0.17348699769140472	0.1832753983052823	0.3920253693479784	0.14948797726215354	0.1711190668546357	0.5319761767491084	0.8210992815460325	0.03651752903144477	0.4006501966500044	0.9305374452028061	0.9717582368376148	0.18779886699808082	0.013585885825075734	0.10713651422177373	0.33344735325203734	0.11655850816253498	-0.040655809000487736;0.4162535429966494	1.6111982725122456	0.0	0.0	0.0	1.0
t__SGB6427	0.10404406420318467	0.17290009763850703	0.5868931566777335	0.7541250424461675	-0.27880975515069767	0.1717087744746855	0.24459830935128982	0.6572649898407794	-0.8293849192159483	0.41748518025537823	0.0576999397199758	0.3632473477825749	-0.23719789846309133	0.05890817553021804	0.3284260524469662	0.5975304862253507	0.24271006474849377	-0.7129096253701391;0.23851382844395644	-0.977289090622944	0.08096195586110083	0.11788037995301062	0.6274969319469329	0.42247897953321345
t__SGB20782	-0.36483229994619965	0.1742146759486972	0.058323971545147194	0.18731292890441475	-0.9020304621269359	0.17936008942154116	0.00023427039264644974	0.012978579752613316	-0.7712933496482702	0.4152450091228891	0.07597057241211563	0.38073590854359946	-0.6510504256726175	0.03198751035167814	0.0002724337827162415	0.005589937615733252	0.17885052516466968	-1.0015974549953701;-0.30050339634986495	-3.6401929771980712	0.06826967599300472	0.043830980685530145	0.5770445243054191	0.5144056733146481
t__SGB47359	0.07488174367704917	0.17284377878666196	0.6956808717026327	0.8172608497625099	-0.610254079032077	0.17481268205118786	0.011638634773859877	0.14489446437569375	-0.04757181151703829	0.40067346855218733	0.9095955742014987	0.9717582368376148	-0.22339784608393495	0.05087990293986323	0.32198397948095403	0.592238720771314	0.22556573972982516	-0.6655066959543923;0.21871100378652233	-0.9903890828080238	0.1449171719067141	0.09664060219825543	0.7510418644186938	0.17321191351101992
t__SGB6327	-0.5806286811570431	0.17638631604056174	0.002860096442152335	0.01886301701133802	0.16944524671878916	0.1711869374641062	0.4787689286991914	0.7967496168318411	-0.40769391649629133	0.4047571789298552	0.3356292405457083	0.7069908717198571	-0.24599634004821763	0.059090022687860747	0.3115480197604672	0.592238720771314	0.24308439416766503	-0.7224417526168411;0.2304490725204058	-1.0119791560067988	0.18237071111752895	0.11916560827128206	0.7909360091295459	0.10246208327637861
t__SGB8593	0.04179555813068302	0.1728021000142715	0.8271406934196182	0.9002670808535727	-0.09714259965093437	0.17098132463825955	0.6845121537659656	0.8716715421303091	-0.5155823054254055	0.407218293291796	0.22627278893754776	0.5857716124831844	-0.06825780850931097	0.013563845988182154	0.5578181153127697	0.7850825271339886	0.11646392569453493	-0.2965271028705994;0.1600114858519775	-0.5860854174565573	0.0	0.0	0.0	1.0
t__SGB1370	-0.3715759969285883	0.17426785602187117	0.053884778844245154	0.17611898218119065	-0.8711313094122007	0.17880173363603152	0.0003726527812467594	0.017204136734225394	-0.4988032134080956	0.406798818073605	0.2412442764335521	0.6029845984187056	-0.6015977866712254	0.02769761647718667	0.00030057225906165996	0.005936238123470293	0.1664260090165797	-0.9277927643437216;-0.2754028089987292	-3.614806304772309	0.05146719999719178	0.033208329128592895	0.5095239725732793	0.6326300980748377
t__SGB2237	-0.6178514519130338	0.17685759502708265	0.0015421991382414573	0.011703812638161195	-0.2382709359385112	0.1714858363529411	0.3197043797718276	0.7056423362294522	0.7648224182298716	0.41500482168207226	0.07829008849470122	0.38073590854359946	-0.10273141557822608	0.15404106184987593	0.7935149654477891	0.9017585453498979	0.39248065156116413	-0.8719934926381078;0.6665306614816556	-0.2617489936627269	0.19269831548647262	0.39312204472744655	0.7978507567640795	0.091020298892628
t__SGB20884	-0.0720930717801385	0.17283935417277835	0.7064720822235264	0.8240585962157906	-0.7305925246749932	0.1764891623189124	0.002653703257250691	0.07000721926270871	-0.03910032967187789	0.4006550863881324	0.9256392525975368	0.9717582368376148	-0.3266108040074659	0.053724499828177286	0.15880316303617636	0.4187563687295651	0.23178546077823192	-0.7809103071328005;0.12768869911786868	-1.4091082456632649	0.14099324633054833	0.10428815680676762	0.74439080645824	0.18386375892656326
t__SGB5119	-0.09485261156815715	0.1728803677583523	0.6203241744101093	0.7792734526603188	0.00028579825660283434	0.17088057108542126	0.999045918613754	0.9996756352504914	0.07810476231734934	0.4007695232967224	0.8521465331081588	0.9622309953574324	-0.03621715031092731	0.013526113665462698	0.7554915663243251	0.8848675005151715	0.11630182141936857	-0.2641687202928897;0.19173441967103508	-0.31140656155618734	0.0	0.0	0.0	1.0
t__SGB4206	-0.5191936381663687	0.17567010725123747	0.007455327463773695	0.03990581077227659	-1.241829829588003	0.18662534057835883	7.100661682092748e-07	0.00039337665718793826	0.07118681072971232	0.40074367270538613	0.8651016308273526	0.9622309953574324	-0.6205203979559789	0.1367958621399131	0.09340169760423267	0.31178461709607136	0.3698592463896409	-1.345444520879675;0.10440372496771722	-1.6777203869124593	0.2783171825429039	0.3428374421657618	0.8441862384590126	0.03477522033149398
t__SGB14230	0.019539178526931645	0.17278735946181886	0.9186820115164	0.9566052013353005	0.25967897689508507	0.17159924760178694	0.27832331621791345	0.6779064291264334	0.5789521601538252	0.40892325649783784	0.17608244512345822	0.5259068915713127	0.1767719933773059	0.01392091374452017	0.13407251903677353	0.39038660714488066	0.11798692192154252	-0.05448237358891744;0.40802636034352924	1.4982337914947348	0.000685130703387577	0.0007089934608229776	0.014172270489237648	1.0
t__SGB1623	-0.2938211234564186	0.1737130177821449	0.12641005115629117	0.318323492457206	-0.13864376295538172	0.17108573968203136	0.5621081882799839	0.8303689203757982	-0.26869012001576453	0.40242039115286155	0.5232102294797079	0.814344604133516	-0.21955797185087414	0.01360951264326089	0.059831129524801074	0.23179332697020835	0.11665981588902363	-0.4482112109933605;0.009095267291612169	-1.8820359879509467	0.0	0.0	0.0	1.0
t__SGB6488	-0.01913847230565266	0.1727871920995156	0.9203439933424461	0.9566052013353005	0.1051364781717433	0.1709985831483379	0.6601355727765933	0.8640362169574883	-1.106406927041258	0.43017684374335996	0.01394263151445121	0.19743671225907705	-0.25092819769717634	0.12718492672886572	0.4816760433524889	0.7310918575815859	0.3566299576996662	-0.9499229147885221;0.4480665193941694	-0.7036094200153932	0.11802267766695035	0.3122357205205745	0.709313050802695	0.2519373217220988
t__SGB14088	-0.6850872074216717	0.17777943048124875	0.00047179486226734356	0.004320237251175345	0.09057905157546586	0.17096817280032328	0.7047800229450789	0.8813727600712724	0.27242674077028206	0.40247078775621725	0.5175038423701969	0.814344604133516	-0.15858756908164223	0.08655018056973451	0.5898471282431588	0.8018189324045979	0.2941941205560276	-0.7352080453714565;0.41803290720817193	-0.539057574576648	0.23280441092534915	0.1975673769412592	0.8279658344263813	0.051747970387340136
t__SGB14131	-0.1631945270844037	0.173070600325322	0.39446920943626873	0.5996939353766271	-0.031177787652885744	0.17089095147382308	0.8962167612822964	0.94981149413923	-0.1290678572048584	0.40103369646322506	0.7582506169485874	0.931420935231746	-0.09910451558246582	0.01354184283933655	0.3944155567425569	0.6621400558647773	0.11636942398816173	-0.3271885865992628;0.12897955543433115	-0.8516370725745598	0.0	0.0	0.0	1.0
t__SGB4907	0.009134206191305377	0.1727841376868677	0.9619331462622118	0.9801974317400964	0.21210630413227138	0.17136038161084455	0.37554363597364215	0.7364643339093725	0.5696048993091386	0.4086598215492232	0.18287571370194916	0.5374702673256224	0.148764595752326	0.013598276089527104	0.2020521320974349	0.4835286444145958	0.11661164645749199	-0.07979423130435828;0.3773234228090103	1.2757267414670679	0.0	0.0	0.0	1.0
t__SGB6437	-0.06609951460840327	0.1728304124495208	0.729865613036969	0.8360805712987713	0.08890792527937247	0.17096497098411584	0.7099751023167422	0.8838791161426409	0.011618827318945165	0.40062018850354564	0.9778721082440576	0.9934477735777234	0.01219245421903277	0.013527909999547692	0.9165125826245051	0.9625553948321817	0.11630954388848617	-0.21577425180240012;0.24015916024046569	0.10482763332579569	0.0	0.0	0.0	1.0
t__SGB14085	0.07130737685013303	0.17283813785632432	0.7095233761641374	0.8240585962157906	-0.31931800517567377	0.17196610128633558	0.1829989273862166	0.61068184633915	-0.7172174727264515	0.4132960178447743	0.0973213767980885	0.40009280595031804	-0.22510720603827253	0.04063361000968851	0.2641114248694374	0.5606043271175032	0.20157780138122477	-0.620199696745473;0.169985284668928	-1.116726169726144	0.058859831635886775	0.06819123909834852	0.5511480616059257	0.5527371517367711
t__SGB5832	0.2490505593340103	0.17345176115201577	0.19457988729146433	0.3996687284875421	0.12831386438982617	0.17105632072266228	0.5915654870332945	0.8386477556761205	0.07090697872756004	0.40074267742672626	0.8656265091006925	0.9622309953574324	0.17795508118404202	0.013579302504935248	0.12673248893405176	0.37445226063714493	0.11653026433049592	-0.05044423690372998;0.40635439927181405	1.5271147131301173	0.0	0.0	0.0	1.0
t__SGB13999	-0.4451973600110156	0.17491050130262656	0.021297328564256514	0.08901384099334055	0.31817615952925477	0.17195837597642996	0.18455909066144083	0.61068184633915	-0.227338384938927	0.40190878601804336	0.5885935413151195	0.8531890516457584	-0.09708456658628324	0.059731780650976576	0.6911942026295317	0.8509368627928012	0.24440086057740587	-0.5761102533179987;0.38194112014543224	-0.39723496209022113	0.18807948640124283	0.12135982468848946	0.7969594308712645	0.09195545310212579
t__SGB2229	-1.0465027570379932	0.1842306884325013	2.1156352931406575e-07	7.122259568836581e-06	-0.250371001599945	0.1715487487073484	0.2958397196866192	0.689168910091153	-0.39718575535804385	0.4045475197090369	0.34797412195811395	0.7153214442695472	-0.5889833019514014	0.06695495544262633	0.02283366543145271	0.12713417737713367	0.25875655632780853	-1.096146152353906;-0.08182045154889661	-2.2762062933208984	0.20730984788109277	0.1401145415963371	0.805427299046493	0.08066807021737132
t__SGB17319	-0.3577469586820768	0.1741598339698819	0.06331510296803233	0.19929867638801085	-0.9307403328486449	0.17989469343654618	0.00015066666813272426	0.010433666768191154	-0.6034537140323649	0.4096332916759564	0.1592286924201906	0.5074088498591148	-0.6348116121155541	0.0346303809097871	0.0006466077956051031	0.009950575521256309	0.18609239885010645	-0.9995527138617628;-0.2700705103693455	-3.4112710462015254	0.08089563123206141	0.050953224547195634	0.6184895754187123	0.4359626442829953
t__SGB14066	-0.1536854845186659	0.17303811162567692	0.4225248920787842	0.6299779496870379	-1.0024807924678691	0.18129622938529708	4.797284288063627e-05	0.005315390991174499	-0.7620041897548141	0.4149008043869549	0.07931940054731006	0.38073590854359946	-0.6164013765026756	0.07306185428998688	0.022581728541701596	0.12700789453911354	0.2702995639840858	-1.1461885219114838;-0.08661423109386746	-2.2804379238250156	0.24328730458691314	0.15650140725976955	0.8289309518985285	0.050472791874872316
t__SGB3542_group	-1.2496063098353332	0.18889479374238496	1.246998095289575e-09	1.5351932106453881e-07	-0.2657173602179154	0.17163298526792745	0.2673491537398158	0.6721983900332338	-0.2461440061540352	0.4021309544491208	0.558361381578057	0.8350830701597584	-0.6206654714675264	0.11418050394849158	0.06623959010394809	0.24879140961076093	0.33790605787480577	-1.2829613449021458;0.04163040196709289	-1.8367988883392052	0.3593746760288996	0.27633347864436913	0.87557823271395	0.010533153338188024
t__SGB13949	-0.032499265618043595	0.17279464219386356	0.8651628912301792	0.922618367163656	-0.8532806879251177	0.17848727023393088	0.00048472077106760425	0.021482824573716218	1.2390444197293775	0.43737079919902605	0.0067226967271789865	0.1482779023941976	0.06490151349764031	0.3566744845320595	0.9134624240828344	0.9602622067208544	0.597222307463527	-1.1056542091308725;1.235457236126153	0.10867228615971267	0.5643637874656102	0.9907561258505118	0.9179857079659964	0.0004009225632712253
t__SGB15171	-0.5779133930224475	0.17635303575506356	0.002988660301260475	0.01947903302233298	-0.28557657253864716	0.1717493610600814	0.23339361811018838	0.6557600302681893	-0.6080864751063697	0.409770711058641	0.15619339364936025	0.5044575985607149	-0.4427832413909688	0.013886918226731956	0.00017168316407834006	0.004162567762364197	0.11784276908971529	-0.6737550688068108;-0.21181141397512684	-3.757406965325738	0.0	0.0	0.0	1.0
t__SGB15190	-1.1812937096656537	0.18724727932829316	7.384291759399435e-09	5.844139478153268e-07	-1.0650163310975482	0.18259310363169154	1.6886495524085412e-05	0.0026728910058123768	-0.5452370747931472	0.4079924599136789	0.2015623344967381	0.5616752470870573	-1.0675827537236664	0.015666710372089228	0.0	0.0	0.1251667302923953	-1.3129095450967612;-0.8222559623505716	-8.529285307922828	0.00021634868751470703	0.0004007472982804204	0.00403081362826467	1.0
t__SGB20758	-0.5507583776827499	0.17602845867728537	0.004601286594220725	0.026974738340722556	-0.3431536544040419	0.17213359764848685	0.1526473168193979	0.572367927824731	-0.5874454264497779	0.4091661908380312	0.1700856803610501	0.5230949574685699	-0.4564822454473726	0.013889788559200004	0.0001073914259792641	0.0029747424996256155	0.11785494711381446	-0.687477941790449;-0.22548654910429625	-3.8732548495103916	0.0	0.0	0.0	1.0
t__SGB15169	-0.605587323959907	0.1766992250265208	0.0018960225029668095	0.01373067276658317	-0.8029058239627007	0.1776321585436221	0.0009967594838007489	0.036813650268374326	-0.5461637770826651	0.40801732543129143	0.20082539004755368	0.5616752470870573	-0.6901534693949647	0.014341567859488931	8.26399859654714e-09	1.1445638056217788e-06	0.11975628526089531	-0.9248757885063195;-0.4554311502836099	-5.762983278008577	0.0	0.0	0.0	1.0
t__SGB4363	-0.9369282919091887	0.18201623934422567	2.719885082699483e-06	6.278401399231307e-05	-0.6208484743349507	0.17494879323635254	0.01029791529262856	0.13583440647895767	-0.8462699097545262	0.41816443004957254	0.05317743882619474	0.3592384845357486	-0.7787738074553203	0.01458253240294671	1.1256306997609045e-10	3.1179970383377054e-08	0.12075815667252755	-1.0154597945334742;-0.5420878203771663	-6.449036892532256	0.0	0.0	0.0	1.0
t__SGB20619	-0.2746753330246975	0.17359606834361863	0.1528257558286352	0.35464561587117016	-0.6805869138477514	0.17575794085918603	0.00502085758089827	0.08922094418005624	-0.5936123763150808	0.4093447102508111	0.16583483985045525	0.5198520019481276	-0.48833038840819076	0.01906677196677583	0.00040544772396922113	0.006911324279352262	0.1380824824761484	-0.7589720540614416;-0.2176887227549399	-3.53651223277031	0.018953661744700236	0.012149661375524479	0.2797161812398715	0.9214449694744455
t__SGB4368	-0.7106932915607417	0.17815414848219735	0.00029379080097231575	0.0031603903638575325	-0.13308679441142088	0.1710696314291755	0.5778656575586888	0.8358683401762756	-1.383934555913118	0.4460017389028959	0.002955602693299963	0.1169574208634414	-0.656543664462352	0.11725437136602575	0.055194773353300475	0.2278336397345243	0.342424256392601	-1.32769520699185;0.014607878067145919	-1.917339826853862	0.1984472872783291	0.2800343742058418	0.7979162758364639	0.091020298892628
t__SGB993	-0.6266587855836937	0.17697319574311535	0.0013271695173271707	0.010211832119434064	0.057302061633123395	0.17091563479301003	0.8105451209816033	0.9165125284014326	-0.5519844079969719	0.40817443663251	0.19624461632843174	0.5564208313682821	-0.3351274728747789	0.052721751275358525	0.14441735670171862	0.4082000796568986	0.22961217579945217	-0.7851673374417052;0.11491239169214734	-1.4595370289399892	0.14909163083460628	0.10105051411012217	0.7548187888931651	0.16507700505238374
t__SGB1488	-0.48412212518721126	0.17529596200718106	0.012438931734317336	0.05846375685299622	-0.4853329662085386	0.17337798240248836	0.04388441830821627	0.32854010463178124	-0.4612282035944198	0.4059083490736026	0.2774515741152078	0.6403520890579522	-0.4827493918749968	0.013912239592635324	4.261487230738936e-05	0.00143082662171477	0.11795015723870539	-0.7139317000628593;-0.25156708368713426	-4.092825335518777	0.0	0.0	0.0	1.0
t__SGB20776	0.20260846877986707	0.17322596853548677	0.2907816016201436	0.5179839462944037	-0.3560517169812797	0.17222918675605503	0.13792340423607113	0.5525790229086385	-1.4759071677596305	0.45187866690275796	0.0017372454296758558	0.09624339680404241	-0.47039730318568146	0.2259214703629556	0.3223402734294736	0.592238720771314	0.4753119716175426	-1.4020087675560648;0.461214161184702	-0.9896601206674094	0.3008827392430127	0.5988784043117228	0.8586041415094648	0.021605832018255867
t__SGB27424	-0.9019751319843841	0.18135614399703512	5.921467233365848e-06	0.000123792182916403	-0.4175058936842025	0.1727321879088873	0.08239288949217928	0.43159447181840743	-0.19451970813642286	0.4015630973725589	0.6432115758436916	0.8617635139477755	-0.5750559915385066	0.039572126340834575	0.0038428379396269197	0.03670572790609161	0.19892743988910774	-0.9649537737211578;-0.18515820935585547	-2.890782648482643	0.07193465394284097	0.06461663464202459	0.5921737863237444	0.49486897735929797
t__SGB6301	-0.12251170151457758	0.1729452434797276	0.5224023153988904	0.7041627317055602	-0.5568364406708652	0.174160614767723	0.021076356747129366	0.20484739715630998	0.2857437025787265	0.4026560027146065	0.497449999071058	0.8006735026947556	-0.2178126147844826	0.04958475752057248	0.32799627396931297	0.5975304862253507	0.2226763515072323	-0.6542582637386579;0.2186330341696927	-0.9781578210266674	0.07987756503347995	0.09297478904290131	0.6246315367326919	0.4250924931937228
t__SGB9313	-1.053927200196159	0.18438856122941552	1.7689355440575239e-07	6.5332686093857885e-06	-0.3262423733249803	0.1720135341852427	0.17374891943296178	0.5915706806535529	0.04447305184478956	0.40066632788013545	0.9154599486526769	0.9717582368376148	-0.502486527572271	0.09996886182580565	0.11200410399741734	0.3456839755686307	0.31617852840729976	-1.1221964432505787;0.11722338810603661	-1.589249371560646	0.22967323447668292	0.23564069397000129	0.8211164967669584	0.059735662728084685
t__SGB4385	-0.04945732438679759	0.17280964920183572	0.7961048938993113	0.8889131603810628	-0.17941624754960914	0.1712240174465977	0.45332833897464064	0.7799499993538848	-1.120225336612364	0.4308937067489085	0.01293827206693711	0.1968720400728065	-0.3481139387855313	0.09180451526881472	0.2505894033334335	0.5442267166618162	0.30299259936311107	-0.941979433537229;0.24575155596616638	-1.1489189489025973	0.08057005864808739	0.20957001080321302	0.6244652308823889	0.4250924931937228
t__SGB50369	-0.008147578262013403	0.1727839535581288	0.9660422593724624	0.9816800850970626	0.2483278896509919	0.17153790888612716	0.2997823883626728	0.6929228544640521	-0.3387855076658968	0.4034803892129208	0.42212655161371415	0.7770000022575396	0.07553253428716385	0.01679530868302443	0.5600094067442143	0.7853155496927571	0.12959671555646937	-0.17847702820351613;0.3295420967778438	0.5828275351179864	0.007111096219107822	0.007624415332548374	0.13042460583631976	1.0
t__SGB1005	0.189376944815064	0.17317009321180798	0.32330703701282604	0.547644495496495	-0.14596286918876852	0.17110795878089569	0.5416797218401496	0.8210992815460325	-0.16908672576543424	0.4013320301342947	0.6870268086917067	0.8913649930098491	0.0032560317943744663	0.014249420396367557	0.9782391303236324	0.9916464167194929	0.11937093614597968	-0.2307110030517457;0.23722306664049464	0.02727658758068747	0.0023670264603874304	0.001605993849549417	0.047649141508011125	1.0
t__SGB8769	0.3485878779445807	0.17409050987895097	0.07029132334090468	0.2119763451704755	-0.03358172268034086	0.17089261400764014	0.8882658487579401	0.946811603904362	0.2857437025787265	0.4026560027146065	0.497449999071058	0.8006735026947556	0.16794585096324902	0.01719118306496269	0.20022757950654912	0.4828612326969885	0.13111515192746676	-0.0890398468145858;0.42493154874108385	1.2809034539055952	0.013124595279260175	0.008486886992288811	0.21639632227177386	0.9902258310858523
t__SGB1507	-0.15108386616116865	0.17302956160689711	0.4304020588120372	0.6352609040414848	0.0673242818752639	0.17092897124930306	0.7782201563843055	0.9047932143481747	-0.045020450988423985	0.40066755433186785	0.9144236329258013	0.9717582368376148	-0.04092338054745832	0.013539646975085338	0.7250660160523763	0.8698911911018775	0.11635998872071679	-0.2689889584400632;0.1871421973451466	-0.35169632618030927	0.0	0.0	0.0	1.0
t__SGB2214	-0.6986661445158702	0.1779765299713139	0.00036755598490210745	0.0035784899682486824	0.13793627795168648	0.17108365234633982	0.5641026388316903	0.8303689203757982	0.06134145101057244	0.4007110117063312	0.8836049879396197	0.9671694687154538	-0.1987908967042579	0.07737525590727211	0.474823260316962	0.7266632215900468	0.27816408090778383	-0.7439924952835142;0.34641070187499845	-0.7146533659396538	0.24388733619900974	0.17132930207129046	0.8345156324593082	0.04497800240601692
t__SGB6580	0.2160800666732158	0.17328671265915538	0.2600299279879616	0.481794582292076	-0.17214193498608965	0.17119675753489275	0.47181163562778927	0.7932735846367079	-0.343282813659834	0.40355664190842205	0.41608447912777213	0.7736358439869454	-0.02543913403173281	0.0237816064414615	0.8689745447086223	0.934780384016654	0.15421286081731803	-0.32769634123367614;0.2768180731702105	-0.1649611705334242	0.030396804059161814	0.02479963561725807	0.3904607966184473	0.8111301815080028
t__SGB54336	0.10478049940141741	0.17290175723315318	0.5842515086608251	0.7536096293320071	0.20619354291164335	0.1713340385402545	0.38896036183776794	0.7430484153728395	-1.0059678857246432	0.4252008022949329	0.023767032825117895	0.2607314096062438	-0.1455041123406333	0.1304650822206518	0.6870689802653311	0.8467991436418097	0.361199504734782	-0.853455141620806;0.5624469169395394	-0.4028358578383783	0.12252470140250342	0.32259061196036415	0.7173315713299924	0.2350439611381371
t__SGB8771	0.04224298738768096	0.17280250602415687	0.825320233672265	0.9002670808535727	-0.25147114266630344	0.17155462205764943	0.29373134037258364	0.689168910091153	-0.1639747914166234	0.40128947349943417	0.6959773795761804	0.8995463592797367	-0.11059199381225389	0.013572845874791208	0.34248500447480756	0.6180348289219655	0.116502557374468	-0.33893700626621115;0.11775301864170339	-0.9492666625058186	0.0	0.0	0.0	1.0
t__SGB1701	0.3554614585003381	0.17414236952758147	0.06499934622978513	0.20344428141977947	0.20668340497557514	0.1713361928762995	0.3878377242875146	0.7430484153728395	0.356360241635761	0.4037839999895951	0.39882752661655974	0.7566796224163496	0.2862759770741462	0.01366617465313755	0.014331482601172452	0.09508552528203039	0.11690241508684733	0.05714724350392544;0.515404710644367	2.4488457048682055	0.0	0.0	0.0	1.0
t__SGB1016	0.028594396500677705	0.17279206611690331	0.8812340376202177	0.933467795108223	-0.26424015654818406	0.17162466079785116	0.27000562188125343	0.6755080779505839	0.2104379529652711	0.4017240886352922	0.6164356286724867	0.8615240524429624	-0.09026771809348647	0.014076882402590595	0.44676741026795197	0.7069340939026498	0.11864603829285914	-0.3228139531474904;0.14227851696051744	-0.7608152736686813	0.0014443159621492939	0.001168291353865648	0.029596000325548395	1.0
t__SGB5862	0.016036675762718222	0.17278601389033277	0.9332204561155192	0.9636610115340124	0.11595909675324297	0.17102411914728008	0.6277097730853879	0.8583125988011587	-0.0695310299271931	0.4007378405801387	0.8682082810517557	0.9634910300123517	0.05504849858921472	0.013529760696878694	0.6360272129544218	0.8213498274516309	0.11631749952985876	-0.17293380048930845;0.28303079766773787	0.47326067712695064	0.0	0.0	0.0	1.0
t__SGB9278	0.4259415358439115	0.1747314657895002	0.027457854950044568	0.10712430734031474	0.09735942109411938	0.1709817747729521	0.6838464274507056	0.8716715421303091	1.5888429815745364	0.4594976562314831	0.0008983399487569457	0.08159500309612952	0.617787132014513	0.18288991335591734	0.14857366591048926	0.41246251954031654	0.4276563028366557	-0.2204192215453321;1.455993485574358	1.4445879270730126	0.19052027656329132	0.47012843719785846	0.7925281909731018	0.10043380277637069
t__SGB20850	-0.21526580000464915	0.17328293071595127	0.2618214316851337	0.4826924231399803	-0.2046980667228135	0.17132749313100384	0.39239996276969613	0.7437647049652578	-0.6483748790102543	0.4110080009368684	0.13173430002633527	0.4723676518743672	-0.24533569459039364	0.013644235226877546	0.035700415122842166	0.1764401375995263	0.1168085408986755	-0.4742804347517976;-0.016390954428989662	-2.1003232529306897	0.0	0.0	0.0	1.0
t__SGB6475	0.025383886856028385	0.17279019476773014	0.8944848966169965	0.9447943426612317	-0.32232920877625104	0.1719866050262889	0.17893199183859781	0.605377449108896	-0.8113430164866743	0.41677333333781746	0.06290693133943825	0.37294487894774164	-0.2654239560301193	0.04431266988336327	0.20734957092750483	0.48881558422909654	0.21050574786300555	-0.6780152218416102;0.14716730978137155	-1.2608869768385318	0.05669527502543266	0.07785730386596147	0.5411580728401423	0.5683683208335312
t__SGB20294	-0.0506007010161166	0.17281088445201634	0.7914999310691896	0.8876335259358927	0.2143271964238401	0.17137046765806735	0.3705797528947279	0.7355990713736674	0.22468594174610523	0.401878860965725	0.5929219720464802	0.8544310508988523	0.09487312073420862	0.01356334377566863	0.4152847750639723	0.6826936658321682	0.11646176958843031	-0.1333919476591148;0.323138189127532	0.8146288783820232	0.0	0.0	0.0	1.0
t__SGB20152	-0.045132587755694814	0.17280523222342598	0.8135865764330961	0.8959936621016871	0.08298460099761781	0.17095410185973198	0.7284976734072846	0.8909220994870545	0.368576072422249	0.4040039347365013	0.3831299761140782	0.7421468768083894	0.048573551036236604	0.013544368437221888	0.6764083249629647	0.8424737256018251	0.11638027512092368	-0.1795317882007738;0.276678890273247	0.4173692748686732	0.0	0.0	0.0	1.0
t__SGB14212	0.20617475972820745	0.17324167073123833	0.28240964721440903	0.5063266814135359	-0.20920154419151457	0.17134734750393218	0.3820983729473705	0.7423049620083864	0.5599236464874939	0.40839131933073786	0.19012898039561293	0.5486013288498415	0.09450631544697259	0.04036274113192423	0.6380667943982343	0.8230244565695501	0.20090480614441314	-0.2992671045960772;0.48827973549002235	0.47040345754118074	0.0633135384502871	0.06781524523891767	0.5704160084847563	0.5283007300039579
t__SGB3539	-0.18194901901933433	0.17314037172838567	0.3425794772554156	0.5582030305867655	-0.10294529542251747	0.17099371692883333	0.6667825495962142	0.8667648558683854	-0.07695799844545646	0.4007650726042348	0.8542912097982756	0.9622309953574324	-0.1364698461928681	0.013552801290171168	0.24109461363671025	0.5310791886868289	0.11641649921798529	-0.3646461846601192;0.09170649227438307	-1.1722551967254546	0.0	0.0	0.0	1.0
t__SGB4684	-0.5827192993246821	0.17641204196731097	0.002764610531356722	0.0187570737759668	-0.7983629895574649	0.17755740593786462	0.0010620706340072194	0.03796046007999997	-0.38363012751928444	0.40428499026215986	0.3643498059249335	0.7300173326669553	-0.6630678680670179	0.014291868435661293	2.915625185728743e-08	3.5856976396964058e-06	0.1195486028176879	-0.8973831295896861;-0.42875260654434966	-5.546429255038632	0.0	0.0	0.0	1.0
t__SGB1415	-0.5125674324837991	0.17559747672347426	0.008228601755087482	0.04240600346342758	-0.43456647840663676	0.17288570953218294	0.07074647276823692	0.4040571743670439	-0.21217322783945225	0.40174239954158997	0.61354855224268	0.8615240524429624	-0.4505442839739336	0.013872754726666575	0.0001306567004530912	0.003446848192905358	0.11778265885378278	-0.6813982953273479;-0.21969027262051935	-3.825217467142139	0.0	0.0	0.0	1.0
t__SGB4883	-0.3314148982728218	0.17396530516766634	0.08508967345148655	0.24171727181648114	-0.15413121116934841	0.17113410165555892	0.5193320674849866	0.8208137787998007	-0.8437910736059033	0.41806392366423895	0.05382092818856883	0.3592384845357486	-0.30828358405407563	0.02127789564762717	0.034564731987079655	0.1725122659535327	0.14586944727264572	-0.5941877007084613;-0.02237946739968999	-2.113421212036681	0.010641781004507293	0.018063311330183546	0.18085609925418086	1.0
t__SGB6296	-0.1702564918682216	0.1730959858225707	0.37438984111734364	0.5842590759972067	-0.6884079362291536	0.1758690829290018	0.00455414119036539	0.08552522777838749	0.04343097674965074	0.4006640345607422	0.9174331897567898	0.9717582368376148	-0.3408835963029113	0.044121261716876164	0.10461846881112602	0.33074915580248876	0.21005061703521882	-0.7525828056919401;0.07081561308611756	-1.6228640558849488	0.08841807642370507	0.07784150701239992	0.6465670859050955	0.3814930429097058
t__SGB14012	-0.261505385555177	0.1735201523029113	0.17333331804552443	0.37913771870180507	-0.6884079362291535	0.1758690829290018	0.004554141190365399	0.08552522777838749	-0.8701672289789641	0.41914721456053117	0.04731784907688614	0.34685933699570154	-0.5277196664857118	0.02893165786887199	0.0019187118489358834	0.023886884591246726	0.17009308589378933	-0.8611021148375388;-0.19433721813388471	-3.1025344958185666	0.04469604912508283	0.03648248422323667	0.475842715498107	0.682283950692647
t__SGB26989	0.25759858501277666	0.17349834328089458	0.17980031484074027	0.38758511448159577	0.14577208517913287	0.17110736513650465	0.5422074293230735	0.8210992815460325	0.1356369511812723	0.40107718764834466	0.7463872373952646	0.9267114053617324	0.19539584119487569	0.013588273083005607	0.09369347222313973	0.31178461709607136	0.1165687483119108	-0.033078905496469496;0.4238705878862209	1.6762283547219874	0.0	0.0	0.0	1.0
t__SGB17316	-0.33442918578402137	0.1739868305530959	0.08232173116235984	0.23691552760492132	-0.12842699275015196	0.17105663060180507	0.591239033199384	0.8386477556761205	-0.19841472036395139	0.4016013263596893	0.6366119626245885	0.8615240524429624	-0.2270382292775507	0.013622004152112975	0.05174324640065975	0.2197272902585931	0.11671334179138637	-0.455796379188668;0.001719920633566574	-1.9452637187217143	0.0	0.0	0.0	1.0
t__SGB1333	-0.6677025439162436	0.17753242868372482	0.0006462036773917533	0.005637745468898131	-0.42048044025301845	0.17275852190196103	0.08025600948287316	0.4245564754104604	-0.41444105033982015	0.4048946250559643	0.32786354059908696	0.698601544199593	-0.5299244277859443	0.014018594741175575	7.615868194532638e-06	0.00036688617215400706	0.1184001467109546	-0.7619887153394153;-0.2978601402324733	-4.475707526609971	0.0	0.0	0.0	1.0
t__SGB17365	-0.5813436448218379	0.17639510398445218	0.0028271040799516746	0.0187570737759668	-0.894581746859963	0.17922386961968398	0.0002622799475205018	0.013209371902396181	-0.20162295212293688	0.40163338111794755	0.6311990463045191	0.8615240524429624	-0.6596988975853972	0.028148925938881544	8.423782930400137e-05	0.0023932183299700902	0.16777641651579503	-0.9885406739563555;-0.330857121214439	-3.9320120865931774	0.028947242645053977	0.03415496133984821	0.3672291814951549	0.8280955208285617
t__SGB27410	-0.18239265579304684	0.17314211361180926	0.34140796527729067	0.5582030305867655	-0.6217260846488103	0.17496016857913177	0.010193344969634258	0.13583440647895767	-0.046227739114480394	0.4006703122912718	0.9121385924315616	0.9717582368376148	-0.3497481373213186	0.0284200447150115	0.03801978583695509	0.18382510632952204	0.1685824567237395	-0.680169752499848;-0.019326522142789182	-2.0746413601888603	0.045659874306330735	0.03614734759166795	0.4867923817702706	0.6687603767136255
t__SGB20559	-0.10391030343788248	0.1728997974561541	0.5873735664540095	0.7541250424461675	-0.7385311403840153	0.1766097220222113	0.002391040930343254	0.06793008591846988	-1.0533324511591564	0.4274956145263552	0.018524229067261727	0.23032041566158534	-0.5570451760462309	0.07343292054327316	0.03981816192580401	0.18537194711676824	0.2709850928432654	-1.088175958019031;-0.02591439407343077	-2.055630330810925	0.16504555232555215	0.15684470626999142	0.7688982312859964	0.13935279363198366
t__SGB1037	-0.9274628594138185	0.18183524434785647	3.3639045766528737e-06	7.308247590061537e-05	-0.7897099239796604	0.17741610668435653	0.001197687382096185	0.04146992560508041	-0.3923096205661753	0.4044520544519363	0.35380620083306213	0.7191559009965917	-0.815204451010296	0.014678415671810826	1.7126300377867665e-11	6.325313606225791e-09	0.12115451156193412	-1.052667293671687;-0.5777416083489052	-6.728634703739976	0.0	0.0	0.0	1.0
t__SGB14904	0.1062436823092418	0.1729050892752544	0.5790196362437465	0.74880785860046	-0.055463716958555766	0.1709134212362094	0.8165118243516784	0.9183201704106698	0.3203618590059681	0.40317836854921996	0.4474472718983137	0.7983439247396644	0.0491083204811315	0.013543866166094244	0.6730453697372378	0.842359357547675	0.11637811721322117	-0.17899278925678197;0.277209430219045	0.42197211689855846	0.0	0.0	0.0	1.0
t__SGB20171	-0.7527854085444842	0.17879815492088905	0.00013137125535483791	0.0015995533069578067	-0.27407012795701596	0.17168092076180397	0.25267038438915596	0.6623589163412635	-0.844505552375835	0.4180928650090513	0.053634745201021475	0.3592384845357486	-0.5577916463871021	0.03144185401189637	0.0016568728047656744	0.021101322617015715	0.17731851006563407	-0.9053359261157449;-0.21024736665845933	-3.1457045639546415	0.05787271643955142	0.04280395734891551	0.5392334749218111	0.5710676689627091
t__SGB26990	-0.24271855033668718	0.17341826081129316	0.20609608819072686	0.4136856262958793	0.06834975386193715	0.17093045673462595	0.774933414913676	0.90286669161341	0.25390787123496616	0.40222778482183313	0.5461193393175123	0.8289044218682241	-0.05306284843904996	0.015890725848094117	0.6737999606361234	0.842359357547675	0.1260584223608011	-0.30013735626622007;0.19401165938812018	-0.42093854139452	0.00668140260821086	0.005477428939687061	0.12362505647916143	1.0
t__SGB8776	0.07924690909739032	0.17285104159259207	0.6789143377290024	0.8111878388502399	0.07419460575781314	0.17093935198509588	0.7562795031027921	0.8950780462016403	-0.09516388187928472	0.4008434974790975	0.8203895042983322	0.9622309953574324	0.062222463261469595	0.013528765590202031	0.5926802397467199	0.8018189324045979	0.11631322190620476	-0.1657514516746917;0.2901963781976309	0.534956062962867	0.0	0.0	0.0	1.0
t__SGB20287	-0.2415787476517842	0.17341232147987104	0.2082212087700407	0.4156920708418109	0.23423825805338463	0.17146555641563158	0.3279333798153091	0.7061970994113416	-0.7636803960647115	0.41496262793822214	0.07870578492376276	0.38073590854359946	-0.1703161424667396	0.07165205962970998	0.5246004302131664	0.7648122061528795	0.267679023514563	-0.6949670285552831;0.3543347436218039	-0.6362700380124242	0.11804977933404982	0.15392047447728013	0.7108392918012258	0.24935442909114183
t__SGB9310	-0.19657700030116035	0.17320003268289727	0.30532150451332446	0.5295559340962969	0.08080551284608092	0.1709502916122508	0.7353530334429287	0.8920517202270157	-0.47600967496425056	0.4062505607566394	0.2627601976371124	0.6234224817600011	-0.09622203034792398	0.01626714480954696	0.4505911671739766	0.7082029113666133	0.12754271758727334	-0.3462057568189797;0.15376169612313176	-0.75442982687022	0.006643111765346879	0.006339324354863215	0.12271313508562981	1.0
t__SGB17317	-0.8483000209090229	0.18038699130938682	1.8844116978712857e-05	0.00035998761400713526	0.08469625664442906	0.17095716581099382	0.7231281696624695	0.8904985139375601	-0.2266169267149566	0.40190061192536813	0.589769318327277	0.8531890516457584	-0.34196425196770347	0.08481691008771396	0.24031773137260215	0.5304544094798955	0.29123342886371056	-0.9127817725405762;0.22885326860516925	-1.1741929946089176	0.2982619084708321	0.1922566964368999	0.8590459978948317	0.021377822074551845
t__SGB20183	0.04797333798385103	0.17280808805850628	0.8020923703935476	0.889666705850062	-0.2631143828891795	0.17161834762829095	0.27204236382001534	0.6773549193541056	-0.20941588859059307	0.40171337362357196	0.6181390735283598	0.8615240524429624	-0.11712540038112139	0.013580309312184001	0.31486320298701287	0.592238720771314	0.11653458418934699	-0.3455331853922415;0.11128238462999872	-1.0050698785762553	0.0	0.0	0.0	1.0
t__SGB4377	0.012629225159776828	0.17278495908787786	0.9473860506223348	0.9740979395911826	-0.9498199927615985	0.18025832888847654	0.00011176748966642915	0.008845598467885964	-0.7636803960647113	0.41496262793822214	0.0787057849237628	0.38073590854359946	-0.5384165418181495	0.09579062113697502	0.08192400014323553	0.28366185049595305	0.30950059957450005	-1.1450377169841697;0.06820463334787064	-1.739630044524508	0.33407573480573627	0.2219285829422357	0.8700212797193142	0.013647852458467065
t__SGB6251	-0.07728034542040611	0.17284771872234952	0.6864486084778431	0.8138471640318942	-0.610254079032077	0.17481268205118786	0.011638634773859877	0.14489446437569375	-0.14448100571957803	0.4011391416282675	0.730516898444068	0.9192857342365119	-0.31157408494773986	0.03253940666810408	0.084121837884501	0.28946272166468046	0.18038682509569284	-0.6651322621352977;0.04198409223981808	-1.7272552182369965	0.07014446404212102	0.046941424805532796	0.5934190094629298	0.4932603897378869
t__SGB4347	-0.8072211507479966	0.17968216756132172	4.427585482164664e-05	0.0006720225635943078	-1.0693268338179889	0.1826850350313121	1.568963761724296e-05	0.0026728910058123768	-0.37591742660641986	0.40413961507625834	0.3738934918528154	0.7358330177138889	-0.8607152219003902	0.025930397991463707	9.037293602354168e-08	9.103019374007653e-06	0.16102918366390517	-1.1763324218816442;-0.545098021919136	-5.345088401471666	0.02041415153227175	0.02720570340622422	0.2837186771517127	0.9211117264478398
t__SGB13960	0.2215860166538223	0.1733126580733264	0.2481412233401373	0.47157513001083295	-0.6102540790320771	0.17481268205118786	0.011638634773859867	0.14489446437569375	1.04753989844675	0.4272099729223782	0.019101864602886365	0.23032041566158534	0.16104315571106803	0.21919398196561332	0.7308644441820034	0.8726046927206553	0.4681815694424689	-0.7565927203961711;1.078679031818307	0.3439758551427927	0.4231337971812847	0.5837424038839383	0.8957071558192524	0.0035311678863575676
t__SGB26813	-0.08966206968393578	0.17287003076680127	0.6395661397948262	0.7923083928874886	-0.147148921036245	0.17111166667594252	0.5384049350562313	0.8210992815460325	-0.08837045604796902	0.40081229518118183	0.833001631896703	0.9622309953574324	-0.11614267584752448	0.013542557186393874	0.3182671599482503	0.592238720771314	0.11637249325503804	-0.34423276262739905;0.11194741093235007	-0.9980251569672062	0.0	0.0	0.0	1.0
t__SGB1487	-0.5568953899492975	0.17610049847810308	0.0041792342569566075	0.024895653530687747	0.05692181802298074	0.1709151710226223	0.811778374837211	0.9165125284014326	1.2266767540472467	0.4366708477428446	0.0072033406055628845	0.1482779023941976	0.1793647567813164	0.25804480755759146	0.724018450612395	0.8698911911018775	0.5079811094495458	-0.8162782177397934;1.175007731302426	0.35309336005757797	0.36353511595437865	0.6973658866609036	0.8804137603388223	0.008483934845651969
t__SGB17823	0.049999613369816655	0.17281023154686437	0.7939199123707908	0.8885487504109457	-0.030398758856250836	0.17089043918390473	0.8987956688057048	0.94981149413923	-0.2856932489252472	0.4026552844813664	0.49752513345896776	0.8006735026947556	-0.015274949035997392	0.013532514823431221	0.8955318242981891	0.9459585108047877	0.11632933775893002	-0.2432804510435002;0.21273055297150545	-0.13130779672838644	0.0	0.0	0.0	1.0
t__SGB5910_group	0.13254883519292046	0.17297286152313418	0.48896288384453535	0.6823310772037093	0.055250213907955766	0.1709131688324061	0.8172054946073289	0.9183201704106698	-0.21667699271960372	0.401790621624503	0.6060853096163515	0.8598495813763348	0.06742496895547898	0.013540846716855822	0.5623018860618021	0.7853155496927571	0.11636514390854256	-0.16065071310526444;0.29550065101622236	0.5794258202307709	0.0	0.0	0.0	1.0
t__SGB1606	-0.8502030910776983	0.18042042304461015	1.810066156010382e-05	0.0003518514562911409	-0.7258021783227578	0.17641700470891641	0.002824847672080827	0.07113480046967173	-0.34087536336773755	0.4035156998444203	0.4193120428966217	0.7766739506749972	-0.7469291592173264	0.014494285066217624	5.499967148381302e-10	1.1869533400599153e-07	0.12039221347835426	-0.9828978976349008;-0.510960420799752	-6.204131792556662	0.0	0.0	0.0	1.0
t__SGB15170	-0.3544054859416504	0.17413433762597474	0.06579005449340418	0.20533909965828684	-0.6884079362291537	0.1758690829290018	0.004554141190365382	0.08552522777838749	-0.045407519316731544	0.4006684306143315	0.9136909433236531	0.9717582368376148	-0.4569452902460686	0.025162670188113485	0.0039689491111798425	0.03726775945073954	0.15862745723270447	-0.7678551064221694;-0.14603547406996786	-2.880619145118967	0.026730160785517945	0.027476607087676085	0.35500574413883224	0.8339424758674946
t__SGB4125	-0.2580507052648816	0.1735008505049339	0.1790427597346141	0.3867044401285622	-0.6884079362291536	0.1758690829290018	0.00455414119036539	0.08552522777838749	-0.28544713314729436	0.4026517826989304	0.49789173588148605	0.8006735026947556	-0.4488126355142332	0.022180588717301365	0.0025820966721932237	0.028326367453367245	0.14893149001235892	-0.7407183559384567;-0.15690691509000976	-3.013550965460622	0.02976826217018324	0.020000059098618257	0.38027391280560247	0.8173186752547429
t__SGB20295	0.17857486735373482	0.17312726181058954	0.35157453222045876	0.564751034512734	0.11267293800635575	0.17101610155762634	0.6374826351047258	0.8624307200195802	-0.19912076843322712	0.40160833686942143	0.6354189251995551	0.8615240524429624	0.1162736539700899	0.01355831744489158	0.3180031422977425	0.592238720771314	0.11644018827231249	-0.11194911504364258;0.3444964229838224	0.9985697867317672	0.0	0.0	0.0	1.0
t__SGB1332	-0.5467629086200615	0.1759819709390972	0.004896678988044683	0.028555370098702678	-0.10049917110149272	0.17098840543860833	0.6742342457911442	0.8696758374116272	-0.4702203078754011	0.40611527736348974	0.2684444843604526	0.632843592917833	-0.33843258014975164	0.023044300918570074	0.025786483490848777	0.1373626139800983	0.15180349442147265	-0.635967429215838;-0.040897731083665234	-2.229412316491973	0.03460114465026915	0.022461946007205243	0.4182468744378183	0.7786474886674216
t__SGB4383	-0.6873120482009721	0.17781147413199033	0.0004529918799872788	0.00421777313467147	-0.5746543456202683	0.17437174962028976	0.017364236677246604	0.18499590613835806	-0.4232691578165861	0.4050777972441347	0.31789230703671156	0.6906366199934831	-0.6120507527640138	0.014161958406109804	2.702278683042181e-07	1.9960831872071575e-05	0.11900402684829536	-0.8452986453866727;-0.3788028601413549	-5.143109598671374	0.0	0.0	0.0	1.0
t__SGB14236	0.2640572328162276	0.1735345732706523	0.1692051296134322	0.3757099871977613	-0.5181134561130569	0.17372388041479497	0.031630538750929874	0.2596047180446689	-1.0267398725025612	0.42619572525683524	0.021317555351481287	0.2460401180150132	-0.3617966320586582	0.13458235388032433	0.32402889456623907	0.5934281242634594	0.3668546767867684	-1.0808317985607243;0.3572385344434079	-0.9862124022176493	0.3006585742079479	0.3340646535918223	0.8598028579813534	0.021064402020979676
t__SGB9329	-0.12958323948905665	0.1729644756576052	0.4987200169475319	0.6884045491775895	-0.5638160615155645	0.17424255856329635	0.01954617344126692	0.19510955110742115	-0.2360631772101309	0.402009680852142	0.5744670031311021	0.8442724920519731	-0.3326767220719912	0.02139759663307305	0.022950420797548166	0.12714533121841684	0.146279173613584	-0.6193839023546159;-0.045969541789366575	-2.274258965605051	0.028689079314156228	0.018429752673280644	0.37411542050449165	0.8242932916025046
t__SGB9319	-0.39099662998059287	0.1744263501169479	0.04266381538808978	0.14818654373041845	0.1911292685514466	0.1712702717912371	0.424452986600768	0.7644734572741633	-0.28569324892524733	0.4026552844813664	0.49752513345896765	0.8006735026947556	-0.1298684741335294	0.037668284609295895	0.5034073313852412	0.7500032089758146	0.19408318991941548	-0.5102715263755837;0.250534578108525	-0.6691381885646643	0.09243772323347764	0.060780145200954434	0.6596844642153178	0.3530368181586939
t__SGB8775	0.16854430080550434	0.1730897326456042	0.37919847780325333	0.5873401106307536	-0.47876885663919544	0.17331135488635976	0.04677413100413276	0.3405841517206879	1.6584615411321983	0.46440661542576944	0.000596727780387661	0.06611743806695283	0.38772993629864844	0.3815956367982715	0.5302236817345316	0.7676618627126142	0.6177342768523304	-0.8230292463319191;1.5984891189292159	0.6276645975909403	0.48285656018692524	1.0592126911080988	0.9058200305702021	0.0015950175796827946
t__SGB20192	0.25046292223006417	0.17345935022146278	0.19207759385040918	0.3965688733456911	-0.5746543456202683	0.17437174962028976	0.017364236677246604	0.18499590613835806	-0.07820041640953224	0.4007698975110245	0.8519676934919863	0.9622309953574324	-0.1432304289793926	0.06686737926188151	0.5796500989979299	0.7962561522940296	0.2585872759086988	-0.6500614897604422;0.3636006318016571	-0.5538958886359279	0.22339215883876803	0.14150080985197572	0.822889567705723	0.05839204923441793
t__SGB20826	-0.1858593674495733	0.17315587068735583	0.33234288283759805	0.5537382168181333	-0.5746543456202685	0.17437174962028976	0.0173642366772466	0.18499590613835806	-0.22463077364937634	0.40187824226005064	0.5930121643873804	0.8544310508988523	-0.36299173071981883	0.018033137033533868	0.006869739081786674	0.05436907787585454	0.13428751629817967	-0.626195262664251;-0.0997881987753867	-2.703093636148659	0.015329620604783557	0.010107972626843298	0.24182312418625873	0.9619994907646798
t__SGB17826	0.2862816206377919	0.1736660329989582	0.1363480875778734	0.33322428207271687	-0.4667487411251857	0.1731916349014611	0.052486173273589155	0.35167274058138254	-0.21095441254402608	0.40172952277173934	0.6155756989784086	0.8615240524429624	-0.11548059038851718	0.05735242115009507	0.6296592148449409	0.8199604959928806	0.23948365528798635	-0.5848685547529704;0.3539073739759361	-0.482206563323281	0.17982781548626567	0.11470267975834675	0.7896447277889714	0.10408195390051021
