SGB,Classification,Taxonomy,NCBI taxID,max_Youdens_index,max_nGD_score,max_nGD_score_percentile,used_nGD_score_percentile,SNV_rate_threshold
SGB10139_group,kSGB,k__Bacteria|p__Proteobacteria|c__Gammaproteobacteria|o__Enterobacterales|f__Enterobacteriaceae|g__Enterobacter|s__Enterobacter_roggenkampii|t__SGB10139;k__Bacteria|p__Proteobacteria|c__Gammaproteobacteria|o__Enterobacterales|f__Enterobacteriaceae|g__Enterobacter|s__Enterobacter_asburiae|t__SGB10141;k__Bacteria|p__Proteobacteria|c__Gammaproteobacteria|o__Enterobacterales|f__Enterobacteriaceae|g__Enterobacter|s__Enterobacter_chengduensis|t__SGB10138;k__Bacteria|p__Proteobacteria|c__Gammaproteobacteria|o__Enterobacterales|f__Enterobacteriaceae|g__Enterobacter|s__Enterobacter_kobei|t__SGB10133;k__Bacteria|p__Proteobacteria|c__Gammaproteobacteria|o__Enterobacterales|f__Enterobacteriaceae|g__Enterobacter|s__Enterobacter_bugandensis|t__SGB10135;k__Bacteria|p__Proteobacteria|c__Gammaproteobacteria|o__Enterobacterales|f__Enterobacteriaceae|g__Enterobacter|s__Enterobacter_ludwigii|t__SGB10127;k__Bacteria|p__Proteobacteria|c__Gammaproteobacteria|o__Enterobacterales|f__Enterobacteriaceae|g__Enterobacter|s__Enterobacter_mori|t__SGB10132;k__Bacteria|p__Proteobacteria|c__Gammaproteobacteria|o__Enterobacterales|f__Enterobacteriaceae|g__Enterobacter|s__Enterobacter_huaxiensis|t__SGB31166;k__Bacteria|p__Proteobacteria|c__Gammaproteobacteria|o__Enterobacterales|f__Enterobacteriaceae|g__Enterobacter|s__Enterobacter_sp_WCHEs120002|t__SGB31167,2|1224|1236|91347|543|547|1812935,NA,NA,NA,0.03,0
SGB14874,uSGB,k__Bacteria|p__Firmicutes|c__CFGB3012|o__OFGB3012|f__FGB3012|g__GGB9479|s__GGB9479_SGB14874|t__SGB14874,2|1239|186801|186802,0.86541889483066,0.36,0.116078431372549,0.05,0
SGB17247,kSGB,k__Bacteria|p__Actinobacteria|c__Actinobacteria|o__Bifidobacteriales|f__Bifidobacteriaceae|g__Bifidobacterium|s__Bifidobacterium_breve|t__SGB17247,2|201174|1760|85004|31953|1678|1685,NA,NA,NA,0.03,0
SGB17278,kSGB,k__Bacteria|p__Actinobacteria|c__Actinobacteria|o__Bifidobacteriales|f__Bifidobacteriaceae|g__Bifidobacterium|s__Bifidobacterium_animalis|t__SGB17278,2|201174|1760|85004|31953|1678|28025,NA,NA,NA,0.03,0
SGB1829,kSGB,k__Bacteria|p__Bacteroidetes|c__Bacteroidia|o__Bacteroidales|f__Bacteroidaceae|g__Bacteroides|s__Bacteroides_eggerthii|t__SGB1829,2|976|200643|171549|815|816|28111,0.84186128182616,0.14,0.089009009009009,0.05,0
SGB1860,kSGB,k__Bacteria|p__Bacteroidetes|c__Bacteroidia|o__Bacteroidales|f__Bacteroidaceae|g__Bacteroides|s__Bacteroides_faecis|t__SGB1860,2|976|200643|171549|815|816|674529,0.88902589395808,0.66,0.125490196078431,0.05,0
SGB1861,kSGB,k__Bacteria|p__Bacteroidetes|c__Bacteroidia|o__Bacteroidales|f__Bacteroidaceae|g__Bacteroides|s__Bacteroides_thetaiotaomicron|t__SGB1861,2|976|200643|171549|815|816|818,0.87782731594891,0.33,0.039012856509532,0.039012856509532,0
SGB2227,uSGB,k__Bacteria|p__Bacteroidetes|c__CFGB649|o__OFGB649|f__FGB649|g__GGB1627|s__GGB1627_SGB2227|t__SGB2227,2|976|200643|171549,NA,NA,NA,0.03,0
SGB4037,kSGB,k__Bacteria|p__Firmicutes|c__Erysipelotrichia|o__Erysipelotrichales|f__Erysipelotrichaceae|g__Erysipelatoclostridium|s__Clostridium_innocuum|t__SGB4037,2|1239|526524|526525|128827|1505663|1522,NA,NA,NA,0.03,0
SGB4290,uSGB,k__Bacteria|p__Firmicutes|c__Clostridia|o__Clostridiales|f__Eubacteriaceae|g__Eubacterium|s__Eubacterium_SGB4290|t__SGB4290,2|1239|186801|186802|186806|1730,0.9312671856241,0.06,0.011228070175439,0.011228070175439,0
SGB4699,kSGB,k__Bacteria|p__Firmicutes|c__Clostridia|o__Clostridiales|f__Lachnospiraceae|g__Lachnoclostridium|s__Clostridium_symbiosum|t__SGB4699,2|1239|186801|186802|186803|1506553|1512,NA,NA,NA,0.03,0
SGB4741,kSGB,k__Bacteria|p__Firmicutes|c__Clostridia|o__Clostridiales|f__Clostridiaceae|g__Hungatella|s__Hungatella_hathewayi|t__SGB4741,2|1239|186801|186802|31979|1649459|154046,NA,NA,NA,0.03,0
SGB6174,uSGB,k__Bacteria|p__Firmicutes|c__Clostridia|o__Clostridiales|f__Clostridiaceae|g__GGB4481|s__GGB4481_SGB6174|t__SGB6174,2|1239|186801|186802|31979,NA,NA,NA,0.03,0
SGB6376,uSGB,k__Bacteria|p__Firmicutes|c__CFGB1765|o__OFGB1765|f__FGB1765|g__GGB4605|s__GGB4605_SGB6376|t__SGB6376,2|1239|186801|186802,NA,NA,NA,0.03,0
SGB7115,kSGB,k__Bacteria|p__Firmicutes|c__Bacilli|o__Lactobacillales|f__Leuconostocaceae|g__Weissella|s__Weissella_confusa|t__SGB7115,2|1239|91061|186826|81850|46255|1583,NA,NA,NA,0.03,0
SGB9226,kSGB,k__Bacteria|p__Verrucomicrobia|c__Verrucomicrobiae|o__Verrucomicrobiales|f__Akkermansiaceae|g__Akkermansia|s__Akkermansia_muciniphila|t__SGB9226,2|74201|203494|48461|1647988|239934|239935,0.95862686842999,0.05,0.011264534883721,0.011264534883721,0
SGB4181,uSGB,k__Bacteria|p__Firmicutes|c__CFGB1323|o__OFGB1323|f__FGB1323|g__GGB3167|s__GGB3167_SGB4181|t__SGB4181,2|1239|186801|186802,NA,NA,NA,0.03,3.34E-05
SGB6847,kSGB,k__Bacteria|p__Firmicutes|c__Erysipelotrichia|o__Erysipelotrichales|f__Erysipelotrichaceae|g__Turicibacter|s__Turicibacter_sanguinis|t__SGB6847,2|1239|526524|526525|128827|191303|154288,NA,NA,NA,0.03,3.51E-05
SGB6190,kSGB,k__Bacteria|p__Firmicutes|c__Clostridia|o__Clostridiales|f__Clostridiaceae|g__Clostridium|s__Clostridium_ventriculi|t__SGB6190,2|1239|186801|186802|31979|1485|1267,NA,NA,NA,0.03,7.30E-05
SGB6846,kSGB,k__Bacteria|p__Firmicutes|c__Erysipelotrichia|o__Erysipelotrichales|f__Erysipelotrichaceae|g__Turicibacter|s__Turicibacter_sanguinis|t__SGB6846,2|1239|526524|526525|128827|191303|154288,NA,NA,NA,0.03,0.000101037173375
SGB9224,kSGB,k__Bacteria|p__Verrucomicrobia|c__Verrucomicrobiae|o__Verrucomicrobiales|f__Akkermansiaceae|g__Akkermansia|s__Akkermansia_sp_KLE1605|t__SGB9224,2|74201|203494|48461|1647988|239934|1574264,NA,NA,NA,0.03,0.000148167958594
SGB1853,kSGB,k__Bacteria|p__Bacteroidetes|c__Bacteroidia|o__Bacteroidales|f__Bacteroidaceae|g__Bacteroides|s__Bacteroides_fragilis|t__SGB1853,2|976|200643|171549|815|816|817,NA,NA,NA,0.03,0.000181744015289
SGB5736,kSGB,k__Bacteria|p__Firmicutes|c__Negativicutes|o__Acidaminococcales|f__Acidaminococcaceae|g__Acidaminococcus|s__Acidaminococcus_intestini|t__SGB5736,2|1239|909932|1843488|909930|904|187327,NA,NA,NA,0.03,0.000189430858235
SGB15273,uSGB,k__Bacteria|p__Firmicutes|c__Clostridia|o__Clostridiales|f__Ruminococcaceae|g__GGB9719|s__GGB9719_SGB15273|t__SGB15273,2|1239|186801|186802|541000,NA,NA,NA,0.03,0.000291696649946
SGB4752,uSGB,k__Bacteria|p__Firmicutes|c__Clostridia|o__Clostridiales|f__Lachnospiraceae|g__GGB3553|s__GGB3553_SGB4752|t__SGB4752,2|1239|186801|186802|186803,NA,NA,NA,0.03,0.000296910412494
SGB25497,kSGB,k__Bacteria|p__Firmicutes|c__Clostridia|o__Clostridiales|f__Ruminococcaceae|g__Ruminococcus|s__Ruminococcus_sp_AF41_9|t__SGB25497,2|1239|186801|186802|541000|1263|2292069,NA,NA,NA,0.03,0.000307829198025
SGB2326,kSGB,k__Bacteria|p__Firmicutes|c__Clostridia|o__Clostridiales|f__Ruminococcaceae|g__Faecalibacterium|s__Faecalibacterium_prausnitzii|t__SGB2326,2|1239|186801|186802|541000|216851|853,NA,NA,NA,0.03,0.000417984536411
SGB14932,uSGB,k__Bacteria|p__Firmicutes|c__CFGB3038|o__OFGB3038|f__FGB3038|g__GGB9531|s__GGB9531_SGB14932|t__SGB14932,2|1239|186801|186802,NA,NA,NA,0.03,0.000433350198719
SGB6771,kSGB,k__Bacteria|p__Firmicutes|c__Erysipelotrichia|o__Erysipelotrichales|f__Erysipelotrichaceae|g__Coprobacillus|s__Coprobacillus_cateniformis|t__SGB6771,2|1239|526524|526525|128827|100883|100884,NA,NA,NA,0.03,0.000456769079063
SGB4867,kSGB,k__Bacteria|p__Firmicutes|c__Clostridia|o__Clostridiales|f__Lachnospiraceae|g__Blautia|s__Blautia_sp_KGMB01111|t__SGB4867,2|1239|186801|186802|186803|572511|2509240,NA,NA,NA,0.03,0.000457172520486
SGB9260,uSGB,k__Bacteria|p__Proteobacteria|c__Betaproteobacteria|o__Burkholderiales|f__Burkholderiales_unclassified|g__Burkholderiales_unclassified|s__Burkholderiales_unclassified_SGB9260|t__SGB9260,2|1224|28216|80840||,NA,NA,NA,0.03,0.000471655638806
SGB6358,uSGB,k__Bacteria|p__Firmicutes|c__CFGB1765|o__OFGB1765|f__FGB1765|g__GGB4596|s__GGB4596_SGB6358|t__SGB6358,2|1239|186801|186802,NA,NA,NA,0.03,0.000499291845323
SGB15120,kSGB,k__Bacteria|p__Firmicutes|c__Clostridia|o__Clostridiales|f__Clostridiales_unclassified|g__Evtepia|s__Evtepia_gabavorous|t__SGB15120,2|1239|186801|186802||2211178|2211183,NA,NA,NA,0.03,0.000533151071865
SGB1949,kSGB,k__Bacteria|p__Bacteroidetes|c__Bacteroidia|o__Bacteroidales|f__Tannerellaceae|g__Parabacteroides|s__Parabacteroides_merdae|t__SGB1949,2|976|200643|171549|2005525|375288|46503,0.84576313248202,0.34,0.061597321855572,0.05,0.000543520507698
SGB14177,uSGB,k__Bacteria|p__Firmicutes|c__CFGB2915|o__OFGB2915|f__FGB2915|g__GGB9235|s__GGB9235_SGB14177|t__SGB14177,2|1239|186801|186802,NA,NA,NA,0.03,0.000547042579163
SGB4166,kSGB,k__Bacteria|p__Firmicutes|c__Clostridia|o__Clostridiales|f__Clostridiales_unclassified|g__Monoglobus|s__Monoglobus_pectinilyticus|t__SGB4166,2|1239|186801|186802||2039302|1981510,0.48068924539513,0.85,0.223529411764706,0.05,0.000569192152692
SGB14937,uSGB,k__Bacteria|p__Firmicutes|c__CFGB3038|o__OFGB3038|f__FGB3038|g__GGB9534|s__GGB9534_SGB14937|t__SGB14937,2|1239|186801|186802,NA,NA,NA,0.03,0.000591679825936
SGB6179,uSGB,k__Bacteria|p__Firmicutes|c__Clostridia|o__Clostridiales|f__Clostridiaceae|g__Clostridium|s__Clostridium_SGB6179|t__SGB6179,2|1239|186801|186802|31979|1485,NA,NA,NA,0.03,0.000598463276606
SGB8022_group,kSGB,k__Bacteria|p__Firmicutes|c__Bacilli|o__Lactobacillales|f__Streptococcaceae|g__Streptococcus|s__Streptococcus_equinus|t__SGB8022;k__Bacteria|p__Firmicutes|c__Bacilli|o__Lactobacillales|f__Streptococcaceae|g__Streptococcus|s__Streptococcus_lutetiensis|t__SGB8021,2|1239|91061|186826|1300|1301|1335,NA,NA,NA,0.03,0.000603713770043
SGB14953,uSGB,k__Bacteria|p__Firmicutes|c__CFGB3042|o__OFGB3042|f__FGB3042|g__GGB9546|s__GGB9546_SGB14953|t__SGB14953,2|1239|186801|186802,NA,NA,NA,0.03,0.000604693591049
SGB4828,kSGB,k__Bacteria|p__Firmicutes|c__Clostridia|o__Clostridiales|f__Ruminococcaceae|g__Ruminococcus|s__Ruminococcus_sp_AM36_2AA|t__SGB4828,2|1239|186801|186802|541000|1263|2293229,NA,NA,NA,0.03,0.000610031515788
SGB14924,uSGB,k__Bacteria|p__Firmicutes|c__CFGB3035|o__OFGB3035|f__FGB3035|g__GGB9524|s__GGB9524_SGB14924|t__SGB14924,2|1239|186801|186802,NA,NA,NA,0.03,0.000642800020174
SGB3952,uSGB,k__Bacteria|p__Firmicutes|c__CFGB1211|o__OFGB1211|f__FGB1211|g__GGB2970|s__GGB2970_SGB3952|t__SGB3952,2|1239|186801|186802,NA,NA,NA,0.03,0.000656858026808
SGB3964,uSGB,k__Bacteria|p__Firmicutes|c__CFGB1217|o__OFGB1217|f__FGB1217|g__GGB2982|s__GGB2982_SGB3964|t__SGB3964,2|1239|186801|186802,NA,NA,NA,0.03,0.000667816606867
SGB17009,kSGB,k__Bacteria|p__Actinobacteria|c__Actinobacteria|o__Corynebacteriales|f__Corynebacteriaceae|g__Corynebacterium|s__Corynebacterium_argentoratense|t__SGB17009,2|201174|1760|85007|1653|1716|42817,NA,NA,NA,0.03,0.000668414659822
SGB6173,uSGB,k__Bacteria|p__Firmicutes|c__Clostridia|o__Clostridiales|f__Clostridiaceae|g__GGB4481|s__GGB4481_SGB6173|t__SGB6173,2|1239|186801|186802|31979,NA,NA,NA,0.03,0.000698990031762
SGB4762,kSGB,k__Bacteria|p__Firmicutes|c__Clostridia|o__Clostridiales|f__Lachnospiraceae|g__Lachnoclostridium|s__Clostridium_aldenense|t__SGB4762,2|1239|186801|186802|186803|1506553|358742,NA,NA,NA,0.03,0.000739112636595
SGB14042,uSGB,k__Bacteria|p__Proteobacteria|c__CFGB2843|o__OFGB2843|f__FGB2843|g__GGB9109|s__GGB9109_SGB14042|t__SGB14042,2|1224|28211|356,NA,NA,NA,0.03,0.000765422662954
SGB7852,kSGB,k__Bacteria|p__Firmicutes|c__Bacilli|o__Bacillales|f__Staphylococcaceae|g__Staphylococcus|s__Staphylococcus_aureus|t__SGB7852,2|1239|91061|1385|90964|1279|1280,NA,NA,NA,0.03,0.000772058099669
SGB6744,kSGB,k__Bacteria|p__Firmicutes|c__Erysipelotrichia|o__Erysipelotrichales|f__Erysipelotrichaceae|g__Erysipelatoclostridium|s__Erysipelatoclostridium_ramosum|t__SGB6744,2|1239|526524|526525|128827|1505663|1547,NA,NA,NA,0.03,0.000786754070695
SGB6180,kSGB,k__Bacteria|p__Firmicutes|c__Clostridia|o__Clostridiales|f__Clostridiaceae|g__Clostridium|s__Clostridium_celatum|t__SGB6180,2|1239|186801|186802|31979|1485|36834,NA,NA,NA,0.03,0.000792737980224
SGB15091,uSGB,k__Bacteria|p__Firmicutes|c__Clostridia|o__Clostridiales|f__Ruminococcaceae|g__GGB9633|s__GGB9633_SGB15091|t__SGB15091,2|1239|186801|186802|541000,0.94492481203008,0.23,0.038607594936709,0.038607594936709,0.000794420780755
SGB15107,uSGB,k__Bacteria|p__Firmicutes|c__Clostridia|o__Clostridiales|f__Ruminococcaceae|g__GGB9636|s__GGB9636_SGB15107|t__SGB15107,2|1239|186801|186802|541000,NA,NA,NA,0.03,0.000824935731919
SGB24891,kSGB,k__Bacteria|p__Firmicutes|c__Clostridia|o__Clostridiales|f__Peptostreptococcaceae|g__Romboutsia|s__Romboutsia_ilealis|t__SGB24891,2|1239|186801|186802|186804|1501226|1115758,NA,NA,NA,0.03,0.000834451188472
SGB7865,kSGB,k__Bacteria|p__Firmicutes|c__Bacilli|o__Bacillales|f__Staphylococcaceae|g__Staphylococcus|s__Staphylococcus_epidermidis|t__SGB7865,2|1239|91061|1385|90964|1279|1282,NA,NA,NA,0.03,0.000836726295841
SGB698,kSGB,k__Archaea|p__Euryarchaeota|c__Methanobacteria|o__Methanobacteriales|f__Methanobacteriaceae|g__Methanosphaera|s__Methanosphaera_stadtmanae|t__SGB698,2157|28890|183925|2158|2159|2316|2317,NA,NA,NA,0.03,0.000841046108086
SGB5967,uSGB,k__Bacteria|p__Spirochaetes|c__Spirochaetia|o__Brachyspirales|f__Brachyspiraceae|g__GGB4361|s__GGB4361_SGB5967|t__SGB5967,2|203691|203692|1643686|143786,NA,NA,NA,0.03,0.000861681376794
SGB15131,uSGB,k__Bacteria|p__Firmicutes|c__Clostridia|o__Clostridiales|f__Ruminococcaceae|g__GGB9653|s__GGB9653_SGB15131|t__SGB15131,2|1239|186801|186802|541000,NA,NA,NA,0.03,0.000865279500597
SGB4608,kSGB,k__Bacteria|p__Firmicutes|c__Clostridia|o__Clostridiales|f__Lachnospiraceae|g__Blautia|s__Ruminococcus_torques|t__SGB4608,2|1239|186801|186802|186803|572511|33039,0.56781368929281,0.62,0.049161290322581,0.049161290322581,0.000868980545228
SGB6139,uSGB,k__Bacteria|p__Firmicutes|c__Clostridia|o__Clostridiales|f__Peptostreptococcaceae|g__Intestinibacter|s__Intestinibacter_SGB6139|t__SGB6139,2|1239|186801|186802|186804|1505657,NA,NA,NA,0.03,0.000891602998192
SGB9391,uSGB,k__Bacteria|p__Proteobacteria|c__Betaproteobacteria|o__Burkholderiales|f__Oxalobacteraceae|g__GGB6649|s__GGB6649_SGB9391|t__SGB9391,2|1224|28216|80840|75682,NA,NA,NA,0.03,0.000894090122594
SGB6148,kSGB,k__Bacteria|p__Firmicutes|c__Clostridia|o__Clostridiales|f__Peptostreptococcaceae|g__Romboutsia|s__Romboutsia_timonensis|t__SGB6148,2|1239|186801|186802|186804|1501226|1776391,NA,NA,NA,0.03,0.000898098939636
SGB17243,kSGB,k__Bacteria|p__Actinobacteria|c__Actinobacteria|o__Bifidobacteriales|f__Bifidobacteriaceae|g__Bifidobacterium|s__Bifidobacterium_ruminantium|t__SGB17243,2|201174|1760|85004|31953|1678|78346,NA,NA,NA,0.03,0.000903010372935
SGB15497,kSGB,k__Bacteria|p__Synergistetes|c__Synergistia|o__Synergistales|f__Synergistaceae|g__Pyramidobacter|s__Pyramidobacter_piscolens|t__SGB15497,2|508458|649775|649776|649777|638847|638849,NA,NA,NA,0.03,0.000927899637473
SGB2286,kSGB,k__Bacteria|p__Bacteroidetes|c__Bacteroidia|o__Bacteroidales|f__Rikenellaceae|g__Alistipes|s__Alistipes_inops|t__SGB2286,2|976|200643|171549|171550|239759|1501391,NA,NA,NA,0.03,0.000975798792423
SGB1815,kSGB,k__Bacteria|p__Bacteroidetes|c__Bacteroidia|o__Bacteroidales|f__Bacteroidaceae|g__Bacteroides|s__Bacteroides_dorei|t__SGB1815,2|976|200643|171549|815|816|357276,0.83814699059397,0.55,0.136015480125776,0.05,0.001004916131912
SGB8027_group,kSGB,k__Bacteria|p__Firmicutes|c__Bacilli|o__Lactobacillales|f__Streptococcaceae|g__Streptococcus|s__Streptococcus_anginosus|t__SGB8027;k__Bacteria|p__Firmicutes|c__Bacilli|o__Lactobacillales|f__Streptococcaceae|g__Streptococcus|s__Streptococcus_anginosus|t__SGB8028,2|1239|91061|186826|1300|1301|1328,NA,NA,NA,0.03,0.001050056239433
SGB4922,uSGB,k__Bacteria|p__Firmicutes|c__Clostridia|o__Clostridiales|f__Lachnospiraceae|g__GGB3633|s__GGB3633_SGB4922|t__SGB4922,2|1239|186801|186802|186803,NA,NA,NA,0.03,0.001068197101366
SGB14923,uSGB,k__Bacteria|p__Firmicutes|c__CFGB3035|o__OFGB3035|f__FGB3035|g__GGB9524|s__GGB9524_SGB14923|t__SGB14923,2|1239|186801|186802,NA,NA,NA,0.03,0.00108270694521
SGB14193,uSGB,k__Bacteria|p__Firmicutes|c__CFGB2926|o__OFGB2926|f__FGB2926|g__GGB9249|s__GGB9249_SGB14193|t__SGB14193,2|1239|186801|186802,NA,NA,NA,0.03,0.001091521555867
SGB9272_group,kSGB,k__Bacteria|p__Proteobacteria|c__Betaproteobacteria|o__Burkholderiales|f__Sutterellaceae|g__Mesosutterella|s__Mesosutterella_multiformis|t__SGB9272;k__Bacteria|p__Proteobacteria|c__Betaproteobacteria|o__Burkholderiales|f__Sutterellaceae|g__Dakarella|s__Dakarella_massiliensis|t__SGB9271,2|1224|28216|80840|995019|2494213|2259133,NA,NA,NA,0.03,0.001100901105047
SGB9209,uSGB,k__Bacteria|p__Lentisphaerae|c__CFGB2378|o__OFGB2378|f__FGB2378|g__GGB6520|s__GGB6520_SGB9209|t__SGB9209,2|256845|1313211|278082,NA,NA,NA,0.03,0.001110689954127
SGB1814,kSGB,k__Bacteria|p__Bacteroidetes|c__Bacteroidia|o__Bacteroidales|f__Bacteroidaceae|g__Bacteroides|s__Bacteroides_vulgatus|t__SGB1814,2|976|200643|171549|815|816|821,0.8286555511291,0.33,0.02470091066008,0.02470091066008,0.001135004479747
SGB14999,uSGB,k__Bacteria|p__Firmicutes|c__CFGB3053|o__OFGB3053|f__FGB3053|g__GGB9581|s__GGB9581_SGB14999|t__SGB14999,2|1239|186801|186802,NA,NA,NA,0.03,0.001135237223702
SGB1945,kSGB,k__Bacteria|p__Bacteroidetes|c__Bacteroidia|o__Bacteroidales|f__Tannerellaceae|g__Parabacteroides|s__Parabacteroides_massiliensis|t__SGB1945,2|976|200643|171549|2005525|375288|1750560,NA,NA,NA,0.03,0.001202623459335
SGB4988,kSGB,k__Bacteria|p__Firmicutes|c__Clostridia|o__Clostridiales|f__Lachnospiraceae|g__Eisenbergiella|s__Eisenbergiella_tayi|t__SGB4988,2|1239|186801|186802|186803|1432051|1432052,NA,NA,NA,0.03,0.001209042904657
SGB9278,uSGB,k__Bacteria|p__Proteobacteria|c__Betaproteobacteria|o__Burkholderiales|f__Sutterellaceae|g__GGB6567|s__GGB6567_SGB9278|t__SGB9278,2|1224|28216|80840|995019,NA,NA,NA,0.03,0.001219720667056
SGB10068,kSGB,k__Bacteria|p__Proteobacteria|c__Gammaproteobacteria|o__Enterobacterales|f__Enterobacteriaceae|g__Escherichia|s__Escherichia_coli|t__SGB10068,2|1224|1236|91347|543|561|562,0.67450110864745,0.29,0.132659932659933,0.05,0.001234389145007
SGB6140,kSGB,k__Bacteria|p__Firmicutes|c__Clostridia|o__Clostridiales|f__Peptostreptococcaceae|g__Intestinibacter|s__Intestinibacter_bartlettii|t__SGB6140,2|1239|186801|186802|186804|1505657|261299,NA,NA,NA,0.03,0.001254327878004
SGB3668,uSGB,k__Bacteria|p__Proteobacteria|c__CFGB1058|o__OFGB1058|f__FGB1058|g__GGB2726|s__GGB2726_SGB3668|t__SGB3668,2|1224|1236|135624,NA,NA,NA,0.03,0.001274208094217
SGB1857,kSGB,k__Bacteria|p__Bacteroidetes|c__Bacteroidia|o__Bacteroidales|f__Bacteroidaceae|g__Bacteroides|s__Bacteroides_salyersiae|t__SGB1857,2|976|200643|171549|815|816|291644,NA,NA,NA,0.03,0.001310519108051
SGB1812,kSGB,k__Bacteria|p__Bacteroidetes|c__Bacteroidia|o__Bacteroidales|f__Bacteroidaceae|g__Bacteroides|s__Bacteroides_massiliensis|t__SGB1812,2|976|200643|171549|815|816|204516,0.95221628418736,0.29,0.061784897025172,0.05,0.001313793791806
SGB17234,kSGB,k__Bacteria|p__Actinobacteria|c__Actinobacteria|o__Bifidobacteriales|f__Bifidobacteriaceae|g__Bifidobacterium|s__Bifidobacterium_dentium|t__SGB17234,2|201174|1760|85004|31953|1678|1689,NA,NA,NA,0.03,0.001316330252032
SGB15460,uSGB,k__Bacteria|p__Proteobacteria|c__Deltaproteobacteria|o__Desulfovibrionales|f__Desulfovibrionaceae|g__GGB9819|s__GGB9819_SGB15460|t__SGB15460,2|1224|28221|213115|194924,NA,NA,NA,0.03,0.001356709886419
SGB15271,kSGB,k__Bacteria|p__Firmicutes|c__Clostridia|o__Clostridiales|f__Ruminococcaceae|g__Ruthenibacterium|s__Ruthenibacterium_lactatiformans|t__SGB15271,2|1239|186801|186802|541000|1905344|1550024,NA,NA,NA,0.03,0.001368951089264
SGB14027,kSGB,k__Bacteria|p__Firmicutes|c__Clostridia|o__Candidatus_Borkfalkiales|f__Candidatus_Borkfalkiaceae|g__Candidatus_Borkfalkia|s__Candidatus_Borkfalkia_ceftriaxoniphila|t__SGB14027,2|1239|186801|2508939|2508947|2508948|2508949,NA,NA,NA,0.03,0.001369768518263
SGB3574,uSGB,k__Bacteria|p__Firmicutes|c__CFGB1011|o__OFGB1011|f__FGB1011|g__GGB2653|s__GGB2653_SGB3574|t__SGB3574,2|1239|186801|186802,NA,NA,NA,0.03,0.00139770982131
SGB4742,kSGB,k__Bacteria|p__Firmicutes|c__Clostridia|o__Clostridiales|f__Clostridiaceae|g__Hungatella|s__Hungatella_hathewayi|t__SGB4742,2|1239|186801|186802|31979|1649459|154046,NA,NA,NA,0.03,0.001418328728064
SGB15124,uSGB,k__Bacteria|p__Firmicutes|c__Clostridia|o__Clostridiales|f__Ruminococcaceae|g__GGB9647|s__GGB9647_SGB15124|t__SGB15124,2|1239|186801|186802|541000,NA,NA,NA,0.03,0.001424748060666
SGB4328,uSGB,k__Bacteria|p__Firmicutes|c__Clostridia|o__Clostridiales|f__Eubacteriaceae|g__GGB3278|s__GGB3278_SGB4328|t__SGB4328,2|1239|186801|186802|186806,NA,NA,NA,0.03,0.001474693568869
SGB15108,uSGB,k__Bacteria|p__Firmicutes|c__Clostridia|o__Clostridiales|f__Ruminococcaceae|g__GGB9636|s__GGB9636_SGB15108|t__SGB15108,2|1239|186801|186802|541000,NA,NA,NA,0.03,0.001524630060319
SGB7144,kSGB,k__Bacteria|p__Firmicutes|c__Bacilli|o__Lactobacillales|f__Lactobacillaceae|g__Lactobacillus|s__Lactobacillus_rhamnosus|t__SGB7144,2|1239|91061|186826|33958|1578|47715,NA,NA,NA,0.03,0.001551931390506
SGB14853,kSGB,k__Bacteria|p__Firmicutes|c__Clostridia|o__Clostridiales|f__Ruminococcaceae|g__Ruminococcaceae_unclassified|s__Clostridium_leptum|t__SGB14853,2|1239|186801|186802|541000||1535,NA,NA,NA,0.03,0.001559344944005
SGB13982,uSGB,k__Bacteria|p__Firmicutes|c__CFGB2834|o__OFGB2834|f__FGB2834|g__GGB9063|s__GGB9063_SGB13982|t__SGB13982,2|1239|186801|2508939,NA,NA,NA,0.03,0.001574329429647
SGB1877,kSGB,k__Bacteria|p__Bacteroidetes|c__Bacteroidia|o__Bacteroidales|f__Bacteroidaceae|g__Bacteroides|s__Bacteroides_caccae|t__SGB1877,2|976|200643|171549|815|816|47678,0.86862529859299,0.48,0.06536312849162,0.05,0.001634490519108
SGB13983,uSGB,k__Bacteria|p__Firmicutes|c__CFGB2834|o__OFGB2834|f__FGB2834|g__GGB9064|s__GGB9064_SGB13983|t__SGB13983,2|1239|186801|2508939,NA,NA,NA,0.03,0.00163688619681
SGB15451,uSGB,k__Bacteria|p__Proteobacteria|c__Deltaproteobacteria|o__Desulfovibrionales|f__Desulfovibrionaceae|g__Bilophila|s__Bilophila_SGB15451|t__SGB15451,2|1224|28221|213115|194924|35832,NA,NA,NA,0.03,0.001642577175245
SGB15452,kSGB,k__Bacteria|p__Proteobacteria|c__Deltaproteobacteria|o__Desulfovibrionales|f__Desulfovibrionaceae|g__Bilophila|s__Bilophila_wadsworthia|t__SGB15452,2|1224|28221|213115|194924|35832|35833,0.87064441373003,0.39,0.019572417946402,0.019572417946402,0.001662103783443
SGB4184,uSGB,k__Bacteria|p__Firmicutes|c__CFGB1323|o__OFGB1323|f__FGB1323|g__GGB3170|s__GGB3170_SGB4184|t__SGB4184,2|1239|186801|186802,0.79627224810939,0.11,0.212626995645864,0.05,0.001664429304597
SGB4834,kSGB,k__Bacteria|p__Firmicutes|c__Clostridia|o__Clostridiales|f__Ruminococcaceae|g__Ruminococcus|s__Ruminococcus_sp_AF13_28|t__SGB4834,2|1239|186801|186802|541000|1263|2292377,NA,NA,NA,0.03,0.001732182334289
SGB1855,kSGB,k__Bacteria|p__Bacteroidetes|c__Bacteroidia|o__Bacteroidales|f__Bacteroidaceae|g__Bacteroides|s__Bacteroides_fragilis|t__SGB1855,2|976|200643|171549|815|816|817,0.95069648093842,0.32,0.021739130434783,0.021739130434783,0.001770907152596
SGB6571,uSGB,k__Bacteria|p__Bacteroidetes|c__CFGB1787|o__OFGB1787|f__FGB1787|g__GGB4745|s__GGB4745_SGB6571|t__SGB6571,2|976|200643|171549,NA,NA,NA,0.03,0.001812240688762
SGB14899,uSGB,k__Bacteria|p__Firmicutes|c__CFGB3023|o__OFGB3023|f__FGB3023|g__GGB9502|s__GGB9502_SGB14899|t__SGB14899,2|1239|186801|186802,NA,NA,NA,0.03,0.001825807318381
SGB4816,kSGB,k__Bacteria|p__Firmicutes|c__Clostridia|o__Clostridiales|f__Ruminococcaceae|g__Ruminococcus|s__Ruminococcus_sp_AF31_8BH|t__SGB4816,2|1239|186801|186802|541000|1263|2293174,NA,NA,NA,0.03,0.001892705716096
SGB9228,kSGB,k__Bacteria|p__Verrucomicrobia|c__Verrucomicrobiae|o__Verrucomicrobiales|f__Akkermansiaceae|g__Akkermansia|s__Akkermansia_muciniphila|t__SGB9228,2|74201|203494|48461|1647988|239934|239935,NA,NA,NA,0.03,0.001897613312942
SGB4046,kSGB,k__Bacteria|p__Firmicutes|c__Erysipelotrichia|o__Erysipelotrichales|f__Erysipelotrichaceae|g__Holdemania|s__Holdemania_filiformis|t__SGB4046,2|1239|526524|526525|128827|61170|61171,NA,NA,NA,0.03,0.001912669876772
SGB6420,uSGB,k__Bacteria|p__Firmicutes|c__CFGB1776|o__OFGB1776|f__FGB1776|g__GGB4641|s__GGB4641_SGB6420|t__SGB6420,2|1239|91061|1385,NA,NA,NA,0.03,0.001933616185728
SGB5118,kSGB,k__Bacteria|p__Firmicutes|c__Clostridia|o__Clostridiales|f__Lachnospiraceae|g__Coprococcus|s__Coprococcus_eutactus|t__SGB5118,2|1239|186801|186802|186803|33042|33043,NA,NA,NA,0.03,0.00193922217449
SGB14263,uSGB,k__Bacteria|p__Firmicutes|c__CFGB2960|o__OFGB2960|f__FGB2960|g__GGB9302|s__GGB9302_SGB14263|t__SGB14263,2|1239|186801|186802,NA,NA,NA,0.03,0.001940967991093
SGB1957,uSGB,k__Bacteria|p__Bacteroidetes|c__CFGB602|o__OFGB602|f__FGB602|g__GGB1420|s__GGB1420_SGB1957|t__SGB1957,2|976|200643|171549,NA,NA,NA,0.03,0.001952535757022
SGB2325,kSGB,k__Bacteria|p__Bacteroidetes|c__Bacteroidia|o__Bacteroidales|f__Rikenellaceae|g__Alistipes|s__Alistipes_indistinctus|t__SGB2325,2|976|200643|171549|171550|239759|626932,NA,NA,NA,0.03,0.00200860327354
SGB10130,kSGB,k__Bacteria|p__Proteobacteria|c__Gammaproteobacteria|o__Enterobacterales|f__Enterobacteriaceae|g__Enterobacter|s__Enterobacter_hormaechei|t__SGB10130,2|1224|1236|91347|543|547|158836,NA,NA,NA,0.03,0.002014310318031
SGB15078,kSGB,k__Bacteria|p__Firmicutes|c__Clostridia|o__Clostridiales|f__Oscillospiraceae|g__Oscillibacter|s__Oscillibacter_sp_KLE_1728|t__SGB15078,2|1239|186801|186802|216572|459786|1226322,0.42992644212156,0.74,0.16,0.05,0.002060268026477
SGB5072,uSGB,k__Bacteria|p__Firmicutes|c__Clostridia|o__Clostridiales|f__Eubacteriaceae|g__GGB3738|s__GGB3738_SGB5072|t__SGB5072,2|1239|186801|186802|186806,NA,NA,NA,0.03,0.002060461757779
SGB13981,uSGB,k__Bacteria|p__Firmicutes|c__CFGB2834|o__OFGB2834|f__FGB2834|g__GGB9062|s__GGB9062_SGB13981|t__SGB13981,2|1239|186801|2508939,NA,NA,NA,0.03,0.00206224364923
SGB4844,kSGB,k__Bacteria|p__Firmicutes|c__Clostridia|o__Clostridiales|f__Lachnospiraceae|g__Blautia|s__Blautia_wexlerae|t__SGB4844,2|1239|186801|186802|186803|572511|418240,0.70417938540983,0.51,0.009562584820963,0.009562584820963,0.002062406007471
SGB4617,kSGB,k__Bacteria|p__Firmicutes|c__Clostridia|o__Clostridiales|f__Lachnospiraceae|g__Sellimonas|s__Sellimonas_intestinalis|t__SGB4617,2|1239|186801|186802|186803|1769710|1653434,NA,NA,NA,0.03,0.002075511669268
SGB7858,kSGB,k__Bacteria|p__Firmicutes|c__Bacilli|o__Bacillales|f__Staphylococcaceae|g__Staphylococcus|s__Staphylococcus_hominis|t__SGB7858,2|1239|91061|1385|90964|1279|1290,NA,NA,NA,0.03,0.002089451018183
SGB4669,uSGB,k__Bacteria|p__Firmicutes|c__Clostridia|o__Clostridiales|f__Lachnospiraceae|g__Coprococcus|s__Coprococcus_SGB4669|t__SGB4669,2|1239|186801|186802|186803|33042,NA,NA,NA,0.03,0.002098737816543
SGB5803,kSGB,k__Bacteria|p__Firmicutes|c__Negativicutes|o__Veillonellales|f__Veillonellaceae|g__Dialister|s__Dialister_sp_Marseille_P5638|t__SGB5803,2|1239|909932|1843489|31977|39948|2161821,NA,NA,NA,0.03,0.002138379501377
SGB6601,uSGB,k__Bacteria|p__Firmicutes|c__CFGB1798|o__OFGB1798|f__FGB1798|g__GGB4768|s__GGB4768_SGB6601|t__SGB6601,2|1239|186801|186802,NA,NA,NA,0.03,0.002149168996694
SGB6970,uSGB,k__Bacteria|p__Firmicutes|c__CFGB1877|o__OFGB1877|f__FGB1877|g__GGB4978|s__GGB4978_SGB6970|t__SGB6970,2|1239|909932|909929,NA,NA,NA,0.03,0.002155176590113
SGB6602,uSGB,k__Bacteria|p__Firmicutes|c__CFGB1798|o__OFGB1798|f__FGB1798|g__GGB4769|s__GGB4769_SGB6602|t__SGB6602,2|1239|526524|526525,NA,NA,NA,0.03,0.002167603153154
SGB4648,uSGB,k__Bacteria|p__Firmicutes|c__Clostridia|o__Clostridiales|f__Clostridiaceae|g__GGB3480|s__GGB3480_SGB4648|t__SGB4648,2|1239|186801|186802|31979,NA,NA,NA,0.03,0.002186920095954
SGB15143,uSGB,k__Bacteria|p__Firmicutes|c__Clostridia|o__Clostridiales|f__Ruminococcaceae|g__GGB9659|s__GGB9659_SGB15143|t__SGB15143,2|1239|186801|186802|541000,NA,NA,NA,0.03,0.002187474256449
SGB4712,kSGB,k__Bacteria|p__Firmicutes|c__Clostridia|o__Clostridiales|f__Clostridiaceae|g__Clostridium|s__Clostridium_sp_AF27_2AA|t__SGB4712,2|1239|186801|186802|31979|1485|2292206,NA,NA,NA,0.03,0.002190884418708
SGB15126,kSGB,k__Bacteria|p__Firmicutes|c__Clostridia|o__Clostridiales|f__Clostridiales_unclassified|g__Intestinimonas|s__Intestinimonas_butyriciproducens|t__SGB15126,2|1239|186801|186802||1392389|1297617,NA,NA,NA,0.03,0.002192616481993
SGB5742,kSGB,k__Bacteria|p__Firmicutes|c__Negativicutes|o__Acidaminococcales|f__Acidaminococcaceae|g__Acidaminococcus|s__Acidaminococcus_massiliensis|t__SGB5742,2|1239|909932|1843488|909930|904|1852375,NA,NA,NA,0.03,0.002232252154881
SGB4274,uSGB,k__Bacteria|p__Firmicutes|c__Clostridia|o__Clostridiales|f__Ruminococcaceae|g__GGB3236|s__GGB3236_SGB4274|t__SGB4274,2|1239|186801|186802|541000,NA,NA,NA,0.03,0.002234827946068
SGB1790,kSGB,k__Bacteria|p__Bacteroidetes|c__Bacteroidia|o__Bacteroidales|f__Odoribacteraceae|g__Odoribacter|s__Odoribacter_splanchnicus|t__SGB1790,2|976|200643|171549|1853231|283168|28118,0.63512252418943,0.51,0.057582394102879,0.05,0.002238603057841
SGB5792,kSGB,k__Bacteria|p__Firmicutes|c__Negativicutes|o__Acidaminococcales|f__Acidaminococcaceae|g__Phascolarctobacterium|s__Phascolarctobacterium_faecium|t__SGB5792,2|1239|909932|1843488|909930|33024|33025,0.91018438490349,0.32,0.042183622828784,0.042183622828784,0.002265290479221
SGB5858,kSGB,k__Bacteria|p__Firmicutes|c__Negativicutes|o__Veillonellales|f__Veillonellaceae|g__Megasphaera|s__Megasphaera_sp_BL7|t__SGB5858,2|1239|909932|1843489|31977|906|1273103,NA,NA,NA,0.03,0.002268921772249
SGB12676,kSGB,k__Bacteria|p__Proteobacteria|c__Betaproteobacteria|o__Burkholderiales|f__Comamonadaceae|g__Comamonas|s__Comamonas_kerstersii|t__SGB12676,2|1224|28216|80840|80864|283|225992,NA,NA,NA,0.03,0.002301860475415
SGB6178,kSGB,k__Bacteria|p__Firmicutes|c__Clostridia|o__Clostridiales|f__Clostridiaceae|g__Clostridium|s__Clostridium_disporicum|t__SGB6178,2|1239|186801|186802|31979|1485|84024,NA,NA,NA,0.03,0.002304683952773
SGB4581,kSGB,k__Bacteria|p__Firmicutes|c__Clostridia|o__Clostridiales|f__Lachnospiraceae|g__Dorea|s__Dorea_longicatena|t__SGB4581,2|1239|186801|186802|186803|189330|88431,0.81282176518732,0.62,0.036159079016222,0.036159079016222,0.002311671472611
SGB9286,kSGB,k__Bacteria|p__Proteobacteria|c__Betaproteobacteria|o__Burkholderiales|f__Sutterellaceae|g__Sutterella|s__Sutterella_wadsworthensis|t__SGB9286,2|1224|28216|80840|995019|40544|40545,0.91327079349904,0.37,0.009920634920635,0.009920634920635,0.002316295038385
SGB4914,kSGB,k__Bacteria|p__Firmicutes|c__Clostridia|o__Clostridiales|f__Clostridiaceae|g__Clostridium|s__Clostridium_sp_AF34_10BH|t__SGB4914,2|1239|186801|186802|31979|1485|2293019,0.80848394972689,0.42,0.006474766908391,0.006474766908391,2.40E-03
SGB4749,kSGB,k__Bacteria|p__Firmicutes|c__Clostridia|o__Clostridiales|f__Clostridiaceae|g__Clostridium|s__Clostridium_sp_AM22_11AC|t__SGB4749,2|1239|186801|186802|31979|1485|2293024,0.5860153450387,0.64,0.063888888888889,0.05,0.002429830878761
SGB6308,uSGB,k__Bacteria|p__Firmicutes|c__CFGB1765|o__OFGB1765|f__FGB1765|g__GGB4567|s__GGB4567_SGB6308|t__SGB6308,2|1239|186801|186802,NA,NA,NA,0.03,0.002431742628872
SGB1846,kSGB,k__Bacteria|p__Bacteroidetes|c__Bacteroidia|o__Bacteroidales|f__Bacteroidaceae|g__Bacteroides|s__Bacteroides_intestinalis|t__SGB1846,2|976|200643|171549|815|816|329854,0.89243388014731,0.1,0.015728977616455,0.015728977616455,0.002438353939621
SGB15154,kSGB,k__Bacteria|p__Firmicutes|c__Clostridia|o__Clostridiales|f__Clostridiaceae|g__Clostridium|s__Clostridium_phoceensis|t__SGB15154,2|1239|186801|186802|31979|1485|1650661,0.70787725935267,0.87,0.148633879781421,0.05,0.002442761933157
SGB4637,uSGB,k__Bacteria|p__Firmicutes|c__CFGB1419|o__OFGB1419|f__FGB1419|g__GGB3474|s__GGB3474_SGB4637|t__SGB4637,2|1239|186801|186802,NA,NA,NA,0.03,0.002443450372525
SGB9299,uSGB,k__Bacteria|p__Proteobacteria|c__Betaproteobacteria|o__Burkholderiales|f__Sutterellaceae|g__GGB6578|s__GGB6578_SGB9299|t__SGB9299,2|1224|28216|80840|995019,NA,NA,NA,0.03,0.00254420648898
SGB1836_group,kSGB,k__Bacteria|p__Bacteroidetes|c__Bacteroidia|o__Bacteroidales|f__Bacteroidaceae|g__Bacteroides|s__Bacteroides_uniformis|t__SGB1836;k__Bacteria|p__Bacteroidetes|c__Bacteroidia|o__Bacteroidales|f__Bacteroidaceae|g__Bacteroides|s__Bacteroides_rodentium|t__SGB27789,2|976|200643|171549|815|816|820,0.89476767184842,0.28,0.018794404160258,0.018794404160258,0.002560182935023
SGB2328,kSGB,k__Bacteria|p__Bacteroidetes|c__Bacteroidia|o__Bacteroidales|f__Rikenellaceae|g__Alistipes|s__Alistipes_ihumii|t__SGB2328,2|976|200643|171549|171550|239759|1470347,NA,NA,NA,0.03,0.002564563428189
SGB4659,kSGB,k__Bacteria|p__Firmicutes|c__Clostridia|o__Clostridiales|f__Clostridiaceae|g__Clostridium|s__Clostridium_sp_AF34_13|t__SGB4659,2|1239|186801|186802|186803||1703332,NA,NA,NA,0.03,0.002580962397373
SGB4532,kSGB,k__Bacteria|p__Firmicutes|c__Clostridia|o__Clostridiales|f__Lachnospiraceae|g__Anaerobutyricum|s__Anaerobutyricum_hallii|t__SGB4532,2|1239|186801|186802|186803|2569097|39488,0.81922252196168,0.53,0.022144522144522,0.022144522144522,0.002614268687164
SGB4753,kSGB,k__Bacteria|p__Firmicutes|c__Clostridia|o__Clostridiales|f__Clostridiaceae|g__Clostridium|s__Clostridium_sp_AT4|t__SGB4753,2|1239|186801|186802|31979|1485|1720194,NA,NA,NA,0.03,0.002647549173321
SGB15342,kSGB,k__Bacteria|p__Firmicutes|c__Clostridia|o__Clostridiales|f__Ruminococcaceae|g__Faecalibacterium|s__Faecalibacterium_prausnitzii|t__SGB15342,2|1239|186801|186802|541000|216851|853,0.65638747248293,0.49,0.031550689228727,0.031550689228727,2.66E-03
SGB4327,uSGB,k__Bacteria|p__Firmicutes|c__Clostridia|o__Clostridiales|f__Eubacteriaceae|g__GGB3277|s__GGB3277_SGB4327|t__SGB4327,2|1239|186801|186802|186806,0.96566801619433,0.07,0.1,0.05,0.002672390857965
SGB5910_group,uSGB,k__Bacteria|p__Firmicutes|c__Negativicutes|o__Selenomonadales|f__Selenomonadaceae|g__Selenomonas|s__Selenomonas_SGB5910|t__SGB5910;k__Bacteria|p__Firmicutes|c__Negativicutes|o__Selenomonadales|f__Selenomonadaceae|g__Selenomonas|s__Selenomonas_bovis|t__SGB5911,2|1239|909932|909929|1843491|970,NA,NA,NA,0.03,0.002687309866234
SGB4811,kSGB,k__Bacteria|p__Firmicutes|c__Clostridia|o__Clostridiales|f__Lachnospiraceae|g__Blautia|s__Blautia_obeum|t__SGB4811,2|1239|186801|186802|186803|572511|40520,0.65437377192344,0.48,0.006593406593407,0.006593406593407,0.002744769103469
SGB17244,kSGB,k__Bacteria|p__Actinobacteria|c__Actinobacteria|o__Bifidobacteriales|f__Bifidobacteriaceae|g__Bifidobacterium|s__Bifidobacterium_adolescentis|t__SGB17244,2|201174|1760|85004|31953|1678|1680,0.80499182716925,0.72,0.041505791505792,0.041505791505792,0.002745401811914
SGB4874,kSGB,k__Bacteria|p__Firmicutes|c__Clostridia|o__Clostridiales|f__Lachnospiraceae|g__Fusicatenibacter|s__Fusicatenibacter_saccharivorans|t__SGB4874,2|1239|186801|186802|186803|1407607|1150298,0.83368956475614,0.51,0.009523619374676,0.009523619374676,0.002809529058515
SGB17248,kSGB,k__Bacteria|p__Actinobacteria|c__Actinobacteria|o__Bifidobacteriales|f__Bifidobacteriaceae|g__Bifidobacterium|s__Bifidobacterium_longum|t__SGB17248,2|201174|1760|85004|31953|1678|216816,0.69398868091072,0.5,0.015683345780433,0.015683345780433,0.002818645416912
SGB1891,kSGB,k__Bacteria|p__Bacteroidetes|c__Bacteroidia|o__Bacteroidales|f__Bacteroidaceae|g__Bacteroides|s__Bacteroides_coprocola|t__SGB1891,2|976|200643|171549|815|816|310298,NA,NA,NA,0.03,0.002857731308454
SGB1862,kSGB,k__Bacteria|p__Bacteroidetes|c__Bacteroidia|o__Bacteroidales|f__Bacteroidaceae|g__Bacteroides|s__Bacteroides_finegoldii|t__SGB1862,2|976|200643|171549|815|816|338188,0.7793583056741,0.44,0.099846390168971,0.05,0.002869260249922
SGB10115_group,kSGB,k__Bacteria|p__Proteobacteria|c__Gammaproteobacteria|o__Enterobacterales|f__Enterobacteriaceae|g__Klebsiella|s__Klebsiella_pneumoniae|t__SGB10115;k__Bacteria|p__Proteobacteria|c__Gammaproteobacteria|o__Enterobacterales|f__Enterobacteriaceae|g__Raoultella|s__Raoultella_ornithinolytica|t__SGB10125,2|1224|1236|91347|543|570|573,NA,NA,NA,0.03,0.002915203869584
SGB4588_group,kSGB,k__Bacteria|p__Firmicutes|c__Clostridia|o__Clostridiales|f__Lachnospiraceae|g__Tyzzerella|s__Tyzzerella_nexilis|t__SGB4588;k__Bacteria|p__Firmicutes|c__Clostridia|o__Clostridiales|f__Lachnospiraceae|g__Tyzzerella|s__Tyzzerella_SGB4587|t__SGB4587,2|1239|186801|186802|186803|1506577|29361,NA,NA,NA,0.03,0.002921461829659
SGB14114,uSGB,k__Bacteria|p__Firmicutes|c__CFGB2875|o__OFGB2875|f__FGB2875|g__GGB9176|s__GGB9176_SGB14114|t__SGB14114,2|1239|91061|1385,0.89408776707164,0.13,0.004101161995899,0.004101161995899,0.002937170162459
SGB17237,kSGB,k__Bacteria|p__Actinobacteria|c__Actinobacteria|o__Bifidobacteriales|f__Bifidobacteriaceae|g__Bifidobacterium|s__Bifidobacterium_pseudocatenulatum|t__SGB17237,2|201174|1760|85004|31953|1678|28026,NA,NA,NA,0.03,0.00296883374155
SGB5060,uSGB,k__Bacteria|p__Firmicutes|c__CFGB1473|o__OFGB1473|f__FGB1473|g__GGB3730|s__GGB3730_SGB5060|t__SGB5060,2|1239|186801|186802,NA,NA,NA,0.03,0.002997102363002
SGB4810,kSGB,k__Bacteria|p__Firmicutes|c__Clostridia|o__Clostridiales|f__Lachnospiraceae|g__Blautia|s__Blautia_sp_AF19_10LB|t__SGB4810,2|1239|186801|186802|186803|572511|2292961,NA,NA,NA,0.03,0.003018037582214
SGB9262,kSGB,k__Bacteria|p__Proteobacteria|c__Betaproteobacteria|o__Burkholderiales|f__Sutterellaceae|g__Parasutterella|s__Parasutterella_excrementihominis|t__SGB9262,2|1224|28216|80840|||469610,0.78805120910384,0.49,0.068421052631579,0.05,0.003025757695802
SGB14317,uSGB,k__Bacteria|p__Firmicutes|c__CFGB2984|o__OFGB2984|f__FGB2984|g__GGB9350|s__GGB9350_SGB14317|t__SGB14317,2|1239|186801|186802,NA,NA,NA,0.03,0.003070501954246
SGB1797,kSGB,k__Bacteria|p__Bacteroidetes|c__Bacteroidia|o__Bacteroidales|f__Prevotellaceae|g__Paraprevotella|s__Paraprevotella_xylaniphila|t__SGB1797,2|976|200643|171549|171552|577309|454155,NA,NA,NA,0.03,0.003089665409639
SGB4584,kSGB,k__Bacteria|p__Firmicutes|c__Clostridia|o__Clostridiales|f__Lachnospiraceae|g__Blautia|s__Ruminococcus_gnavus|t__SGB4584,2|1239|186801|186802|186803|572511|33038,NA,NA,NA,0.03,0.003134937341682
SGB5075,kSGB,k__Bacteria|p__Firmicutes|c__Clostridia|o__Clostridiales|f__Lachnospiraceae|g__Lachnospira|s__Lachnospira_pectinoschiza|t__SGB5075,2|1239|186801|186802|186803|28050|28052,0.86850648579773,0.44,0.002011494252874,0.002011494252874,0.003175018937463
SGB14809,kSGB,k__Bacteria|p__Actinobacteria|c__Coriobacteriia|o__Eggerthellales|f__Eggerthellaceae|g__Eggerthella|s__Eggerthella_lenta|t__SGB14809,2|201174|84998|1643822|1643826|84111|84112,NA,NA,NA,0.03,0.003183865743916
SGB1303,uSGB,k__Bacteria|p__Bacteroidetes|c__CFGB484|o__OFGB484|f__FGB484|g__GGB1010|s__GGB1010_SGB1303|t__SGB1303,2|976|200643|171549,NA,NA,NA,0.03,0.003189041186582
SGB15090,uSGB,k__Bacteria|p__Firmicutes|c__Clostridia|o__Clostridiales|f__Ruminococcaceae|g__GGB9633|s__GGB9633_SGB15090|t__SGB15090,2|1239|186801|186802|541000,0.94617859316581,0.17,0.030142781597039,0.030142781597039,0.003213432109474
SGB4583,kSGB,k__Bacteria|p__Firmicutes|c__Clostridia|o__Clostridiales|f__Lachnospiraceae|g__Faecalimonas|s__Faecalimonas_umbilicata|t__SGB4583,2|1239|186801|186802|186803|2005355|1912855,NA,NA,NA,0.03,0.003213929583258
SGB2230,uSGB,k__Bacteria|p__Bacteroidetes|c__CFGB649|o__OFGB649|f__FGB649|g__GGB1627|s__GGB1627_SGB2230|t__SGB2230,2|976|200643|171549,NA,NA,NA,0.03,0.003215268984296
SGB8590,uSGB,k__Bacteria|p__Firmicutes|c__CFGB2102|o__OFGB2102|f__FGB2102|g__GGB5973|s__GGB5973_SGB8590|t__SGB8590,2|1239|91061|186826,NA,NA,NA,0.03,0.003252688674292
SGB15159,kSGB,k__Bacteria|p__Firmicutes|c__Clostridia|o__Clostridiales|f__Clostridiales_unclassified|g__Clostridiales_unclassified|s__Clostridiales_bacterium_CCNA10|t__SGB15159,2|1239|186801|186802|||2109688,0.74766375787032,0.2,0.082828282828283,0.05,0.003289337180761
SGB6754,kSGB,k__Bacteria|p__Firmicutes|c__Erysipelotrichia|o__Erysipelotrichales|f__Erysipelotrichaceae|g__Faecalibacillus|s__Faecalibacillus_intestinalis|t__SGB6754,2||||||1504823,0.92481707317073,0.37,0.030379746835443,0.030379746835443,0.003353170432855
SGB1664,uSGB,k__Bacteria|p__Bacteroidetes|c__Bacteroidia|o__Bacteroidales|f__Prevotellaceae|g__GGB1244|s__GGB1244_SGB1664|t__SGB1664,2|976|200643|171549|171552,NA,NA,NA,0.03,0.003376463014399
SGB7980_group,kSGB,k__Bacteria|p__Firmicutes|c__Bacilli|o__Lactobacillales|f__Streptococcaceae|g__Lactococcus|s__Lactococcus_garvieae|t__SGB7980;k__Bacteria|p__Firmicutes|c__Bacilli|o__Lactobacillales|f__Streptococcaceae|g__Lactococcus|s__Lactococcus_garvieae|t__SGB7979,2|1239|91061|186826|1300|1357|1363,NA,NA,NA,0.03,0.003380807619925
SGB9273,kSGB,k__Bacteria|p__Proteobacteria|c__Betaproteobacteria|o__Burkholderiales|f__Sutterellaceae|g__Duodenibacillus|s__Duodenibacillus_massiliensis|t__SGB9273,2|1224|28216|80840|995019|1980697|1852381,NA,NA,NA,0.03,0.003391322572863
SGB13999,uSGB,k__Bacteria|p__Firmicutes|c__CFGB2837|o__OFGB2837|f__FGB2837|g__GGB9076|s__GGB9076_SGB13999|t__SGB13999,2|1239|91061|186826,NA,NA,NA,0.03,0.003391617872384
SGB5065,kSGB,k__Bacteria|p__Firmicutes|c__Clostridia|o__Clostridiales|f__Lachnospiraceae|g__Butyrivibrio|s__Butyrivibrio_crossotus|t__SGB5065,2|1239|186801|186802|186803|830|45851,0.94642857142857,0.06,0.001298701298701,0.001298701298701,0.003392121239347
SGB15127,kSGB,k__Bacteria|p__Firmicutes|c__Clostridia|o__Clostridiales|f__Clostridiales_unclassified|g__Intestinimonas|s__Intestinimonas_massiliensis|t__SGB15127,2|1239|186801|186802||1392389|1673721,NA,NA,NA,0.03,0.003401220440896
SGB4714,kSGB,k__Bacteria|p__Firmicutes|c__Clostridia|o__Clostridiales|f__Clostridiaceae|g__Clostridium|s__Clostridium_sp_AF20_17LB|t__SGB4714,2|1239|186801|186802|31979|1485|2292009,NA,NA,NA,0.03,0.003406715221788
SGB5042,kSGB,k__Bacteria|p__Firmicutes|c__Clostridia|o__Clostridiales|f__Eubacteriaceae|g__Eubacterium|s__Eubacterium_sp_AF15_50|t__SGB5042,2|1239|186801|186802|186806|1730|2293104,NA,NA,NA,0.03,0.003423296844981
SGB8619,uSGB,k__Bacteria|p__Candidatus_Melainabacteria|c__Candidatus_Melainabacteria_unclassified|o__Candidatus_Gastranaerophilales|f__Candidatus_Gastranaerophilales_unclassified|g__GGB5996|s__GGB5996_SGB8619|t__SGB8619,2|1798710||1906119|,NA,NA,NA,0.03,0.003441217554529
SGB4832,kSGB,k__Bacteria|p__Firmicutes|c__Clostridia|o__Clostridiales|f__Ruminococcaceae|g__Ruminococcus|s__Ruminococcus_sp_AF21_42|t__SGB4832,2|1239|186801|186802|541000|1263|2292251,NA,NA,NA,0.03,0.003458388658852
SGB9203,kSGB,k__Bacteria|p__Lentisphaerae|c__Lentisphaeria|o__Victivallales|f__Victivallales_unclassified|g__Victivallales_unclassified|s__Victivallales_bacterium_CCUG_44730|t__SGB9203,2|256845|1313211|278082|||2094242,NA,NA,NA,0.03,0.003469739125975
SGB4721,uSGB,k__Bacteria|p__Firmicutes|c__Clostridia|o__Clostridiales|f__Clostridiaceae|g__GGB3533|s__GGB3533_SGB4721|t__SGB4721,2|1239|186801|186802|31979,NA,NA,NA,0.03,0.003470174705507
SGB6579,uSGB,k__Bacteria|p__Firmicutes|c__CFGB1787|o__OFGB1787|f__FGB1787|g__GGB4750|s__GGB4750_SGB6579|t__SGB6579,2|1239|91061|1385,NA,NA,NA,0.03,0.003472058421365
SGB4643,uSGB,k__Bacteria|p__Firmicutes|c__Clostridia|o__Clostridiales|f__Clostridiaceae|g__GGB3478|s__GGB3478_SGB4643|t__SGB4643,2|1239|186801|186802|31979,NA,NA,NA,0.03,0.00347422392943
SGB4987,kSGB,k__Bacteria|p__Firmicutes|c__Clostridia|o__Clostridiales|f__Lachnospiraceae|g__Eisenbergiella|s__Eisenbergiella_massiliensis|t__SGB4987,2|1239|186801|186802|186803|1432051|1720294,NA,NA,NA,0.03,0.003474562147328
SGB4395,uSGB,k__Bacteria|p__Firmicutes|c__CFGB1359|o__OFGB1359|f__FGB1359|g__GGB3321|s__GGB3321_SGB4395|t__SGB4395,2|1239|186801|186802,NA,NA,NA,0.03,0.003561945630703
SGB4540,kSGB,k__Bacteria|p__Firmicutes|c__Clostridia|o__Clostridiales|f__Lachnospiraceae|g__Anaerostipes|s__Anaerostipes_hadrus|t__SGB4540,2|1239|186801|186802|186803|207244|649756,0.76044939588269,0.5,0.004343275771847,0.004343275771847,0.003566144696594
SGB4709,kSGB,k__Bacteria|p__Firmicutes|c__Clostridia|o__Clostridiales|f__Clostridiaceae|g__Clostridium|s__Clostridium_sp_AM42_4|t__SGB4709,2|1239|186801|186802|31979|1485|2292305,NA,NA,NA,0.03,0.003567374686115
SGB1832,kSGB,k__Bacteria|p__Bacteroidetes|c__Bacteroidia|o__Bacteroidales|f__Bacteroidaceae|g__Bacteroides|s__Bacteroides_clarus|t__SGB1832,2|976|200643|171549|815|816|626929,NA,NA,NA,0.03,0.003568344470298
SGB6329,uSGB,k__Bacteria|p__Firmicutes|c__CFGB1765|o__OFGB1765|f__FGB1765|g__GGB4579|s__GGB4579_SGB6329|t__SGB6329,2|1239|186801|186802,NA,NA,NA,0.03,0.003580306459971
SGB5111,kSGB,k__Bacteria|p__Firmicutes|c__Clostridia|o__Clostridiales|f__Clostridiaceae|g__Clostridium|s__Clostridium_sp_AF15_49|t__SGB5111,2|1239|186801|186802|31979|1485|2292999,0.87680047225502,0.44,0.008006672226856,0.008006672226856,0.003587978962376
SGB15132,kSGB,k__Bacteria|p__Firmicutes|c__Clostridia|o__Clostridiales|f__Ruminococcaceae|g__Flavonifractor|s__Flavonifractor_plautii|t__SGB15132,2|1239|186801|186802|541000|946234|292800,0.65913416174895,0.53,0.057644110275689,0.05,0.003608180126269
SGB4951,kSGB,k__Bacteria|p__Firmicutes|c__Clostridia|o__Clostridiales|f__Lachnospiraceae|g__Roseburia|s__Roseburia_intestinalis|t__SGB4951,2|1239|186801|186802|186803|841|166486,0.83236871058218,0.43,0.004100270245084,0.004100270245084,0.003618817833709
SGB4960,kSGB,k__Bacteria|p__Firmicutes|c__Clostridia|o__Clostridiales|f__Eubacteriaceae|g__Eubacterium|s__Eubacterium_ramulus|t__SGB4960,2|1239|186801|186802|186806|1730|39490,NA,NA,NA,0.03,0.003646156181259
SGB6750,kSGB,k__Bacteria|p__Firmicutes|c__Erysipelotrichia|o__Erysipelotrichales|f__Erysipelotrichaceae|g__Faecalibacillus|s__Faecalibacillus_faecis|t__SGB6750,2|1239|526524|526525|128827|100883|450746,NA,NA,NA,0.03,0.003650184221278
SGB14954,uSGB,k__Bacteria|p__Firmicutes|c__CFGB3042|o__OFGB3042|f__FGB3042|g__GGB9547|s__GGB9547_SGB14954|t__SGB14954,2|1239|186801|186802,NA,NA,NA,0.03,0.003672263939597
SGB4557,kSGB,k__Bacteria|p__Firmicutes|c__Clostridia|o__Clostridiales|f__Ruminococcaceae|g__Ruminococcus|s__Ruminococcus_lactaris|t__SGB4557,2|1239|186801|186802|541000|1263|46228,0.75866522986942,0.41,0.015888615888616,0.015888615888616,0.003708107544999
SGB14311,uSGB,k__Bacteria|p__Firmicutes|c__CFGB2984|o__OFGB2984|f__FGB2984|g__GGB9345|s__GGB9345_SGB14311|t__SGB14311,2|1239|186801|186802,0.80100047725947,0.45,0.023694927804517,0.023694927804517,0.003713780618658
SGB4198,kSGB,k__Bacteria|p__Firmicutes|c__Clostridia|o__Clostridiales|f__Ruminococcaceae|g__Ruminococcaceae_unclassified|s__Eubacterium_siraeum|t__SGB4198,2|1239|186801|186802|541000||39492,0.89317678131313,0.03,0.029315673289183,0.029315673289183,0.003749579843507
SGB14250,uSGB,k__Bacteria|p__Firmicutes|c__CFGB2951|o__OFGB2951|f__FGB2951|g__GGB9293|s__GGB9293_SGB14250|t__SGB14250,2|1239|186801|186802,NA,NA,NA,0.03,0.003777912939272
SGB4871,uSGB,k__Bacteria|p__Firmicutes|c__Clostridia|o__Clostridiales|f__Lachnospiraceae|g__GGB3607|s__GGB3607_SGB4871|t__SGB4871,2|1239|186801|186802|186803,0.86753246753247,0.56,0.030075187969925,0.030075187969925,0.003793033046512
SGB6305,uSGB,k__Bacteria|p__Firmicutes|c__CFGB1765|o__OFGB1765|f__FGB1765|g__GGB4566|s__GGB4566_SGB6305|t__SGB6305,2|1239|186801|186802,NA,NA,NA,0.03,0.003805569537419
SGB4638,uSGB,k__Bacteria|p__Firmicutes|c__CFGB1419|o__OFGB1419|f__FGB1419|g__GGB3475|s__GGB3475_SGB4638|t__SGB4638,2|1239|186801|186802,NA,NA,NA,0.03,0.003819810874793
SGB4910,kSGB,k__Bacteria|p__Firmicutes|c__Firmicutes_unclassified|o__Firmicutes_unclassified|f__Firmicutes_unclassified|g__Firmicutes_unclassified|s__Firmicutes_bacterium_AF22_6AC|t__SGB4910,2|1239|||||2292897,0.74082471201115,0.46,0.032360300250209,0.032360300250209,0.00382569352593
SGB6817,kSGB,k__Bacteria|p__Chlamydiae|c__Chlamydiia|o__Chlamydiales|f__Chlamydiaceae|g__Chlamydia|s__Chlamydia_trachomatis|t__SGB6817,2|204428|204429|51291|809|810|813,NA,NA,NA,0.03,0.003869926285581
SGB15081,uSGB,k__Bacteria|p__Firmicutes|c__Clostridia|o__Clostridiales|f__Ruminococcaceae|g__GGB9627|s__GGB9627_SGB15081|t__SGB15081,2|1239|186801|186802|541000,NA,NA,NA,0.03,0.003903296217469
SGB3934,kSGB,k__Bacteria|p__Firmicutes|c__Clostridia|o__Clostridiales|f__Clostridiales_Family_XIII_Incertae_Sedis|g__Clostridiales_Family_XIII_Incertae_Sedis_unclassified|s__Eubacterium_sulci|t__SGB3934,2|1239|186801|186802|543314||143393,NA,NA,NA,0.03,0.003950518226741
SGB1404,uSGB,k__Bacteria|p__Bacteroidetes|c__CFGB529|o__OFGB529|f__FGB529|g__GGB1093|s__GGB1093_SGB1404|t__SGB1404,2|976|200643|171549,NA,NA,NA,0.03,0.003995932017222
SGB4780,uSGB,k__Bacteria|p__Firmicutes|c__Clostridia|o__Clostridiales|f__Lachnospiraceae|g__Blautia|s__Blautia_SGB4780|t__SGB4780,2|1239|186801|186802|186803|572511,NA,NA,NA,0.03,0.004007499350052
SGB1963,kSGB,k__Bacteria|p__Bacteroidetes|c__Bacteroidia|o__Bacteroidales|f__Barnesiellaceae|g__Coprobacter|s__Coprobacter_fastidiosus|t__SGB1963,2|976|200643|171549|2005525|195950|665949,NA,NA,NA,0.03,0.004007609432129
SGB2318,kSGB,k__Bacteria|p__Bacteroidetes|c__Bacteroidia|o__Bacteroidales|f__Rikenellaceae|g__Alistipes|s__Alistipes_putredinis|t__SGB2318,2|976|200643|171549|171550|239759|28117,0.9277078084583,0.18,0.040191387559809,0.040191387559809,0.004008163985454
SGB15254,kSGB,k__Bacteria|p__Firmicutes|c__Clostridia|o__Clostridiales|f__Oscillospiraceae|g__Oscillibacter|s__Oscillibacter_sp_ER4|t__SGB15254,2|1239|186801|186802|216572|459786|1519439,0.80825608996942,0.4,0.039740620657712,0.039740620657712,4.01E-03
SGB1798,kSGB,k__Bacteria|p__Bacteroidetes|c__Bacteroidia|o__Bacteroidales|f__Prevotellaceae|g__Paraprevotella|s__Paraprevotella_clara|t__SGB1798,2|976|200643|171549|171552|577309|454154,0.9275944097532,0.11,0.01859649122807,0.01859649122807,0.004013747538344
SGB5076,uSGB,k__Bacteria|p__Firmicutes|c__Clostridia|o__Clostridiales|f__Lachnospiraceae|g__Lachnospira|s__Lachnospira_SGB5076|t__SGB5076,2|1239|186801|186802|186803|28050,NA,NA,NA,0.03,0.004024491789488
SGB23226,kSGB,k__Bacteria|p__Proteobacteria|c__Gammaproteobacteria|o__Enterobacterales|f__Enterobacteriaceae|g__Citrobacter|s__Citrobacter_freundii|t__SGB23226,2|1224|1236|91347|543|544|546,NA,NA,NA,0.03,0.004026693202781
SGB2290,kSGB,k__Bacteria|p__Bacteroidetes|c__Bacteroidia|o__Bacteroidales|f__Rikenellaceae|g__Alistipes|s__Alistipes_obesi|t__SGB2290,2|976|200643|171549|171550|239759|1118061,0.92242760753444,0.41,0.057843137254902,0.05,0.004029564305398
SGB6191,kSGB,k__Bacteria|p__Firmicutes|c__Clostridia|o__Clostridiales|f__Clostridiaceae|g__Clostridium|s__Clostridium_perfringens|t__SGB6191,2|1239|186801|186802|31979|1485|1502,NA,NA,NA,0.03,0.004034252701181
SGB1644,kSGB,k__Bacteria|p__Bacteroidetes|c__Bacteroidia|o__Bacteroidales|f__Prevotellaceae|g__Prevotella|s__Prevotella_copri|t__SGB1644,2|976|200643|171549|171552|838|165179,0.98,0.22,0.021224489795918,0.021224489795918,0.004034590683425
SGB4782,uSGB,k__Bacteria|p__Firmicutes|c__CFGB1446|o__OFGB1446|f__FGB1446|g__GGB3574|s__GGB3574_SGB4782|t__SGB4782,2|1239|186801|186802,NA,NA,NA,0.03,0.004037010319197
SGB14398,uSGB,k__Bacteria|p__Actinobacteria|c__Coriobacteriia|o__Coriobacteriales|f__Coriobacteriaceae|g__GGB9394|s__GGB9394_SGB14398|t__SGB14398,2|201174|84998|84999|84107,NA,NA,NA,0.03,0.004037515517347
SGB1844_group,kSGB,k__Bacteria|p__Bacteroidetes|c__Bacteroidia|o__Bacteroidales|f__Bacteroidaceae|g__Bacteroides|s__Bacteroides_cellulosilyticus|t__SGB1844;k__Bacteria|p__Bacteroidetes|c__Bacteroidia|o__Bacteroidales|f__Bacteroidaceae|g__Bacteroides|s__Bacteroides_timonensis|t__SGB1842,2|976|200643|171549|815|816|246787,0.90307901442278,0.35,0.048100383408853,0.048100383408853,0.004051046031937
SGB4938_group,kSGB,k__Bacteria|p__Firmicutes|c__Clostridia|o__Clostridiales|f__Lachnospiraceae|g__Roseburia|s__Roseburia_sp_AF02_12|t__SGB4938;k__Bacteria|p__Firmicutes|c__CFGB1419|o__OFGB1419|f__FGB1419|g__GGB25074|s__GGB25074_SGB36997|t__SGB36997,2|1239|186801|186802|186803|841|2293137,0.92982456140351,0.17,0.002639341717125,0.002639341717125,0.004085862335319
SGB5117,kSGB,k__Bacteria|p__Firmicutes|c__Clostridia|o__Clostridiales|f__Lachnospiraceae|g__Coprococcus|s__Coprococcus_eutactus|t__SGB5117,2|1239|186801|186802|186803|33042|33043,0.93761196153374,0.55,0.012635909491625,0.012635909491625,0.00409657557957
SGB7061,kSGB,k__Bacteria|p__Firmicutes|c__Bacilli|o__Lactobacillales|f__Lactobacillaceae|g__Lactobacillus|s__Lactobacillus_ruminis|t__SGB7061,2|1239|91061|186826|33958|1578|1623,NA,NA,NA,0.03,0.004152748166358
SGB4421,uSGB,k__Bacteria|p__Firmicutes|c__Clostridia|o__Clostridiales|f__Ruminococcaceae|g__Ruminococcus|s__Ruminococcus_SGB4421|t__SGB4421,2|1239|186801|186802|541000|1263,0.91325434767547,0.17,0.107450980392157,0.05,0.004161257803068
SGB4280,kSGB,k__Bacteria|p__Firmicutes|c__Clostridia|o__Clostridiales|f__Clostridiaceae|g__Clostridium|s__Clostridium_sp_AM09_51|t__SGB4280,2|1239|186801|186802|31979|1485|2293022,NA,NA,NA,0.03,0.004194963782152
SGB5904,kSGB,k__Bacteria|p__Firmicutes|c__Negativicutes|o__Selenomonadales|f__Selenomonadaceae|g__Mitsuokella|s__Mitsuokella_jalaludinii|t__SGB5904,2|1239|909932|909929|1843491|52225|187979,NA,NA,NA,0.03,0.004209218595015
SGB4788,kSGB,k__Bacteria|p__Firmicutes|c__Firmicutes_unclassified|o__Firmicutes_unclassified|f__Firmicutes_unclassified|g__Firmicutes_unclassified|s__Firmicutes_bacterium_AM10_47|t__SGB4788,2|1239|||||2292890,NA,NA,NA,0.03,0.004213153162414
SGB1701,uSGB,k__Bacteria|p__Bacteroidetes|c__Bacteroidia|o__Bacteroidales|f__Prevotellaceae|g__GGB1267|s__GGB1267_SGB1701|t__SGB1701,2|976|200643|171549|171552,NA,NA,NA,0.03,0.00425894295533
SGB17168,uSGB,k__Bacteria|p__Actinobacteria|c__Actinobacteria|o__Actinomycetales|f__Actinomycetaceae|g__Actinomyces|s__Actinomyces_SGB17168|t__SGB17168,2|201174|1760|2037|2049|1654,NA,NA,NA,0.03,0.00426992082195
SGB4577,kSGB,k__Bacteria|p__Firmicutes|c__Clostridia|o__Clostridiales|f__Lachnospiraceae|g__Coprococcus|s__Coprococcus_comes|t__SGB4577,2|1239|186801|186802|186803|33042|410072,0.75845274660728,0.52,0.049163360358806,0.049163360358806,0.004290110617915
SGB13997,uSGB,k__Bacteria|p__Proteobacteria|c__CFGB2837|o__OFGB2837|f__FGB2837|g__GGB9075|s__GGB9075_SGB13997|t__SGB13997,2|1224|1236|91347,NA,NA,NA,0.03,0.00431680988083
SGB4868,kSGB,k__Bacteria|p__Firmicutes|c__Clostridia|o__Clostridiales|f__Lachnospiraceae|g__Blautia|s__Blautia_sp_AF19_34|t__SGB4868,2|1239|186801|186802|186803|572511|2109334,0.90583062075267,0.4,0.033633033633034,0.033633033633034,0.004319465095505
SGB14243,uSGB,k__Bacteria|p__Firmicutes|c__CFGB2947|o__OFGB2947|f__FGB2947|g__GGB9288|s__GGB9288_SGB14243|t__SGB14243,2|1239|186801|186802,NA,NA,NA,0.03,0.004327542251015
SGB3989,uSGB,k__Bacteria|p__Firmicutes|c__CFGB1226|o__OFGB1226|f__FGB1226|g__GGB2998|s__GGB2998_SGB3989|t__SGB3989,2|1239|186801|186802,NA,NA,NA,0.03,0.004335133757624
SGB4705,kSGB,k__Bacteria|p__Firmicutes|c__Clostridia|o__Clostridiales|f__Clostridiaceae|g__Clostridium|s__Clostridium_sp_AF02_29|t__SGB4705,2|1239|186801|186802|186803|1506553|2126740,0.81532443347575,0.56,0.088791529755385,0.05,0.004336039210114
SGB14974,kSGB,k__Bacteria|p__Firmicutes|c__Clostridia|o__Clostridiales|f__Ruminococcaceae|g__Ruminococcaceae_unclassified|s__Ruminococcaceae_bacterium_AM07_15|t__SGB14974,2|1239|186801|186802|541000||2291991,NA,NA,NA,0.03,0.004338092119167
SGB3677,uSGB,k__Bacteria|p__Proteobacteria|c__CFGB1062|o__OFGB1062|f__FGB1062|g__GGB2734|s__GGB2734_SGB3677|t__SGB3677,2|1224|1236|135624,NA,NA,NA,0.03,0.004350191270238
SGB5843,kSGB,k__Bacteria|p__Firmicutes|c__Negativicutes|o__Veillonellales|f__Veillonellaceae|g__Allisonella|s__Allisonella_histaminiformans|t__SGB5843,2|1239|909932|1843489|31977|209879|209880,NA,NA,NA,0.03,0.004352700766536
SGB5051,kSGB,k__Bacteria|p__Firmicutes|c__Clostridia|o__Clostridiales|f__Eubacteriaceae|g__Eubacterium|s__Eubacterium_sp_AF34_35BH|t__SGB5051,2|1239|186801|186802|186806|1730|2293108,NA,NA,NA,0.03,0.004362507115967
SGB9333,uSGB,k__Bacteria|p__Proteobacteria|c__CFGB2403|o__OFGB2403|f__FGB2403|g__GGB6601|s__GGB6601_SGB9333|t__SGB9333,2|1224|28216|206351,NA,NA,NA,0.03,0.004378385119454
SGB4269,kSGB,k__Bacteria|p__Firmicutes|c__Firmicutes_unclassified|o__Firmicutes_unclassified|f__Firmicutes_unclassified|g__Firmicutes_unclassified|s__Firmicutes_bacterium_AF36_3BH|t__SGB4269,2|1239|||||2292896,0.80305228146091,0.69,0.10539050947708,0.05,0.004394610334007
SGB6607,uSGB,k__Bacteria|p__Firmicutes|c__CFGB1800|o__OFGB1800|f__FGB1800|g__GGB4773|s__GGB4773_SGB6607|t__SGB6607,2|1239|526524|526525,NA,NA,NA,0.03,0.004413061768194
SGB5043,kSGB,k__Bacteria|p__Firmicutes|c__Clostridia|o__Clostridiales|f__Eubacteriaceae|g__Eubacterium|s__Eubacterium_sp_AF17_7|t__SGB5043,2|1239|186801|186802|186806|1730|2293105,NA,NA,NA,0.03,0.00443175594314
SGB4652,kSGB,k__Bacteria|p__Firmicutes|c__Clostridia|o__Clostridiales|f__Clostridiaceae|g__Clostridium|s__Clostridium_sp_AM49_4BH|t__SGB4652,2|1239|186801|186802|31979|1485|2293035,0.85168671084567,0.46,0.021355076684139,0.021355076684139,0.004450139009329
SGB4547,kSGB,k__Bacteria|p__Firmicutes|c__Clostridia|o__Clostridiales|f__Lachnospiraceae|g__Anaerostipes|s__Anaerostipes_hadrus|t__SGB4547,2|1239|186801|186802|186803|207244|649756,NA,NA,NA,0.03,0.004463819125022
SGB4155,uSGB,k__Bacteria|p__Firmicutes|c__CFGB1311|o__OFGB1311|f__FGB1311|g__GGB3142|s__GGB3142_SGB4155|t__SGB4155,2|1239|186801|186802,NA,NA,NA,0.03,0.0044660071935
SGB5116,uSGB,k__Bacteria|p__Firmicutes|c__Clostridia|o__Clostridiales|f__Lachnospiraceae|g__Coprococcus|s__Coprococcus_SGB5116|t__SGB5116,2|1239|186801|186802|186803|33042,NA,NA,NA,0.03,0.004478289607239
SGB9205,uSGB,k__Bacteria|p__Lentisphaerae|c__CFGB2378|o__OFGB2378|f__FGB2378|g__GGB6518|s__GGB6518_SGB9205|t__SGB9205,2|256845|1313211|278082,NA,NA,NA,0.03,0.004498716182748
SGB5087,uSGB,k__Bacteria|p__Firmicutes|c__Clostridia|o__Clostridiales|f__Eubacteriaceae|g__GGB3744|s__GGB3744_SGB5087|t__SGB5087,2|1239|186801|186802|186806,0.94110929518521,0.6,0.021245421245421,0.021245421245421,0.004522457456557
SGB2311,uSGB,k__Bacteria|p__Bacteroidetes|c__Bacteroidia|o__Bacteroidales|f__Rikenellaceae|g__GGB1679|s__GGB1679_SGB2311|t__SGB2311,2|976|200643|171549|171550,NA,NA,NA,0.03,0.004528298690803
SGB1962,kSGB,k__Bacteria|p__Bacteroidetes|c__Bacteroidia|o__Bacteroidales|f__Barnesiellaceae|g__Coprobacter|s__Coprobacter_secundus|t__SGB1962,2|976|200643|171549|2005519|1348911|1501392,NA,NA,NA,0.03,0.004535565216457
SGB9340,uSGB,k__Bacteria|p__Proteobacteria|c__CFGB2404|o__OFGB2404|f__FGB2404|g__GGB6606|s__GGB6606_SGB9340|t__SGB9340,2|1224|28216|206351,NA,NA,NA,0.03,0.004543923171923
SGB15286,kSGB,k__Bacteria|p__Firmicutes|c__Clostridia|o__Clostridiales|f__Ruminococcaceae|g__Subdoligranulum|s__Subdoligranulum_sp_APC924_74|t__SGB15286,2|1239|186801|186802|541000|292632|2086273,0.85194868948092,0.57,0.016875786025562,0.016875786025562,0.004551700724893
SGB2295,kSGB,k__Bacteria|p__Bacteroidetes|c__Bacteroidia|o__Bacteroidales|f__Rikenellaceae|g__Alistipes|s__Alistipes_shahii|t__SGB2295,2|976|200643|171549|171550|239759|328814,0.78529640204242,0.62,0.037366802545949,0.037366802545949,4.56E-03
SGB4447_group,uSGB,k__Bacteria|p__Firmicutes|c__CFGB1380|o__OFGB1380|f__FGB1380|g__GGB3363|s__GGB3363_SGB4447|t__SGB4447;k__Bacteria|p__Firmicutes|c__CFGB1380|o__OFGB1380|f__FGB1380|g__GGB3363|s__GGB3363_SGB4448|t__SGB4448,2|1239|186801|186802,NA,NA,NA,0.03,0.004605870741088
SGB5077,uSGB,k__Bacteria|p__Firmicutes|c__Clostridia|o__Clostridiales|f__Lachnospiraceae|g__Lachnospira|s__Lachnospira_SGB5077|t__SGB5077,2|1239|186801|186802|186803|28050,0.99449541284404,0.34,0.0041928721174,0.0041928721174,0.004615386098834
SGB17152,kSGB,k__Bacteria|p__Actinobacteria|c__Actinobacteria|o__Actinomycetales|f__Actinomycetaceae|g__Actinomyces|s__Actinomyces_bouchesdurhonensis|t__SGB17152,2|201174|1760|2037|2049|1654|1852361,NA,NA,NA,0.03,0.00462212514789
SGB4348,uSGB,k__Bacteria|p__Firmicutes|c__CFGB1349|o__OFGB1349|f__FGB1349|g__GGB3293|s__GGB3293_SGB4348|t__SGB4348,2|1239|186801|186802,0.93596547314578,0.06,0.011708860759494,0.011708860759494,0.004647289038907
SGB4891,uSGB,k__Bacteria|p__Firmicutes|c__Clostridia|o__Clostridiales|f__Clostridiaceae|g__GGB3617|s__GGB3617_SGB4891|t__SGB4891,2|1239|186801|186802|31979,NA,NA,NA,0.03,0.004655030805621
SGB4826,kSGB,k__Bacteria|p__Firmicutes|c__Clostridia|o__Clostridiales|f__Lachnospiraceae|g__Blautia|s__Blautia_massiliensis|t__SGB4826,2|1239|186801|186802|541000|1263|657323,0.81482771970577,0.56,0.021972534332085,0.021972534332085,0.004687484557854
SGB5089,uSGB,k__Bacteria|p__Firmicutes|c__Clostridia|o__Clostridiales|f__Eubacteriaceae|g__GGB3746|s__GGB3746_SGB5089|t__SGB5089,2|1239|186801|186802|186806,0.72591371732593,0.62,0.020376175548589,0.020376175548589,0.004693599016178
SGB4575,kSGB,k__Bacteria|p__Firmicutes|c__Clostridia|o__Clostridiales|f__Lachnospiraceae|g__Dorea|s__Dorea_formicigenerans|t__SGB4575,2|1239|186801|186802|186803|189330|39486,0.72524798368406,0.62,0.138557095078834,0.05,0.004697761766988
SGB9324,uSGB,k__Bacteria|p__Proteobacteria|c__CFGB2402|o__OFGB2402|f__FGB2402|g__GGB6593|s__GGB6593_SGB9324|t__SGB9324,2|1224|28216|206351,NA,NA,NA,0.03,0.004697953408883
SGB6584,uSGB,k__Bacteria|p__Firmicutes|c__CFGB1789|o__OFGB1789|f__FGB1789|g__GGB4754|s__GGB4754_SGB6584|t__SGB6584,2|1239|186801|186802,NA,NA,NA,0.03,0.004720159997205
SGB5825,kSGB,k__Bacteria|p__Firmicutes|c__Negativicutes|o__Veillonellales|f__Veillonellaceae|g__Dialister|s__Dialister_invisus|t__SGB5825,2|1239|909932|1843489|31977|39948|218538,0.95018624816805,0.11,0.017105263157895,0.017105263157895,0.004773805890873
SGB6362,uSGB,k__Bacteria|p__Firmicutes|c__CFGB1765|o__OFGB1765|f__FGB1765|g__GGB4599|s__GGB4599_SGB6362|t__SGB6362,2|1239|186801|186802,NA,NA,NA,0.03,0.004785432722193
SGB1965,kSGB,k__Bacteria|p__Bacteroidetes|c__Bacteroidia|o__Bacteroidales|f__Barnesiellaceae|g__Barnesiella|s__Barnesiella_intestinihominis|t__SGB1965,2|976|200643|171549|2005519|397864|487174,0.9388697488197,0.13,0.041692466460268,0.041692466460268,0.004790041155083
SGB9347,uSGB,k__Bacteria|p__Proteobacteria|c__CFGB2404|o__OFGB2404|f__FGB2404|g__GGB6613|s__GGB6613_SGB9347|t__SGB9347,2|1224|28216|206351,NA,NA,NA,0.03,0.004793412056373
SGB13977,uSGB,k__Bacteria|p__Actinobacteria|c__CFGB2834|o__OFGB2834|f__FGB2834|g__GGB9060|s__GGB9060_SGB13977|t__SGB13977,2|201174|1760|85004,NA,NA,NA,0.03,0.004800397540025
SGB4553,kSGB,k__Bacteria|p__Firmicutes|c__Clostridia|o__Clostridiales|f__Lachnospiraceae|g__Mediterraneibacter|s__Mediterraneibacter_sp_gm002|t__SGB4553,2|1239|||||2292894,NA,NA,NA,0.03,0.004823573771627
SGB4829,uSGB,k__Bacteria|p__Firmicutes|c__Clostridia|o__Clostridiales|f__Ruminococcaceae|g__Ruminococcus|s__Ruminococcus_SGB4829|t__SGB4829,2|1239|186801|186802|541000|1263,NA,NA,NA,0.03,0.004829975851293
SGB4950,kSGB,k__Bacteria|p__Firmicutes|c__Clostridia|o__Clostridiales|f__Lachnospiraceae|g__Roseburia|s__Roseburia_sp_AM23_20|t__SGB4950,2|1239|186801|186802|186803|841|2292367,NA,NA,NA,0.03,0.004843741983555
SGB15272,uSGB,k__Bacteria|p__Firmicutes|c__Clostridia|o__Clostridiales|f__Ruminococcaceae|g__GGB9719|s__GGB9719_SGB15272|t__SGB15272,2|1239|186801|186802|541000,NA,NA,NA,0.03,0.004867829287376
SGB14834,uSGB,k__Bacteria|p__Firmicutes|c__CFGB2997|o__OFGB2997|f__FGB2997|g__GGB9444|s__GGB9444_SGB14834|t__SGB14834,2|1239|186801|186802,NA,NA,NA,0.03,0.004887254335166
SGB17256,kSGB,k__Bacteria|p__Actinobacteria|c__Actinobacteria|o__Bifidobacteriales|f__Bifidobacteriaceae|g__Bifidobacterium|s__Bifidobacterium_bifidum|t__SGB17256,2|201174|1760|85004|31953|1678|1681,NA,NA,NA,0.03,0.004894029127849
SGB9210,uSGB,k__Bacteria|p__Lentisphaerae|c__CFGB2378|o__OFGB2378|f__FGB2378|g__GGB6520|s__GGB6520_SGB9210|t__SGB9210,2|256845|1313211|278082,NA,NA,NA,0.03,0.004909493718183
SGB15878,kSGB,k__Bacteria|p__Actinobacteria|c__Actinobacteria|o__Actinomycetales|f__Actinomycetaceae|g__Actinomyces|s__Actinomyces_oris|t__SGB15878,2|201174|1760|2037|2049|1654|544580,NA,NA,NA,0.03,0.004928375251605
SGB5104,uSGB,k__Bacteria|p__Firmicutes|c__CFGB1479|o__OFGB1479|f__FGB1479|g__GGB3755|s__GGB3755_SGB5104|t__SGB5104,2|1239|186801|186802,NA,NA,NA,0.03,0.004929287039533
SGB15073,uSGB,k__Bacteria|p__Firmicutes|c__Clostridia|o__Clostridiales|f__Ruminococcaceae|g__GGB9621|s__GGB9621_SGB15073|t__SGB15073,2|1239|186801|186802|541000,NA,NA,NA,0.03,0.004943780748262
SGB8655,uSGB,k__Bacteria|p__Candidatus_Melainabacteria|c__Candidatus_Melainabacteria_unclassified|o__Candidatus_Gastranaerophilales|f__Candidatus_Gastranaerophilales_unclassified|g__GGB6021|s__GGB6021_SGB8655|t__SGB8655,2|1798710||1906119|,NA,NA,NA,0.03,0.00496593709072
SGB5063,uSGB,k__Bacteria|p__Firmicutes|c__CFGB1474|o__OFGB1474|f__FGB1474|g__GGB3731|s__GGB3731_SGB5063|t__SGB5063,2|1239|186801|186802,NA,NA,NA,0.03,0.004966781821625
SGB5071,uSGB,k__Bacteria|p__Firmicutes|c__Clostridia|o__Clostridiales|f__Eubacteriaceae|g__GGB3737|s__GGB3737_SGB5071|t__SGB5071,2|1239|186801|186802|186806,NA,NA,NA,0.03,0.0049792333145
SGB6310,uSGB,k__Bacteria|p__Firmicutes|c__CFGB1765|o__OFGB1765|f__FGB1765|g__GGB4569|s__GGB4569_SGB6310|t__SGB6310,2|1239|186801|186802,NA,NA,NA,0.03,0.004980925554797
SGB2303,kSGB,k__Bacteria|p__Bacteroidetes|c__Bacteroidia|o__Bacteroidales|f__Rikenellaceae|g__Alistipes|s__Alistipes_onderdonkii|t__SGB2303,2|976|200643|171549|171550|239759|328813,0.81142304518794,0.14,0.045164122323562,0.045164122323562,0.004992458250996
SGB4654,kSGB,k__Bacteria|p__Firmicutes|c__Clostridia|o__Clostridiales|f__Lachnospiraceae|g__Roseburia|s__Roseburia_sp_AM59_24XD|t__SGB4654,2|1239|186801|186802|186803|841|2293138,NA,NA,NA,0.03,0.005011417286401
SGB1626,kSGB,k__Bacteria|p__Bacteroidetes|c__Bacteroidia|o__Bacteroidales|f__Prevotellaceae|g__Prevotella|s__Prevotella_copri|t__SGB1626,2|976|200643|171549|171552|838|165179,0.9265964394219,0.13,0.002265760362522,0.002265760362522,0.005014755711282
SGB1928,uSGB,k__Bacteria|p__Bacteroidetes|c__Bacteroidia|o__Bacteroidales|f__Tannerellaceae|g__GGB1405|s__GGB1405_SGB1928|t__SGB1928,2|976|200643|171549|2005525,NA,NA,NA,0.03,0.005037425962374
SGB2296,kSGB,k__Bacteria|p__Bacteroidetes|c__Bacteroidia|o__Bacteroidales|f__Rikenellaceae|g__Alistipes|s__Alistipes_senegalensis|t__SGB2296,2|976|200643|171549|171550|239759|1288121,NA,NA,NA,0.03,0.005037560601109
SGB4121_group,uSGB,k__Bacteria|p__Bacteroidetes|c__CFGB1292|o__OFGB1292|f__FGB1292|g__GGB3109|s__GGB3109_SGB4121|t__SGB4121;k__Bacteria|p__Firmicutes|c__CFGB1292|o__OFGB1292|f__FGB1292|g__GGB3109|s__GGB3109_SGB4119|t__SGB4119,2|976|200643|171549,NA,NA,NA,0.03,0.005050145249602
SGB1830,kSGB,k__Bacteria|p__Bacteroidetes|c__Bacteroidia|o__Bacteroidales|f__Bacteroidaceae|g__Bacteroides|s__Bacteroides_stercoris|t__SGB1830,2|976|200643|171549|815|816|46506,0.94595729707027,0.26,0.041919470490899,0.041919470490899,0.005055080418232
SGB4820,kSGB,k__Bacteria|p__Firmicutes|c__Clostridia|o__Clostridiales|f__Lachnospiraceae|g__Blautia|s__Ruminococcus_torques|t__SGB4820,2|1239|186801|186802|186803|572511|33039,0.59093688250547,0.78,0.058229352346999,0.05,0.005062762244089
SGB1623,uSGB,k__Bacteria|p__Bacteroidetes|c__Bacteroidia|o__Bacteroidales|f__Prevotellaceae|g__GGB1237|s__GGB1237_SGB1623|t__SGB1623,2|976|200643|171549|171552,NA,NA,NA,0.03,0.005073469751942
SGB4582,kSGB,k__Bacteria|p__Firmicutes|c__Clostridia|o__Clostridiales|f__Lachnospiraceae|g__Dorea|s__Dorea_longicatena|t__SGB4582,2|1239|186801|186802|186803|189330|88431,0.8190071184247,0.43,0.026463512429832,0.026463512429832,0.005101644156415
SGB15224,uSGB,k__Bacteria|p__Firmicutes|c__Clostridia|o__Clostridiales|f__Ruminococcaceae|g__GGB9705|s__GGB9705_SGB15224|t__SGB15224,2|1239|186801|186802|541000,0.58277087033748,0.51,0.091428571428571,0.05,0.005122581184528
SGB4303,uSGB,k__Bacteria|p__Firmicutes|c__CFGB1340|o__OFGB1340|f__FGB1340|g__GGB3256|s__GGB3256_SGB4303|t__SGB4303,2|1239|186801|186802,0.97770211009648,0.06,0.005311355311355,0.005311355311355,0.005124799119247
SGB6962,kSGB,k__Bacteria|p__Firmicutes|c__Negativicutes|o__Selenomonadales|f__Selenomonadaceae|g__Megamonas|s__Megamonas_funiformis|t__SGB6962,2|1239|909932|909929|1843491|158846|437897,NA,NA,NA,0.03,0.005155120798829
SGB17161_group,kSGB,k__Bacteria|p__Actinobacteria|c__Actinobacteria|o__Actinomycetales|f__Actinomycetaceae|g__Schaalia|s__Schaalia_odontolytica|t__SGB17161;k__Bacteria|p__Actinobacteria|c__Actinobacteria|o__Actinomycetales|f__Actinomycetaceae|g__Actinomyces|s__Actinomyces_sp_HMSC035G02|t__SGB17158;k__Bacteria|p__Actinobacteria|c__Actinobacteria|o__Micrococcales|f__Sanguibacteraceae|g__Sanguibacter|s__Sanguibacter_keddieii|t__SGB17159;k__Bacteria|p__Actinobacteria|c__Actinobacteria|o__Actinomycetales|f__Actinomycetaceae|g__Schaalia|s__Schaalia_odontolytica|t__SGB17164,2|201174|1760|2037|2049|2529408|1660,NA,NA,NA,0.03,0.005161405305161
SGB1858,kSGB,k__Bacteria|p__Bacteroidetes|c__Bacteroidia|o__Bacteroidales|f__Bacteroidaceae|g__Bacteroides|s__Bacteroides_nordii|t__SGB1858,2|976|200643|171549|815|816|291645,NA,NA,NA,0.03,0.005170523218488
SGB5045,kSGB,k__Bacteria|p__Firmicutes|c__Clostridia|o__Clostridiales|f__Eubacteriaceae|g__Eubacterium|s__Eubacterium_ventriosum|t__SGB5045,2|1239|186801|186802|186806|1730|39496,0.85406821450586,0.73,0.080909571655209,0.05,0.0051762076721
SGB3983,uSGB,k__Bacteria|p__Firmicutes|c__CFGB1226|o__OFGB1226|f__FGB1226|g__GGB2996|s__GGB2996_SGB3983|t__SGB3983,2|1239|186801|186802,NA,NA,NA,0.03,0.005181470295215
SGB5906,kSGB,k__Bacteria|p__Firmicutes|c__Negativicutes|o__Selenomonadales|f__Selenomonadaceae|g__Mitsuokella|s__Mitsuokella_multacida|t__SGB5906,2|1239|909932|909929|1843491|52225|52226,NA,NA,NA,0.03,0.00518373610688
SGB15236,uSGB,k__Bacteria|p__Firmicutes|c__Clostridia|o__Clostridiales|f__Ruminococcaceae|g__GGB9708|s__GGB9708_SGB15236|t__SGB15236,2|1239|186801|186802|541000,0.70204903221795,0.63,0.035652920962199,0.035652920962199,0.005192321773676
SGB4933,kSGB,k__Bacteria|p__Firmicutes|c__Clostridia|o__Clostridiales|f__Lachnospiraceae|g__Lachnospiraceae_unclassified|s__Eubacterium_rectale|t__SGB4933,2|1239|186801|186802|186803||39491,0.88370221277144,0.35,0.004410657835315,0.004410657835315,0.005195667817817
SGB4750,uSGB,k__Bacteria|p__Firmicutes|c__Clostridia|o__Clostridiales|f__Clostridiaceae|g__Clostridium|s__Clostridium_SGB4750|t__SGB4750,2|1239|186801|186802|31979|1485,NA,NA,NA,0.03,0.005217763786619
SGB15413,uSGB,k__Bacteria|p__Proteobacteria|c__CFGB3073|o__OFGB3073|f__FGB3073|g__GGB9790|s__GGB9790_SGB15413|t__SGB15413,2|1224|1236|91347,NA,NA,NA,0.03,0.005221689667566
SGB15447,uSGB,k__Bacteria|p__Proteobacteria|c__CFGB3077|o__OFGB3077|f__FGB3077|g__GGB9813|s__GGB9813_SGB15447|t__SGB15447,2|1224|28221|213115,NA,NA,NA,0.03,0.005228102061927
SGB3996,uSGB,k__Bacteria|p__Firmicutes|c__CFGB1227|o__OFGB1227|f__FGB1227|g__GGB3005|s__GGB3005_SGB3996|t__SGB3996,2|1239|186801|186802,NA,NA,NA,0.03,0.005262249674077
SGB4418,kSGB,k__Bacteria|p__Firmicutes|c__Clostridia|o__Clostridiales|f__Ruminococcaceae|g__Ruminococcus|s__Ruminococcus_champanellensis|t__SGB4418,2|1239|186801|186802|541000|1263|1161942,NA,NA,NA,0.03,0.00529326193191
SGB15467,kSGB,k__Bacteria|p__Proteobacteria|c__Deltaproteobacteria|o__Desulfovibrionales|f__Desulfovibrionaceae|g__Desulfovibrio|s__Desulfovibrio_piger|t__SGB15467,2|1224|28221|213115|194924|872|901,NA,NA,NA,0.03,0.005294083771021
SGB1705,uSGB,k__Bacteria|p__Bacteroidetes|c__Bacteroidia|o__Bacteroidales|f__Prevotellaceae|g__GGB1270|s__GGB1270_SGB1705|t__SGB1705,2|976|200643|171549|171552,NA,NA,NA,0.03,0.00530563456335
SGB4957,kSGB,k__Bacteria|p__Firmicutes|c__Clostridia|o__Clostridiales|f__Lachnospiraceae|g__Roseburia|s__Roseburia_sp_AM16_25|t__SGB4957,2|1239|186801|186802|186803|841|2292065,NA,NA,NA,0.03,0.005347098031514
SGB2313,uSGB,k__Bacteria|p__Bacteroidetes|c__Bacteroidia|o__Bacteroidales|f__Rikenellaceae|g__GGB1681|s__GGB1681_SGB2313|t__SGB2313,2|976|200643|171549|171550,NA,NA,NA,0.03,0.005352464543794
SGB4670,kSGB,k__Bacteria|p__Firmicutes|c__Clostridia|o__Clostridiales|f__Lachnospiraceae|g__Coprococcus|s__Coprococcus_catus|t__SGB4670,2|1239|186801|186802|186803|33042|116085,NA,NA,NA,0.03,0.005356541240448
SGB4122,uSGB,k__Bacteria|p__Firmicutes|c__CFGB1293|o__OFGB1293|f__FGB1293|g__GGB3110|s__GGB3110_SGB4122|t__SGB4122,2|1239|186801|186802,NA,NA,NA,0.03,0.005365737208719
SGB4537,kSGB,k__Bacteria|p__Firmicutes|c__Clostridia|o__Clostridiales|f__Lachnospiraceae|g__Anaerobutyricum|s__Anaerobutyricum_hallii|t__SGB4537,2|1239|186801|186802|186803|2569097|39488,NA,NA,NA,0.03,0.005369809946551
SGB4422,kSGB,k__Bacteria|p__Firmicutes|c__Clostridia|o__Clostridiales|f__Ruminococcaceae|g__Ruminococcus|s__Ruminococcus_callidus|t__SGB4422,2|1239|186801|186802|541000|1263|40519,0.8809663250366,0.38,0.021224489795918,0.021224489795918,0.005385333355759
SGB17364,uSGB,k__Bacteria|p__Proteobacteria|c__CFGB3176|o__OFGB3176|f__FGB3176|g__GGB10708|s__GGB10708_SGB17364|t__SGB17364,2|1224|28216|80840,NA,NA,NA,0.03,0.005388988327599
SGB8774,uSGB,k__Bacteria|p__Actinobacteria|c__CFGB2163|o__OFGB2163|f__FGB2163|g__GGB6128|s__GGB6128_SGB8774|t__SGB8774,2|201174|1760|85006,NA,NA,NA,0.03,0.00538939077061
SGB15249,uSGB,k__Bacteria|p__Firmicutes|c__Clostridia|o__Clostridiales|f__Ruminococcaceae|g__GGB9713|s__GGB9713_SGB15249|t__SGB15249,2|1239|186801|186802|541000,0.72063970807268,0.57,0.082653457653458,0.05,0.005416037916853
SGB3546_group,kSGB,k__Bacteria|p__Spirochaetes|c__Spirochaetia|o__Spirochaetales|f__Spirochaetaceae|g__Treponema|s__Treponema_succinifaciens|t__SGB3546;k__Bacteria|p__Spirochaetes|c__Spirochaetia|o__Spirochaetales|f__Spirochaetaceae|g__Treponema|s__Treponema_SGB3545|t__SGB3545,2|203691|203692|136|137|157|167,NA,NA,NA,0.03,0.005488378711121
SGB6340,uSGB,k__Bacteria|p__Firmicutes|c__CFGB1765|o__OFGB1765|f__FGB1765|g__GGB4585|s__GGB4585_SGB6340|t__SGB6340,2|1239|186801|186802,NA,NA,NA,0.03,0.005537670883086
SGB2276,uSGB,k__Bacteria|p__Bacteroidetes|c__CFGB667|o__OFGB667|f__FGB667|g__GGB1662|s__GGB1662_SGB2276|t__SGB2276,2|976|200643|171549,NA,NA,NA,0.03,0.00555246650447
SGB14005,uSGB,k__Bacteria|p__Firmicutes|c__CFGB2837|o__OFGB2837|f__FGB2837|g__GGB9081|s__GGB9081_SGB14005|t__SGB14005,2|1239|91061|1385,NA,NA,NA,0.03,0.005569284481973
SGB15291,uSGB,k__Bacteria|p__Firmicutes|c__Clostridia|o__Clostridiales|f__Ruminococcaceae|g__GGB9730|s__GGB9730_SGB15291|t__SGB15291,2|1239|186801|186802|541000,0.70386533665835,0.55,0.079220779220779,0.05,0.005612348188642
SGB4247,uSGB,k__Bacteria|p__Firmicutes|c__CFGB1332|o__OFGB1332|f__FGB1332|g__GGB3215|s__GGB3215_SGB4247|t__SGB4247,2|1239|186801|186802,NA,NA,NA,0.03,0.005612732090976
SGB15049,uSGB,k__Bacteria|p__Firmicutes|c__Clostridia|o__Clostridiales|f__Ruminococcaceae|g__GGB9614|s__GGB9614_SGB15049|t__SGB15049,2|1239|186801|186802|541000,NA,NA,NA,0.03,0.00562700936141
SGB4767,kSGB,k__Bacteria|p__Firmicutes|c__Clostridia|o__Clostridiales|f__Clostridiaceae|g__Clostridiaceae_unclassified|s__Clostridiaceae_bacterium_AF18_31LB|t__SGB4767,2|1239|186801|186802|||2306574,0.61031511747906,0.49,0.057254901960784,0.05,0.005636061873203
SGB15041,uSGB,k__Bacteria|p__Firmicutes|c__Clostridia|o__Clostridiales|f__Ruminococcaceae|g__GGB9608|s__GGB9608_SGB15041|t__SGB15041,2|1239|186801|186802|541000,NA,NA,NA,0.03,0.005644369875246
SGB6747,kSGB,k__Bacteria|p__Firmicutes|c__Erysipelotrichia|o__Erysipelotrichales|f__Erysipelotrichaceae|g__Erysipelatoclostridium|s__Clostridium_spiroforme|t__SGB6747,2|1239|526524|526525|128827|1505663|29348,NA,NA,NA,0.03,0.005646371978509
SGB4711,kSGB,k__Bacteria|p__Firmicutes|c__Clostridia|o__Clostridiales|f__Clostridiaceae|g__Clostridium|s__Clostridium_sp_AM33_3|t__SGB4711,2|1239|186801|186802|31979|1485|2292304,NA,NA,NA,0.03,0.005652970157523
SGB4939,uSGB,k__Bacteria|p__Firmicutes|c__Clostridia|o__Clostridiales|f__Lachnospiraceae|g__Roseburia|s__Roseburia_SGB4939|t__SGB4939,2|1239|186801|186802|186803|841,NA,NA,NA,0.03,0.005663902700237
SGB14921,uSGB,k__Bacteria|p__Firmicutes|c__CFGB3034|o__OFGB3034|f__FGB3034|g__GGB9522|s__GGB9522_SGB14921|t__SGB14921,2|1239|186801|186802,NA,NA,NA,0.03,0.005685299041255
SGB15373,uSGB,k__Bacteria|p__Firmicutes|c__CFGB3068|o__OFGB3068|f__FGB3068|g__GGB9760|s__GGB9760_SGB15373|t__SGB15373,2|1239|186801|186802,NA,NA,NA,0.03,0.005704031989116
SGB3539,uSGB,k__Bacteria|p__Spirochaetes|c__Spirochaetia|o__Spirochaetales|f__Spirochaetaceae|g__GGB2624|s__GGB2624_SGB3539|t__SGB3539,2|203691|203692|136|137,NA,NA,NA,0.03,0.005739440069526
SGB15356,uSGB,k__Bacteria|p__Firmicutes|c__CFGB3062|o__OFGB3062|f__FGB3062|g__GGB9747|s__GGB9747_SGB15356|t__SGB15356,2|1239|186801|186802,0.93906144815567,0.19,0.008805031446541,0.008805031446541,0.005846574492086
SGB4571,kSGB,k__Bacteria|p__Firmicutes|c__Clostridia|o__Clostridiales|f__Lachnospiraceae|g__Dorea|s__Dorea_sp_AF24_7LB|t__SGB4571,2|1239|186801|186802|186803|189330|2293098,NA,NA,NA,0.03,0.005862474798319
SGB8005,kSGB,k__Bacteria|p__Firmicutes|c__Bacilli|o__Lactobacillales|f__Streptococcaceae|g__Streptococcus|s__Streptococcus_salivarius|t__SGB8005,2|1239|91061|186826|1300|1301|1304,NA,NA,NA,0.03,0.005867409237527
SGB9346,uSGB,k__Bacteria|p__Proteobacteria|c__CFGB2404|o__OFGB2404|f__FGB2404|g__GGB6612|s__GGB6612_SGB9346|t__SGB9346,2|1224|28216|206351,NA,NA,NA,0.03,0.005907946624097
SGB15346,uSGB,k__Bacteria|p__Firmicutes|c__Clostridia|o__Clostridiales|f__Ruminococcaceae|g__Faecalibacterium|s__Faecalibacterium_SGB15346|t__SGB15346,2|1239|186801|186802|541000|216851,0.82024359350623,0.56,0.015686274509804,0.015686274509804,0.005925055941299
SGB17167,kSGB,k__Bacteria|p__Actinobacteria|c__Actinobacteria|o__Actinomycetales|f__Actinomycetaceae|g__Actinomyces|s__Actinomyces_sp_ICM47|t__SGB17167,2|201174|1760|2037|2049|1654|936548,NA,NA,NA,0.03,0.005957363674649
SGB4706,kSGB,k__Bacteria|p__Firmicutes|c__Clostridia|o__Clostridiales|f__Lachnospiraceae|g__Lachnospiraceae_unclassified|s__Lachnospiraceae_bacterium_AM48_27BH|t__SGB4706,2|1239|186801|186802|186803||2292271,NA,NA,NA,0.03,0.005963985153156
SGB6502,uSGB,k__Bacteria|p__Firmicutes|c__CFGB1778|o__OFGB1778|f__FGB1778|g__GGB4699|s__GGB4699_SGB6502|t__SGB6502,2|1239|186801|186802,NA,NA,NA,0.03,0.005965183269529
SGB1612,uSGB,k__Bacteria|p__Bacteroidetes|c__Bacteroidia|o__Bacteroidales|f__Prevotellaceae|g__GGB1234|s__GGB1234_SGB1612|t__SGB1612,2|976|200643|171549|171552,NA,NA,NA,0.03,0.005983816436938
SGB1699,uSGB,k__Bacteria|p__Bacteroidetes|c__Bacteroidia|o__Bacteroidales|f__Prevotellaceae|g__GGB1266|s__GGB1266_SGB1699|t__SGB1699,2|976|200643|171549|171552,0.98387096774194,0.12,0.030671602326811,0.030671602326811,0.006013216830158
SGB4289,kSGB,k__Bacteria|p__Firmicutes|c__Clostridia|o__Clostridiales|f__Eubacteriaceae|g__Eubacterium|s__Eubacterium_sp_OM08_24|t__SGB4289,2|1239|186801|186802|186806|1730|2292352,NA,NA,NA,0.03,0.006018767008979
SGB6796,kSGB,k__Bacteria|p__Firmicutes|c__Clostridia|o__Clostridiales|f__Eubacteriaceae|g__Eubacterium|s__Eubacterium_sp_AM28_29|t__SGB6796,2|1239|186801|186802|186806|1730|2292354,0.97084164651069,0.18,0.060121765601218,0.05,0.006034697623841
SGB15234_group,uSGB,k__Bacteria|p__Firmicutes|c__Clostridia|o__Clostridiales|f__Ruminococcaceae|g__GGB9708|s__GGB9708_SGB15234|t__SGB15234;k__Bacteria|p__Firmicutes|c__Clostridia|o__Clostridiales|f__Ruminococcaceae|g__GGB9708|s__GGB9708_SGB15233|t__SGB15233,2|1239|186801|186802|541000,0.73461767751247,0.33,0.019636015325671,0.019636015325671,0.006042191563935
SGB1934,kSGB,k__Bacteria|p__Bacteroidetes|c__Bacteroidia|o__Bacteroidales|f__Tannerellaceae|g__Parabacteroides|s__Parabacteroides_distasonis|t__SGB1934,2|976|200643|171549|2005525|375288|823,0.92379690464409,0.25,0.037447629807466,0.037447629807466,0.006055140382589
SGB4110,uSGB,k__Bacteria|p__Firmicutes|c__CFGB1286|o__OFGB1286|f__FGB1286|g__GGB3102|s__GGB3102_SGB4110|t__SGB4110,2|1239|91061|186826,NA,NA,NA,0.03,0.006062432104793
SGB15316,kSGB,k__Bacteria|p__Firmicutes|c__Clostridia|o__Clostridiales|f__Ruminococcaceae|g__Faecalibacterium|s__Faecalibacterium_prausnitzii|t__SGB15316,2|1239|186801|186802|541000|216851|853,0.69842429878315,0.39,0.016501821967725,0.016501821967725,0.006087204069392
SGB2301,kSGB,k__Bacteria|p__Bacteroidetes|c__Bacteroidia|o__Bacteroidales|f__Rikenellaceae|g__Alistipes|s__Alistipes_finegoldii|t__SGB2301,2|976|200643|171549|171550|239759|214856,0.85274358620024,0.27,0.039099155458242,0.039099155458242,0.006125594902126
SGB17156,kSGB,k__Bacteria|p__Actinobacteria|c__Actinobacteria|o__Actinomycetales|f__Actinomycetaceae|g__Schaalia|s__Schaalia_odontolytica|t__SGB17156,2|201174|1760|2037|2049|1654|1105029,NA,NA,NA,0.03,0.006129456338518
SGB4564,kSGB,k__Bacteria|p__Firmicutes|c__Clostridia|o__Clostridiales|f__Lachnospiraceae|g__Blautia|s__Ruminococcus_torques|t__SGB4564,2|1239|186801|186802|186803|572511|33039,0.73513840963339,0.5,0.025074588967181,0.025074588967181,0.006159698217425
SGB29095,kSGB,k__Bacteria|p__Firmicutes|c__Clostridia|o__Clostridiales|f__Clostridiaceae|g__Clostridium|s__Clostridium_cuniculi|t__SGB29095,2|1239|186801|186802|31979|1485|2548455,NA,NA,NA,0.03,0.006180413007425
SGB15377,uSGB,k__Bacteria|p__Firmicutes|c__CFGB3067|o__OFGB3067|f__FGB3067|g__GGB9762|s__GGB9762_SGB15377|t__SGB15377,2|1239|186801|186802,NA,NA,NA,0.03,0.006203941155514
SGB4953,uSGB,k__Bacteria|p__Firmicutes|c__Clostridia|o__Clostridiales|f__Lachnospiraceae|g__GGB3646|s__GGB3646_SGB4953|t__SGB4953,2|1239|186801|186802|186803,NA,NA,NA,0.03,0.006211033663608
SGB5121,kSGB,k__Bacteria|p__Firmicutes|c__Clostridia|o__Clostridiales|f__Clostridiaceae|g__Clostridium|s__Clostridium_sp_AF15_31|t__SGB5121,2|1239|186801|186802|31979|1485|411489,0.95714285714286,0.19,0.00952380952381,0.00952380952381,0.006217435887435
SGB14294,uSGB,k__Bacteria|p__Firmicutes|c__CFGB2976|o__OFGB2976|f__FGB2976|g__GGB9331|s__GGB9331_SGB14294|t__SGB14294,2|1239|186801|186802,NA,NA,NA,0.03,0.006224026354497
SGB4909,uSGB,k__Bacteria|p__Firmicutes|c__Clostridia|o__Clostridiales|f__Clostridiaceae|g__Clostridium|s__Clostridium_SGB4909|t__SGB4909,2|1239|186801|186802|31979|1485,NA,NA,NA,0.03,0.006225808726317
SGB17008,kSGB,k__Bacteria|p__Actinobacteria|c__Actinobacteria|o__Corynebacteriales|f__Corynebacteriaceae|g__Corynebacterium|s__Corynebacterium_durum|t__SGB17008,2|201174|1760|85007|1653|1716|61592,NA,NA,NA,0.03,0.006243127556392
SGB9283,kSGB,k__Bacteria|p__Proteobacteria|c__Betaproteobacteria|o__Burkholderiales|f__Sutterellaceae|g__Sutterella|s__Sutterella_wadsworthensis|t__SGB9283,2|1224|28216|80840|995019|40544|40545,0.94873881204231,0.19,0.056284153005465,0.05,0.006243357532819
SGB1941,kSGB,k__Bacteria|p__Bacteroidetes|c__Bacteroidia|o__Bacteroidales|f__Tannerellaceae|g__Parabacteroides|s__Parabacteroides_goldsteinii|t__SGB1941,2|976|200643|171549|2005525|375288|328812,NA,NA,NA,0.03,0.006262894475354
SGB9243,uSGB,k__Bacteria|p__Proteobacteria|c__CFGB2394|o__OFGB2394|f__FGB2394|g__GGB6544|s__GGB6544_SGB9243|t__SGB9243,2|1224|28216|80840,NA,NA,NA,0.03,0.006264731031301
SGB4658,uSGB,k__Bacteria|p__Firmicutes|c__Clostridia|o__Clostridiales|f__Clostridiaceae|g__GGB3486|s__GGB3486_SGB4658|t__SGB4658,2|1239|186801|186802|31979,NA,NA,NA,0.03,0.006290584680069
SGB6289,uSGB,k__Bacteria|p__Firmicutes|c__CFGB1765|o__OFGB1765|f__FGB1765|g__GGB4558|s__GGB4558_SGB6289|t__SGB6289,2|1239|186801|186802,NA,NA,NA,0.03,0.006314194256791
SGB6438,uSGB,k__Bacteria|p__Firmicutes|c__CFGB1776|o__OFGB1776|f__FGB1776|g__GGB4651|s__GGB4651_SGB6438|t__SGB6438,2|1239|186801|186802,NA,NA,NA,0.03,0.006364269452938
SGB15097,uSGB,k__Bacteria|p__Firmicutes|c__Clostridia|o__Clostridiales|f__Ruminococcaceae|g__GGB9634|s__GGB9634_SGB15097|t__SGB15097,2|1239|186801|186802|541000,NA,NA,NA,0.03,0.006392620530909
SGB6421,uSGB,k__Bacteria|p__Fusobacteria|c__CFGB1776|o__OFGB1776|f__FGB1776|g__GGB4642|s__GGB4642_SGB6421|t__SGB6421,2|32066|203490|203491,NA,NA,NA,0.03,0.006404205656396
SGB6533,uSGB,k__Bacteria|p__Firmicutes|c__CFGB1779|o__OFGB1779|f__FGB1779|g__GGB4717|s__GGB4717_SGB6533|t__SGB6533,2|1239|526524|526525,NA,NA,NA,0.03,0.006413737607721
SGB4993,kSGB,k__Bacteria|p__Firmicutes|c__Firmicutes_unclassified|o__Firmicutes_unclassified|f__Firmicutes_unclassified|g__Firmicutes_unclassified|s__Firmicutes_bacterium_AF16_15|t__SGB4993,2|1239|||||2292885,0.82697078621757,0.56,0.034712196346745,0.034712196346745,0.006446842854472
SGB15403,uSGB,k__Bacteria|p__Firmicutes|c__CFGB3072|o__OFGB3072|f__FGB3072|g__GGB9782|s__GGB9782_SGB15403|t__SGB15403,2|1239|186801|186802,NA,NA,NA,0.03,0.006483969874761
SGB6276,uSGB,k__Bacteria|p__Firmicutes|c__CFGB1765|o__OFGB1765|f__FGB1765|g__GGB4552|s__GGB4552_SGB6276|t__SGB6276,2|1239|186801|186802,0.78567538126362,0.34,0.143955276030748,0.05,0.006504621846748
SGB8644,uSGB,k__Bacteria|p__Candidatus_Melainabacteria|c__Candidatus_Melainabacteria_unclassified|o__Candidatus_Gastranaerophilales|f__Candidatus_Gastranaerophilales_unclassified|g__GGB6013|s__GGB6013_SGB8644|t__SGB8644,2|1798710||1906119|,NA,NA,NA,0.03,0.006530536191299
SGB5190,kSGB,k__Bacteria|p__Firmicutes|c__Clostridia|o__Clostridiales|f__Lachnospiraceae|g__Anaerotignum|s__Anaerotignum_faecicola|t__SGB5190,2|1239|||||2292886,0.87623327861125,0.38,0.012303485987697,0.012303485987697,0.006542254722592
SGB13972,uSGB,k__Bacteria|p__Firmicutes|c__CFGB2833|o__OFGB2833|f__FGB2833|g__GGB9057|s__GGB9057_SGB13972|t__SGB13972,2|1239|91061|1385,NA,NA,NA,0.03,0.006543841241566
SGB5853,kSGB,k__Bacteria|p__Firmicutes|c__Negativicutes|o__Veillonellales|f__Veillonellaceae|g__Megasphaera|s__Megasphaera_sp_AM44_1BH|t__SGB5853,2|1239|909932|1843489|31977|906|2292358,NA,NA,NA,0.03,0.006545826869693
SGB6347,uSGB,k__Bacteria|p__Firmicutes|c__CFGB1765|o__OFGB1765|f__FGB1765|g__GGB4588|s__GGB4588_SGB6347|t__SGB6347,2|1239|186801|186802,NA,NA,NA,0.03,0.006560918086618
SGB6371,uSGB,k__Bacteria|p__Firmicutes|c__CFGB1765|o__OFGB1765|f__FGB1765|g__GGB4604|s__GGB4604_SGB6371|t__SGB6371,2|1239|186801|186802,NA,NA,NA,0.03,0.006567753952478
SGB4758,kSGB,k__Bacteria|p__Firmicutes|c__Clostridia|o__Clostridiales|f__Lachnospiraceae|g__Lachnoclostridium|s__Clostridium_bolteae|t__SGB4758,2|1239|186801|186802|186803|1506553|208479,NA,NA,NA,0.03,0.00659659994105
SGB15145,uSGB,k__Bacteria|p__Firmicutes|c__Clostridia|o__Clostridiales|f__Ruminococcaceae|g__GGB9660|s__GGB9660_SGB15145|t__SGB15145,2|1239|186801|186802|541000,NA,NA,NA,0.03,0.006599260907971
SGB4886,uSGB,k__Bacteria|p__Firmicutes|c__Clostridia|o__Clostridiales|f__Clostridiaceae|g__GGB3614|s__GGB3614_SGB4886|t__SGB4886,2|1239|186801|186802|31979,0.92918235610543,0.52,0.021548821548822,0.021548821548822,0.006611839990085
SGB4781,uSGB,k__Bacteria|p__Firmicutes|c__CFGB1446|o__OFGB1446|f__FGB1446|g__GGB3573|s__GGB3573_SGB4781|t__SGB4781,2|1239|186801|186802,NA,NA,NA,0.03,0.006617733825749
SGB5115,kSGB,k__Bacteria|p__Firmicutes|c__Clostridia|o__Clostridiales|f__Lachnospiraceae|g__Coprococcus|s__Coprococcus_sp_OM04_5BH|t__SGB5115,2|1239|186801|186802|186803|33042|2293093,NA,NA,NA,0.03,0.006623542127896
SGB15051,uSGB,k__Bacteria|p__Firmicutes|c__Clostridia|o__Clostridiales|f__Ruminococcaceae|g__GGB9615|s__GGB9615_SGB15051|t__SGB15051,2|1239|186801|186802|541000,NA,NA,NA,0.03,0.006624629654394
SGB4930,uSGB,k__Bacteria|p__Firmicutes|c__Clostridia|o__Clostridiales|f__Lachnospiraceae|g__GGB3637|s__GGB3637_SGB4930|t__SGB4930,2|1239|186801|186802|186803,NA,NA,NA,0.03,0.006656402734674
SGB15299,uSGB,k__Bacteria|p__Firmicutes|c__Clostridia|o__Clostridiales|f__Ruminococcaceae|g__Gemmiger|s__Gemmiger_SGB15299|t__SGB15299,2|1239|186801|186802|541000|204475,NA,NA,NA,0.03,0.006683426701721
SGB3940,uSGB,k__Bacteria|p__Firmicutes|c__CFGB1201|o__OFGB1201|f__FGB1201|g__GGB2958|s__GGB2958_SGB3940|t__SGB3940,2|1239|186801|186802,NA,NA,NA,0.03,0.00671013687898
SGB4925,kSGB,k__Bacteria|p__Firmicutes|c__Clostridia|o__Clostridiales|f__Lachnospiraceae|g__Roseburia|s__Roseburia_faecis|t__SGB4925,2|1239|186801|186802|186803|841|301302,0.82992733908874,0.44,0.003558627752176,0.003558627752176,0.006723767891815
SGB8640,uSGB,k__Bacteria|p__Candidatus_Melainabacteria|c__Candidatus_Melainabacteria_unclassified|o__Candidatus_Gastranaerophilales|f__Candidatus_Gastranaerophilales_unclassified|g__GGB6012|s__GGB6012_SGB8640|t__SGB8640,2|1798710||1906119|,NA,NA,NA,0.03,0.006730470657414
SGB4959,kSGB,k__Bacteria|p__Firmicutes|c__Clostridia|o__Clostridiales|f__Eubacteriaceae|g__Eubacterium|s__Eubacterium_ramulus|t__SGB4959,2|1239|186801|186802|186806|1730|39490,NA,NA,NA,0.03,0.006747048663048
SGB4831,uSGB,k__Bacteria|p__Firmicutes|c__Clostridia|o__Clostridiales|f__Lachnospiraceae|g__GGB3597|s__GGB3597_SGB4831|t__SGB4831,2|1239|186801|186802|186803,NA,NA,NA,0.03,0.006789621722745
SGB6790,kSGB,k__Bacteria|p__Firmicutes|c__Erysipelotrichia|o__Erysipelotrichales|f__Erysipelotrichaceae|g__Faecalitalea|s__Faecalitalea_cylindroides|t__SGB6790,2|1239|526524|526525|128827|1573534|39483,NA,NA,NA,0.03,0.006816645331981
SGB14991,kSGB,k__Bacteria|p__Firmicutes|c__Clostridia|o__Clostridiales|f__Clostridiaceae|g__Butyricicoccus|s__Butyricicoccus_sp_AM29_23AC|t__SGB14991,2|1239|186801|186802|31979|580596|2292297,NA,NA,NA,0.03,0.006818273885827
SGB5099,uSGB,k__Bacteria|p__Firmicutes|c__CFGB1479|o__OFGB1479|f__FGB1479|g__GGB3751|s__GGB3751_SGB5099|t__SGB5099,2|1239|186801|186802,NA,NA,NA,0.03,0.006830845654258
SGB17231,kSGB,k__Bacteria|p__Actinobacteria|c__Actinobacteria|o__Bifidobacteriales|f__Bifidobacteriaceae|g__Bifidobacterium|s__Bifidobacterium_angulatum|t__SGB17231,2|201174|1760|85004|31953|1678|1683,NA,NA,NA,0.03,0.006834013214862
SGB15106,uSGB,k__Bacteria|p__Firmicutes|c__Clostridia|o__Clostridiales|f__Ruminococcaceae|g__GGB9635|s__GGB9635_SGB15106|t__SGB15106,2|1239|186801|186802|541000,0.89573461824233,0.43,0.028985507246377,0.028985507246377,0.006905514879185
SGB3988,uSGB,k__Bacteria|p__Firmicutes|c__CFGB1226|o__OFGB1226|f__FGB1226|g__GGB2998|s__GGB2998_SGB3988|t__SGB3988,2|1239|186801|186802,NA,NA,NA,0.03,0.006935643012086
SGB6806,kSGB,k__Bacteria|p__Firmicutes|c__Erysipelotrichia|o__Erysipelotrichales|f__Erysipelotrichaceae|g__Holdemanella|s__Holdemanella_biformis|t__SGB6806,2|1239|526524|526525|128827|1573535|1735,NA,NA,NA,0.03,0.006956952950156
SGB3922,kSGB,k__Bacteria|p__Firmicutes|c__Clostridia|o__Clostridiales|f__Clostridiales_Family_XIII_Incertae_Sedis|g__Mogibacterium|s__Mogibacterium_diversum|t__SGB3922,2|1239|186801|186802|543314|86331|114527,NA,NA,NA,0.03,0.006973769381697
SGB6518,uSGB,k__Bacteria|p__Firmicutes|c__CFGB1778|o__OFGB1778|f__FGB1778|g__GGB4708|s__GGB4708_SGB6518|t__SGB6518,2|1239|186801|186802,NA,NA,NA,0.03,0.006977295460557
SGB15300,kSGB,k__Bacteria|p__Firmicutes|c__Clostridia|o__Clostridiales|f__Ruminococcaceae|g__Gemmiger|s__Gemmiger_formicilis|t__SGB15300,2|1239|186801|186802|541000|204475|745368,0.81220907864704,0.5,0.019277108433735,0.019277108433735,0.006983439334831
SGB1636_group,uSGB,k__Bacteria|p__Bacteroidetes|c__Bacteroidia|o__Bacteroidales|f__Prevotellaceae|g__Prevotella|s__Prevotella_SGB1636|t__SGB1636;k__Bacteria|p__Bacteroidetes|c__Bacteroidia|o__Bacteroidales|f__Prevotellaceae|g__Prevotella|s__Prevotella_SGB1635|t__SGB1635,2|976|200643|171549|171552|838,NA,NA,NA,0.03,0.00699617000803
SGB4768,kSGB,k__Bacteria|p__Firmicutes|c__Clostridia|o__Clostridiales|f__Clostridiaceae|g__Clostridiaceae_unclassified|s__Clostridiaceae_bacterium_OM08_6BH|t__SGB4768,2|1239|186801|186802|31979||2292274,NA,NA,NA,0.03,0.00699974954621
SGB8601,kSGB,k__Bacteria|p__Candidatus_Melainabacteria|c__Candidatus_Melainabacteria_unclassified|o__Candidatus_Gastranaerophilales|f__Candidatus_Gastranaerophilales_unclassified|g__Candidatus_Gastranaerophilales_unclassified|s__Candidatus_Gastranaerophilales_bacterium|t__SGB8601,2|1798710||1906119|||2137880,NA,NA,NA,0.03,0.007047669600116
SGB7088,kSGB,k__Bacteria|p__Firmicutes|c__Bacilli|o__Lactobacillales|f__Lactobacillaceae|g__Lactobacillus|s__Lactobacillus_mucosae|t__SGB7088,2|1239|91061|186826|33958|1578|97478,NA,NA,NA,0.03,0.007062170219553
SGB15390,uSGB,k__Bacteria|p__Firmicutes|c__CFGB3069|o__OFGB3069|f__FGB3069|g__GGB9770|s__GGB9770_SGB15390|t__SGB15390,2|1239|186801|186802,NA,NA,NA,0.03,0.007077090924348
SGB4394,uSGB,k__Bacteria|p__Firmicutes|c__CFGB1359|o__OFGB1359|f__FGB1359|g__GGB3321|s__GGB3321_SGB4394|t__SGB4394,2|1239|186801|186802,NA,NA,NA,0.03,0.007114743959032
SGB4921,uSGB,k__Bacteria|p__Firmicutes|c__Clostridia|o__Clostridiales|f__Lachnospiraceae|g__GGB3632|s__GGB3632_SGB4921|t__SGB4921,2|1239|186801|186802|186803,NA,NA,NA,0.03,0.007128535274413
SGB15100,uSGB,k__Bacteria|p__Firmicutes|c__Clostridia|o__Clostridiales|f__Ruminococcaceae|g__GGB9635|s__GGB9635_SGB15100|t__SGB15100,2|1239|186801|186802|541000,NA,NA,NA,0.03,0.007141259310244
SGB4716,kSGB,k__Bacteria|p__Firmicutes|c__Clostridia|o__Clostridiales|f__Clostridiaceae|g__Clostridiaceae_unclassified|s__Clostridiaceae_bacterium_AF02_42|t__SGB4716,2|1239|186801|186802|||245014,0.64517133956386,0.57,0.027417027417027,0.027417027417027,0.007160347010957
SGB4804,uSGB,k__Bacteria|p__Firmicutes|c__Clostridia|o__Clostridiales|f__Lachnospiraceae|g__GGB3586|s__GGB3586_SGB4804|t__SGB4804,2|1239|186801|186802|186803,NA,NA,NA,0.03,0.00717759366905
SGB15198,uSGB,k__Bacteria|p__Firmicutes|c__Clostridia|o__Clostridiales|f__Ruminococcaceae|g__GGB9691|s__GGB9691_SGB15198|t__SGB15198,2|1239|186801|186802|541000,NA,NA,NA,0.03,0.007190196234016
SGB14334,uSGB,k__Bacteria|p__Firmicutes|c__CFGB2987|o__OFGB2987|f__FGB2987|g__GGB9359|s__GGB9359_SGB14334|t__SGB14334,2|1239|186801|186802,NA,NA,NA,0.03,0.007220550944874
SGB6609,uSGB,k__Bacteria|p__Firmicutes|c__CFGB1800|o__OFGB1800|f__FGB1800|g__GGB4774|s__GGB4774_SGB6609|t__SGB6609,2|1239|186801|186802,NA,NA,NA,0.03,0.007235120554453
SGB4260,uSGB,k__Bacteria|p__Firmicutes|c__Clostridia|o__Clostridiales|f__Ruminococcaceae|g__GGB3226|s__GGB3226_SGB4260|t__SGB4260,2|1239|186801|186802|541000,NA,NA,NA,0.03,0.007279094595557
SGB1784_group,kSGB,k__Bacteria|p__Bacteroidetes|c__Bacteroidia|o__Bacteroidales|f__Odoribacteraceae|g__Butyricimonas|s__Butyricimonas_virosa|t__SGB1784;k__Bacteria|p__Bacteroidetes|c__Bacteroidia|o__Bacteroidales|f__Odoribacteraceae|g__Butyricimonas|s__Butyricimonas_faecihominis|t__SGB1786;k__Bacteria|p__Bacteroidetes|c__Bacteroidia|o__Bacteroidales|f__Odoribacteraceae|g__Butyricimonas|s__Butyricimonas_sp_An62|t__SGB1785;k__Bacteria|p__Bacteroidetes|c__Bacteroidia|o__Bacteroidales|f__Odoribacteraceae|g__Butyricimonas|s__Butyricimonas_SGB1783|t__SGB1783,2|976|200643|171549|1853231|574697|544645,NA,NA,NA,0.03,0.007279496761151
SGB1614,uSGB,k__Bacteria|p__Bacteroidetes|c__Bacteroidia|o__Bacteroidales|f__Prevotellaceae|g__GGB1235|s__GGB1235_SGB1614|t__SGB1614,2|976|200643|171549|171552,NA,NA,NA,0.03,0.007329021181957
SGB9202,kSGB,k__Bacteria|p__Lentisphaerae|c__Lentisphaeria|o__Victivallales|f__Victivallaceae|g__Victivallis|s__Victivallis_vadensis|t__SGB9202,2|256845|1313211|278082|255528|172900|172901,NA,NA,NA,0.03,0.007350867898422
SGB1613,uSGB,k__Bacteria|p__Bacteroidetes|c__Bacteroidia|o__Bacteroidales|f__Prevotellaceae|g__GGB1234|s__GGB1234_SGB1613|t__SGB1613,2|976|200643|171549|171552,NA,NA,NA,0.03,0.007367187550681
SGB15054,uSGB,k__Bacteria|p__Firmicutes|c__Clostridia|o__Clostridiales|f__Ruminococcaceae|g__GGB9615|s__GGB9615_SGB15054|t__SGB15054,2|1239|186801|186802|541000,0.73103054786795,0.48,0.052096305520963,0.05,0.007413761025614
SGB6478,uSGB,k__Bacteria|p__Firmicutes|c__CFGB1776|o__OFGB1776|f__FGB1776|g__GGB4684|s__GGB4684_SGB6478|t__SGB6478,2|1239|186801|186802,NA,NA,NA,0.03,0.007423194109235
SGB4644,kSGB,k__Bacteria|p__Firmicutes|c__Clostridia|o__Clostridiales|f__Clostridiaceae|g__Clostridium|s__Clostridium_sp_AF36_4|t__SGB4644,2|1239|186801|186802|31979|1485|2293015,0.89415804852895,0.35,0.039389518572551,0.039389518572551,0.007426795658779
SGB8617,uSGB,k__Bacteria|p__Candidatus_Melainabacteria|c__Candidatus_Melainabacteria_unclassified|o__Candidatus_Gastranaerophilales|f__Candidatus_Gastranaerophilales_unclassified|g__GGB5994|s__GGB5994_SGB8617|t__SGB8617,2|1798710||1906119|,NA,NA,NA,0.03,0.007434238481393
SGB15285,uSGB,k__Bacteria|p__Firmicutes|c__Clostridia|o__Clostridiales|f__Ruminococcaceae|g__GGB9727|s__GGB9727_SGB15285|t__SGB15285,2|1239|186801|186802|541000,NA,NA,NA,0.03,0.007434573309432
SGB14990,uSGB,k__Bacteria|p__Firmicutes|c__Clostridia|o__Clostridiales|f__Clostridiaceae|g__Butyricicoccus|s__Butyricicoccus_SGB14990|t__SGB14990,2|1239|186801|186802|31979|580596,NA,NA,NA,0.03,0.00744182515901
SGB14380,kSGB,k__Bacteria|p__Actinobacteria|c__Coriobacteriia|o__Coriobacteriales|f__Atopobiaceae|g__Libanicoccus|s__Libanicoccus_massiliensis|t__SGB14380,2|201174|84998|84999|1643824|1935188|1871022,NA,NA,NA,0.03,0.007466262020797
SGB15340,uSGB,k__Bacteria|p__Firmicutes|c__Clostridia|o__Clostridiales|f__Ruminococcaceae|g__Faecalibacterium|s__Faecalibacterium_SGB15340|t__SGB15340,2|1239|186801|186802|541000|216851,0.77286444846487,0.42,0.016237003275887,0.016237003275887,0.007495848050673
SGB14248,uSGB,k__Bacteria|p__Firmicutes|c__CFGB2950|o__OFGB2950|f__FGB2950|g__GGB9291|s__GGB9291_SGB14248|t__SGB14248,2|1239|186801|186802,NA,NA,NA,0.03,0.00751177266119
SGB6367,uSGB,k__Bacteria|p__Firmicutes|c__CFGB1765|o__OFGB1765|f__FGB1765|g__GGB4603|s__GGB4603_SGB6367|t__SGB6367,2|1239|186801|186802,NA,NA,NA,0.03,0.007514277892943
SGB6385,uSGB,k__Bacteria|p__Firmicutes|c__CFGB1765|o__OFGB1765|f__FGB1765|g__GGB4611|s__GGB4611_SGB6385|t__SGB6385,2|1239|186801|186802,NA,NA,NA,0.03,0.007547945160423
SGB5066,uSGB,k__Bacteria|p__Firmicutes|c__Clostridia|o__Clostridiales|f__Lachnospiraceae|g__GGB3733|s__GGB3733_SGB5066|t__SGB5066,2|1239|186801|186802|186803,NA,NA,NA,0.03,0.007550731496161
SGB9274,uSGB,k__Bacteria|p__Proteobacteria|c__Betaproteobacteria|o__Burkholderiales|f__Sutterellaceae|g__GGB6565|s__GGB6565_SGB9274|t__SGB9274,2|1224|28216|80840|995019,NA,NA,NA,0.03,0.007560833381771
SGB6317,uSGB,k__Bacteria|p__Firmicutes|c__CFGB1765|o__OFGB1765|f__FGB1765|g__GGB4571|s__GGB4571_SGB6317|t__SGB6317,2|1239|186801|186802,NA,NA,NA,0.03,0.007602447839437
SGB4272,uSGB,k__Bacteria|p__Firmicutes|c__Clostridia|o__Clostridiales|f__Ruminococcaceae|g__GGB3235|s__GGB3235_SGB4272|t__SGB4272,2|1239|186801|186802|541000,NA,NA,NA,0.03,0.007612537118073
SGB15093,uSGB,k__Bacteria|p__Firmicutes|c__Clostridia|o__Clostridiales|f__Ruminococcaceae|g__GGB9634|s__GGB9634_SGB15093|t__SGB15093,2|1239|186801|186802|541000,NA,NA,NA,0.03,0.00762672216491
SGB4655,kSGB,k__Bacteria|p__Firmicutes|c__Clostridia|o__Clostridiales|f__Clostridiaceae|g__Clostridium|s__Clostridium_sp_OM07_10AC|t__SGB4655,2|1239|186801|186802|31979|1485|2293047,NA,NA,NA,0.03,0.007634859070481
SGB4367,uSGB,k__Bacteria|p__Firmicutes|c__CFGB1354|o__OFGB1354|f__FGB1354|g__GGB3304|s__GGB3304_SGB4367|t__SGB4367,2|1239|186801|186802,0.975188525522,0.09,0.003134796238245,0.003134796238245,0.007640709954832
SGB714_group,kSGB,k__Archaea|p__Euryarchaeota|c__Methanobacteria|o__Methanobacteriales|f__Methanobacteriaceae|g__Methanobrevibacter|s__Methanobrevibacter_smithii|t__SGB714;k__Archaea|p__Euryarchaeota|c__Methanobacteria|o__Methanobacteriales|f__Methanobacteriaceae|g__Methanobrevibacter|s__Methanobrevibacter_smithii|t__SGB713,2157|28890|183925|2158|2159|2172|2173,0.955150090897,0.42,0.04140350877193,0.04140350877193,0.007652820758245
SGB4929,uSGB,k__Bacteria|p__Firmicutes|c__Clostridia|o__Clostridiales|f__Lachnospiraceae|g__GGB3636|s__GGB3636_SGB4929|t__SGB4929,2|1239|186801|186802|186803,NA,NA,NA,0.03,0.007661290889083
SGB4966,kSGB,k__Bacteria|p__Firmicutes|c__Clostridia|o__Clostridiales|f__Lachnospiraceae|g__Lachnospiraceae_unclassified|s__Lachnospiraceae_bacterium_OF09_6|t__SGB4966,2|1239|186801|186802|186803||2293831,NA,NA,NA,0.03,0.007663741937008
SGB15310,uSGB,k__Bacteria|p__Firmicutes|c__Clostridia|o__Clostridiales|f__Ruminococcaceae|g__GGB9737|s__GGB9737_SGB15310|t__SGB15310,2|1239|186801|186802|541000,NA,NA,NA,0.03,0.007671285201094
SGB15369,uSGB,k__Bacteria|p__Firmicutes|c__CFGB3068|o__OFGB3068|f__FGB3068|g__GGB9758|s__GGB9758_SGB15369|t__SGB15369,2|1239|186801|186802,0.94738166884309,0.08,0.000552791597568,0.000552791597568,0.007681827157125
SGB14247,uSGB,k__Bacteria|p__Firmicutes|c__CFGB2949|o__OFGB2949|f__FGB2949|g__GGB9290|s__GGB9290_SGB14247|t__SGB14247,2|1239|186801|186802,NA,NA,NA,0.03,0.007699789668222
SGB15213,uSGB,k__Bacteria|p__Firmicutes|c__Clostridia|o__Clostridiales|f__Ruminococcaceae|g__GGB9697|s__GGB9697_SGB15213|t__SGB15213,2|1239|186801|186802|541000,NA,NA,NA,0.03,0.007722260249111
SGB9323,uSGB,k__Bacteria|p__Proteobacteria|c__CFGB2402|o__OFGB2402|f__FGB2402|g__GGB6593|s__GGB6593_SGB9323|t__SGB9323,2|1224|28216|206351,NA,NA,NA,0.03,0.007733560010736
SGB1471,uSGB,k__Bacteria|p__Bacteroidetes|c__Bacteroidia|o__Bacteroidales|f__Prevotellaceae|g__GGB1145|s__GGB1145_SGB1471|t__SGB1471,2|976|200643|171549|171552,NA,NA,NA,0.03,0.007747877154853
SGB4893,kSGB,k__Bacteria|p__Firmicutes|c__Clostridia|o__Clostridiales|f__Lachnospiraceae|g__Lachnospiraceae_unclassified|s__Lachnospiraceae_bacterium_OM04_12BH|t__SGB4893,2|1239|186801|186802|186803||2292272,NA,NA,NA,0.03,0.00776344656766
SGB17153,kSGB,k__Bacteria|p__Actinobacteria|c__Actinobacteria|o__Micrococcales|f__Promicromonosporaceae|g__Isoptericola|s__Isoptericola_variabilis|t__SGB17153,2|201174|1760|2037|2049|1654|1203556,NA,NA,NA,0.03,0.007837846934073
SGB1474,uSGB,k__Bacteria|p__Bacteroidetes|c__Bacteroidia|o__Bacteroidales|f__Prevotellaceae|g__GGB1147|s__GGB1147_SGB1474|t__SGB1474,2|976|200643|171549|171552,NA,NA,NA,0.03,0.007839126503113
SGB4940,kSGB,k__Bacteria|p__Firmicutes|c__Clostridia|o__Clostridiales|f__Lachnospiraceae|g__Roseburia|s__Roseburia_inulinivorans|t__SGB4940,2|1239|186801|186802|186803|841|360807,0.67839390453467,0.53,0.02443746729461,0.02443746729461,0.007842522306012
SGB15265_group,uSGB,k__Bacteria|p__Firmicutes|c__Clostridia|o__Clostridiales|f__Ruminococcaceae|g__GGB9715|s__GGB9715_SGB15265|t__SGB15265;k__Bacteria|p__Firmicutes|c__Clostridia|o__Clostridiales|f__Ruminococcaceae|g__GGB9715|s__GGB9715_SGB15266|t__SGB15266;k__Bacteria|p__Firmicutes|c__Clostridia|o__Clostridiales|f__Ruminococcaceae|g__GGB9715|s__GGB9715_SGB15267|t__SGB15267,2|1239|186801|186802|541000,0.84714439226522,0.11,0.019010343863573,0.019010343863573,0.007909580012266
SGB5090,kSGB,k__Bacteria|p__Firmicutes|c__Clostridia|o__Clostridiales|f__Clostridiales_unclassified|g__Clostridiales_unclassified|s__Clostridiales_bacterium_KLE1615|t__SGB5090,2|1239|186801|186802|||1715004,0.70370968910387,0.4,0.006881451360651,0.006881451360651,0.007930954370257
SGB4809,uSGB,k__Bacteria|p__Firmicutes|c__Clostridia|o__Clostridiales|f__Lachnospiraceae|g__Blautia|s__Blautia_SGB4809|t__SGB4809,2|1239|186801|186802|186803|572511,NA,NA,NA,0.03,0.007942733195086
SGB8002_group,kSGB,k__Bacteria|p__Firmicutes|c__Bacilli|o__Lactobacillales|f__Streptococcaceae|g__Streptococcus|s__Streptococcus_thermophilus|t__SGB8002;k__Bacteria|p__Firmicutes|c__Bacilli|o__Lactobacillales|f__Streptococcaceae|g__Streptococcus|s__Streptococcus_salivarius|t__SGB8007;k__Bacteria|p__Firmicutes|c__Bacilli|o__Lactobacillales|f__Streptococcaceae|g__Streptococcus|s__Streptococcus_salivarius|t__SGB8010;k__Bacteria|p__Firmicutes|c__Bacilli|o__Lactobacillales|f__Streptococcaceae|g__Streptococcus|s__Streptococcus_vestibularis|t__SGB8003,2|1239|91061|186826|1300|1301|1308,NA,NA,NA,0.03,0.007948063393904
SGB14237,uSGB,k__Bacteria|p__Firmicutes|c__CFGB2947|o__OFGB2947|f__FGB2947|g__GGB9284|s__GGB9284_SGB14237|t__SGB14237,2|1239|186801|186802,NA,NA,NA,0.03,0.007989208881935
SGB17169,kSGB,k__Bacteria|p__Actinobacteria|c__Actinobacteria|o__Actinomycetales|f__Actinomycetaceae|g__Actinomyces|s__Actinomyces_sp_ICM58|t__SGB17169,2|201174|1760|2037|2049|1654|1105030,NA,NA,NA,0.03,0.007990727119045
SGB3957,uSGB,k__Bacteria|p__Firmicutes|c__CFGB1215|o__OFGB1215|f__FGB1215|g__GGB2975|s__GGB2975_SGB3957|t__SGB3957,2|1239|186801|186802,NA,NA,NA,0.03,0.008000685855212
SGB5082,kSGB,k__Bacteria|p__Firmicutes|c__Clostridia|o__Clostridiales|f__Eubacteriaceae|g__Eubacterium|s__Eubacterium_eligens|t__SGB5082,2|1239|186801|186802|186806|1730|39485,0.87287770277468,0.26,0.00524555766835,0.00524555766835,0.008027296833724
SGB14894,kSGB,k__Bacteria|p__Firmicutes|c__Clostridia|o__Clostridiales|f__Ruminococcaceae|g__Anaeromassilibacillus|s__Anaeromassilibacillus_sp_An250|t__SGB14894,2|1239|186801|186802|541000|1924093|1965604,NA,NA,NA,0.03,0.008118655437042
SGB15395,uSGB,k__Bacteria|p__Firmicutes|c__CFGB3070|o__OFGB3070|f__FGB3070|g__GGB9775|s__GGB9775_SGB15395|t__SGB15395,2|1239|186801|186802,NA,NA,NA,0.03,0.008124535512647
SGB14980,uSGB,k__Bacteria|p__Firmicutes|c__Clostridia|o__Clostridiales|f__Clostridiaceae|g__GGB9568|s__GGB9568_SGB14980|t__SGB14980,2|1239|186801|186802|31979,NA,NA,NA,0.03,0.008186831034825
SGB15238,uSGB,k__Bacteria|p__Firmicutes|c__Clostridia|o__Clostridiales|f__Ruminococcaceae|g__GGB9709|s__GGB9709_SGB15238|t__SGB15238,2|1239|186801|186802|541000,NA,NA,NA,0.03,0.008197264341163
SGB14909,uSGB,k__Bacteria|p__Firmicutes|c__Clostridia|o__Clostridiales|f__Ruminococcaceae|g__GGB9512|s__GGB9512_SGB14909|t__SGB14909,2|1239|186801|186802|541000,0.93662065937422,0.37,0.033834586466165,0.033834586466165,0.008207051515074
SGB15382,uSGB,k__Bacteria|p__Firmicutes|c__CFGB3069|o__OFGB3069|f__FGB3069|g__GGB9765|s__GGB9765_SGB15382|t__SGB15382,2|1239|186801|186802,NA,NA,NA,0.03,0.008225025699412
SGB6473,uSGB,k__Bacteria|p__Firmicutes|c__CFGB1776|o__OFGB1776|f__FGB1776|g__GGB4683|s__GGB4683_SGB6473|t__SGB6473,2|1239|91061|1385,NA,NA,NA,0.03,0.008234140604421
SGB4815,uSGB,k__Bacteria|p__Firmicutes|c__Clostridia|o__Clostridiales|f__Lachnospiraceae|g__Blautia|s__Blautia_SGB4815|t__SGB4815,2|1239|186801|186802|186803|572511,NA,NA,NA,0.03,0.008246473143955
SGB4771,uSGB,k__Bacteria|p__Firmicutes|c__Clostridia|o__Clostridiales|f__Lachnospiraceae|g__GGB3566|s__GGB3566_SGB4771|t__SGB4771,2|1239|186801|186802|186803,NA,NA,NA,0.03,0.008290091351638
SGB10131,kSGB,k__Bacteria|p__Proteobacteria|c__Gammaproteobacteria|o__Enterobacterales|f__Enterobacteriaceae|g__Enterobacter|s__Enterobacter_cloacae|t__SGB10131,2|1224|1236|91347|543|547|550,NA,NA,NA,0.03,0.008295028739576
SGB4824,kSGB,k__Bacteria|p__Firmicutes|c__Clostridia|o__Clostridiales|f__Ruminococcaceae|g__Ruminococcus|s__Ruminococcus_sp_AF46_10NS|t__SGB4824,2|1239|186801|186802|541000|1263|2292072,NA,NA,NA,0.03,0.008337493795755
SGB4900,uSGB,k__Bacteria|p__Firmicutes|c__Clostridia|o__Clostridiales|f__Clostridiaceae|g__GGB3623|s__GGB3623_SGB4900|t__SGB4900,2|1239|186801|186802|31979,NA,NA,NA,0.03,0.008355751252403
SGB4894,uSGB,k__Bacteria|p__Firmicutes|c__Clostridia|o__Clostridiales|f__Clostridiaceae|g__GGB3619|s__GGB3619_SGB4894|t__SGB4894,2|1239|186801|186802|31979,NA,NA,NA,0.03,0.008368794592905
SGB376,uSGB,k__Archaea|p__Euryarchaeota|c__Thermoplasmata|o__Methanomassiliicoccales|f__Candidatus_Methanomethylophilaceae|g__GGB269|s__GGB269_SGB376|t__SGB376,2157|28890|183967|1235850|2517203,NA,NA,NA,0.03,0.008388944763678
SGB6836,uSGB,k__Bacteria|p__Firmicutes|c__Erysipelotrichia|o__Erysipelotrichales|f__Erysipelotrichaceae|g__GGB4887|s__GGB4887_SGB6836|t__SGB6836,2|1239|526524|526525|128827,NA,NA,NA,0.03,0.008390742632113
SGB15089,uSGB,k__Bacteria|p__Firmicutes|c__Clostridia|o__Clostridiales|f__Ruminococcaceae|g__GGB9632|s__GGB9632_SGB15089|t__SGB15089,2|1239|186801|186802|541000,0.89345439428582,0.24,0.033391574451563,0.033391574451563,0.008493744297607
SGB6422,uSGB,k__Bacteria|p__Firmicutes|c__CFGB1776|o__OFGB1776|f__FGB1776|g__GGB4642|s__GGB4642_SGB6422|t__SGB6422,2|1239|186801|186802,NA,NA,NA,0.03,0.008506188475514
SGB13979,uSGB,k__Bacteria|p__Firmicutes|c__CFGB2834|o__OFGB2834|f__FGB2834|g__GGB9061|s__GGB9061_SGB13979|t__SGB13979,2|1239|186801|186802,NA,NA,NA,0.03,0.008515480012047
SGB1662,kSGB,k__Bacteria|p__Bacteroidetes|c__Bacteroidia|o__Bacteroidales|f__Prevotellaceae|g__Prevotella|s__Prevotella_sp_P4_65|t__SGB1662,2|976|200643|171549|171552|838|1602168,NA,NA,NA,0.03,0.008521958079041
SGB17241,kSGB,k__Bacteria|p__Actinobacteria|c__Actinobacteria|o__Bifidobacteriales|f__Bifidobacteriaceae|g__Bifidobacterium|s__Bifidobacterium_catenulatum|t__SGB17241,2|201174|1760|85004|31953|1678|1686,NA,NA,NA,0.03,0.008542552151903
SGB14336,uSGB,k__Bacteria|p__Actinobacteria|c__CFGB2987|o__OFGB2987|f__FGB2987|g__GGB9361|s__GGB9361_SGB14336|t__SGB14336,2|201174|84998|1643822,NA,NA,NA,0.03,0.008556395119456
SGB5239,uSGB,k__Bacteria|p__Firmicutes|c__Clostridia|o__Clostridiales|f__Lachnospiraceae|g__GGB3862|s__GGB3862_SGB5239|t__SGB5239,2|1239|186801|186802|186803,NA,NA,NA,0.03,0.00860495059476
SGB4373,uSGB,k__Bacteria|p__Firmicutes|c__CFGB1355|o__OFGB1355|f__FGB1355|g__GGB3306|s__GGB3306_SGB4373|t__SGB4373,2|1239|186801|186802,NA,NA,NA,0.03,0.008637341512625
SGB15292,uSGB,k__Bacteria|p__Firmicutes|c__Clostridia|o__Clostridiales|f__Ruminococcaceae|g__Gemmiger|s__Gemmiger_SGB15292|t__SGB15292,2|1239|186801|186802|541000|204475,NA,NA,NA,0.03,0.008661631591861
SGB15087,uSGB,k__Bacteria|p__Firmicutes|c__Clostridia|o__Clostridiales|f__Ruminococcaceae|g__GGB9631|s__GGB9631_SGB15087|t__SGB15087,2|1239|186801|186802|541000,NA,NA,NA,0.03,0.008713404915569
SGB4552,kSGB,k__Bacteria|p__Firmicutes|c__Clostridia|o__Clostridiales|f__Lachnospiraceae|g__Dorea|s__Dorea_sp_AF36_15AT|t__SGB4552,2|1239|186801|186802|186803|189330|2292346,NA,NA,NA,0.03,0.008726978594679
SGB1663,uSGB,k__Bacteria|p__Bacteroidetes|c__Bacteroidia|o__Bacteroidales|f__Prevotellaceae|g__GGB1243|s__GGB1243_SGB1663|t__SGB1663,2|976|200643|171549|171552,NA,NA,NA,0.03,0.008811114973729
SGB4964,uSGB,k__Bacteria|p__Firmicutes|c__Clostridia|o__Clostridiales|f__Eubacteriaceae|g__GGB3653|s__GGB3653_SGB4964|t__SGB4964,2|1239|186801|186802|186806,0.92799808886765,0.49,0.04865831842576,0.04865831842576,0.008851888916708
SGB4285,kSGB,k__Bacteria|p__Firmicutes|c__Clostridia|o__Clostridiales|f__Ruminococcaceae|g__Ruminococcus|s__Ruminococcus_bromii|t__SGB4285,2|1239|186801|186802|541000|1263|40518,0.92110706110455,0.27,0.013098904526139,0.013098904526139,0.008873598853701
SGB1676,kSGB,k__Bacteria|p__Bacteroidetes|c__Bacteroidia|o__Bacteroidales|f__Prevotellaceae|g__Prevotella|s__Prevotella_sp_Marseille_P4119|t__SGB1676,2|976|200643|171549|171552|838|2079531,NA,NA,NA,0.03,0.00892885619229
SGB14861,uSGB,k__Bacteria|p__Firmicutes|c__CFGB3005|o__OFGB3005|f__FGB3005|g__GGB9468|s__GGB9468_SGB14861|t__SGB14861,2|1239|186801|186802,0.91425163983304,0.51,0.035107169253511,0.035107169253511,0.008932176469891
SGB14017,uSGB,k__Bacteria|p__Firmicutes|c__CFGB2833|o__OFGB2833|f__FGB2833|g__GGB9088|s__GGB9088_SGB14017|t__SGB14017,2|1239|186801|186802,NA,NA,NA,0.03,0.008963010636062
SGB1679,kSGB,k__Bacteria|p__Bacteroidetes|c__Bacteroidia|o__Bacteroidales|f__Prevotellaceae|g__Prevotella|s__Prevotella_stercorea|t__SGB1679,2|976|200643|171549|171552|838|363265,NA,NA,NA,0.03,0.009017624806719
SGB15022,uSGB,k__Bacteria|p__Firmicutes|c__Clostridia|o__Clostridiales|f__Ruminococcaceae|g__GGB9597|s__GGB9597_SGB15022|t__SGB15022,2|1239|186801|186802|541000,NA,NA,NA,0.03,0.009040745839496
SGB15318,kSGB,k__Bacteria|p__Firmicutes|c__Clostridia|o__Clostridiales|f__Ruminococcaceae|g__Faecalibacterium|s__Faecalibacterium_prausnitzii|t__SGB15318,2|1239|186801|186802|541000|216851|853,0.87236371494922,0.57,0.015165616142815,0.015165616142815,0.009043994729166
SGB14844,uSGB,k__Bacteria|p__Firmicutes|c__CFGB3000|o__OFGB3000|f__FGB3000|g__GGB9453|s__GGB9453_SGB14844|t__SGB14844,2|1239|186801|186802,NA,NA,NA,0.03,0.009056062481818
SGB14822,kSGB,k__Bacteria|p__Actinobacteria|c__Coriobacteriia|o__Coriobacteriales|f__Coriobacteriaceae|g__Senegalimassilia|s__Senegalimassilia_sp_KGMB04484|t__SGB14822,2|201174|84998|84999|84107|1473205|2509433,NA,NA,NA,0.03,0.009074317789798
SGB4779,kSGB,k__Bacteria|p__Firmicutes|c__Clostridia|o__Clostridiales|f__Lachnospiraceae|g__Blautia|s__Blautia_sp_OF03_15BH|t__SGB4779,2|1239|186801|186802|186803|572511|2292287,NA,NA,NA,0.03,0.009096073442487
SGB16985,uSGB,k__Bacteria|p__Actinobacteria|c__Actinobacteria|o__Micrococcales|f__Micrococcaceae|g__Rothia|s__Rothia_SGB16985|t__SGB16985,2|201174|1760|85006|1268|32207,NA,NA,NA,0.03,0.009097549412244
SGB4365,uSGB,k__Bacteria|p__Firmicutes|c__CFGB1354|o__OFGB1354|f__FGB1354|g__GGB3304|s__GGB3304_SGB4365|t__SGB4365,2|1239|186801|186802,NA,NA,NA,0.03,0.009142123448894
SGB1024,uSGB,k__Eukaryota|p__Ascomycota|c__CFGB343|o__OFGB343|f__FGB343|g__GGB781|s__GGB781_SGB1024|t__SGB1024,2759|4890|4891|4892,NA,NA,NA,0.03,0.009223760963623
SGB15103,uSGB,k__Bacteria|p__Firmicutes|c__Clostridia|o__Clostridiales|f__Ruminococcaceae|g__GGB9635|s__GGB9635_SGB15103|t__SGB15103,2|1239|186801|186802|541000,NA,NA,NA,0.03,0.009224979011305
SGB15374,uSGB,k__Bacteria|p__Firmicutes|c__CFGB3056|o__OFGB3056|f__FGB3056|g__GGB9760|s__GGB9760_SGB15374|t__SGB15374,2|1239|186801|186802,0.88261823500731,0.64,0.021428571428571,0.021428571428571,0.009225560188516
SGB1617_group,kSGB,k__Bacteria|p__Bacteroidetes|c__Bacteroidia|o__Bacteroidales|f__Prevotellaceae|g__Prevotella|s__Prevotella_sp_AM42_24|t__SGB1617;k__Bacteria|p__Bacteroidetes|c__Bacteroidia|o__Bacteroidales|f__Prevotellaceae|g__Prevotella|s__Prevotella_SGB1615|t__SGB1615,2|976|200643|171549|171552|838|2293125,NA,NA,NA,0.03,0.009288973096983
SGB4936,kSGB,k__Bacteria|p__Firmicutes|c__Clostridia|o__Clostridiales|f__Lachnospiraceae|g__Roseburia|s__Roseburia_hominis|t__SGB4936,2|1239|186801|186802|186803|841|301301,0.7924316823228,0.6,0.031865157480315,0.031865157480315,0.009327253695338
SGB4191,uSGB,k__Bacteria|p__Firmicutes|c__CFGB1325|o__OFGB1325|f__FGB1325|g__GGB3175|s__GGB3175_SGB4191|t__SGB4191,2|1239|186801|186802,0.93204148471616,0.52,0.010416666666667,0.010416666666667,0.009330972616304
SGB5234,uSGB,k__Bacteria|p__Firmicutes|c__Clostridia|o__Clostridiales|f__Lachnospiraceae|g__GGB3859|s__GGB3859_SGB5234|t__SGB5234,2|1239|186801|186802|186803,NA,NA,NA,0.03,0.009389754405019
SGB1872_group,kSGB,k__Bacteria|p__Bacteroidetes|c__Bacteroidia|o__Bacteroidales|f__Bacteroidaceae|g__Bacteroides|s__Bacteroides_ovatus|t__SGB1872;k__Bacteria|p__Bacteroidetes|c__Bacteroidia|o__Bacteroidales|f__Bacteroidaceae|g__Bacteroides|s__Bacteroides_xylanisolvens|t__SGB1867;k__Bacteria|p__Bacteroidetes|c__Bacteroidia|o__Bacteroidales|f__Bacteroidaceae|g__Bacteroides|s__Bacteroides_caecimuris|t__SGB1863,2|976|200643|171549|815|816|28116,0.65609957563791,0.23,0.02640088593577,0.02640088593577,0.009400902638706
SGB15042,uSGB,k__Bacteria|p__Firmicutes|c__Clostridia|o__Clostridiales|f__Ruminococcaceae|g__GGB9608|s__GGB9608_SGB15042|t__SGB15042,2|1239|186801|186802|541000,NA,NA,NA,0.03,0.009416604942695
SGB4029,uSGB,k__Bacteria|p__Firmicutes|c__CFGB1249|o__OFGB1249|f__FGB1249|g__GGB3033|s__GGB3033_SGB4029|t__SGB4029,2|1239|526524|526525,NA,NA,NA,0.03,0.009420716914014
SGB1473,uSGB,k__Bacteria|p__Bacteroidetes|c__Bacteroidia|o__Bacteroidales|f__Prevotellaceae|g__GGB1147|s__GGB1147_SGB1473|t__SGB1473,2|976|200643|171549|171552,NA,NA,NA,0.03,0.0094261451101
SGB15322,kSGB,k__Bacteria|p__Firmicutes|c__Clostridia|o__Clostridiales|f__Ruminococcaceae|g__Faecalibacterium|s__Faecalibacterium_prausnitzii|t__SGB15322,2|1239|186801|186802|541000|216851|853,0.75955495158825,0.56,0.042857142857143,0.042857142857143,0.00943959573218
SGB15065,uSGB,k__Bacteria|p__Firmicutes|c__Clostridia|o__Clostridiales|f__Ruminococcaceae|g__GGB9618|s__GGB9618_SGB15065|t__SGB15065,2|1239|186801|186802|541000,NA,NA,NA,0.03,0.009458049486213
SGB9311,uSGB,k__Bacteria|p__Proteobacteria|c__CFGB2401|o__OFGB2401|f__FGB2401|g__GGB6586|s__GGB6586_SGB9311|t__SGB9311,2|1224|28216|206351,NA,NA,NA,0.03,0.00951499168867
SGB15015,uSGB,k__Bacteria|p__Firmicutes|c__Clostridia|o__Clostridiales|f__Ruminococcaceae|g__GGB9593|s__GGB9593_SGB15015|t__SGB15015,2|1239|186801|186802|541000,NA,NA,NA,0.03,0.009524623769602
SGB15084,uSGB,k__Bacteria|p__Firmicutes|c__Clostridia|o__Clostridiales|f__Ruminococcaceae|g__GGB9630|s__GGB9630_SGB15084|t__SGB15084,2|1239|186801|186802|541000,NA,NA,NA,0.03,0.00954659126861
SGB15031_group,uSGB,k__Bacteria|p__Firmicutes|c__Clostridia|o__Clostridiales|f__Ruminococcaceae|g__GGB9602|s__GGB9602_SGB15031|t__SGB15031;k__Bacteria|p__Firmicutes|c__Clostridia|o__Clostridiales|f__Ruminococcaceae|g__GGB9602|s__GGB9602_SGB15028|t__SGB15028,2|1239|186801|186802|541000,0.76288161493406,0.49,0.027508375947805,0.027508375947805,0.009561456137002
SGB15180,uSGB,k__Bacteria|p__Firmicutes|c__Clostridia|o__Clostridiales|f__Ruminococcaceae|g__GGB9677|s__GGB9677_SGB15180|t__SGB15180,2|1239|186801|186802|541000,0.93756636228499,0.17,0.012549019607843,0.012549019607843,0.00957551817551
SGB15052,uSGB,k__Bacteria|p__Firmicutes|c__Clostridia|o__Clostridiales|f__Ruminococcaceae|g__GGB9615|s__GGB9615_SGB15052|t__SGB15052,2|1239|186801|186802|541000,NA,NA,NA,0.03,0.009592899885557
SGB17195,kSGB,k__Bacteria|p__Actinobacteria|c__Actinobacteria|o__Actinomycetales|f__Actinomycetaceae|g__Schaalia|s__Schaalia_turicensis|t__SGB17195,2|201174|1760|2037|2049|2529408|131111,NA,NA,NA,0.03,0.009625123259217
SGB15121,uSGB,k__Bacteria|p__Firmicutes|c__Clostridia|o__Clostridiales|f__Ruminococcaceae|g__GGB9644|s__GGB9644_SGB15121|t__SGB15121,2|1239|186801|186802|541000,NA,NA,NA,0.03,0.009634768502549
SGB6465,uSGB,k__Bacteria|p__Fusobacteria|c__CFGB1776|o__OFGB1776|f__FGB1776|g__GGB4676|s__GGB4676_SGB6465|t__SGB6465,2|32066|203490|203491,NA,NA,NA,0.03,0.009635369459059
SGB14205,uSGB,k__Bacteria|p__Firmicutes|c__CFGB2932|o__OFGB2932|f__FGB2932|g__GGB9258|s__GGB9258_SGB14205|t__SGB14205,2|1239|186801|186802,NA,NA,NA,0.03,0.009664561004411
SGB6428,uSGB,k__Bacteria|p__Firmicutes|c__CFGB1776|o__OFGB1776|f__FGB1776|g__GGB4644|s__GGB4644_SGB6428|t__SGB6428,2|1239|186801|186802,NA,NA,NA,0.03,0.00975266872316
SGB14770,uSGB,k__Bacteria|p__Actinobacteria|c__CFGB2992|o__OFGB2992|f__FGB2992|g__GGB9412|s__GGB9412_SGB14770|t__SGB14770,2|201174|84998|84999,NA,NA,NA,0.03,0.009774563834506
SGB4903,uSGB,k__Bacteria|p__Firmicutes|c__CFGB1450|o__OFGB1450|f__FGB1450|g__GGB3625|s__GGB3625_SGB4903|t__SGB4903,2|1239|186801|186802,NA,NA,NA,0.03,0.009798796067051
SGB6783,kSGB,k__Bacteria|p__Firmicutes|c__Erysipelotrichia|o__Erysipelotrichales|f__Erysipelotrichaceae|g__Catenibacterium|s__Catenibacterium_sp_AM22_15|t__SGB6783,2|1239|526524|526525|128827|135858|2292992,0.9275623839967,0.26,0.07843137254902,0.05,0.009811588463331
SGB8651,uSGB,k__Bacteria|p__Candidatus_Melainabacteria|c__Candidatus_Melainabacteria_unclassified|o__Candidatus_Gastranaerophilales|f__Candidatus_Gastranaerophilales_unclassified|g__GGB6019|s__GGB6019_SGB8651|t__SGB8651,2|1798710||1906119|,NA,NA,NA,0.03,0.009828651546636
SGB14313,uSGB,k__Bacteria|p__Firmicutes|c__CFGB2984|o__OFGB2984|f__FGB2984|g__GGB9347|s__GGB9347_SGB14313|t__SGB14313,2|1239|186801|186802,NA,NA,NA,0.03,0.009937177284039
SGB6328,uSGB,k__Bacteria|p__Firmicutes|c__CFGB1765|o__OFGB1765|f__FGB1765|g__GGB4578|s__GGB4578_SGB6328|t__SGB6328,2|1239|186801|186802,NA,NA,NA,0.03,0.010014779024126
SGB14209,uSGB,k__Bacteria|p__Firmicutes|c__CFGB2932|o__OFGB2932|f__FGB2932|g__GGB9261|s__GGB9261_SGB14209|t__SGB14209,2|1239|186801|186802,NA,NA,NA,0.03,0.010026352751088
SGB4882,uSGB,k__Bacteria|p__Firmicutes|c__Clostridia|o__Clostridiales|f__Clostridiaceae|g__GGB3612|s__GGB3612_SGB4882|t__SGB4882,2|1239|186801|186802|31979,NA,NA,NA,0.03,0.010034632128705
SGB15229,uSGB,k__Bacteria|p__Firmicutes|c__Clostridia|o__Clostridiales|f__Ruminococcaceae|g__GGB9707|s__GGB9707_SGB15229|t__SGB15229,2|1239|186801|186802|541000,NA,NA,NA,0.03,0.01004304313487
SGB14306,uSGB,k__Bacteria|p__Firmicutes|c__CFGB2982|o__OFGB2982|f__FGB2982|g__GGB9342|s__GGB9342_SGB14306|t__SGB14306,2|1239|186801|186802,0.85226857130564,0.8,0.07250341997264,0.05,0.010065284544069
SGB14321,uSGB,k__Bacteria|p__Actinobacteria|c__CFGB2987|o__OFGB2987|f__FGB2987|g__GGB9352|s__GGB9352_SGB14321|t__SGB14321,2|201174|84998|84999,NA,NA,NA,0.03,0.01006821333278
SGB4364,uSGB,k__Bacteria|p__Firmicutes|c__CFGB1354|o__OFGB1354|f__FGB1354|g__GGB3303|s__GGB3303_SGB4364|t__SGB4364,2|1239|186801|186802,NA,NA,NA,0.03,0.01007068179233
SGB1653,uSGB,k__Bacteria|p__Bacteroidetes|c__Bacteroidia|o__Bacteroidales|f__Prevotellaceae|g__Prevotella|s__Prevotella_SGB1653|t__SGB1653,2|976|200643|171549|171552|838,NA,NA,NA,0.03,0.010121241508209
SGB14993_group,kSGB,k__Bacteria|p__Firmicutes|c__Clostridia|o__Clostridiales|f__Ruminococcaceae|g__Agathobaculum|s__Agathobaculum_butyriciproducens|t__SGB14993;k__Bacteria|p__Firmicutes|c__Clostridia|o__Clostridiales|f__Clostridiaceae|g__Butyricicoccus|s__Butyricicoccus_SGB14992|t__SGB14992,2|1239|186801|186802|541000|2048137|1628085,0.7608511730484,0.67,0.06031746031746,0.05,0.010133983889959
SGB15244,uSGB,k__Bacteria|p__Firmicutes|c__Clostridia|o__Clostridiales|f__Ruminococcaceae|g__GGB9712|s__GGB9712_SGB15244|t__SGB15244,2|1239|186801|186802|541000,0.87002764768944,0.53,0.020733061828952,0.020733061828952,0.010175755510896
SGB15394,uSGB,k__Bacteria|p__Actinobacteria|c__CFGB3070|o__OFGB3070|f__FGB3070|g__GGB9774|s__GGB9774_SGB15394|t__SGB15394,2|201174|1760|85004,NA,NA,NA,0.03,0.010181679092777
SGB1475,uSGB,k__Bacteria|p__Bacteroidetes|c__Bacteroidia|o__Bacteroidales|f__Prevotellaceae|g__GGB1148|s__GGB1148_SGB1475|t__SGB1475,2|976|200643|171549|171552,NA,NA,NA,0.03,0.010210953652691
SGB15216,uSGB,k__Bacteria|p__Firmicutes|c__Clostridia|o__Clostridiales|f__Ruminococcaceae|g__GGB9699|s__GGB9699_SGB15216|t__SGB15216,2|1239|186801|186802|541000,0.85609133243203,0.26,0.001708817498291,0.001708817498291,0.010253478177709
SGB2071,uSGB,k__Bacteria|p__Bacteroidetes|c__CFGB629|o__OFGB629|f__FGB629|g__GGB1495|s__GGB1495_SGB2071|t__SGB2071,2|976|200643|171549,NA,NA,NA,0.03,0.010308205039985
SGB15095,uSGB,k__Bacteria|p__Firmicutes|c__Clostridia|o__Clostridiales|f__Ruminococcaceae|g__GGB9634|s__GGB9634_SGB15095|t__SGB15095,2|1239|186801|186802|541000,NA,NA,NA,0.03,0.010386197403423
SGB5062,uSGB,k__Bacteria|p__Firmicutes|c__CFGB1474|o__OFGB1474|f__FGB1474|g__GGB3731|s__GGB3731_SGB5062|t__SGB5062,2|1239|186801|186802,NA,NA,NA,0.03,0.010391862586953
SGB14253,uSGB,k__Bacteria|p__Firmicutes|c__CFGB2954|o__OFGB2954|f__FGB2954|g__GGB9296|s__GGB9296_SGB14253|t__SGB14253,2|1239|186801|186802,NA,NA,NA,0.03,0.010528126409596
SGB14136,uSGB,k__Bacteria|p__Firmicutes|c__CFGB2889|o__OFGB2889|f__FGB2889|g__GGB9197|s__GGB9197_SGB14136|t__SGB14136,2|1239|186801|186802,NA,NA,NA,0.03,0.010673544641185
SGB19692,uSGB,k__Bacteria|p__Elusimicrobia|c__Elusimicrobia|o__Elusimicrobiales|f__Elusimicrobiaceae|g__GGB12695|s__GGB12695_SGB19692|t__SGB19692,2|74152|641853|641854|641876,NA,NA,NA,0.03,0.010676521037319
SGB14905,uSGB,k__Bacteria|p__Firmicutes|c__CFGB3026|o__OFGB3026|f__FGB3026|g__GGB9508|s__GGB9508_SGB14905|t__SGB14905,2|1239|186801|186802,NA,NA,NA,0.03,0.010700207226316
SGB8653,uSGB,k__Bacteria|p__Candidatus_Melainabacteria|c__Candidatus_Melainabacteria_unclassified|o__Candidatus_Gastranaerophilales|f__Candidatus_Gastranaerophilales_unclassified|g__GGB6020|s__GGB6020_SGB8653|t__SGB8653,2|1798710||1906119|,NA,NA,NA,0.03,0.01071039955153
SGB6503,uSGB,k__Bacteria|p__Firmicutes|c__CFGB1778|o__OFGB1778|f__FGB1778|g__GGB4699|s__GGB4699_SGB6503|t__SGB6503,2|1239|186801|186802,NA,NA,NA,0.03,0.010968456655881
SGB15323,kSGB,k__Bacteria|p__Firmicutes|c__Clostridia|o__Clostridiales|f__Ruminococcaceae|g__Faecalibacterium|s__Faecalibacterium_prausnitzii|t__SGB15323,2|1239|186801|186802|541000|216851|853,NA,NA,NA,0.03,0.010975874714174
SGB6939,kSGB,k__Bacteria|p__Firmicutes|c__Negativicutes|o__Veillonellales|f__Veillonellaceae|g__Veillonella|s__Veillonella_parvula|t__SGB6939,2|1239|909932|1843489|31977|29465|29466,NA,NA,NA,0.03,0.010999594403655
SGB6506,uSGB,k__Bacteria|p__Fusobacteria|c__CFGB1778|o__OFGB1778|f__FGB1778|g__GGB4700|s__GGB4700_SGB6506|t__SGB6506,2|32066|203490|203491,NA,NA,NA,0.03,0.011090447114157
SGB15295,uSGB,k__Bacteria|p__Firmicutes|c__Clostridia|o__Clostridiales|f__Ruminococcaceae|g__Gemmiger|s__Gemmiger_SGB15295|t__SGB15295,2|1239|186801|186802|541000|204475,0.94200233634751,0.36,0.020568663036903,0.020568663036903,0.011100550788016
SGB6952,kSGB,k__Bacteria|p__Firmicutes|c__Negativicutes|o__Veillonellales|f__Veillonellaceae|g__Veillonella|s__Veillonella_dispar|t__SGB6952,2|1239|909932|1843489|31977|29465|39778,NA,NA,NA,0.03,0.011295497547662
SGB15085,uSGB,k__Bacteria|p__Firmicutes|c__Clostridia|o__Clostridiales|f__Ruminococcaceae|g__GGB9631|s__GGB9631_SGB15085|t__SGB15085,2|1239|186801|186802|541000,NA,NA,NA,0.03,0.011345765427557
SGB1437,uSGB,k__Bacteria|p__Bacteroidetes|c__CFGB544|o__OFGB544|f__FGB544|g__GGB1123|s__GGB1123_SGB1437|t__SGB1437,2|976|200643|171549,NA,NA,NA,0.03,0.011398901233629
SGB14110,uSGB,k__Bacteria|p__Firmicutes|c__CFGB2873|o__OFGB2873|f__FGB2873|g__GGB9172|s__GGB9172_SGB14110|t__SGB14110,2|1239|91061|1385,NA,NA,NA,0.03,0.011411059802087
SGB2214,uSGB,k__Bacteria|p__Bacteroidetes|c__CFGB654|o__OFGB654|f__FGB654|g__GGB1617|s__GGB1617_SGB2214|t__SGB2214,2|976|200643|171549,NA,NA,NA,0.03,0.011435183944979
SGB15196,uSGB,k__Bacteria|p__Firmicutes|c__Clostridia|o__Clostridiales|f__Ruminococcaceae|g__GGB9690|s__GGB9690_SGB15196|t__SGB15196,2|1239|186801|186802|541000,NA,NA,NA,0.03,0.011482289589863
SGB14215,uSGB,k__Bacteria|p__Firmicutes|c__CFGB2936|o__OFGB2936|f__FGB2936|g__GGB9266|s__GGB9266_SGB14215|t__SGB14215,2|1239|186801|186802,NA,NA,NA,0.03,0.011483757981702
SGB15385,uSGB,k__Bacteria|p__Firmicutes|c__CFGB3069|o__OFGB3069|f__FGB3069|g__GGB9767|s__GGB9767_SGB15385|t__SGB15385,2|1239|186801|186802,NA,NA,NA,0.03,0.011500278136283
SGB6816,kSGB,k__Bacteria|p__Firmicutes|c__Clostridia|o__Clostridiales|f__Eubacteriaceae|g__Eubacterium|s__Eubacterium_sp_AF22_8LB|t__SGB6816,2|1239|186801|186802|186806|1730|2292232,NA,NA,NA,0.03,0.011560232822051
SGB15203,uSGB,k__Bacteria|p__Firmicutes|c__Clostridia|o__Clostridiales|f__Ruminococcaceae|g__GGB9694|s__GGB9694_SGB15203|t__SGB15203,2|1239|186801|186802|541000,NA,NA,NA,0.03,0.011639570369124
SGB14341_group,uSGB,k__Bacteria|p__Actinobacteria|c__CFGB2989|o__OFGB2989|f__FGB2989|g__GGB9365|s__GGB9365_SGB14341|t__SGB14341;k__Bacteria|p__Actinobacteria|c__CFGB2989|o__OFGB2989|f__FGB2989|g__GGB9365|s__GGB9365_SGB14342|t__SGB14342,2|201174|84998|1643822,NA,NA,NA,0.03,0.011732528086407
SGB1948,kSGB,k__Bacteria|p__Bacteroidetes|c__Bacteroidia|o__Bacteroidales|f__Tannerellaceae|g__Parabacteroides|s__Parabacteroides_johnsonii|t__SGB1948,2|976|200643|171549|2005525|375288|387661,NA,NA,NA,0.03,0.011796750902744
SGB1673,uSGB,k__Bacteria|p__Bacteroidetes|c__Bacteroidia|o__Bacteroidales|f__Prevotellaceae|g__GGB1250|s__GGB1250_SGB1673|t__SGB1673,2|976|200643|171549|171552,NA,NA,NA,0.03,0.011877434264427
SGB4425,uSGB,k__Bacteria|p__Firmicutes|c__Clostridia|o__Clostridiales|f__Ruminococcaceae|g__GGB3345|s__GGB3345_SGB4425|t__SGB4425,2|1239|186801|186802|541000,0.87841679422698,0.04,0.037647058823529,0.037647058823529,0.011887559607867
SGB14252,uSGB,k__Bacteria|p__Proteobacteria|c__CFGB2953|o__OFGB2953|f__FGB2953|g__GGB9295|s__GGB9295_SGB14252|t__SGB14252,2|1224|28216|80840,NA,NA,NA,0.03,0.011906829900016
SGB14379,kSGB,k__Bacteria|p__Actinobacteria|c__Coriobacteriia|o__Coriobacteriales|f__Atopobiaceae|g__Parolsenella|s__Parolsenella_catena|t__SGB14379,2|201174|84998|84999|1643824|2082587|2003188,NA,NA,NA,0.03,0.012066337819845
SGB4958,uSGB,k__Bacteria|p__Firmicutes|c__Clostridia|o__Clostridiales|f__Lachnospiraceae|g__Roseburia|s__Roseburia_SGB4958|t__SGB4958,2|1239|186801|186802|186803|841,NA,NA,NA,0.03,0.012073746290561
SGB2212,uSGB,k__Bacteria|p__Bacteroidetes|c__CFGB653|o__OFGB653|f__FGB653|g__GGB1615|s__GGB1615_SGB2212|t__SGB2212,2|976|200643|171549,NA,NA,NA,0.03,0.012158283529236
SGB15332,kSGB,k__Bacteria|p__Firmicutes|c__Clostridia|o__Clostridiales|f__Ruminococcaceae|g__Faecalibacterium|s__Faecalibacterium_prausnitzii|t__SGB15332,2|1239|186801|186802|541000|216851|853,0.83323065037634,0.22,0.015370985603544,0.015370985603544,0.012161695260798
SGB15355,uSGB,k__Bacteria|p__Firmicutes|c__CFGB3062|o__OFGB3062|f__FGB3062|g__GGB9747|s__GGB9747_SGB15355|t__SGB15355,2|1239|186801|186802,NA,NA,NA,0.03,0.012221158215042
SGB17130,kSGB,k__Bacteria|p__Actinobacteria|c__Actinobacteria|o__Actinomycetales|f__Actinomycetaceae|g__Actinomyces|s__Actinomyces_graevenitzii|t__SGB17130,2|201174|1760|2037|2049|1654|55565,NA,NA,NA,0.03,0.012239640371283
SGB15019,uSGB,k__Bacteria|p__Firmicutes|c__Clostridia|o__Clostridiales|f__Ruminococcaceae|g__GGB9595|s__GGB9595_SGB15019|t__SGB15019,2|1239|186801|186802|541000,NA,NA,NA,0.03,0.012267126067533
SGB5809,uSGB,k__Bacteria|p__Firmicutes|c__Negativicutes|o__Veillonellales|f__Veillonellaceae|g__GGB4266|s__GGB4266_SGB5809|t__SGB5809,2|1239|909932|1843489|31977,NA,NA,NA,0.03,0.012274399278306
SGB15101,uSGB,k__Bacteria|p__Firmicutes|c__Clostridia|o__Clostridiales|f__Ruminococcaceae|g__GGB9635|s__GGB9635_SGB15101|t__SGB15101,2|1239|186801|186802|541000,NA,NA,NA,0.03,0.012430548032321
SGB15040,uSGB,k__Bacteria|p__Firmicutes|c__Clostridia|o__Clostridiales|f__Ruminococcaceae|g__GGB9607|s__GGB9607_SGB15040|t__SGB15040,2|1239|186801|186802|541000,NA,NA,NA,0.03,0.012480681672478
SGB1657,uSGB,k__Bacteria|p__Bacteroidetes|c__Bacteroidia|o__Bacteroidales|f__Prevotellaceae|g__GGB1239|s__GGB1239_SGB1657|t__SGB1657,2|976|200643|171549|171552,NA,NA,NA,0.03,0.01248894553231
SGB1668,uSGB,k__Bacteria|p__Bacteroidetes|c__Bacteroidia|o__Bacteroidales|f__Prevotellaceae|g__GGB1247|s__GGB1247_SGB1668|t__SGB1668,2|976|200643|171549|171552,NA,NA,NA,0.03,0.012594963520129
SGB6936,kSGB,k__Bacteria|p__Firmicutes|c__Negativicutes|o__Veillonellales|f__Veillonellaceae|g__Veillonella|s__Veillonella_atypica|t__SGB6936,2|1239|909932|1843489|31977|29465|39777,NA,NA,NA,0.03,0.012610191353399
SGB4333,uSGB,k__Bacteria|p__Firmicutes|c__Clostridia|o__Clostridiales|f__Eubacteriaceae|g__GGB3280|s__GGB3280_SGB4333|t__SGB4333,2|1239|186801|186802|186806,NA,NA,NA,0.03,0.01276435136707
SGB2279,uSGB,k__Bacteria|p__Bacteroidetes|c__CFGB668|o__OFGB668|f__FGB668|g__GGB1663|s__GGB1663_SGB2279|t__SGB2279,2|976|200643|171549,NA,NA,NA,0.03,0.012781785372894
SGB13976,uSGB,k__Bacteria|p__Firmicutes|c__CFGB2833|o__OFGB2833|f__FGB2833|g__GGB9059|s__GGB9059_SGB13976|t__SGB13976,2|1239|186801|186802,NA,NA,NA,0.03,0.012944002654104
SGB15035,uSGB,k__Bacteria|p__Firmicutes|c__Clostridia|o__Clostridiales|f__Ruminococcaceae|g__GGB9603|s__GGB9603_SGB15035|t__SGB15035,2|1239|186801|186802|541000,NA,NA,NA,0.03,0.01297749140056
SGB1672_group,uSGB,k__Bacteria|p__Bacteroidetes|c__Bacteroidia|o__Bacteroidales|f__Prevotellaceae|g__GGB1250|s__GGB1250_SGB1672|t__SGB1672;k__Bacteria|p__Bacteroidetes|c__Bacteroidia|o__Bacteroidales|f__Prevotellaceae|g__GGB1250|s__GGB1250_SGB1671|t__SGB1671,2|976|200643|171549|171552,NA,NA,NA,0.03,0.013228287446598
SGB14256,uSGB,k__Bacteria|p__Firmicutes|c__CFGB2955|o__OFGB2955|f__FGB2955|g__GGB9297|s__GGB9297_SGB14256|t__SGB14256,2|1239|186801|186802,NA,NA,NA,0.03,0.013375268679004
SGB8076,kSGB,k__Bacteria|p__Firmicutes|c__Bacilli|o__Lactobacillales|f__Streptococcaceae|g__Streptococcus|s__Streptococcus_parasanguinis|t__SGB8076,2|1239|91061|186826|1300|1301|1318,NA,NA,NA,0.03,0.013377720929611
SGB15350,uSGB,k__Bacteria|p__Firmicutes|c__CFGB3059|o__OFGB3059|f__FGB3059|g__GGB9744|s__GGB9744_SGB15350|t__SGB15350,2|1239|186801|186802,NA,NA,NA,0.03,0.013707532157507
SGB1670,uSGB,k__Bacteria|p__Bacteroidetes|c__Bacteroidia|o__Bacteroidales|f__Prevotellaceae|g__GGB1249|s__GGB1249_SGB1670|t__SGB1670,2|976|200643|171549|171552,NA,NA,NA,0.03,0.013830481047381
SGB14906,uSGB,k__Bacteria|p__Firmicutes|c__Clostridia|o__Clostridiales|f__Ruminococcaceae|g__GGB9509|s__GGB9509_SGB14906|t__SGB14906,2|1239|186801|186802|541000,NA,NA,NA,0.03,0.013981679995385
SGB14908,uSGB,k__Bacteria|p__Firmicutes|c__Clostridia|o__Clostridiales|f__Ruminococcaceae|g__GGB9511|s__GGB9511_SGB14908|t__SGB14908,2|1239|186801|186802|541000,NA,NA,NA,0.03,0.014006685047039
SGB15012,uSGB,k__Bacteria|p__Firmicutes|c__Clostridia|o__Clostridiales|f__Ruminococcaceae|g__GGB9590|s__GGB9590_SGB15012|t__SGB15012,2|1239|186801|186802|541000,NA,NA,NA,0.03,0.014028280960917
SGB15119,uSGB,k__Bacteria|p__Firmicutes|c__Clostridia|o__Clostridiales|f__Ruminococcaceae|g__GGB9642|s__GGB9642_SGB15119|t__SGB15119,2|1239|186801|186802|541000,NA,NA,NA,0.03,0.014041402523271
SGB14007,uSGB,k__Bacteria|p__Firmicutes|c__CFGB2837|o__OFGB2837|f__FGB2837|g__GGB9082|s__GGB9082_SGB14007|t__SGB14007,2|1239|186801|186802,NA,NA,NA,0.03,0.014046366331493
SGB4329,uSGB,k__Bacteria|p__Firmicutes|c__Clostridia|o__Clostridiales|f__Eubacteriaceae|g__Eubacterium|s__Eubacterium_SGB4329|t__SGB4329,2|1239|186801|186802|186806|1730,NA,NA,NA,0.03,0.014160500861835
SGB14912,kSGB,k__Bacteria|p__Firmicutes|c__Clostridia|o__Clostridiales|f__Ruminococcaceae|g__Negativibacillus|s__Negativibacillus_massiliensis|t__SGB14912,2|1239|186801|186802|541000|1980693|1871035,NA,NA,NA,0.03,0.01427259619856
SGB14322,uSGB,k__Bacteria|p__Actinobacteria|c__CFGB2987|o__OFGB2987|f__FGB2987|g__GGB9352|s__GGB9352_SGB14322|t__SGB14322,2|201174|1760|85004,NA,NA,NA,0.03,0.014516179770655
SGB6973,uSGB,k__Bacteria|p__Firmicutes|c__Negativicutes|o__Selenomonadales|f__Selenomonadaceae|g__GGB4979|s__GGB4979_SGB6973|t__SGB6973,2|1239|909932|909929|1843491,NA,NA,NA,0.03,0.014516221541202
SGB14797_group,uSGB,k__Bacteria|p__Actinobacteria|c__Coriobacteriia|o__Eggerthellales|f__Eggerthellaceae|g__Asaccharobacter|s__Asaccharobacter_SGB14797|t__SGB14797;k__Bacteria|p__Actinobacteria|c__Coriobacteriia|o__Eggerthellales|f__Eggerthellaceae|g__Asaccharobacter|s__Asaccharobacter_celatus|t__SGB14798,2|201174|84998|1643822|1643826|553372,0.76547001306082,0.55,0.094969818913481,0.05,0.014564065610608
SGB1666,kSGB,k__Bacteria|p__Bacteroidetes|c__Bacteroidia|o__Bacteroidales|f__Prevotellaceae|g__Prevotella|s__Prevotella_sp_P4_51|t__SGB1666,2|976|200643|171549|171552|838|2024226,NA,NA,NA,0.03,0.014630073884706
SGB9712_group,kSGB,k__Bacteria|p__Proteobacteria|c__Gammaproteobacteria|o__Pasteurellales|f__Pasteurellaceae|g__Haemophilus|s__Haemophilus_parainfluenzae|t__SGB9712;k__Bacteria|p__Proteobacteria|c__Gammaproteobacteria|o__Pasteurellales|f__Pasteurellaceae|g__Haemophilus|s__Haemophilus_parainfluenzae|t__SGB9712;k__Bacteria|p__Proteobacteria|c__Gammaproteobacteria|o__Pasteurellales|f__Pasteurellaceae|g__Haemophilus|s__Haemophilus_parainfluenzae|t__SGB9701;k__Bacteria|p__Proteobacteria|c__Gammaproteobacteria|o__Pasteurellales|f__Pasteurellaceae|g__Haemophilus|s__Haemophilus_sp_HMSC066D02|t__SGB9704;k__Bacteria|p__Proteobacteria|c__Gammaproteobacteria|o__Pasteurellales|f__Pasteurellaceae|g__Haemophilus|s__Haemophilus_SGB9670|t__SGB9670;k__Bacteria|p__Proteobacteria|c__Gammaproteobacteria|o__Pasteurellales|f__Pasteurellaceae|g__Haemophilus|s__Haemophilus_parainfluenzae|t__SGB9674;k__Bacteria|p__Proteobacteria|c__Gammaproteobacteria|o__Pasteurellales|f__Pasteurellaceae|g__Haemophilus|s__Haemophilus_SGB9675|t__SGB9675;k__Bacteria|p__Proteobacteria|c__Gammaproteobacteria|o__Pasteurellales|f__Pasteurellaceae|g__Haemophilus|s__Haemophilus_parainfluenzae|t__SGB9712;k__Bacteria|p__Proteobacteria|c__Gammaproteobacteria|o__Pasteurellales|f__Pasteurellaceae|g__Haemophilus|s__Haemophilus_SGB9710|t__SGB9710,2|1224|1236|135625|712|724|729,NA,NA,NA,0.03,0.014826925137061
SGB1667,uSGB,k__Bacteria|p__Bacteroidetes|c__Bacteroidia|o__Bacteroidales|f__Prevotellaceae|g__GGB1246|s__GGB1246_SGB1667|t__SGB1667,2|976|200643|171549|171552,NA,NA,NA,0.03,0.014901451030905
SGB2241,uSGB,k__Bacteria|p__Bacteroidetes|c__CFGB658|o__OFGB658|f__FGB658|g__GGB1633|s__GGB1633_SGB2241|t__SGB2241,2|976|200643|171549,NA,NA,NA,0.03,0.014921758733429
SGB19436,uSGB,k__Bacteria|p__Proteobacteria|c__CFGB4212|o__OFGB4212|f__FGB4212|g__GGB12503|s__GGB12503_SGB19436|t__SGB19436,2|1224|29547|213849,NA,NA,NA,0.03,0.014927029343874
SGB14373,uSGB,k__Bacteria|p__Actinobacteria|c__Coriobacteriia|o__Coriobacteriales|f__Coriobacteriaceae|g__GGB9379|s__GGB9379_SGB14373|t__SGB14373,2|201174|84998|84999|84107,NA,NA,NA,0.03,0.01498509385824
SGB6823,uSGB,k__Bacteria|p__Firmicutes|c__CFGB1838|o__OFGB1838|f__FGB1838|g__GGB4884|s__GGB4884_SGB6823|t__SGB6823,2|1239|91061|186826,NA,NA,NA,0.03,0.015066976077449
SGB14370,kSGB,k__Bacteria|p__Actinobacteria|c__Coriobacteriia|o__Coriobacteriales|f__Atopobiaceae|g__Olsenella|s__Olsenella_sp_GAM18|t__SGB14370,2|201174|84998|84999|1643824|133925|2292441,NA,NA,NA,0.03,0.015083407199231
SGB19694,uSGB,k__Bacteria|p__Elusimicrobia|c__Elusimicrobia|o__Elusimicrobiales|f__Elusimicrobiaceae|g__GGB12696|s__GGB12696_SGB19694|t__SGB19694,2|74152|641853|641854|641876,NA,NA,NA,0.03,0.015207537350019
SGB1903,kSGB,k__Bacteria|p__Bacteroidetes|c__Bacteroidia|o__Bacteroidales|f__Bacteroidaceae|g__Bacteroides|s__Bacteroides_plebeius|t__SGB1903,2|976|200643|171549|815|816|310297,NA,NA,NA,0.03,0.015365819863194
SGB6522,uSGB,k__Bacteria|p__Firmicutes|c__CFGB1778|o__OFGB1778|f__FGB1778|g__GGB4710|s__GGB4710_SGB6522|t__SGB6522,2|1239|186801|186802,NA,NA,NA,0.03,0.015433614386656
SGB6956,kSGB,k__Bacteria|p__Firmicutes|c__Negativicutes|o__Veillonellales|f__Veillonellaceae|g__Veillonella|s__Veillonella_rogosae|t__SGB6956,2|1239|909932|1843489|31977|29465|671228,NA,NA,NA,0.03,0.015663266470739
SGB15370,uSGB,k__Bacteria|p__Firmicutes|c__CFGB3068|o__OFGB3068|f__FGB3068|g__GGB9759|s__GGB9759_SGB15370|t__SGB15370,2|1239|186801|186802,NA,NA,NA,0.03,0.016040828809692
SGB1477,kSGB,k__Bacteria|p__Bacteroidetes|c__Bacteroidia|o__Bacteroidales|f__Prevotellaceae|g__Prevotellamassilia|s__Prevotellamassilia_timonensis|t__SGB1477,2|976|200643|171549|171552|1926672|1852370,NA,NA,NA,0.03,0.016193959078851
SGB14824_group,kSGB,k__Bacteria|p__Actinobacteria|c__Coriobacteriia|o__Coriobacteriales|f__Coriobacteriaceae|g__Senegalimassilia|s__Senegalimassilia_anaerobia|t__SGB14824;k__Bacteria|p__Actinobacteria|c__Coriobacteriia|o__Coriobacteriales|f__Coriobacteriaceae|g__Senegalimassilia|s__Senegalimassilia_SGB14823|t__SGB14823,2|201174|84998|84999|84107|1473205|1473216,NA,NA,NA,0.03,0.01671417141556
SGB15260,uSGB,k__Bacteria|p__Firmicutes|c__Clostridia|o__Clostridiales|f__Ruminococcaceae|g__GGB9715|s__GGB9715_SGB15260|t__SGB15260,2|1239|186801|186802|541000,0.9522030651341,0.34,0.012910798122066,0.012910798122066,0.016915631759223
SGB3926,uSGB,k__Bacteria|p__Firmicutes|c__CFGB1195|o__OFGB1195|f__FGB1195|g__GGB2949|s__GGB2949_SGB3926|t__SGB3926,2|1239|186801|186802,NA,NA,NA,0.03,0.016934200331536
SGB14773,kSGB,k__Bacteria|p__Actinobacteria|c__Coriobacteriia|o__Eggerthellales|f__Eggerthellaceae|g__Slackia|s__Slackia_isoflavoniconvertens|t__SGB14773,2|201174|84998|1643822|1643826|84108|572010,NA,NA,NA,0.03,0.01693713271248
SGB1680,uSGB,k__Bacteria|p__Bacteroidetes|c__Bacteroidia|o__Bacteroidales|f__Prevotellaceae|g__Prevotella|s__Prevotella_SGB1680|t__SGB1680,2|976|200643|171549|171552|838,NA,NA,NA,0.03,0.017031260588613
SGB15225,uSGB,k__Bacteria|p__Firmicutes|c__Clostridia|o__Clostridiales|f__Ruminococcaceae|g__GGB9705|s__GGB9705_SGB15225|t__SGB15225,2|1239|186801|186802|541000,NA,NA,NA,0.03,0.017045029011372
SGB2238,uSGB,k__Bacteria|p__Bacteroidetes|c__CFGB658|o__OFGB658|f__FGB658|g__GGB1630|s__GGB1630_SGB2238|t__SGB2238,2|976|200643|171549,NA,NA,NA,0.03,0.017252280641664
SGB8138_group,kSGB,k__Bacteria|p__Firmicutes|c__Bacilli|o__Lactobacillales|f__Streptococcaceae|g__Streptococcus|s__Streptococcus_pneumoniae|t__SGB8138;k__Bacteria|p__Firmicutes|c__Bacilli|o__Lactobacillales|f__Streptococcaceae|g__Streptococcus|s__Streptococcus_oralis|t__SGB29783,2|1239|91061|186826|1300|1301|1313,NA,NA,NA,0.03,0.017536818667141
SGB1675,uSGB,k__Bacteria|p__Bacteroidetes|c__Bacteroidia|o__Bacteroidales|f__Prevotellaceae|g__Prevotella|s__Prevotella_SGB1675|t__SGB1675,2|976|200643|171549|171552|838,NA,NA,NA,0.03,0.017753872764624
SGB15287,uSGB,k__Bacteria|p__Firmicutes|c__Clostridia|o__Clostridiales|f__Ruminococcaceae|g__GGB9729|s__GGB9729_SGB15287|t__SGB15287,2|1239|186801|186802|541000,NA,NA,NA,0.03,0.017758535889101
SGB1472,uSGB,k__Bacteria|p__Bacteroidetes|c__Bacteroidia|o__Bacteroidales|f__Prevotellaceae|g__GGB1146|s__GGB1146_SGB1472|t__SGB1472,2|976|200643|171549|171552,NA,NA,NA,0.03,0.017996463490594
SGB1883_group,uSGB,k__Bacteria|p__Bacteroidetes|c__Bacteroidia|o__Bacteroidales|f__Bacteroidaceae|g__GGB1380|s__GGB1380_SGB1883|t__SGB1883;k__Bacteria|p__Bacteroidetes|c__Bacteroidia|o__Bacteroidales|f__Bacteroidaceae|g__GGB1380|s__GGB1380_SGB1882|t__SGB1882,2|976|200643|171549|815,NA,NA,NA,0.03,0.018363083776582
SGB2021,uSGB,k__Bacteria|p__Bacteroidetes|c__CFGB619|o__OFGB619|f__FGB619|g__GGB1458|s__GGB1458_SGB2021|t__SGB2021,2|976|200643|171549,NA,NA,NA,0.03,0.018521581209051
SGB2239,uSGB,k__Bacteria|p__Bacteroidetes|c__CFGB658|o__OFGB658|f__FGB658|g__GGB1631|s__GGB1631_SGB2239|t__SGB2239,2|976|200643|171549,NA,NA,NA,0.03,0.018560861203309
SGB14816,uSGB,k__Bacteria|p__Actinobacteria|c__Coriobacteriia|o__Eggerthellales|f__Eggerthellaceae|g__GGB9436|s__GGB9436_SGB14816|t__SGB14816,2|201174|84998|1643822|1643826,NA,NA,NA,0.03,0.018684904245706
SGB14397,kSGB,k__Bacteria|p__Actinobacteria|c__Coriobacteriia|o__Coriobacteriales|f__Coriobacteriaceae|g__Collinsella|s__Collinsella_bouchesdurhonensis|t__SGB14397,2|201174|84998|84999|84107|102106|1499681,NA,NA,NA,0.03,0.019131615404299
SGB5752,uSGB,k__Bacteria|p__Firmicutes|c__Negativicutes|o__Acidaminococcales|f__Acidaminococcaceae|g__GGB4251|s__GGB4251_SGB5752|t__SGB5752,2|1239|909932|1843488|909930,NA,NA,NA,0.03,0.019300836420882
SGB2240,uSGB,k__Bacteria|p__Bacteroidetes|c__CFGB658|o__OFGB658|f__FGB658|g__GGB1632|s__GGB1632_SGB2240|t__SGB2240,2|976|200643|171549,NA,NA,NA,0.03,0.01974194403554
SGB14786,uSGB,k__Bacteria|p__Actinobacteria|c__Coriobacteriia|o__Eggerthellales|f__Eggerthellaceae|g__GGB9420|s__GGB9420_SGB14786|t__SGB14786,2|201174|84998|1643822|1643826,NA,NA,NA,0.03,0.019815135610284
SGB16975_group,kSGB,k__Bacteria|p__Actinobacteria|c__Actinobacteria|o__Micrococcales|f__Micrococcaceae|g__Rothia|s__Rothia_mucilaginosa|t__SGB16975;k__Bacteria|p__Actinobacteria|c__Actinobacteria|o__Micrococcales|f__Micrococcaceae|g__Rothia|s__Rothia_sp_HMSC061E04|t__SGB16974,2|201174|1760|85006|1268|32207|43675,NA,NA,NA,0.03,0.02193292007751
SGB1677,kSGB,k__Bacteria|p__Bacteroidetes|c__Bacteroidia|o__Bacteroidales|f__Prevotellaceae|g__Prevotella|s__Prevotella_sp_885|t__SGB1677,2|976|200643|171549|171552|838|2022527,NA,NA,NA,0.03,0.021948364619957
SGB5767_group,kSGB,k__Bacteria|p__Firmicutes|c__Negativicutes|o__Acidaminococcales|f__Acidaminococcaceae|g__Phascolarctobacterium|s__Phascolarctobacterium_succinatutens|t__SGB5767;k__Bacteria|p__Firmicutes|c__Negativicutes|o__Acidaminococcales|f__Acidaminococcaceae|g__Phascolarctobacterium|s__Phascolarctobacterium_SGB5758|t__SGB5758,2|1239|909932|1843488|909930|33024|626940,0.95274345032131,0.12,0.042650103519669,0.042650103519669,0.023149387098722
SGB14631_group,kSGB,k__Bacteria|p__Actinobacteria|c__Coriobacteriia|o__Coriobacteriales|f__Coriobacteriaceae|g__Collinsella|s__Collinsella_aerofaciens|t__SGB14631;k__Bacteria|p__Actinobacteria|c__Coriobacteriia|o__Coriobacteriales|f__Coriobacteriaceae|g__Collinsella|s__Collinsella_SGB14407|t__SGB14407;k__Bacteria|p__Actinobacteria|c__Coriobacteriia|o__Coriobacteriales|f__Coriobacteriaceae|g__Collinsella|s__Collinsella_SGB14537|t__SGB14537;k__Bacteria|p__Actinobacteria|c__Coriobacteriia|o__Coriobacteriales|f__Coriobacteriaceae|g__Collinsella|s__Collinsella_sp_AF02_46_1|t__SGB14507;k__Bacteria|p__Actinobacteria|c__Coriobacteriia|o__Coriobacteriales|f__Coriobacteriaceae|g__Collinsella|s__Collinsella_SGB14492|t__SGB14492;k__Bacteria|p__Actinobacteria|c__Coriobacteriia|o__Coriobacteriales|f__Coriobacteriaceae|g__Collinsella|s__Collinsella_SGB14499|t__SGB14499;k__Bacteria|p__Actinobacteria|c__Coriobacteriia|o__Coriobacteriales|f__Coriobacteriaceae|g__Collinsella|s__Collinsella_SGB14618|t__SGB14618;k__Bacteria|p__Actinobacteria|c__Coriobacteriia|o__Coriobacteriales|f__Coriobacteriaceae|g__Collinsella|s__Collinsella_SGB14594|t__SGB14594;k__Bacteria|p__Actinobacteria|c__Coriobacteriia|o__Coriobacteriales|f__Coriobacteriaceae|g__Collinsella|s__Collinsella_sp_AM34_10|t__SGB14454;k__Bacteria|p__Actinobacteria|c__Coriobacteriia|o__Coriobacteriales|f__Coriobacteriaceae|g__Collinsella|s__Collinsella_SGB14542|t__SGB14542;k__Bacteria|p__Actinobacteria|c__Coriobacteriia|o__Coriobacteriales|f__Coriobacteriaceae|g__Collinsella|s__Collinsella_SGB14441|t__SGB14441;k__Bacteria|p__Actinobacteria|c__Coriobacteriia|o__Coriobacteriales|f__Coriobacteriaceae|g__Collinsella|s__Collinsella_SGB14427|t__SGB14427;k__Bacteria|p__Actinobacteria|c__Coriobacteriia|o__Coriobacteriales|f__Coriobacteriaceae|g__Collinsella|s__Collinsella_SGB14470|t__SGB14470;k__Bacteria|p__Actinobacteria|c__Coriobacteriia|o__Coriobacteriales|f__Coriobacteriaceae|g__Collinsella|s__Collinsella_SGB14400|t__SGB14400;k__Bacteria|p__Actinobacteria|c__Coriobacteriia|o__Coriobacteriales|f__Coriobacteriaceae|g__Collinsella|s__Collinsella_SGB14399|t__SGB14399;k__Bacteria|p__Actinobacteria|c__Coriobacteriia|o__Coriobacteriales|f__Coriobacteriaceae|g__Collinsella|s__Collinsella_sp_AF18_33LB|t__SGB14425,2|201174|84998|84999|84107|102106|74426,0.90939093289238,0.45,0.007464839523981,0.007464839523981,2.34E-02
SGB4350,uSGB,k__Bacteria|p__Firmicutes|c__CFGB1349|o__OFGB1349|f__FGB1349|g__GGB3294|s__GGB3294_SGB4350|t__SGB4350,2|1239|186801|186802,NA,NA,NA,0.03,0.024468381639929
SGB5785,uSGB,k__Bacteria|p__Firmicutes|c__Negativicutes|o__Acidaminococcales|f__Acidaminococcaceae|g__GGB4256|s__GGB4256_SGB5785|t__SGB5785,2|1239|909932|1843488|909930,NA,NA,NA,0.03,0.025162280254592
